<COLLADA xmlns="http://www.collada.org/2005/11/COLLADASchema" version="1.4.1">
  <asset>
    <contributor/>
    <created>2026-04-07T23:22:59.057833</created>
    <modified>2026-04-07T23:22:59.057833</modified>
    <unit name="meter" meter="1.0"/>
    <up_axis>Z_UP</up_axis>
  </asset>
  <library_effects>
    <effect id="effect_Body" name="effect_Body">
      <profile_COMMON>
        <technique sid="common">
          <phong>
            <emission>
              <color>0.0 0.0 0.0 1.0</color>
            </emission>
            <ambient>
              <color>0.0 0.0 0.0 1.0</color>
            </ambient>
            <diffuse>
              <color>0.09803921729326248 0.09803921729326248 0.09803921729326248 1.0</color>
            </diffuse>
            <specular>
              <color>1 1 1 1.0</color>
            </specular>
            <shininess>
              <float>0.0</float>
            </shininess>
            <reflective>
              <color>0.0 0.0 0.0 1.0</color>
            </reflective>
            <reflectivity>
              <float>0.0</float>
            </reflectivity>
            <transparent>
              <color>0.0 0.0 0.0 1.0</color>
            </transparent>
            <transparency>
              <float>1.0</float>
            </transparency>
          </phong>
        </technique>
        <extra>
          <technique profile="GOOGLEEARTH">
            <double_sided>0</double_sided>
          </technique>
        </extra>
      </profile_COMMON>
    </effect>
  </library_effects>
  <library_geometries>
    <geometry id="geometry0" name="Chasis_Base">
      <mesh>
        <source id="cubeverts-array0">
          <float_array count="24648" id="cubeverts-array0-array">0.04 -0.1325 0 0.155 -0.1325 0 0.04 -0.1325 0.004 0.155 -0.1325 0.004 -0.195 -0.0925 0 -0.1842893 -0.0799333 0 -0.1842196 -0.08000498 0 -0.184146 -0.08007256 0 -0.1843548 -0.07985777 0 -0.1840686 -0.08013583 0 -0.1844158 -0.07977863 0 -0.1839878 -0.08019457 0 -0.1844722 -0.07969612 0 -0.1839037 -0.08024861 0 -0.1845238 -0.07961053 0 -0.1838167 -0.08029776 0 -0.1845704 -0.07952214 0 -0.183727 -0.08034186 0 -0.184612 -0.07943122 0 -0.1836349 -0.08038076 0 -0.1846482 -0.07933809 0 -0.1835408 -0.08041435 0 -0.1846791 -0.07924303 0 -0.1834449 -0.0804425 0 -0.1847045 -0.07914637 0 -0.1833475 -0.08046514 0 -0.1847244 -0.07904842 0 -0.1832491 -0.08048219 0 -0.1847386 -0.07894949 0 -0.1831497 -0.08049358 0 -0.1847471 -0.07884991 0 -0.18305 -0.08049928 0 -0.18475 -0.07875 0 -0.18295 -0.08049928 0 -0.1949518 -0.09446271 0 -0.1847471 -0.07865009 0 -0.1828503 -0.08049358 0 -0.1847386 -0.07855051 0 -0.1827509 -0.08048219 0 -0.1948074 -0.09642068 0 -0.1847244 -0.07845158 0 -0.1826525 -0.08046514 0 -0.1945671 -0.09836922 0 -0.1847045 -0.07835363 0 -0.1825551 -0.0804425 0 -0.1942314 -0.1003036 0 -0.1846791 -0.07825697 0 -0.1824592 -0.08041435 0 -0.1938013 -0.1022192 0 -0.1846482 -0.07816191 0 -0.1823651 -0.08038076 0 -0.1932776 -0.1041114 0 -0.184612 -0.07806878 0 -0.182273 -0.08034186 0 -0.1926618 -0.1059756 0 -0.1845704 -0.07797786 0 -0.1821833 -0.08029776 0 -0.1919552 -0.1078073 0 -0.1911596 -0.1096022 0 -0.1845238 -0.07788947 0 -0.1820963 -0.08024861 0 -0.1902769 -0.1113559 0 -0.1844722 -0.07780388 0 -0.1820122 -0.08019457 0 -0.1893091 -0.1130641 0 -0.1882588 -0.1147228 0 -0.1819314 -0.08013583 0 -0.1871283 -0.116328 0 -0.1859204 -0.1178757 0 -0.184638 -0.1193624 0 -0.181854 -0.08007256 0 -0.1832843 -0.1207843 0 -0.1818624 -0.122138 0 -0.1817804 -0.08000498 0 -0.1803757 -0.1234204 0 -0.178828 -0.1246283 0 -0.1772228 -0.1257588 0 -0.1755641 -0.1268091 0 -0.1817107 -0.0799333 0 -0.1738559 -0.1277768 0 -0.1721022 -0.1286596 0 -0.1703073 -0.1294552 0 -0.1684756 -0.1301618 0 -0.1816452 -0.07985777 0 -0.1666114 -0.1307776 0 -0.1647192 -0.1313013 0 -0.1628036 -0.1317314 0 -0.1608692 -0.1320671 0 -0.1589207 -0.1323074 0 -0.1815842 -0.07977863 0 -0.1569627 -0.1324518 0 -0.155 -0.1325 0 -0.1815278 -0.07969612 0 -0.1814762 -0.07961053 0 -0.1150393 -0.1216833 0 -0.1149696 -0.121755 0 -0.114896 -0.1218226 0 -0.1151048 -0.1216078 0 -0.1148186 -0.1218858 0 -0.1151658 -0.1215286 0 -0.1147378 -0.1219446 0 -0.1152222 -0.1214461 0 -0.1146537 -0.1219986 0 -0.1152738 -0.1213605 0 -0.1145667 -0.1220478 0 -0.1153204 -0.1212721 0 -0.114477 -0.1220919 0 -0.115362 -0.1211812 0 -0.1143849 -0.1221308 0 -0.1153982 -0.1210881 0 -0.1142908 -0.1221644 0 -0.1154291 -0.120993 0 -0.1141949 -0.1221925 0 -0.1154545 -0.1208964 0 -0.1140975 -0.1222151 0 -0.1154744 -0.1207984 0 -0.1139991 -0.1222322 0 -0.1154886 -0.1206995 0 -0.1138998 -0.1222436 0 -0.1154971 -0.1205999 0 -0.1138 -0.1222493 0 -0.1155 -0.1205 0 -0.1137 -0.1222493 0 -0.1154971 -0.1204001 0 -0.1136002 -0.1222436 0 -0.1154886 -0.1203005 0 -0.1154744 -0.1202016 0 -0.1154545 -0.1201036 0 -0.1154291 -0.120007 0 -0.1153982 -0.1199119 0 -0.1149696 -0.119245 0 -0.1150393 -0.1036833 0 -0.1149696 -0.103755 0 -0.1150393 -0.1193167 0 -0.114896 -0.1038226 0 -0.114896 -0.1191774 0 -0.1148186 -0.1191142 0 -0.1151048 -0.1036078 0 -0.1151048 -0.1193922 0 -0.1148186 -0.1038858 0 -0.1147378 -0.1190554 0 -0.1151658 -0.1035286 0 -0.1151658 -0.1194714 0 -0.1147378 -0.1039446 0 -0.1146537 -0.1190014 0 -0.1152222 -0.1034461 0 -0.1152222 -0.1195539 0 -0.1146537 -0.1039986 0 -0.1152738 -0.1033605 0 -0.1152738 -0.1196395 0 -0.1145667 -0.1040478 0 -0.1145667 -0.1189522 0 -0.1153204 -0.1032721 0 -0.1153204 -0.1197279 0 -0.114477 -0.1189081 0 -0.114477 -0.1040919 0 -0.1143849 -0.1188692 0 -0.115362 -0.1198188 0 -0.115362 -0.1031812 0 -0.1143849 -0.1041308 0 -0.1153982 -0.1030881 0 -0.1142908 -0.1041644 0 -0.1142908 -0.1188356 0 -0.1141949 -0.1188075 0 -0.1154291 -0.102993 0 -0.1141949 -0.1041925 0 -0.1140975 -0.1187849 0 -0.1154545 -0.1028964 0 -0.1140975 -0.1042151 0 -0.1154744 -0.1027984 0 -0.1139991 -0.1042322 0 -0.1139991 -0.1187678 0 -0.1154886 -0.1026995 0 -0.1138998 -0.1042436 0 -0.1138998 -0.1187564 0 -0.1154971 -0.1025999 0 -0.1138 -0.1042493 0 -0.1138 -0.1187507 0 -0.1137 -0.1187507 0 -0.1155 -0.1025 0 -0.1137 -0.1042493 0 -0.1154971 -0.1024001 0 -0.1136002 -0.1042436 0 -0.1136002 -0.1187564 0 -0.1154886 -0.1023005 0 -0.1135009 -0.1042322 0 -0.1135009 -0.1187678 0 -0.1134025 -0.1187849 0 -0.1814296 -0.07952214 0 -0.1154744 -0.1022016 0 -0.1134025 -0.1042151 0 -0.1154545 -0.1021036 0 -0.181388 -0.07943122 0 -0.1133051 -0.1041925 0 -0.1133051 -0.1188075 0 -0.1132092 -0.1188356 0 -0.1813518 -0.07933809 0 -0.1154291 -0.102007 0 -0.1132092 -0.1041644 0 -0.1131151 -0.1188692 0 -0.1813209 -0.07924303 0 -0.1153982 -0.1019119 0 -0.1131151 -0.1041308 0 -0.113023 -0.1189081 0 -0.1812955 -0.07914637 0 -0.115362 -0.1018188 0 -0.113023 -0.1040919 0 -0.1812756 -0.07904842 0 -0.1153204 -0.1017279 0 -0.1129333 -0.1040478 0 -0.1129333 -0.1189522 0 -0.1812614 -0.07894949 0 -0.1152738 -0.1016395 0 -0.1128463 -0.1039986 0 -0.1128463 -0.1190014 0 -0.1812529 -0.07884991 0 -0.1152222 -0.1015539 0 -0.1127622 -0.1039446 0 -0.1127622 -0.1190554 0 -0.18125 -0.07875 0 -0.1151658 -0.1014714 0 -0.1126814 -0.1038858 0 -0.1126814 -0.1191142 0 -0.1812529 -0.07865009 0 -0.1151048 -0.1013922 0 -0.112604 -0.1038226 0 -0.112604 -0.1191774 0 -0.1125304 -0.119245 0 -0.1812614 -0.07855051 0 -0.1150393 -0.1013167 0 -0.1125304 -0.103755 0 -0.1149696 -0.101245 0 -0.1124607 -0.1193167 0 -0.1124607 -0.1036833 0 -0.1123952 -0.1193922 0 -0.1123952 -0.1036078 0 -0.1123342 -0.1194714 0 -0.1123342 -0.1035286 0 -0.1122778 -0.1195539 0 -0.1122778 -0.1034461 0 -0.1122262 -0.1196395 0 -0.1122262 -0.1033605 0 -0.1121796 -0.1197279 0 -0.1121796 -0.1032721 0 -0.112138 -0.1198188 0 -0.112138 -0.1031812 0 -0.1121018 -0.1199119 0 -0.1121018 -0.1030881 0 -0.1120709 -0.102993 0 -0.1120709 -0.120007 0 -0.1823651 -0.07711924 0 -0.155 -0.0255 0 -0.182273 -0.07715814 0 -0.1824592 -0.07708565 0 -0.1825551 -0.0770575 0 -0.1826525 -0.07703486 0 -0.1827509 -0.07701781 0 -0.1828503 -0.07700642 0 -0.18295 -0.07700072 0 -0.18305 -0.07700072 0 -0.1831497 -0.07700642 0 -0.1832491 -0.07701781 0 -0.1833475 -0.07703486 0 -0.1834449 -0.0770575 0 -0.1835408 -0.07708565 0 -0.1836349 -0.07711924 0 -0.183727 -0.07715814 0 -0.1838167 -0.07720224 0 -0.1839037 -0.07725139 0 -0.1839878 -0.07730543 0 -0.1840686 -0.07736417 0 -0.184146 -0.07742744 0 -0.1842196 -0.07749502 0 -0.1820122 -0.07730543 0 -0.1462196 -0.03375498 0 -0.1819314 -0.07736417 0 -0.1820963 -0.07725139 0 -0.1462893 -0.03368331 0 -0.146146 -0.03382256 0 -0.181854 -0.07742744 0 -0.1463548 -0.03360777 0 -0.1821833 -0.07720224 0 -0.1460686 -0.03388583 0 -0.1817804 -0.07749502 0 -0.1464158 -0.03352863 0 -0.1459878 -0.03394458 0 -0.1817107 -0.0775667 0 -0.1464722 -0.03344612 0 -0.1459037 -0.03399861 0 -0.1816452 -0.07764223 0 -0.1465238 -0.03336053 0 -0.1458167 -0.03404776 0 -0.1815842 -0.07772137 0 -0.1465704 -0.03327214 0 -0.145727 -0.03409185 0 -0.1815278 -0.07780388 0 -0.146612 -0.03318122 0 -0.1456349 -0.03413076 0 -0.1814762 -0.07788947 0 -0.1466482 -0.03308809 0 -0.1455408 -0.03416435 0 -0.1814296 -0.07797786 0 -0.1466791 -0.03299303 0 -0.1454449 -0.03419251 0 -0.181388 -0.07806878 0 -0.1467045 -0.03289637 0 -0.1453475 -0.03421515 0 -0.1813518 -0.07816191 0 -0.1467244 -0.03279841 0 -0.1452491 -0.03423219 0 -0.1813209 -0.07825697 0 -0.1467386 -0.03269949 0 -0.1451497 -0.03424358 0 -0.1812955 -0.07835363 0 -0.1467471 -0.03259991 0 -0.14505 -0.03424929 0 -0.1812756 -0.07845158 0 -0.14675 -0.0325 0 -0.14495 -0.03424929 0 -0.1467471 -0.03240009 0 -0.1448503 -0.03424358 0 -0.114896 -0.1011774 0 -0.1467386 -0.03230051 0 -0.1447509 -0.03423219 0 -0.1148186 -0.1011142 0 -0.1467244 -0.03220159 0 -0.1446525 -0.03421515 0 -0.1467045 -0.03210363 0 -0.1466791 -0.03200697 0 -0.1466482 -0.03191191 0 -0.146612 -0.03181878 0 -0.1465704 -0.03172786 0 -0.1465238 -0.03163947 0 -0.1464722 -0.03155388 0 -0.1464158 -0.03147138 0 -0.1463548 -0.03139223 0 -0.1462893 -0.03131669 0 -0.1462196 -0.03124502 0 -0.146146 -0.03117744 0 -0.1460686 -0.03111417 0 -0.1459878 -0.03105542 0 -0.1459037 -0.03100139 0 -0.1458167 -0.03095224 0 -0.145727 -0.03090814 0 -0.1456349 -0.03086924 0 -0.1455408 -0.03083565 0 -0.1454449 -0.03080749 0 -0.1453475 -0.03078485 0 -0.1452491 -0.03076781 0 -0.1451497 -0.03075642 0 -0.14505 -0.03075071 0 -0.14495 -0.03075071 0 -0.1448503 -0.03075642 0 -0.1447509 -0.03076781 0 -0.1446525 -0.03078485 0 -0.1445551 -0.03080749 0 -0.04 -0.1325 0 -0.1135009 -0.1222322 0 -0.1134025 -0.1222151 0 -0.1133051 -0.1221925 0 -0.1132092 -0.1221644 0 -0.1131151 -0.1221308 0 -0.113023 -0.1220919 0 -0.1129333 -0.1220478 0 -0.1128463 -0.1219986 0 -0.1127622 -0.1219446 0 -0.1126814 -0.1218858 0 -0.112604 -0.1218226 0 -0.1123952 -0.1216078 0 -0.05171964 -0.119755 0 -0.1124607 -0.1216833 0 -0.1123342 -0.1215286 0 -0.0517893 -0.1196833 0 -0.05164601 -0.1198226 0 -0.1125304 -0.121755 0 -0.1122778 -0.1214461 0 -0.05185475 -0.1196078 0 -0.05156863 -0.1198858 0 -0.05191578 -0.1195286 0 -0.1122262 -0.1213605 0 -0.05148777 -0.1199446 0 -0.05197219 -0.1194461 0 -0.1121796 -0.1212721 0 -0.05140369 -0.1199986 0 -0.05202381 -0.1193605 0 -0.112138 -0.1211812 0 -0.05131667 -0.1200478 0 -0.05207045 -0.1192721 0 -0.1121018 -0.1210881 0 -0.05122697 -0.1200919 0 -0.05211197 -0.1191812 0 -0.1120709 -0.120993 0 -0.05113491 -0.1201308 0 -0.05214823 -0.1190881 0 -0.1120455 -0.1208964 0 -0.05104078 -0.1201644 0 -0.1120256 -0.1207984 0 -0.05217911 -0.118993 0 -0.05094488 -0.1201925 0 -0.05220452 -0.1188964 0 -0.1120114 -0.1206995 0 -0.05084753 -0.1202151 0 -0.05222437 -0.1187984 0 -0.1120029 -0.1205999 0 -0.05074905 -0.1202322 0 -0.05223859 -0.1186995 0 -0.112 -0.1205 0 -0.05064976 -0.1202436 0 -0.1120029 -0.1204001 0 -0.05224715 -0.1185999 0 -0.05054997 -0.1202493 0 -0.1120114 -0.1203005 0 -0.05225 -0.1185 0 -0.05045003 -0.1202493 0 -0.1120256 -0.1202016 0 -0.05224715 -0.1184001 0 -0.05035024 -0.1202436 0 -0.1120455 -0.1201036 0 -0.05223859 -0.1183005 0 -0.05025095 -0.1202322 0 -0.05015247 -0.1202151 0 -0.05005512 -0.1201925 0 -0.04995922 -0.1201644 0 -0.04986509 -0.1201308 0 -0.04977303 -0.1200919 0 -0.04968333 -0.1200478 0 -0.04959631 -0.1199986 0 -0.04951223 -0.1199446 0 -0.04943137 -0.1198858 0 -0.04935399 -0.1198226 0 -0.04928036 -0.119755 0 -0.0492107 -0.1196833 0 -0.04914525 -0.1196078 0 -0.04908422 -0.1195286 0 -0.04902781 -0.1194461 0 -0.04897619 -0.1193605 0 -0.04892955 -0.1192721 0 -0.04888803 -0.1191812 0 -0.04885177 -0.1190881 0 -0.04882089 -0.118993 0 -0.04879548 -0.1188964 0 -0.04877563 -0.1187984 0 -0.04876141 -0.1186995 0 -0.04875285 -0.1185999 0 -0.04875 -0.1185 0 -0.04875285 -0.1184001 0 -0.1437107 -0.03368331 0 -0.1302893 -0.03368331 0 -0.1437804 -0.03375498 0 -0.1302196 -0.03375498 0 -0.130146 -0.03382256 0 -0.143854 -0.03382256 0 -0.1303548 -0.03360777 0 -0.1436452 -0.03360777 0 -0.1300686 -0.03388583 0 -0.1439314 -0.03388583 0 -0.1435842 -0.03352863 0 -0.1304158 -0.03352863 0 -0.1299878 -0.03394458 0 -0.1440122 -0.03394458 0 -0.1304722 -0.03344612 0 -0.1435278 -0.03344612 0 -0.1299037 -0.03399861 0 -0.1440963 -0.03399861 0 -0.1305238 -0.03336053 0 -0.1434762 -0.03336053 0 -0.1434296 -0.03327214 0 -0.1298167 -0.03404776 0 -0.1441833 -0.03404776 0 -0.1305704 -0.03327214 0 -0.129727 -0.03409185 0 -0.144273 -0.03409185 0 -0.143388 -0.03318122 0 -0.130612 -0.03318122 0 -0.1443651 -0.03413076 0 -0.1296349 -0.03413076 0 -0.1444592 -0.03416435 0 -0.1306482 -0.03308809 0 -0.1433518 -0.03308809 0 -0.1433209 -0.03299303 0 -0.1295408 -0.03416435 0 -0.1306791 -0.03299303 0 -0.1294449 -0.03419251 0 -0.1445551 -0.03419251 0 -0.1432955 -0.03289637 0 -0.1307045 -0.03289637 0 -0.1293475 -0.03421515 0 -0.1147378 -0.1010554 0 -0.1432756 -0.03279841 0 -0.1307244 -0.03279841 0 -0.1432614 -0.03269949 0 -0.1292491 -0.03423219 0 -0.1146537 -0.1010014 0 -0.1307386 -0.03269949 0 -0.1291497 -0.03424358 0 -0.1145667 -0.1009522 0 -0.1307471 -0.03259991 0 -0.1432529 -0.03259991 0 -0.14325 -0.0325 0 -0.12905 -0.03424929 0 -0.114477 -0.1009081 0 -0.13075 -0.0325 0 -0.12895 -0.03424929 0 -0.1143849 -0.1008692 0 -0.1307471 -0.03240009 0 -0.1432529 -0.03240009 0 -0.1432614 -0.03230051 0 -0.1288503 -0.03424358 0 -0.1142908 -0.1008356 0 -0.1307386 -0.03230051 0 -0.1287509 -0.03423219 0 -0.1141949 -0.1008075 0 -0.1432756 -0.03220159 0 -0.1307244 -0.03220159 0 -0.1286525 -0.03421515 0 -0.1140975 -0.1007849 0 -0.1432955 -0.03210363 0 -0.1307045 -0.03210363 0 -0.1285551 -0.03419251 0 -0.1139991 -0.1007678 0 -0.1433209 -0.03200697 0 -0.1306791 -0.03200697 0 -0.1284592 -0.03416435 0 -0.1138998 -0.1007564 0 -0.1306482 -0.03191191 0 -0.1433518 -0.03191191 0 -0.1283651 -0.03413076 0 -0.1138 -0.1007507 0 -0.05171964 -0.117245 0 -0.05171964 -0.110755 0 -0.05164601 -0.1171774 0 -0.0517893 -0.1173167 0 -0.0517893 -0.1106833 0 -0.05164601 -0.1108226 0 -0.05156863 -0.1171142 0 -0.05185475 -0.1106078 0 -0.05185475 -0.1173922 0 -0.05156863 -0.1108858 0 -0.05191578 -0.1105286 0 -0.05191578 -0.1174714 0 -0.05148777 -0.1109446 0 -0.05148777 -0.1170554 0 -0.05140369 -0.1170014 0 -0.130612 -0.03181878 0 -0.143388 -0.03181878 0 -0.05197219 -0.1104461 0 -0.05197219 -0.1175539 0 -0.05140369 -0.1109986 0 -0.05202381 -0.1103605 0 -0.05202381 -0.1176395 0 -0.128273 -0.03409185 0 -0.1137 -0.1007507 0 -0.05131667 -0.1110478 0 -0.05131667 -0.1169522 0 -0.05122697 -0.1169081 0 -0.05207045 -0.1177279 0 -0.05207045 -0.1102721 0 -0.05122697 -0.1110919 0 -0.05113491 -0.1168692 0 -0.1434296 -0.03172786 0 -0.1305704 -0.03172786 0 -0.05211197 -0.1178188 0 -0.05211197 -0.1101812 0 -0.05113491 -0.1111308 0 -0.05104078 -0.1168356 0 -0.05214823 -0.1179119 0 -0.05214823 -0.1100881 0 -0.1281833 -0.03404776 0 -0.1136002 -0.1007564 0 -0.05104078 -0.1111644 0 -0.05217911 -0.118007 0 -0.05217911 -0.109993 0 -0.1305238 -0.03163947 0 -0.1434762 -0.03163947 0 -0.05094488 -0.1111925 0 -0.05094488 -0.1168075 0 -0.05084753 -0.1167849 0 -0.05220452 -0.1181036 0 -0.05220452 -0.1098964 0 -0.1280963 -0.03399861 0 -0.1135009 -0.1007678 0 -0.05084753 -0.1112151 0 -0.1304722 -0.03155388 0 -0.1435278 -0.03155388 0 -0.05222437 -0.1182016 0 -0.05222437 -0.1097984 0 -0.05074905 -0.1112322 0 -0.05074905 -0.1167678 0 -0.1280122 -0.03394458 0 -0.1134025 -0.1007849 0 -0.05223859 -0.1096995 0 -0.05064976 -0.1112436 0 -0.05064976 -0.1167564 0 -0.05054997 -0.1167507 0 -0.1304158 -0.03147138 0 -0.1435842 -0.03147138 0 -0.05224715 -0.1095999 0 -0.1120455 -0.1028964 0 -0.1279314 -0.03388583 0 -0.1133051 -0.1008075 0 -0.05054997 -0.1112493 0 -0.1120256 -0.1027984 0 -0.05225 -0.1095 0 -0.1303548 -0.03139223 0 -0.1436452 -0.03139223 0 -0.1437107 -0.03131669 0 -0.05045003 -0.1112493 0 -0.05045003 -0.1167507 0 -0.127854 -0.03382256 0 -0.1132092 -0.1008356 0 -0.05224715 -0.1094001 0 -0.1120114 -0.1026995 0 -0.1302893 -0.03131669 0 -0.05035024 -0.1167564 0 -0.05035024 -0.1112436 0 -0.05025095 -0.1167678 0 -0.1120029 -0.1025999 0 -0.05223859 -0.1093005 0 -0.1277804 -0.03375498 0 -0.1131151 -0.1008692 0 -0.05025095 -0.1112322 0 -0.05015247 -0.1167849 0 -0.1302196 -0.03124502 0 -0.1437804 -0.03124502 0 -0.05222437 -0.1092016 0 -0.112 -0.1025 0 -0.1277107 -0.03368331 0 -0.113023 -0.1009081 0 -0.05015247 -0.1112151 0 -0.130146 -0.03117744 0 -0.143854 -0.03117744 0 -0.1439314 -0.03111417 0 -0.05220452 -0.1091036 0 -0.1120029 -0.1024001 0 -0.1276452 -0.03360777 0 -0.1129333 -0.1009522 0 -0.05005512 -0.1111925 0 -0.05005512 -0.1168075 0 -0.04995922 -0.1168356 0 -0.05217911 -0.109007 0 -0.1120114 -0.1023005 0 -0.1300686 -0.03111417 0 -0.04995922 -0.1111644 0 -0.05214823 -0.1089119 0 -0.1120256 -0.1022016 0 -0.1299878 -0.03105542 0 -0.1440122 -0.03105542 0 -0.1440963 -0.03100139 0 -0.04986509 -0.1111308 0 -0.04986509 -0.1168692 0 -0.04977303 -0.1169081 0 -0.05211197 -0.1088188 0 -0.1120455 -0.1021036 0 -0.1299037 -0.03100139 0 -0.04977303 -0.1110919 0 -0.05207045 -0.1087279 0 -0.1120709 -0.102007 0 -0.1298167 -0.03095224 0 -0.1441833 -0.03095224 0 -0.04968333 -0.1110478 0 -0.04968333 -0.1169522 0 -0.05202381 -0.1086395 0 -0.1121018 -0.1019119 0 -0.129727 -0.03090814 0 -0.144273 -0.03090814 0 -0.04959631 -0.1109986 0 -0.04959631 -0.1170014 0 -0.05197219 -0.1085539 0 -0.112138 -0.1018188 0 -0.1443651 -0.03086924 0 -0.1296349 -0.03086924 0 -0.04951223 -0.1109446 0 -0.04951223 -0.1170554 0 -0.05191578 -0.1084714 0 -0.1121796 -0.1017279 0 -0.1295408 -0.03083565 0 -0.1444592 -0.03083565 0 -0.04943137 -0.1108858 0 -0.04943137 -0.1171142 0 -0.04935399 -0.1171774 0 -0.1294449 -0.03080749 0 -0.05185475 -0.1083922 0 -0.1122262 -0.1016395 0 -0.04935399 -0.1108226 0 -0.1122778 -0.1015539 0 -0.0517893 -0.1083167 0 -0.04928036 -0.110755 0 -0.04928036 -0.117245 0 -0.1123342 -0.1014714 0 -0.05171964 -0.108245 0 -0.0492107 -0.1173167 0 -0.0492107 -0.1106833 0 -0.04914525 -0.1173922 0 -0.1123952 -0.1013922 0 -0.05164601 -0.1081774 0 -0.04914525 -0.1106078 0 -0.05156863 -0.1081142 0 -0.1124607 -0.1013167 0 -0.04908422 -0.1105286 0 -0.04908422 -0.1174714 0 -0.05148777 -0.1080554 0 -0.04902781 -0.1104461 0 -0.04902781 -0.1175539 0 -0.04897619 -0.1103605 0 -0.04897619 -0.1176395 0 -0.04892955 -0.1102721 0 -0.04892955 -0.1177279 0 -0.04888803 -0.1178188 0 -0.04888803 -0.1101812 0 -0.04885177 -0.1179119 0 -0.04885177 -0.1100881 0 -0.119 -0.0255 0 -0.1275842 -0.03352863 0 -0.1275278 -0.03344612 0 -0.1274762 -0.03336053 0 -0.1274296 -0.03327214 0 -0.1272529 -0.03240009 0 -0.12725 -0.0325 0 -0.127388 -0.03318122 0 -0.1272614 -0.03230051 0 -0.1273518 -0.03308809 0 -0.1272756 -0.03220159 0 -0.1273209 -0.03299303 0 -0.1272955 -0.03210363 0 -0.1272955 -0.03289637 0 -0.1273209 -0.03200697 0 -0.1272756 -0.03279841 0 -0.1273518 -0.03191191 0 -0.1272614 -0.03269949 0 -0.127388 -0.03181878 0 -0.1272529 -0.03259991 0 -0.1274296 -0.03172786 0 -0.1274762 -0.03163947 0 -0.1275278 -0.03155388 0 -0.1275842 -0.03147138 0 -0.1276452 -0.03139223 0 -0.1277107 -0.03131669 0 -0.1277804 -0.03124502 0 -0.127854 -0.03117744 0 -0.1279314 -0.03111417 0 -0.1280122 -0.03105542 0 -0.1280963 -0.03100139 0 -0.1281833 -0.03095224 0 -0.1128463 -0.1010014 0 -0.1127622 -0.1010554 0 -0.128273 -0.03090814 0 -0.1283651 -0.03086924 0 -0.1284592 -0.03083565 0 -0.1285551 -0.03080749 0 -0.1286525 -0.03078485 0 -0.1287509 -0.03076781 0 -0.1288503 -0.03075642 0 -0.12895 -0.03075071 0 -0.12905 -0.03075071 0 -0.1291497 -0.03075642 0 -0.1292491 -0.03076781 0 -0.1293475 -0.03078485 0 -0.04876141 -0.1183005 0 -0.04 -0.1025 0 -0.04877563 -0.1182016 0 -0.04879548 -0.1181036 0 -0.04882089 -0.118007 0 -0.04875285 -0.1094001 0 -0.04875 -0.1095 0 -0.04876141 -0.1093005 0 -0.04877563 -0.1092016 0 -0.04882089 -0.109993 0 -0.04879548 -0.1091036 0 -0.04879548 -0.1098964 0 -0.04882089 -0.109007 0 -0.04877563 -0.1097984 0 -0.04885177 -0.1089119 0 -0.04876141 -0.1096995 0 -0.04888803 -0.1088188 0 -0.04875285 -0.1095999 0 -0.04892955 -0.1087279 0 -0.04897619 -0.1086395 0 -0.04902781 -0.1085539 0 -0.04908422 -0.1084714 0 -0.04914525 -0.1083922 0 -0.0492107 -0.1083167 0 -0.04928036 -0.108245 0 -0.04935399 -0.1081774 0 -0.04943137 -0.1081142 0 -0.04951223 -0.1080554 0 -0.04959631 -0.1080014 0 -0.04968333 -0.1079522 0 -0.04977303 -0.1079081 0 -0.04986509 -0.1078692 0 -0.04995922 -0.1078356 0 -0.05005512 -0.1078075 0 -0.05015247 -0.1077849 0 -0.05025095 -0.1077678 0 -0.05035024 -0.1077564 0 -0.05045003 -0.1077507 0 -0.05054997 -0.1077507 0 -0.05064976 -0.1077564 0 -0.05074905 -0.1077678 0 -0.155 0.0255 0 -0.0332893 -0.08523331 0 -0.03321964 -0.08530498 0 -0.03314601 -0.08537256 0 -0.03335475 -0.08515777 0 -0.03306863 -0.08543583 0 -0.03341578 -0.08507862 0 -0.03298777 -0.08549458 0 -0.03347219 -0.08499612 0 -0.03290369 -0.08554861 0 -0.03352381 -0.08491053 0 -0.03281667 -0.08559776 0 -0.03357045 -0.08482214 0 -0.03272697 -0.08564185 0 -0.03361197 -0.08473122 0 -0.03263491 -0.08568076 0 -0.03364823 -0.08463808 0 -0.03254078 -0.08571435 0 -0.03367911 -0.08454303 0 -0.03244488 -0.08574251 0 -0.03370452 -0.08444637 0 -0.03234753 -0.08576514 0 -0.03372437 -0.08434841 0 -0.03224905 -0.08578219 0 -0.03373859 -0.08424948 0 -0.05084753 -0.1077849 0 -0.03214976 -0.08579358 0 -0.03374715 -0.0841499 0 -0.05094488 -0.1078075 0 -0.03204997 -0.08579929 0 -0.03375 -0.08405 0 -0.05104078 -0.1078356 0 -0.03195003 -0.08579929 0 -0.03374715 -0.0839501 0 -0.05113491 -0.1078692 0 -0.03185024 -0.08579358 0 -0.03373859 -0.08385052 0 -0.05122697 -0.1079081 0 -0.03175095 -0.08578219 0 -0.03372437 -0.08375159 0 -0.05131667 -0.1079522 0 -0.03165247 -0.08576514 0 -0.03370452 -0.08365363 0 -0.05140369 -0.1080014 0 -0.03155512 -0.08574251 0 -0.03367911 -0.08355697 0 -0.03145922 -0.08571435 0 -0.03136509 -0.08568076 0 -0.03127302 -0.08564185 0 -0.03118333 -0.08559776 0 -0.0310963 -0.08554861 0 -0.03101222 -0.08549458 0 -0.03093137 -0.08543583 0 -0.03085399 -0.08537256 0 -0.03078036 -0.08530498 0 -0.0307107 -0.08523331 0 -0.1462893 0.03131669 0 -0.1462196 0.03124502 0 -0.146146 0.03117744 0 -0.1463548 0.03139223 0 -0.1460686 0.03111417 0 -0.1464158 0.03147138 0 -0.1459878 0.03105542 0 -0.1464722 0.03155388 0 -0.1459037 0.03100139 0 -0.1465238 0.03163947 0 -0.1458167 0.03095224 0 -0.1465704 0.03172786 0 -0.145727 0.03090814 0 -0.146612 0.03181878 0 -0.1456349 0.03086924 0 -0.1466482 0.03191191 0 -0.1455408 0.03083565 0 -0.1466791 0.03200697 0 -0.1454449 0.03080749 0 -0.1467045 0.03210363 0 -0.1453475 0.03078485 0 -0.1467244 0.03220159 0 -0.1452491 0.03076781 0 -0.1467386 0.03230051 0 -0.1451497 0.03075642 0 -0.1467471 0.03240009 0 -0.14505 0.03075071 0 -0.14675 0.0325 0 -0.14495 0.03075071 0 -0.1467471 0.03259991 0 -0.1448503 0.03075642 0 -0.1467386 0.03269949 0 -0.1447509 0.03076781 0 -0.1467244 0.03279841 0 -0.1446525 0.03078485 0 -0.1467045 0.03289637 0 -0.1445551 0.03080749 0 -0.1466791 0.03299303 0 -0.1466482 0.03308809 0 -0.146612 0.03318122 0 -0.1465704 0.03327214 0 -0.1465238 0.03336053 0 -0.1464722 0.03344612 0 -0.1464158 0.03352863 0 -0.1842196 0.07749502 0 -0.1842893 -0.0775667 0 -0.1842893 0.0775667 0 -0.1843548 -0.07764223 0 -0.184146 0.07742744 0 -0.1843548 0.07764223 0 -0.1844158 -0.07772137 0 -0.1840686 0.07736417 0 -0.1844158 0.07772137 0 -0.1839878 0.07730543 0 -0.1844722 0.07780388 0 -0.1839037 0.07725139 0 -0.1838167 0.07720224 0 -0.183727 0.07715814 0 -0.1836349 0.07711924 0 -0.1835408 0.07708565 0 -0.1834449 0.0770575 0 -0.1833475 0.07703486 0 -0.1832491 0.07701781 0 -0.1831497 0.07700642 0 -0.18305 0.07700072 0 -0.18295 0.07700072 0 -0.1828503 0.07700642 0 -0.1827509 0.07701781 0 -0.1826525 0.07703486 0 -0.1825551 0.0770575 0 -0.1824592 0.07708565 0 -0.1823651 0.07711924 0 -0.182273 0.07715814 0 -0.1821833 0.07720224 0 -0.1463548 0.03360777 0 -0.1820963 0.07725139 0 -0.1462893 0.03368331 0 -0.1820122 0.07730543 0 -0.1462196 0.03375498 0 -0.1819314 0.07736417 0 -0.146146 0.03382256 0 -0.181854 0.07742744 0 -0.1460686 0.03388583 0 -0.1817804 0.07749502 0 -0.1459878 0.03394458 0 -0.1817107 0.0775667 0 -0.1459037 0.03399861 0 -0.1816452 0.07764223 0 -0.1458167 0.03404776 0 -0.1815842 0.07772137 0 -0.145727 0.03409185 0 -0.1815278 0.07780388 0 -0.1456349 0.03413076 0 -0.1814762 0.07788947 0 -0.1455408 0.03416435 0 -0.1814296 0.07797786 0 -0.1454449 0.03419251 0 -0.181388 0.07806878 0 -0.1453475 0.03421515 0 -0.1813518 0.07816191 0 -0.1452491 0.03423219 0 -0.1813209 0.07825697 0 -0.1451497 0.03424358 0 -0.1812955 0.07835363 0 -0.14505 0.03424929 0 -0.1812756 0.07845158 0 -0.14495 0.03424929 0 -0.1812614 0.07855051 0 -0.1448503 0.03424358 0 -0.195 0.0925 0 -0.1831497 0.08049358 0 -0.18305 0.08049928 0 -0.1832491 0.08048219 0 -0.1833475 0.08046514 0 -0.1834449 0.0804425 0 -0.1835408 0.08041435 0 -0.1836349 0.08038076 0 -0.183727 0.08034186 0 -0.1838167 0.08029776 0 -0.1839037 0.08024861 0 -0.1839878 0.08019457 0 -0.1840686 0.08013583 0 -0.184146 0.08007256 0 -0.1842196 0.08000498 0 -0.1842893 0.0799333 0 -0.1843548 0.07985777 0 -0.1844158 0.07977863 0 -0.1844722 0.07969612 0 -0.1845238 0.07961053 0 -0.1845704 0.07952214 0 -0.184612 0.07943122 0 -0.1846482 0.07933809 0 -0.1846791 0.07924303 0 -0.1847045 0.07914637 0 -0.1847244 0.07904842 0 -0.1847386 0.07894949 0 -0.1847471 0.07884991 0 -0.18475 0.07875 0 -0.1847471 0.07865009 0 -0.1847386 0.07855051 0 -0.1847244 0.07845158 0 -0.1847045 0.07835363 0 -0.1846791 0.07825697 0 -0.1846482 0.07816191 0 -0.184612 0.07806878 0 -0.1845704 0.07797786 0 -0.1845238 0.07788947 0 -0.18295 0.08049928 0 -0.1949518 0.09446271 0 -0.1828503 0.08049358 0 -0.1827509 0.08048219 0 -0.1437804 0.03124502 0 -0.1302196 0.03124502 0 -0.143854 0.03117744 0 -0.1302893 0.03131669 0 -0.1437107 0.03131669 0 -0.1436452 0.03139223 0 -0.130146 0.03117744 0 -0.1303548 0.03139223 0 -0.1300686 0.03111417 0 -0.1439314 0.03111417 0 -0.1304158 0.03147138 0 -0.1435842 0.03147138 0 -0.1435278 0.03155388 0 -0.1440122 0.03105542 0 -0.1299878 0.03105542 0 -0.1440963 0.03100139 0 -0.1304722 0.03155388 0 -0.1299037 0.03100139 0 -0.1441833 0.03095224 0 -0.1434762 0.03163947 0 -0.1305238 0.03163947 0 -0.1298167 0.03095224 0 -0.1434296 0.03172786 0 -0.1305704 0.03172786 0 -0.129727 0.03090814 0 -0.144273 0.03090814 0 -0.130612 0.03181878 0 -0.143388 0.03181878 0 -0.1433518 0.03191191 0 -0.1443651 0.03086924 0 -0.1296349 0.03086924 0 -0.1444592 0.03083565 0 -0.1306482 0.03191191 0 -0.1433209 0.03200697 0 -0.1295408 0.03083565 0 -0.1306791 0.03200697 0 -0.1294449 0.03080749 0 -0.1432955 0.03210363 0 -0.1307045 0.03210363 0 -0.1432756 0.03220159 0 -0.1307244 0.03220159 0 -0.1432614 0.03230051 0 -0.1307386 0.03230051 0 -0.1948074 0.09642068 0 -0.1826525 0.08046514 0 -0.1432529 0.03240009 0 -0.1307471 0.03240009 0 -0.14325 0.0325 0 -0.13075 0.0325 0 -0.1432529 0.03259991 0 -0.1307471 0.03259991 0 -0.1432614 0.03269949 0 -0.1307386 0.03269949 0 -0.1432756 0.03279841 0 -0.1307244 0.03279841 0 -0.1432955 0.03289637 0 -0.1307045 0.03289637 0 -0.1433209 0.03299303 0 -0.1306791 0.03299303 0 -0.1433518 0.03308809 0 -0.1306482 0.03308809 0 -0.143388 0.03318122 0 -0.130612 0.03318122 0 -0.1305704 0.03327214 0 -0.1434296 0.03327214 0 -0.1434762 0.03336053 0 -0.1305238 0.03336053 0 -0.1304722 0.03344612 0 -0.1435278 0.03344612 0 -0.1435842 0.03352863 0 -0.1304158 0.03352863 0 -0.1436452 0.03360777 0 -0.1303548 0.03360777 0 -0.1437107 0.03368331 0 -0.1302893 0.03368331 0 -0.1437804 0.03375498 0 -0.1302196 0.03375498 0 -0.143854 0.03382256 0 -0.130146 0.03382256 0 -0.1945671 0.09836922 0 -0.1825551 0.0804425 0 -0.1300686 0.03388583 0 -0.1439314 0.03388583 0 -0.1440122 0.03394458 0 -0.1299878 0.03394458 0 -0.1440963 0.03399861 0 -0.1299037 0.03399861 0 -0.1441833 0.03404776 0 -0.1298167 0.03404776 0 -0.144273 0.03409185 0 -0.1443651 0.03413076 0 -0.129727 0.03409185 0 -0.1444592 0.03416435 0 -0.1296349 0.03413076 0 -0.1445551 0.03419251 0 -0.1295408 0.03416435 0 -0.1294449 0.03419251 0 -0.1446525 0.03421515 0 -0.1293475 0.03421515 0 -0.0332893 -0.08286669 0 -0.0332893 -0.06103331 0 -0.03321964 -0.08279502 0 -0.03321964 -0.06110498 0 -0.03314601 -0.06117256 0 -0.03314601 -0.08272744 0 -0.03335475 -0.06095777 0 -0.03335475 -0.08294223 0 -0.03306863 -0.06123583 0 -0.03306863 -0.08266417 0 -0.03341578 -0.08302138 0 -0.03341578 -0.06087862 0 -0.03347219 -0.08310388 0 -0.03298777 -0.06129457 0 -0.03298777 -0.08260542 0 -0.03347219 -0.06079612 0 -0.03290369 -0.08255139 0 -0.03290369 -0.06134861 0 -0.03281667 -0.08250224 0 -0.03352381 -0.08318947 0 -0.03352381 -0.06071053 0 -0.03281667 -0.06139776 0 -0.03357045 -0.08327786 0 -0.03357045 -0.06062214 0 -0.03272697 -0.06144186 0 -0.03272697 -0.08245815 0 -0.03361197 -0.08336877 0 -0.03361197 -0.06053122 0 -0.03263491 -0.06148076 0 -0.03263491 -0.08241924 0 -0.03364823 -0.08346191 0 -0.03364823 -0.06043809 0 -0.03254078 -0.06151435 0 -0.03254078 -0.08238565 0 -0.03367911 -0.06034303 0 -0.03244488 -0.06154251 0 -0.03244488 -0.08235749 0 -0.03370452 -0.06024637 0 -0.1942314 0.1003036 0 -0.1824592 0.08041435 0 -0.03234753 -0.06156514 0 -0.03234753 -0.08233485 0 -0.03224905 -0.08231781 0 -0.03372437 -0.06014841 0 -0.1125304 -0.101245 0 -0.03224905 -0.06158219 0 -0.03214976 -0.08230642 0 -0.03373859 -0.06004948 0 -0.112604 -0.1011774 0 -0.03214976 -0.06159358 0 -0.03374715 -0.05994991 0 -0.1126814 -0.1011142 0 -0.03204997 -0.06159929 0 -0.03204997 -0.08230071 0 -0.03375 -0.05985 0 -0.03195003 -0.06159929 0 -0.03195003 -0.08230071 0 -0.03185024 -0.08230642 0 -0.1293475 0.03078485 0 -0.119 0.0255 0 -0.1292491 0.03076781 0 -0.1291497 0.03075642 0 -0.12905 0.03075071 0 -0.12895 0.03075071 0 -0.1288503 0.03075642 0 -0.1287509 0.03076781 0 -0.1286525 0.03078485 0 -0.1285551 0.03080749 0 -0.1284592 0.03083565 0 -0.1283651 0.03086924 0 -0.128273 0.03090814 0 -0.1281833 0.03095224 0 -0.1280963 0.03100139 0 -0.1280122 0.03105542 0 -0.1279314 0.03111417 0 -0.127854 0.03117744 0 -0.1277804 0.03124502 0 -0.1277107 0.03131669 0 -0.1276452 0.03139223 0 -0.1275842 0.03147138 0 -0.1275278 0.03155388 0 -0.1274762 0.03163947 0 -0.1274296 0.03172786 0 -0.1272529 0.03259991 0 -0.12725 0.0325 0 -0.127388 0.03181878 0 -0.1272614 0.03269949 0 -0.1273518 0.03191191 0 -0.1272756 0.03279841 0 -0.1273209 0.03200697 0 -0.1272955 0.03289637 0 -0.1272955 0.03210363 0 -0.1273209 0.03299303 0 -0.1272756 0.03220159 0 -0.1273518 0.03308809 0 -0.1272614 0.03230051 0 -0.127388 0.03318122 0 -0.1272529 0.03240009 0 -0.1274296 0.03327214 0 -0.1274762 0.03336053 0 -0.1275278 0.03344612 0 -0.1275842 0.03352863 0 -0.1276452 0.03360777 0 -0.03374715 -0.0597501 0 -0.03185024 -0.06159358 0 -0.03373859 -0.05965052 0 -0.03175095 -0.06158219 0 -0.03175095 -0.08231781 0 -0.03165247 -0.08233485 0 -0.03372437 -0.05955159 0 -0.03165247 -0.06156514 0 -0.03155512 -0.08235749 0 -0.03370452 -0.05945363 0 -0.03155512 -0.06154251 0 -0.03367911 -0.05935697 0 -0.03145922 -0.08238565 0 -0.03145922 -0.06151435 0 -0.03136509 -0.08241924 0 -0.03364823 -0.05926191 0 -0.03136509 -0.06148076 0 -0.03361197 -0.05916878 0 -0.03127302 -0.06144186 0 -0.03127302 -0.08245815 0 -0.03357045 -0.05907786 0 -0.03118333 -0.06139776 0 -0.03118333 -0.08250224 0 -0.0310963 -0.08255139 0 -0.03352381 -0.05898947 0 -0.0310963 -0.06134861 0 -0.03347219 -0.05890388 0 -0.03101222 -0.06129457 0 -0.03101222 -0.08260542 0 -0.03341578 -0.05882138 0 -0.03093137 -0.06123583 0 -0.03093137 -0.08266417 0 -0.03335475 -0.05874223 0 -0.03085399 -0.06117256 0 -0.03085399 -0.08272744 0 -0.03078036 -0.08279502 0 -0.0332893 -0.05866669 0 -0.03078036 -0.06110498 0 -0.0307107 -0.08286669 0 -0.03321964 -0.05859502 0 -0.0307107 -0.06103331 0 -0.03314601 -0.05852744 0 -0.03064525 -0.06095777 0 -0.03064525 -0.08294223 0 -0.1938013 0.1022192 0 -0.1823651 0.08038076 0 -0.03306863 -0.05846417 0 -0.03058422 -0.06087862 0 -0.03058422 -0.08302138 0 -0.03052781 -0.08310388 0 -0.03298777 -0.05840543 0 -0.03052781 -0.06079612 0 -0.03047619 -0.08318947 0 -0.03290369 -0.05835139 0 -0.03047619 -0.06071053 0 -0.03281667 -0.05830224 0 -0.03042955 -0.06062214 0 -0.03042955 -0.08327786 0 -0.03272697 -0.05825814 0 -0.03038803 -0.06053122 0 -0.03038803 -0.08336877 0 -0.03035177 -0.06043809 0 -0.03035177 -0.08346191 0 -0.1932776 0.1041114 0 -0.182273 0.08034186 0 -0.1926618 0.1059756 0 -0.1821833 0.08029776 0 -0.1919552 0.1078073 0 -0.1911596 0.1096022 0 -0.1820963 0.08024861 0 -0.1902769 0.1113559 0 -0.1820122 0.08019457 0 -0.1893091 0.1130641 0 -0.1882588 0.1147228 0 -0.1819314 0.08013583 0 -0.1871283 0.116328 0 0.0492107 -0.1196833 0 0.04928036 -0.119755 0 0.04935399 -0.1198226 0 0.04914525 -0.1196078 0 0.04943137 -0.1198858 0 0.04908422 -0.1195286 0 0.04951223 -0.1199446 0 0.04902781 -0.1194461 0 0.04959631 -0.1199986 0 0.04897619 -0.1193605 0 0.04968333 -0.1200478 0 0.04892955 -0.1192721 0 0.04977303 -0.1200919 0 0.04888803 -0.1191812 0 0.04986509 -0.1201308 0 0.04885177 -0.1190881 0 0.04995922 -0.1201644 0 0.04882089 -0.118993 0 0.05005512 -0.1201925 0 0.04879548 -0.1188964 0 0.05015247 -0.1202151 0 0.04877563 -0.1187984 0 0.05025095 -0.1202322 0 0.04876141 -0.1186995 0 0.05035024 -0.1202436 0 0.04875285 -0.1185999 0 0.05045003 -0.1202493 0 0.04875 -0.1185 0 0.05054997 -0.1202493 0 0.04875285 -0.1184001 0 0.05064976 -0.1202436 0 0.05074905 -0.1202322 0 0.05084753 -0.1202151 0 0.05094488 -0.1201925 0 0.05104078 -0.1201644 0 0.05113491 -0.1201308 0 0.05122697 -0.1200919 0 0.05131667 -0.1200478 0 0.05140369 -0.1199986 0 0.05148777 -0.1199446 0 0.05156863 -0.1198858 0 -0.1859204 0.1178757 0 -0.184638 0.1193624 0 -0.181854 0.08007256 0 0.04 -0.1025 0 0.04882089 -0.118007 0 0.04885177 -0.1179119 0 0.04879548 -0.1181036 0 0.04877563 -0.1182016 0 0.04876141 -0.1183005 0 -0.1832843 0.1207843 0 0.0492107 -0.1173167 0 0.0492107 -0.1106833 0 0.04928036 -0.117245 0 0.04928036 -0.110755 0 0.04935399 -0.1108226 0 0.04935399 -0.1171774 0 0.04914525 -0.1106078 0 0.04914525 -0.1173922 0 0.04943137 -0.1108858 0 0.04943137 -0.1171142 0 0.04908422 -0.1105286 0 0.04908422 -0.1174714 0 0.04951223 -0.1109446 0 0.04951223 -0.1170554 0 0.04902781 -0.1175539 0 0.04902781 -0.1104461 0 0.04959631 -0.1109986 0 0.04959631 -0.1170014 0 0.04897619 -0.1103605 0 0.04897619 -0.1176395 0 0.04968333 -0.1110478 0 0.04968333 -0.1169522 0 0.04977303 -0.1169081 0 0.04892955 -0.1177279 0 0.04892955 -0.1102721 0 0.04888803 -0.1178188 0 0.04977303 -0.1110919 0 0.04888803 -0.1101812 0 0.04986509 -0.1111308 0 0.04986509 -0.1168692 0 0.04995922 -0.1168356 0 0.04885177 -0.1100881 0 0.04995922 -0.1111644 0 0.04882089 -0.109993 0 0.05005512 -0.1111925 0 0.05005512 -0.1168075 0 0.04879548 -0.1098964 0 0.05015247 -0.1112151 0 0.05015247 -0.1167849 0 0.04877563 -0.1097984 0 0.05025095 -0.1112322 0 0.05025095 -0.1167678 0 0.05035024 -0.1167564 0 0.04876141 -0.1096995 0 0.05035024 -0.1112436 0 0.04875285 -0.1095999 0 0.05045003 -0.1112493 0 0.05045003 -0.1167507 0 0.04875 -0.1095 0 0.05054997 -0.1112493 0 0.05054997 -0.1167507 0 0.05064976 -0.1167564 0 0.04875285 -0.1094001 0 0.05064976 -0.1112436 0 0.04876141 -0.1093005 0 0.05074905 -0.1112322 0 0.05074905 -0.1167678 0 0.05084753 -0.1167849 0 0.04877563 -0.1092016 0 0.05084753 -0.1112151 0 0.04879548 -0.1091036 0 0.05094488 -0.1111925 0 0.05094488 -0.1168075 0 0.04882089 -0.109007 0 0.05104078 -0.1111644 0 0.05104078 -0.1168356 0 0.04885177 -0.1089119 0 0.05113491 -0.1111308 0 0.05113491 -0.1168692 0 0.04888803 -0.1088188 0 0.05122697 -0.1110919 0 0.05122697 -0.1169081 0 0.04892955 -0.1087279 0 0.05131667 -0.1110478 0 0.05131667 -0.1169522 0 0.05140369 -0.1170014 0 -0.1818624 0.122138 0 -0.1817804 0.08000498 0 0.04897619 -0.1086395 0 0.05140369 -0.1109986 0 0.05148777 -0.1170554 0 0.04902781 -0.1085539 0 0.05148777 -0.1109446 0 0.04908422 -0.1084714 0 0.05156863 -0.1108858 0 0.05156863 -0.1171142 0 0.04914525 -0.1083922 0 0.05164601 -0.1108226 0 0.05164601 -0.1171774 0 0.0492107 -0.1083167 0 0.05171964 -0.110755 0 0.05171964 -0.117245 0 0.0517893 -0.1173167 0 0.04928036 -0.108245 0 0.0517893 -0.1106833 0 0.05185475 -0.1173922 0 0.04935399 -0.1081774 0 0.05185475 -0.1106078 0 0.04943137 -0.1081142 0 0.05191578 -0.1105286 0 0.05191578 -0.1174714 0 0.04951223 -0.1080554 0 0.05197219 -0.1104461 0 0.05197219 -0.1175539 0 0.04959631 -0.1080014 0 0.05202381 -0.1103605 0 0.05202381 -0.1176395 0 0.05207045 -0.1177279 0 0.04968333 -0.1079522 0 0.05207045 -0.1102721 0 0.05211197 -0.1178188 0 0.04977303 -0.1079081 0 0.05211197 -0.1101812 0 0.04986509 -0.1078692 0 0.05214823 -0.1100881 0 0.05214823 -0.1179119 0 0.04995922 -0.1078356 0 0.05217911 -0.118007 0 0.05217911 -0.109993 0 0.05220452 -0.1181036 0 0.05005512 -0.1078075 0 0.05220452 -0.1098964 0 0.05222437 -0.1182016 0 0.05015247 -0.1077849 0 0.05222437 -0.1097984 0 0.05223859 -0.1183005 0 0.05025095 -0.1077678 0 0.05223859 -0.1096995 0 0.05035024 -0.1077564 0 0.05045003 -0.1077507 0 0.05054997 -0.1077507 0 0.05064976 -0.1077564 0 0.05074905 -0.1077678 0 -0.1803757 0.1234204 0 0.0307107 -0.08523331 0 0.03078036 -0.08530498 0 0.03085399 -0.08537256 0 0.03064525 -0.08515777 0 -0.03064525 -0.08515777 0 -0.03058422 -0.08507862 0 0.03093137 -0.08543583 0 0.03058422 -0.08507862 0 0.03101222 -0.08549458 0 -0.03052781 -0.08499612 0 0.03052781 -0.08499612 0 -0.03047619 -0.08491053 0 0.0310963 -0.08554861 0 0.03047619 -0.08491053 0 0.03118333 -0.08559776 0 0.03042955 -0.08482214 0 -0.03042955 -0.08482214 0 0.03127302 -0.08564185 0 0.03038803 -0.08473122 0 -0.03038803 -0.08473122 0 0.03136509 -0.08568076 0 0.03035177 -0.08463808 0 -0.03035177 -0.08463808 0 0.03145922 -0.08571435 0 0.03032089 -0.08454303 0 -0.03032089 -0.08454303 0 -0.03029548 -0.08444637 0 -0.178828 0.1246283 0 0.03155512 -0.08574251 0 0.03029548 -0.08444637 0 -0.03027563 -0.08434841 0 0.03165247 -0.08576514 0 0.03027563 -0.08434841 0 0.03175095 -0.08578219 0 0.03026141 -0.08424948 0 -0.03026141 -0.08424948 0 -0.03025285 -0.0841499 0 0.03185024 -0.08579358 0 0.03025285 -0.0841499 0 0.03195003 -0.08579929 0 -0.03025 -0.08405 0 0.03025 -0.08405 0 0.03204997 -0.08579929 0 -0.03025285 -0.0839501 0 0.03025285 -0.0839501 0 -0.03026141 -0.08385052 0 0.03214976 -0.08579358 0 0.03026141 -0.08385052 0 0.03224905 -0.08578219 0 -0.03027563 -0.08375159 0 0.03027563 -0.08375159 0 -0.03029548 -0.08365363 0 0.03234753 -0.08576514 0 0.03029548 -0.08365363 0 0.03244488 -0.08574251 0 0.03032089 -0.08355697 0 -0.03032089 -0.08355697 0 0.03254078 -0.08571435 0 0.03035177 -0.08346191 0 0.03263491 -0.08568076 0 0.03272697 -0.08564185 0 0.03281667 -0.08559776 0 0.03290369 -0.08554861 0 0.03298777 -0.08549458 0 0.03306863 -0.08543583 0 0.03314601 -0.08537256 0 0.03321964 -0.08530498 0 0.0332893 -0.08523331 0 0.03335475 -0.08515777 0 0.03341578 -0.08507862 0 0.03347219 -0.08499612 0 -0.1772228 0.1257588 0 0.03352381 -0.08491053 0 0.03357045 -0.08482214 0 0.03361197 -0.08473122 0 0.03364823 -0.08463808 0 0.03367911 -0.08454303 0 0.03370452 -0.08444637 0 0.03372437 -0.08434841 0 0.03373859 -0.08424948 0 0.05084753 -0.1077849 0 0.03374715 -0.0841499 0 0.05094488 -0.1078075 0 0.03375 -0.08405 0 0.05104078 -0.1078356 0 0.03374715 -0.0839501 0 0.05113491 -0.1078692 0 0.03373859 -0.08385052 0 0.05122697 -0.1079081 0 0.03372437 -0.08375159 0 0.05131667 -0.1079522 0 0.03370452 -0.08365363 0 0.05140369 -0.1080014 0 0.03367911 -0.08355697 0 0.05148777 -0.1080554 0 -0.1755641 0.1268091 0 -0.1817107 0.0799333 0 -0.1738559 0.1277768 0 -0.1721022 0.1286596 0 -0.1703073 0.1294552 0 -0.1684756 0.1301618 0 -0.1816452 0.07985777 0 -0.1666114 0.1307776 0 -0.1647192 0.1313013 0 -0.1628036 0.1317314 0 0.0307107 -0.08286669 0 0.0307107 -0.06103331 0 0.03078036 -0.08279502 0 0.03078036 -0.06110498 0 0.03085399 -0.06117256 0 0.03085399 -0.08272744 0 0.03064525 -0.08294223 0 0.03064525 -0.06095777 0 0.03093137 -0.06123583 0 0.03093137 -0.08266417 0 0.03058422 -0.08302138 0 0.03058422 -0.06087862 0 0.03101222 -0.06129457 0 0.03101222 -0.08260542 0 0.03052781 -0.08310388 0 0.03052781 -0.06079612 0 0.0310963 -0.08255139 0 0.0310963 -0.06134861 0 0.03118333 -0.08250224 0 0.03047619 -0.08318947 0 0.03047619 -0.06071053 0 0.03118333 -0.06139776 0 0.03127302 -0.08245815 0 0.03042955 -0.08327786 0 0.03042955 -0.06062214 0 0.03127302 -0.06144186 0 0.03038803 -0.08336877 0 0.03038803 -0.06053122 0 0.03136509 -0.08241924 0 0.03136509 -0.06148076 0 0.03145922 -0.08238565 0 0.03035177 -0.06043809 0 0.03145922 -0.06151435 0 0.03155512 -0.08235749 0 -0.03032089 -0.06034303 0 0.03032089 -0.06034303 0 -0.03029548 -0.06024637 0 0.03155512 -0.06154251 0 0.03029548 -0.06024637 0 0.03165247 -0.06156514 0 0.03165247 -0.08233485 0 -0.03027563 -0.06014841 0 0.03027563 -0.06014841 0 0.03175095 -0.06158219 0 0.03175095 -0.08231781 0 -0.03026141 -0.06004948 0 0.03026141 -0.06004948 0 -0.03025285 -0.05994991 0 0.03185024 -0.06159358 0 0.03185024 -0.08230642 0 0.03025285 -0.05994991 0 0.03195003 -0.06159929 0 0.03195003 -0.08230071 0 0.03025 -0.05985 0 -0.03025285 -0.0597501 0 -0.03025 -0.05985 0 0.03204997 -0.06159929 0 0.03204997 -0.08230071 0 0.03025285 -0.0597501 0 0.03214976 -0.06159358 0 0.03214976 -0.08230642 0 0.03026141 -0.05965052 0 -0.03026141 -0.05965052 0 0.03224905 -0.06158219 0 0.03224905 -0.08231781 0 -0.03027563 -0.05955159 0 0.03027563 -0.05955159 0 0.03234753 -0.06156514 0 0.03234753 -0.08233485 0 0.03029548 -0.05945363 0 -0.03029548 -0.05945363 0 -0.03032089 -0.05935697 0 0.03244488 -0.06154251 0 0.03244488 -0.08235749 0 0.03032089 -0.05935697 0 0.03254078 -0.06151435 0 0.03254078 -0.08238565 0 0.03263491 -0.08241924 0 0.03035177 -0.05926191 0 -0.03035177 -0.05926191 0 0.03263491 -0.06148076 0 -0.1608692 0.1320671 0 0.03038803 -0.05916878 0 -0.03038803 -0.05916878 0 -0.03042955 -0.05907786 0 0.03272697 -0.06144186 0 0.03272697 -0.08245815 0 0.03042955 -0.05907786 0 0.03281667 -0.06139776 0 0.03281667 -0.08250224 0 0.03290369 -0.08255139 0 -0.03047619 -0.05898947 0 0.03047619 -0.05898947 0 0.03290369 -0.06134861 0 -0.03052781 -0.05890388 0 0.03052781 -0.05890388 0 -0.03058422 -0.05882138 0 0.03298777 -0.06129457 0 0.03298777 -0.08260542 0 0.03306863 -0.08266417 0 0.03058422 -0.05882138 0 0.03306863 -0.06123583 0 -0.03064525 -0.05874223 0 0.03064525 -0.05874223 0 0.03314601 -0.06117256 0 0.03314601 -0.08272744 0 -0.0307107 -0.05866669 0 0.0307107 -0.05866669 0 -0.03078036 -0.05859502 0 0.03321964 -0.06110498 0 0.03321964 -0.08279502 0 0.03078036 -0.05859502 0 0.0332893 -0.08286669 0 0.0332893 -0.06103331 0 0.03335475 -0.08294223 0 -0.03085399 -0.05852744 0 0.03085399 -0.05852744 0 -0.03093137 -0.05846417 0 0.03335475 -0.06095777 0 0.03093137 -0.05846417 0 0.03341578 -0.06087862 0 0.03341578 -0.08302138 0 0.03347219 -0.08310388 0 0.03101222 -0.05840543 0 -0.03101222 -0.05840543 0 0.03347219 -0.06079612 0 0.0310963 -0.05835139 0 -0.0310963 -0.05835139 0 0.03352381 -0.06071053 0 0.03352381 -0.08318947 0 0.03118333 -0.05830224 0 -0.03118333 -0.05830224 0 0.03357045 -0.06062214 0 0.03357045 -0.08327786 0 0.03361197 -0.06053122 0 0.03361197 -0.08336877 0 0.03364823 -0.08346191 0 0.03364823 -0.06043809 0 0.03367911 -0.06034303 0 -0.1589207 0.1323074 0 -0.1815842 0.07977863 0 0.03370452 -0.06024637 0 -0.1569627 0.1324518 0 -0.1815278 0.07969612 0 -0.155 0.1325 0 -0.1814762 0.07961053 0 -0.1149696 0.101245 0 -0.1812529 0.07865009 0 -0.1150393 0.1013167 0 -0.114896 0.1011774 0 -0.1447509 0.03423219 0 -0.18125 0.07875 0 -0.1151048 0.1013922 0 -0.1148186 0.1011142 0 -0.1812529 0.07884991 0 -0.1151658 0.1014714 0 -0.1147378 0.1010554 0 -0.1292491 0.03423219 0 -0.1152222 0.1015539 0 -0.1812614 0.07894949 0 -0.1146537 0.1010014 0 -0.1291497 0.03424358 0 -0.1152738 0.1016395 0 -0.1812756 0.07904842 0 -0.1145667 0.1009522 0 -0.12905 0.03424929 0 -0.1153204 0.1017279 0 -0.1812955 0.07914637 0 -0.114477 0.1009081 0 -0.12895 0.03424929 0 -0.1813209 0.07924303 0 -0.115362 0.1018188 0 -0.1143849 0.1008692 0 -0.1288503 0.03424358 0 -0.1153982 0.1019119 0 -0.1813518 0.07933809 0 -0.1142908 0.1008356 0 -0.1287509 0.03423219 0 -0.1154291 0.102007 0 -0.181388 0.07943122 0 -0.1141949 0.1008075 0 -0.1286525 0.03421515 0 -0.1154545 0.1021036 0 -0.1814296 0.07952214 0 -0.1140975 0.1007849 0 -0.1285551 0.03419251 0 -0.1154744 0.1022016 0 -0.1139991 0.1007678 0 -0.1284592 0.03416435 0 -0.1154886 0.1023005 0 -0.1138998 0.1007564 0 -0.1283651 0.03413076 0 -0.1154971 0.1024001 0 -0.1138 0.1007507 0 -0.128273 0.03409185 0 -0.1155 0.1025 0 -0.1137 0.1007507 0 -0.1281833 0.03404776 0 -0.1154971 0.1025999 0 -0.1136002 0.1007564 0 -0.1280963 0.03399861 0 -0.1154886 0.1026995 0 -0.1135009 0.1007678 0 -0.1280122 0.03394458 0 -0.1154744 0.1027984 0 -0.1134025 0.1007849 0 -0.1279314 0.03388583 0 -0.1154545 0.1028964 0 -0.1133051 0.1008075 0 -0.127854 0.03382256 0 -0.1154291 0.102993 0 -0.1132092 0.1008356 0 -0.1277804 0.03375498 0 -0.1153982 0.1030881 0 -0.1131151 0.1008692 0 -0.1277107 0.03368331 0 -0.113023 0.1009081 0 -0.1129333 0.1009522 0 -0.1128463 0.1010014 0 -0.1127622 0.1010554 0 0.05164601 -0.1198226 0 0.1125304 -0.121755 0 0.05171964 -0.119755 0 0.1124607 -0.1216833 0 0.112604 -0.1218226 0 0.0517893 -0.1196833 0 0.1123952 -0.1216078 0 0.1126814 -0.1218858 0 0.05185475 -0.1196078 0 0.1123342 -0.1215286 0 0.1127622 -0.1219446 0 0.1122778 -0.1214461 0 0.05191578 -0.1195286 0 0.1128463 -0.1219986 0 0.05197219 -0.1194461 0 0.1122262 -0.1213605 0 0.1129333 -0.1220478 0 0.05202381 -0.1193605 0 0.1121796 -0.1212721 0 0.113023 -0.1220919 0 0.05207045 -0.1192721 0 0.112138 -0.1211812 0 0.1131151 -0.1221308 0 0.05211197 -0.1191812 0 0.1121018 -0.1210881 0 0.1132092 -0.1221644 0 0.05214823 -0.1190881 0 0.1120709 -0.120993 0 0.1133051 -0.1221925 0 0.05217911 -0.118993 0 0.1120455 -0.1208964 0 0.1134025 -0.1222151 0 0.05220452 -0.1188964 0 0.1120256 -0.1207984 0 0.1135009 -0.1222322 0 0.05222437 -0.1187984 0 0.1120114 -0.1206995 0 0.1136002 -0.1222436 0 0.05223859 -0.1186995 0 0.1120029 -0.1205999 0 0.112 -0.1205 0 0.05224715 -0.1185999 0 0.1120029 -0.1204001 0 0.05225 -0.1185 0 0.05224715 -0.1184001 0 0.1120114 -0.1203005 0 0.1120256 -0.1202016 0 0.1120455 -0.1201036 0 0.05224715 -0.1095999 0 0.1120709 -0.120007 0 -0.1149696 0.103755 0 -0.1149696 0.119245 0 -0.114896 0.1038226 0 -0.1150393 0.1036833 0 -0.1150393 0.1193167 0 -0.114896 0.1191774 0 -0.1151048 0.1036078 0 -0.1151048 0.1193922 0 -0.1148186 0.1191142 0 -0.1148186 0.1038858 0 -0.1151658 0.1035286 0 -0.1151658 0.1194714 0 -0.1152222 0.1034461 0 -0.1147378 0.1190554 0 -0.1147378 0.1039446 0 -0.1152222 0.1195539 0 -0.1146537 0.1190014 0 -0.1146537 0.1039986 0 -0.1152738 0.1033605 0 -0.1152738 0.1196395 0 -0.1145667 0.1189522 0 -0.1145667 0.1040478 0 -0.1153204 0.1032721 0 -0.1153204 0.1197279 0 -0.114477 0.1189081 0 -0.114477 0.1040919 0 -0.115362 0.1031812 0 -0.115362 0.1198188 0 -0.1143849 0.1188692 0 -0.1143849 0.1041308 0 -0.1153982 0.1199119 0 -0.1142908 0.1188356 0 -0.1142908 0.1041644 0 -0.1154291 0.120007 0 -0.1141949 0.1041925 0 -0.1141949 0.1188075 0 -0.1140975 0.1042151 0 -0.1154545 0.1201036 0 -0.1140975 0.1187849 0 -0.1154744 0.1202016 0 -0.1139991 0.1187678 0 -0.1139991 0.1042322 0 -0.1154886 0.1203005 0 -0.1138998 0.1187564 0 -0.1138998 0.1042436 0 -0.1154971 0.1204001 0 -0.1138 0.1187507 0 -0.1138 0.1042493 0 -0.1155 0.1205 0 -0.1137 0.1187507 0 -0.1137 0.1042493 0 -0.1136002 0.1042436 0 -0.1154971 0.1205999 0 -0.1136002 0.1187564 0 -0.1154886 0.1206995 0 -0.1135009 0.1187678 0 -0.1135009 0.1042322 0 -0.1134025 0.1042151 0 -0.1154744 0.1207984 0 -0.1134025 0.1187849 0 -0.1154545 0.1208964 0 -0.1133051 0.1041925 0 -0.1133051 0.1188075 0 -0.1132092 0.1041644 0 -0.1154291 0.120993 0 -0.1132092 0.1188356 0 -0.1153982 0.1210881 0 -0.1131151 0.1188692 0 -0.1131151 0.1041308 0 -0.115362 0.1211812 0 -0.113023 0.1189081 0 -0.113023 0.1040919 0 -0.1153204 0.1212721 0 -0.1129333 0.1189522 0 -0.1129333 0.1040478 0 -0.1152738 0.1213605 0 -0.1128463 0.1190014 0 -0.1128463 0.1039986 0 -0.1127622 0.1039446 0 -0.1152222 0.1214461 0 -0.1127622 0.1190554 0 -0.1151658 0.1215286 0 -0.1126814 0.1038858 0 -0.1126814 0.1191142 0 -0.112604 0.1038226 0 -0.1151048 0.1216078 0 -0.112604 0.1191774 0 -0.1150393 0.1216833 0 -0.1125304 0.119245 0 -0.1125304 0.103755 0 -0.1149696 0.121755 0 -0.1124607 0.1193167 0 -0.1124607 0.1036833 0 -0.1123952 0.1036078 0 -0.114896 0.1218226 0 -0.1123952 0.1193922 0 -0.1148186 0.1218858 0 -0.1123342 0.1194714 0 -0.1123342 0.1035286 0 -0.1122778 0.1034461 0 -0.1147378 0.1219446 0 -0.1122778 0.1195539 0 -0.1146537 0.1219986 0 -0.1122262 0.1196395 0 -0.1122262 0.1033605 0 -0.1145667 0.1220478 0 -0.1121796 0.1197279 0 -0.1121796 0.1032721 0 -0.114477 0.1220919 0 -0.112138 0.1198188 0 -0.112138 0.1031812 0 -0.1121018 0.1030881 0 -0.1143849 0.1221308 0 -0.1121018 0.1199119 0 -0.1120709 0.102993 0 -0.1142908 0.1221644 0 -0.1120709 0.120007 0 -0.1141949 0.1221925 0 -0.1140975 0.1222151 0 -0.1139991 0.1222322 0 -0.1138998 0.1222436 0 -0.1138 0.1222493 0 -0.1137 0.1222493 0 -0.1136002 0.1222436 0 0.1125304 -0.119245 0 0.1124607 -0.1036833 0 0.1125304 -0.103755 0 0.1124607 -0.1193167 0 0.112604 -0.1038226 0 0.112604 -0.1191774 0 0.1126814 -0.1191142 0 0.1123952 -0.1036078 0 0.1123952 -0.1193922 0 0.1123342 -0.1194714 0 0.1126814 -0.1038858 0 0.1123342 -0.1035286 0 0.1127622 -0.1039446 0 0.1127622 -0.1190554 0 0.1122778 -0.1034461 0 0.1122778 -0.1195539 0 0.1128463 -0.1039986 0 0.1128463 -0.1190014 0 0.1122262 -0.1033605 0 0.1122262 -0.1196395 0 0.1129333 -0.1040478 0 0.1129333 -0.1189522 0 0.1121796 -0.1032721 0 0.1121796 -0.1197279 0 0.113023 -0.1040919 0 0.113023 -0.1189081 0 0.1131151 -0.1188692 0 0.112138 -0.1198188 0 0.112138 -0.1031812 0 0.1131151 -0.1041308 0 0.1132092 -0.1188356 0 0.1121018 -0.1030881 0 0.1121018 -0.1199119 0 0.1132092 -0.1041644 0 0.1120709 -0.102993 0 0.1133051 -0.1041925 0 0.1133051 -0.1188075 0 0.05225 -0.1095 0 0.1120455 -0.1028964 0 0.1134025 -0.1042151 0 0.1134025 -0.1187849 0 0.05224715 -0.1094001 0 0.1120256 -0.1027984 0 0.1135009 -0.1042322 0 0.1135009 -0.1187678 0 0.1136002 -0.1187564 0 0.05223859 -0.1093005 0 0.1120114 -0.1026995 0 0.1136002 -0.1042436 0 0.05222437 -0.1092016 0 0.1120029 -0.1025999 0 0.1137 -0.1187507 0 0.1137 -0.1042493 0 0.1138 -0.1187507 0 0.112 -0.1025 0 0.05220452 -0.1091036 0 0.1138 -0.1042493 0 0.1138998 -0.1187564 0 0.1120029 -0.1024001 0 0.05217911 -0.109007 0 0.1138998 -0.1042436 0 0.05214823 -0.1089119 0 0.1120114 -0.1023005 0 0.1139991 -0.1042322 0 0.1139991 -0.1187678 0 0.1120256 -0.1022016 0 0.05211197 -0.1088188 0 0.1140975 -0.1042151 0 0.1140975 -0.1187849 0 0.1141949 -0.1188075 0 0.1120455 -0.1021036 0 0.05207045 -0.1087279 0 0.1141949 -0.1041925 0 0.1142908 -0.1188356 0 0.05202381 -0.1086395 0 0.1120709 -0.102007 0 0.1142908 -0.1041644 0 0.05197219 -0.1085539 0 0.1121018 -0.1019119 0 0.1143849 -0.1041308 0 0.1143849 -0.1188692 0 0.112138 -0.1018188 0 0.05191578 -0.1084714 0 0.114477 -0.1040919 0 0.114477 -0.1189081 0 0.1121796 -0.1017279 0 0.05185475 -0.1083922 0 0.1145667 -0.1040478 0 0.1145667 -0.1189522 0 0.1146537 -0.1190014 0 0.1122262 -0.1016395 0 0.0517893 -0.1083167 0 0.1146537 -0.1039986 0 0.1147378 -0.1190554 0 0.05171964 -0.108245 0 0.1122778 -0.1015539 0 0.1147378 -0.1039446 0 0.1148186 -0.1191142 0 0.1123342 -0.1014714 0 0.05164601 -0.1081774 0 0.1148186 -0.1038858 0 0.05156863 -0.1081142 0 0.1123952 -0.1013922 0 0.114896 -0.1038226 0 0.114896 -0.1191774 0 0.1124607 -0.1013167 0 0.03372437 -0.06014841 0 0.1149696 -0.119245 0 0.1149696 -0.103755 0 0.1150393 -0.1193167 0 0.1125304 -0.101245 0 0.03373859 -0.06004948 0 0.1150393 -0.1036833 0 0.1151048 -0.1193922 0 0.112604 -0.1011774 0 0.03374715 -0.05994991 0 0.1151048 -0.1036078 0 0.1126814 -0.1011142 0 0.03375 -0.05985 0 0.1151658 -0.1035286 0 0.1151658 -0.1194714 0 0.1127622 -0.1010554 0 0.1152222 -0.1034461 0 0.1152222 -0.1195539 0 0.1152738 -0.1196395 0 0.1152738 -0.1033605 0 0.1153204 -0.1197279 0 0.1153204 -0.1032721 0 0.115362 -0.1031812 0 0.115362 -0.1198188 0 0.1153982 -0.1199119 0 0.1153982 -0.1030881 0 0.1137 -0.1222493 0 0.1138 -0.1222493 0 0.1138998 -0.1222436 0 0.1139991 -0.1222322 0 0.1140975 -0.1222151 0 0.1141949 -0.1221925 0 0.1142908 -0.1221644 0 0.1143849 -0.1221308 0 0.114477 -0.1220919 0 0.1145667 -0.1220478 0 0.1146537 -0.1219986 0 0.1147378 -0.1219446 0 0.1148186 -0.1218858 0 0.114896 -0.1218226 0 0.1149696 -0.121755 0 0.1150393 -0.1216833 0 0.1151048 -0.1216078 0 0.1151658 -0.1215286 0 0.1152222 -0.1214461 0 0.1152738 -0.1213605 0 0.1153204 -0.1212721 0 0.1154971 -0.1204001 0 0.1155 -0.1205 0 0.115362 -0.1211812 0 0.1154886 -0.1203005 0 0.1153982 -0.1210881 0 0.1154744 -0.1202016 0 0.1154291 -0.120993 0 0.1154545 -0.1201036 0 0.1154545 -0.1208964 0 0.1154291 -0.120007 0 0.1154744 -0.1207984 0 0.1154886 -0.1206995 0 0.1154971 -0.1205999 0 0.1154971 -0.1024001 0 0.1155 -0.1025 0 0.1154886 -0.1023005 0 0.1154291 -0.102993 0 0.1154545 -0.1028964 0 0.1154744 -0.1027984 0 0.1154886 -0.1026995 0 0.1154971 -0.1025999 0 -0.0332893 0.05866669 0 -0.03321964 0.05859502 0 -0.03314601 0.05852744 0 -0.03335475 0.05874223 0 -0.03306863 0.05846417 0 -0.03341578 0.05882138 0 -0.03298777 0.05840543 0 -0.03347219 0.05890388 0 -0.03290369 0.05835139 0 -0.03352381 0.05898947 0 -0.03281667 0.05830224 0 -0.03357045 0.05907786 0 -0.03272697 0.05825814 0 -0.03263491 -0.05821924 0 -0.03361197 0.05916878 0 -0.03263491 0.05821924 0 -0.03254078 -0.05818565 0 -0.03364823 0.05926191 0 -0.03254078 0.05818565 0 -0.03367911 0.05935697 0 -0.03244488 0.05815749 0 -0.03244488 -0.05815749 0 -0.03234753 -0.05813486 0 -0.03370452 0.05945363 0 -0.03234753 0.05813486 0 -0.03224905 -0.05811781 0 -0.03372437 0.05955159 0 -0.03224905 0.05811781 0 -0.03214976 -0.05810642 0 -0.03373859 0.05965052 0 -0.03214976 0.05810642 0 -0.03204997 -0.05810071 0 -0.03374715 0.0597501 0 -0.03204997 0.05810071 0 -0.03375 0.05985 0 -0.1126814 0.1011142 0 -0.03195003 0.05810071 0 -0.03195003 -0.05810071 0 -0.03185024 -0.05810642 0 -0.03374715 0.05994991 0 -0.112604 0.1011774 0 -0.03185024 0.05810642 0 -0.1125304 0.101245 0 -0.03373859 0.06004948 0 -0.03175095 0.05811781 0 -0.03175095 -0.05811781 0 -0.03165247 -0.05813486 0 -0.1124607 0.1013167 0 -0.03372437 0.06014841 0 -0.03165247 0.05813486 0 -0.03370452 0.06024637 0 -0.03155512 -0.05815749 0 -0.03155512 0.05815749 0 -0.03145922 -0.05818565 0 -0.03145922 0.05818565 0 -0.03136509 -0.05821924 0 -0.03136509 0.05821924 0 -0.03127302 -0.05825814 0 -0.03127302 0.05825814 0 -0.03118333 0.05830224 0 -0.03321964 0.06110498 0 -0.03321964 0.08279502 0 -0.03314601 0.06117256 0 -0.0332893 0.06103331 0 -0.0332893 0.08286669 0 -0.03314601 0.08272744 0 -0.03335475 0.08294223 0 -0.03335475 0.06095777 0 -0.03306863 0.08266417 0 -0.03306863 0.06123583 0 -0.03341578 0.06087862 0 -0.03341578 0.08302138 0 -0.03347219 0.06079612 0 -0.03298777 0.08260542 0 -0.03298777 0.06129457 0 -0.03352381 0.06071053 0 -0.03347219 0.08310388 0 -0.03290369 0.06134861 0 -0.03290369 0.08255139 0 -0.03281667 0.06139776 0 -0.03352381 0.08318947 0 -0.03281667 0.08250224 0 -0.03357045 0.06062214 0 -0.03357045 0.08327786 0 -0.03272697 0.08245815 0 -0.03272697 0.06144186 0 -0.03361197 0.08336877 0 -0.03361197 0.06053122 0 -0.03263491 0.08241924 0 -0.03263491 0.06148076 0 -0.03364823 0.06043809 0 -0.03364823 0.08346191 0 -0.03254078 0.08238565 0 -0.03254078 0.06151435 0 -0.03367911 0.06034303 0 -0.03367911 0.08355697 0 -0.03244488 0.08235749 0 -0.03244488 0.06154251 0 -0.03234753 0.06156514 0 -0.03234753 0.08233485 0 -0.03224905 0.06158219 0 -0.03224905 0.08231781 0 -0.03214976 0.08230642 0 -0.03214976 0.06159358 0 -0.03204997 0.08230071 0 -0.03204997 0.06159929 0 -0.03195003 0.06159929 0 -0.03195003 0.08230071 0 -0.03185024 0.06159358 0 -0.03185024 0.08230642 0 -0.03175095 0.06158219 0 -0.03175095 0.08231781 0 -0.03165247 0.06156514 0 -0.03165247 0.08233485 0 -0.03155512 0.08235749 0 -0.03155512 0.06154251 0 -0.03145922 0.06151435 0 -0.03145922 0.08238565 0 -0.03136509 0.06148076 0 -0.03136509 0.08241924 0 -0.03127302 0.06144186 0 -0.03127302 0.08245815 0 -0.03118333 0.06139776 0 -0.03118333 0.08250224 0 -0.0310963 0.06134861 0 -0.0310963 0.08255139 0 -0.03101222 0.08260542 0 -0.03101222 0.06129457 0 -0.03093137 0.06123583 0 -0.03093137 0.08266417 0 -0.03085399 0.08272744 0 -0.03085399 0.06117256 0 -0.03078036 0.06110498 0 -0.03078036 0.08279502 0 -0.0307107 0.06103331 0 -0.0307107 0.08286669 0 -0.03064525 0.06095777 0 -0.03064525 0.08294223 0 -0.03058422 0.06087862 0 -0.03058422 0.08302138 0 -0.03052781 0.08310388 0 -0.03052781 0.06079612 0 -0.03047619 0.06071053 0 -0.03047619 0.08318947 0 -0.03042955 0.06062214 0 -0.03042955 0.08327786 0 -0.03038803 0.06053122 0 -0.03038803 0.08336877 0 -0.03035177 0.08346191 0 -0.03035177 0.06043809 0 -0.1122778 0.1015539 0 -0.05171964 0.108245 0 -0.1123342 0.1014714 0 -0.1122262 0.1016395 0 -0.0517893 0.1083167 0 -0.05164601 0.1081774 0 -0.1123952 0.1013922 0 -0.1121796 0.1017279 0 -0.05185475 0.1083922 0 -0.05156863 0.1081142 0 -0.112138 0.1018188 0 -0.05191578 0.1084714 0 -0.05148777 0.1080554 0 -0.05197219 0.1085539 0 -0.1121018 0.1019119 0 -0.05140369 0.1080014 0 -0.03370452 0.08365363 0 -0.1120709 0.102007 0 -0.05202381 0.1086395 0 -0.05131667 0.1079522 0 -0.03372437 0.08375159 0 -0.1120455 0.1021036 0 -0.05207045 0.1087279 0 -0.05122697 0.1079081 0 -0.03373859 0.08385052 0 -0.05211197 0.1088188 0 -0.1120256 0.1022016 0 -0.05113491 0.1078692 0 -0.03374715 0.0839501 0 -0.05214823 0.1089119 0 -0.1120114 0.1023005 0 -0.05104078 0.1078356 0 -0.03375 0.08405 0 -0.05217911 0.109007 0 -0.1120029 0.1024001 0 -0.05094488 0.1078075 0 -0.03374715 0.0841499 0 -0.05220452 0.1091036 0 -0.112 0.1025 0 -0.05084753 0.1077849 0 -0.03373859 0.08424948 0 -0.05222437 0.1092016 0 -0.1120029 0.1025999 0 -0.05074905 0.1077678 0 -0.03372437 0.08434841 0 -0.05223859 0.1093005 0 -0.1120114 0.1026995 0 -0.1120256 0.1027984 0 -0.05224715 0.1094001 0 -0.1120455 0.1028964 0 -0.05225 0.1095 0 -0.05224715 0.1095999 0 -0.1120455 0.1201036 0 -0.05223859 0.1096995 0 -0.03078036 0.08530498 0 -0.04 0.1025 0 -0.0307107 0.08523331 0 -0.03085399 0.08537256 0 -0.03093137 0.08543583 0 -0.03101222 0.08549458 0 -0.0310963 0.08554861 0 -0.03118333 0.08559776 0 -0.03127302 0.08564185 0 -0.03136509 0.08568076 0 -0.03145922 0.08571435 0 -0.03155512 0.08574251 0 -0.03165247 0.08576514 0 -0.03175095 0.08578219 0 -0.03185024 0.08579358 0 -0.03195003 0.08579929 0 -0.03204997 0.08579929 0 -0.03214976 0.08579358 0 -0.03224905 0.08578219 0 -0.03234753 0.08576514 0 -0.03244488 0.08574251 0 -0.03254078 0.08571435 0 -0.03263491 0.08568076 0 -0.03272697 0.08564185 0 -0.03281667 0.08559776 0 -0.03290369 0.08554861 0 -0.03298777 0.08549458 0 -0.03306863 0.08543583 0 -0.03314601 0.08537256 0 -0.03321964 0.08530498 0 -0.0332893 0.08523331 0 -0.03335475 0.08515777 0 -0.03341578 0.08507862 0 -0.03347219 0.08499612 0 -0.03352381 0.08491053 0 -0.03357045 0.08482214 0 -0.03361197 0.08473122 0 -0.03364823 0.08463808 0 -0.03367911 0.08454303 0 -0.03370452 0.08444637 0 -0.05064976 0.1077564 0 -0.05054997 0.1077507 0 -0.05045003 0.1077507 0 -0.05035024 0.1077564 0 -0.05025095 0.1077678 0 -0.05015247 0.1077849 0 -0.05005512 0.1078075 0 -0.04995922 0.1078356 0 -0.04986509 0.1078692 0 -0.04977303 0.1079081 0 -0.04968333 0.1079522 0 -0.04959631 0.1080014 0 -0.04951223 0.1080554 0 -0.04943137 0.1081142 0 -0.04935399 0.1081774 0 -0.04928036 0.108245 0 -0.0492107 0.1083167 0 -0.04914525 0.1083922 0 -0.04908422 0.1084714 0 -0.04902781 0.1085539 0 -0.04897619 0.1086395 0 -0.04892955 0.1087279 0 -0.04875285 0.1095999 0 -0.04875 0.1095 0 -0.04888803 0.1088188 0 -0.04876141 0.1096995 0 -0.04885177 0.1089119 0 -0.04877563 0.1097984 0 -0.04882089 0.109007 0 -0.04879548 0.1098964 0 -0.04879548 0.1091036 0 -0.04882089 0.109993 0 -0.04877563 0.1092016 0 -0.04885177 0.1100881 0 -0.04876141 0.1093005 0 -0.04875285 0.1094001 0 -0.0517893 0.1106833 0 -0.0517893 0.1173167 0 -0.05171964 0.110755 0 -0.05185475 0.1106078 0 -0.05171964 0.117245 0 -0.05164601 0.1171774 0 -0.05164601 0.1108226 0 -0.05191578 0.1105286 0 -0.05185475 0.1173922 0 -0.05156863 0.1171142 0 -0.05156863 0.1108858 0 -0.05197219 0.1104461 0 -0.05191578 0.1174714 0 -0.05148777 0.1109446 0 -0.05148777 0.1170554 0 -0.05140369 0.1109986 0 -0.05197219 0.1175539 0 -0.05140369 0.1170014 0 -0.05202381 0.1103605 0 -0.05202381 0.1176395 0 -0.05131667 0.1169522 0 -0.05131667 0.1110478 0 -0.05207045 0.1102721 0 -0.05207045 0.1177279 0 -0.05211197 0.1101812 0 -0.05122697 0.1169081 0 -0.05122697 0.1110919 0 -0.05211197 0.1178188 0 -0.05113491 0.1168692 0 -0.05113491 0.1111308 0 -0.05214823 0.1100881 0 -0.05214823 0.1179119 0 -0.05104078 0.1168356 0 -0.05104078 0.1111644 0 -0.05217911 0.109993 0 -0.05217911 0.118007 0 -0.05094488 0.1168075 0 -0.05094488 0.1111925 0 -0.05220452 0.1098964 0 -0.05220452 0.1181036 0 -0.05084753 0.1167849 0 -0.05084753 0.1112151 0 -0.05222437 0.1097984 0 -0.05222437 0.1182016 0 -0.05074905 0.1167678 0 -0.05074905 0.1112322 0 -0.05064976 0.1112436 0 -0.1120256 0.1202016 0 -0.05223859 0.1183005 0 -0.05064976 0.1167564 0 -0.1120114 0.1203005 0 -0.05224715 0.1184001 0 -0.05054997 0.1167507 0 -0.05054997 0.1112493 0 -0.1120029 0.1204001 0 -0.05225 0.1185 0 -0.05045003 0.1167507 0 -0.05045003 0.1112493 0 -0.112 0.1205 0 -0.05224715 0.1185999 0 -0.05035024 0.1112436 0 -0.05035024 0.1167564 0 -0.05025095 0.1112322 0 -0.05223859 0.1186995 0 -0.1120029 0.1205999 0 -0.05025095 0.1167678 0 -0.1120114 0.1206995 0 -0.05222437 0.1187984 0 -0.05015247 0.1112151 0 -0.05015247 0.1167849 0 -0.05005512 0.1111925 0 -0.05220452 0.1188964 0 -0.1120256 0.1207984 0 -0.05005512 0.1168075 0 -0.04995922 0.1111644 0 -0.1120455 0.1208964 0 -0.05217911 0.118993 0 -0.04995922 0.1168356 0 -0.05214823 0.1190881 0 -0.1120709 0.120993 0 -0.04986509 0.1168692 0 -0.04986509 0.1111308 0 -0.1121018 0.1210881 0 -0.05211197 0.1191812 0 -0.04977303 0.1169081 0 -0.04977303 0.1110919 0 -0.112138 0.1211812 0 -0.05207045 0.1192721 0 -0.04968333 0.1169522 0 -0.04968333 0.1110478 0 -0.1121796 0.1212721 0 -0.05202381 0.1193605 0 -0.04959631 0.1170014 0 -0.04959631 0.1109986 0 -0.1122262 0.1213605 0 -0.05197219 0.1194461 0 -0.04951223 0.1170554 0 -0.04951223 0.1109446 0 -0.04943137 0.1108858 0 -0.1122778 0.1214461 0 -0.05191578 0.1195286 0 -0.04943137 0.1171142 0 -0.04935399 0.1108226 0 -0.1123342 0.1215286 0 -0.05185475 0.1196078 0 -0.04935399 0.1171774 0 -0.04928036 0.110755 0 -0.1123952 0.1216078 0 -0.0517893 0.1196833 0 -0.04928036 0.117245 0 -0.1124607 0.1216833 0 -0.05171964 0.119755 0 -0.0492107 0.1173167 0 -0.0492107 0.1106833 0 -0.1125304 0.121755 0 -0.05164601 0.1198226 0 -0.04914525 0.1173922 0 -0.04914525 0.1106078 0 -0.04908422 0.1105286 0 -0.112604 0.1218226 0 -0.05156863 0.1198858 0 -0.04908422 0.1174714 0 -0.04902781 0.1175539 0 -0.04902781 0.1104461 0 -0.04897619 0.1103605 0 -0.04897619 0.1176395 0 -0.04892955 0.1102721 0 -0.04892955 0.1177279 0 -0.04888803 0.1101812 0 -0.04888803 0.1178188 0 -0.04885177 0.1179119 0 -0.04882089 0.118007 0 -0.04879548 0.1181036 0 -0.04877563 0.1182016 0 -0.04876141 0.1183005 0 -0.04875285 0.1184001 0 -0.03078036 0.05859502 0 0.03078036 0.05859502 0 -0.03085399 0.05852744 0 -0.0307107 0.05866669 0 0.0307107 0.05866669 0 0.03085399 0.05852744 0 -0.03093137 0.05846417 0 -0.03064525 0.05874223 0 0.03064525 0.05874223 0 -0.03058422 0.05882138 0 0.03093137 0.05846417 0 -0.03052781 0.05890388 0 0.03058422 0.05882138 0 0.03101222 0.05840543 0 -0.03101222 0.05840543 0 -0.0310963 0.05835139 0 0.03052781 0.05890388 0 0.0310963 0.05835139 0 0.03047619 0.05898947 0 -0.03047619 0.05898947 0 0.03118333 0.05830224 0 0.03042955 0.05907786 0 -0.03042955 0.05907786 0 0.03127302 0.05825814 0 0.03127302 -0.05825814 0 0.03038803 0.05916878 0 -0.03038803 0.05916878 0 0.03136509 0.05821924 0 0.03136509 -0.05821924 0 0.03145922 -0.05818565 0 0.03035177 0.05926191 0 -0.03035177 0.05926191 0 0.03145922 0.05818565 0 0.03032089 0.05935697 0 -0.03032089 0.05935697 0 0.03155512 0.05815749 0 0.03155512 -0.05815749 0 0.03165247 -0.05813486 0 0.03029548 0.05945363 0 -0.03029548 0.05945363 0 0.03165247 0.05813486 0 0.03027563 0.05955159 0 -0.03027563 0.05955159 0 0.03175095 0.05811781 0 0.03175095 -0.05811781 0 0.03026141 0.05965052 0 -0.03026141 0.05965052 0 0.03185024 0.05810642 0 0.03185024 -0.05810642 0 0.03025285 0.0597501 0 -0.03025285 0.0597501 0 -0.03025 0.05985 0 0.03195003 0.05810071 0 0.03195003 -0.05810071 0 0.03025 0.05985 0 -0.03025285 0.05994991 0 0.03204997 0.05810071 0 0.03204997 -0.05810071 0 0.03025285 0.05994991 0 0.03214976 0.05810642 0 0.03214976 -0.05810642 0 0.03224905 -0.05811781 0 0.03026141 0.06004948 0 -0.03026141 0.06004948 0 0.03224905 0.05811781 0 0.03027563 0.06014841 0 -0.03027563 0.06014841 0 0.03234753 0.05813486 0 0.03234753 -0.05813486 0 -0.03029548 0.06024637 0 0.03029548 0.06024637 0 0.03244488 0.05815749 0 0.03244488 -0.05815749 0 0.03254078 -0.05818565 0 0.03032089 0.06034303 0 -0.03032089 0.06034303 0 0.03254078 0.05818565 0 0.03035177 0.06043809 0 0.03263491 0.05821924 0 0.03263491 -0.05821924 0 0.03272697 0.05825814 0 0.03272697 -0.05825814 0 -0.05064976 0.1202436 0 -0.04 0.1325 0 -0.05054997 0.1202493 0 -0.05074905 0.1202322 0 -0.05084753 0.1202151 0 -0.05094488 0.1201925 0 -0.05104078 0.1201644 0 -0.05113491 0.1201308 0 -0.05122697 0.1200919 0 -0.05131667 0.1200478 0 -0.05140369 0.1199986 0 -0.05148777 0.1199446 0 -0.1126814 0.1218858 0 -0.1127622 0.1219446 0 -0.1128463 0.1219986 0 -0.1129333 0.1220478 0 -0.113023 0.1220919 0 -0.1131151 0.1221308 0 -0.1132092 0.1221644 0 -0.1133051 0.1221925 0 -0.1134025 0.1222151 0 -0.1135009 0.1222322 0 -0.04875285 0.1185999 0 -0.04875 0.1185 0 -0.04876141 0.1186995 0 -0.04877563 0.1187984 0 -0.04879548 0.1188964 0 -0.04882089 0.118993 0 -0.04885177 0.1190881 0 -0.04888803 0.1191812 0 -0.04892955 0.1192721 0 -0.04897619 0.1193605 0 -0.04902781 0.1194461 0 -0.04908422 0.1195286 0 -0.04914525 0.1196078 0 -0.0492107 0.1196833 0 -0.04928036 0.119755 0 -0.04935399 0.1198226 0 -0.04943137 0.1198858 0 -0.04951223 0.1199446 0 -0.04959631 0.1199986 0 -0.04968333 0.1200478 0 -0.04977303 0.1200919 0 -0.04986509 0.1201308 0 -0.04995922 0.1201644 0 -0.05005512 0.1201925 0 -0.05015247 0.1202151 0 -0.05025095 0.1202322 0 -0.05035024 0.1202436 0 -0.05045003 0.1202493 0 0.1128463 -0.1010014 0 0.119 -0.0255 0 0.1129333 -0.1009522 0 0.03374715 -0.0597501 0 0.03373859 -0.05965052 0 0.03372437 -0.05955159 0 0.03370452 -0.05945363 0 0.03367911 -0.05935697 0 0.03364823 -0.05926191 0 0.03361197 -0.05916878 0 0.03357045 -0.05907786 0 0.03352381 -0.05898947 0 0.03347219 -0.05890388 0 0.03341578 -0.05882138 0 0.03335475 -0.05874223 0 0.0332893 -0.05866669 0 0.03321964 -0.05859502 0 0.03314601 -0.05852744 0 0.03306863 -0.05846417 0 0.03298777 -0.05840543 0 0.03290369 -0.05835139 0 0.03281667 -0.05830224 0 0.1131151 -0.1008692 0 0.1277804 -0.03375498 0 0.1132092 -0.1008356 0 0.113023 -0.1009081 0 0.1277107 -0.03368331 0 0.127854 -0.03382256 0 0.1133051 -0.1008075 0 0.1276452 -0.03360777 0 0.1279314 -0.03388583 0 0.1134025 -0.1007849 0 0.1275842 -0.03352863 0 0.1280122 -0.03394458 0 0.1135009 -0.1007678 0 0.1275278 -0.03344612 0 0.1280963 -0.03399861 0 0.1136002 -0.1007564 0 0.1274762 -0.03336053 0 0.1281833 -0.03404776 0 0.1137 -0.1007507 0 0.1274296 -0.03327214 0 0.128273 -0.03409185 0 0.1138 -0.1007507 0 0.127388 -0.03318122 0 0.1283651 -0.03413076 0 0.1138998 -0.1007564 0 0.1273518 -0.03308809 0 0.1284592 -0.03416435 0 0.1139991 -0.1007678 0 0.1273209 -0.03299303 0 0.1285551 -0.03419251 0 0.1140975 -0.1007849 0 0.1272955 -0.03289637 0 0.1286525 -0.03421515 0 0.1141949 -0.1008075 0 0.1272756 -0.03279841 0 0.1287509 -0.03423219 0 0.1142908 -0.1008356 0 0.1272614 -0.03269949 0 0.1288503 -0.03424358 0 0.1143849 -0.1008692 0 0.1272529 -0.03259991 0 0.12895 -0.03424929 0 0.114477 -0.1009081 0 0.12725 -0.0325 0 0.12905 -0.03424929 0 0.1145667 -0.1009522 0 0.1272529 -0.03240009 0 0.1291497 -0.03424358 0 0.1146537 -0.1010014 0 0.1272614 -0.03230051 0 0.1292491 -0.03423219 0 0.1147378 -0.1010554 0 0.1272756 -0.03220159 0 0.1293475 -0.03421515 0 0.1148186 -0.1011142 0 0.1272955 -0.03210363 0 0.1273209 -0.03200697 0 0.1273518 -0.03191191 0 0.127388 -0.03181878 0 0.1274296 -0.03172786 0 0.1274762 -0.03163947 0 0.1275278 -0.03155388 0 0.1275842 -0.03147138 0 0.1276452 -0.03139223 0 0.1277107 -0.03131669 0 0.1277804 -0.03124502 0 0.127854 -0.03117744 0 0.1279314 -0.03111417 0 0.1280122 -0.03105542 0 0.1280963 -0.03100139 0 0.1281833 -0.03095224 0 0.128273 -0.03090814 0 0.1283651 -0.03086924 0 0.1284592 -0.03083565 0 0.1285551 -0.03080749 0 0.1286525 -0.03078485 0 0.1287509 -0.03076781 0 0.1288503 -0.03075642 0 0.12895 -0.03075071 0 0.12905 -0.03075071 0 0.1291497 -0.03075642 0 0.1292491 -0.03076781 0 0.1293475 -0.03078485 0 0.1294449 -0.03080749 0 0.1755641 -0.1268091 0 0.1817804 -0.08000498 0 0.1772228 -0.1257588 0 0.178828 -0.1246283 0 0.1803757 -0.1234204 0 0.1818624 -0.122138 0 0.1817107 -0.0799333 0 0.1684756 -0.1301618 0 0.1703073 -0.1294552 0 0.1721022 -0.1286596 0 0.1738559 -0.1277768 0 0.181854 -0.08007256 0 0.1832843 -0.1207843 0 0.184638 -0.1193624 0 0.1589207 -0.1323074 0 0.1816452 -0.07985777 0 0.1608692 -0.1320671 0 0.1628036 -0.1317314 0 0.1647192 -0.1313013 0 0.1666114 -0.1307776 0 0.1819314 -0.08013583 0 0.1859204 -0.1178757 0 0.1871283 -0.116328 0 0.1882588 -0.1147228 0 0.1815842 -0.07977863 0 0.1569627 -0.1324518 0 0.1820122 -0.08019457 0 0.1893091 -0.1130641 0 0.1902769 -0.1113559 0 0.1815278 -0.07969612 0 0.1820963 -0.08024861 0 0.1911596 -0.1096022 0 0.1814762 -0.07961053 0 0.1154744 -0.1022016 0 0.1821833 -0.08029776 0 0.1919552 -0.1078073 0 0.1926618 -0.1059756 0 0.1814296 -0.07952214 0 0.1154545 -0.1021036 0 0.182273 -0.08034186 0 0.1932776 -0.1041114 0 0.181388 -0.07943122 0 0.1154291 -0.102007 0 0.1823651 -0.08038076 0 0.1938013 -0.1022192 0 0.1813518 -0.07933809 0 0.1153982 -0.1019119 0 0.1824592 -0.08041435 0 0.1942314 -0.1003036 0 0.1813209 -0.07924303 0 0.115362 -0.1018188 0 0.1825551 -0.0804425 0 0.1945671 -0.09836922 0 0.1812955 -0.07914637 0 0.1153204 -0.1017279 0 0.1826525 -0.08046514 0 0.1948074 -0.09642068 0 0.1812756 -0.07904842 0 0.1152738 -0.1016395 0 0.1827509 -0.08048219 0 0.1949518 -0.09446271 0 0.1812614 -0.07894949 0 0.1152222 -0.1015539 0 0.1828503 -0.08049358 0 0.1812529 -0.07884991 0 0.1151658 -0.1014714 0 0.18295 -0.08049928 0 0.18125 -0.07875 0 0.1151048 -0.1013922 0 0.195 -0.0925 0 0.18305 -0.08049928 0 0.1812529 -0.07865009 0 0.1150393 -0.1013167 0 0.1831497 -0.08049358 0 0.1149696 -0.101245 0 0.1812614 -0.07855051 0 0.1832491 -0.08048219 0 0.1833475 -0.08046514 0 0.1834449 -0.0804425 0 0.1835408 -0.08041435 0 0.1836349 -0.08038076 0 0.183727 -0.08034186 0 0.1838167 -0.08029776 0 0.1839037 -0.08024861 0 0.1839878 -0.08019457 0 0.1840686 -0.08013583 0 0.184146 -0.08007256 0 0.1842196 -0.08000498 0 0.1842893 -0.0799333 0 0.1843548 -0.07985777 0 0.1844158 -0.07977863 0 0.1844722 -0.07969612 0 0.1845238 -0.07961053 0 0.1845704 -0.07952214 0 0.184612 -0.07943122 0 0.1846482 -0.07933809 0 0.1846791 -0.07924303 0 0.1847045 -0.07914637 0 0.1847244 -0.07904842 0 0.1847386 -0.07894949 0 0.1847471 -0.07884991 0 0.18475 -0.07875 0 0.1847471 -0.07865009 0 0.1847386 -0.07855051 0 0.1847244 -0.07845158 0 0.1847045 -0.07835363 0 0.1846791 -0.07825697 0 0.1846482 -0.07816191 0 0.184612 -0.07806878 0 0.1845704 -0.07797786 0 0.1845238 -0.07788947 0 0.1844722 -0.07780388 0 0.1302893 -0.03368331 0 0.1437804 -0.03375498 0 0.1302196 -0.03375498 0 0.1437107 -0.03368331 0 0.143854 -0.03382256 0 0.130146 -0.03382256 0 0.1303548 -0.03360777 0 0.1436452 -0.03360777 0 0.1304158 -0.03352863 0 0.1439314 -0.03388583 0 0.1300686 -0.03388583 0 0.1435842 -0.03352863 0 0.1440122 -0.03394458 0 0.1299878 -0.03394458 0 0.1299037 -0.03399861 0 0.1304722 -0.03344612 0 0.1435278 -0.03344612 0 0.1440963 -0.03399861 0 0.1305238 -0.03336053 0 0.1434762 -0.03336053 0 0.1441833 -0.03404776 0 0.1298167 -0.03404776 0 0.129727 -0.03409185 0 0.1305704 -0.03327214 0 0.1434296 -0.03327214 0 0.144273 -0.03409185 0 0.130612 -0.03318122 0 0.143388 -0.03318122 0 0.1306482 -0.03308809 0 0.1443651 -0.03413076 0 0.1296349 -0.03413076 0 0.1433518 -0.03308809 0 0.1444592 -0.03416435 0 0.1295408 -0.03416435 0 0.1306791 -0.03299303 0 0.1433209 -0.03299303 0 0.1445551 -0.03419251 0 0.1294449 -0.03419251 0 0.1307045 -0.03289637 0 0.1432955 -0.03289637 0 0.1307244 -0.03279841 0 0.1446525 -0.03421515 0 0.1432756 -0.03279841 0 0.1447509 -0.03423219 0 0.114896 -0.1011774 0 0.1307386 -0.03269949 0 0.1432614 -0.03269949 0 0.1448503 -0.03424358 0 0.1307471 -0.03259991 0 0.1432529 -0.03259991 0 0.14495 -0.03424929 0 0.1812756 -0.07845158 0 0.13075 -0.0325 0 0.14325 -0.0325 0 0.14505 -0.03424929 0 0.1812955 -0.07835363 0 0.1307471 -0.03240009 0 0.1432529 -0.03240009 0 0.1307386 -0.03230051 0 0.1451497 -0.03424358 0 0.1813209 -0.07825697 0 0.1432614 -0.03230051 0 0.1452491 -0.03423219 0 0.1813518 -0.07816191 0 0.1307244 -0.03220159 0 0.1432756 -0.03220159 0 0.1453475 -0.03421515 0 0.181388 -0.07806878 0 0.1307045 -0.03210363 0 0.1432955 -0.03210363 0 0.1454449 -0.03419251 0 0.1814296 -0.07797786 0 0.1306791 -0.03200697 0 0.1433209 -0.03200697 0 0.1455408 -0.03416435 0 0.1814762 -0.07788947 0 0.1306482 -0.03191191 0 0.1433518 -0.03191191 0 0.1456349 -0.03413076 0 0.1815278 -0.07780388 0 0.130612 -0.03181878 0 0.143388 -0.03181878 0 0.145727 -0.03409185 0 0.1815842 -0.07772137 0 0.1305704 -0.03172786 0 0.1434296 -0.03172786 0 0.1305238 -0.03163947 0 0.1458167 -0.03404776 0 0.1816452 -0.07764223 0 0.1434762 -0.03163947 0 0.1459037 -0.03399861 0 0.1817107 -0.0775667 0 0.1304722 -0.03155388 0 0.1435278 -0.03155388 0 0.1459878 -0.03394458 0 0.1817804 -0.07749502 0 0.1304158 -0.03147138 0 0.1435842 -0.03147138 0 0.1303548 -0.03139223 0 0.1460686 -0.03388583 0 0.181854 -0.07742744 0 0.1302893 -0.03131669 0 0.1436452 -0.03139223 0 0.146146 -0.03382256 0 0.1819314 -0.07736417 0 0.1437107 -0.03131669 0 0.1462196 -0.03375498 0 0.1820122 -0.07730543 0 0.1302196 -0.03124502 0 0.1437804 -0.03124502 0 0.1462893 -0.03368331 0 0.1820963 -0.07725139 0 0.130146 -0.03117744 0 0.143854 -0.03117744 0 0.1300686 -0.03111417 0 0.1463548 -0.03360777 0 0.1821833 -0.07720224 0 0.1299878 -0.03105542 0 0.1439314 -0.03111417 0 0.1464158 -0.03352863 0 0.182273 -0.07715814 0 0.1299037 -0.03100139 0 0.1440122 -0.03105542 0 0.1440963 -0.03100139 0 0.1298167 -0.03095224 0 0.1441833 -0.03095224 0 0.129727 -0.03090814 0 0.144273 -0.03090814 0 0.1443651 -0.03086924 0 0.1296349 -0.03086924 0 0.1295408 -0.03083565 0 0.0307107 0.06103331 0 0.0307107 0.08286669 0 0.03078036 0.06110498 0 0.03078036 0.08279502 0 0.03085399 0.08272744 0 0.03085399 0.06117256 0 0.03064525 0.06095777 0 0.03064525 0.08294223 0 0.03093137 0.08266417 0 0.03093137 0.06123583 0 0.03058422 0.06087862 0 0.03058422 0.08302138 0 0.03101222 0.08260542 0 0.03101222 0.06129457 0 0.0310963 0.06134861 0 0.1444592 -0.03083565 0 0.03052781 0.06079612 0 0.03052781 0.08310388 0 0.0310963 0.08255139 0 0.03118333 0.06139776 0 0.03047619 0.08318947 0 0.03047619 0.06071053 0 0.03042955 0.06062214 0 0.03118333 0.08250224 0 0.03127302 0.06144186 0 0.03042955 0.08327786 0 0.03038803 0.06053122 0 0.03127302 0.08245815 0 0.1445551 -0.03080749 0 0.03038803 0.08336877 0 0.03136509 0.08241924 0 0.03136509 0.06148076 0 0.03145922 0.06151435 0 0.03035177 0.08346191 0 0.03145922 0.08238565 0 0.03155512 0.06154251 0 -0.03032089 0.08355697 0 0.03032089 0.08355697 0 -0.03029548 0.08365363 0 0.03155512 0.08235749 0 0.03165247 0.06156514 0 0.03029548 0.08365363 0 0.03165247 0.08233485 0 -0.03027563 0.08375159 0 0.03027563 0.08375159 0 0.03175095 0.08231781 0 0.03175095 0.06158219 0 -0.03026141 0.08385052 0 0.03026141 0.08385052 0 0.03185024 0.08230642 0 0.03185024 0.06159358 0 -0.03025285 0.0839501 0 0.03025285 0.0839501 0 0.03195003 0.06159929 0 0.03195003 0.08230071 0 0.03204997 0.06159929 0 -0.03025285 0.0841499 0 0.03025 0.08405 0 -0.03025 0.08405 0 0.03204997 0.08230071 0 0.03025285 0.0841499 0 0.03214976 0.08230642 0 0.03214976 0.06159358 0 -0.03026141 0.08424948 0 0.03026141 0.08424948 0 0.03224905 0.08231781 0 0.03224905 0.06158219 0 -0.03027563 0.08434841 0 0.03027563 0.08434841 0 0.03234753 0.08233485 0 0.03234753 0.06156514 0 -0.03029548 0.08444637 0 0.03029548 0.08444637 0 0.03244488 0.08235749 0 0.03244488 0.06154251 0 -0.03032089 0.08454303 0 0.03032089 0.08454303 0 0.03254078 0.06151435 0 0.03254078 0.08238565 0 0.03263491 0.06148076 0 -0.03035177 0.08463808 0 0.03035177 0.08463808 0 0.03263491 0.08241924 0 -0.03038803 0.08473122 0 0.03038803 0.08473122 0 -0.03042955 0.08482214 0 0.03272697 0.08245815 0 0.03272697 0.06144186 0 0.03042955 0.08482214 0 0.03281667 0.06139776 0 0.03281667 0.08250224 0 0.03290369 0.06134861 0 -0.03047619 0.08491053 0 0.03047619 0.08491053 0 0.03290369 0.08255139 0 0.03298777 0.06129457 0 -0.03052781 0.08499612 0 0.03052781 0.08499612 0 -0.03058422 0.08507862 0 0.03298777 0.08260542 0 0.03058422 0.08507862 0 0.03306863 0.06123583 0 0.03306863 0.08266417 0 0.03314601 0.06117256 0 0.03064525 0.08515777 0 -0.03064525 0.08515777 0 0.03314601 0.08272744 0 0.0307107 0.08523331 0 0.03321964 0.06110498 0 0.03321964 0.08279502 0 0.0332893 0.06103331 0 0.0332893 0.08286669 0 0.03335475 0.06095777 0 0.03335475 0.08294223 0 0.03341578 0.06087862 0 0.03341578 0.08302138 0 0.03347219 0.06079612 0 0.03347219 0.08310388 0 0.03352381 0.06071053 0 0.03352381 0.08318947 0 0.03357045 0.06062214 0 0.03357045 0.08327786 0 0.03361197 0.08336877 0 0.03361197 0.06053122 0 0.03364823 0.08346191 0 0.03364823 0.06043809 0 0.03367911 0.06034303 0 0.03367911 0.08355697 0 0.1466791 -0.03299303 0 0.155 -0.0255 0 0.1466482 -0.03308809 0 0.1467045 -0.03210363 0 0.1467244 -0.03220159 0 0.1467045 -0.03289637 0 0.1466791 -0.03200697 0 0.1467244 -0.03279841 0 0.1466482 -0.03191191 0 0.1467386 -0.03269949 0 0.146612 -0.03181878 0 0.1467471 -0.03259991 0 0.1465704 -0.03172786 0 0.14675 -0.0325 0 0.1465238 -0.03163947 0 0.1464722 -0.03155388 0 0.1464158 -0.03147138 0 0.1463548 -0.03139223 0 0.1462893 -0.03131669 0 0.1462196 -0.03124502 0 0.146146 -0.03117744 0 0.1460686 -0.03111417 0 0.184146 -0.07742744 0 0.1842196 -0.07749502 0 0.1459878 -0.03105542 0 0.1840686 -0.07736417 0 0.1459037 -0.03100139 0 0.1839878 -0.07730543 0 0.1458167 -0.03095224 0 0.1839037 -0.07725139 0 0.145727 -0.03090814 0 0.1838167 -0.07720224 0 0.1456349 -0.03086924 0 0.183727 -0.07715814 0 0.1455408 -0.03083565 0 0.1836349 -0.07711924 0 0.1454449 -0.03080749 0 0.1835408 -0.07708565 0 0.1453475 -0.03078485 0 0.1834449 -0.0770575 0 0.1452491 -0.03076781 0 0.1833475 -0.07703486 0 0.1451497 -0.03075642 0 0.1832491 -0.07701781 0 0.14505 -0.03075071 0 0.1831497 -0.07700642 0 0.14495 -0.03075071 0 0.18305 -0.07700072 0 0.1448503 -0.03075642 0 0.18295 -0.07700072 0 0.1447509 -0.03076781 0 0.1828503 -0.07700642 0 0.1446525 -0.03078485 0 0.1827509 -0.07701781 0 0.1826525 -0.07703486 0 0.1825551 -0.0770575 0 0.1824592 -0.07708565 0 0.1823651 -0.07711924 0 0.1464722 -0.03344612 0 0.1465238 -0.03336053 0 0.1465704 -0.03327214 0 0.1467471 -0.03240009 0 0.146612 -0.03318122 0 0.1467386 -0.03230051 0 0.03370452 0.08444637 0 0.04 0.1025 0 0.03372437 0.08434841 0 0.03367911 0.08454303 0 0.03364823 0.08463808 0 0.03361197 0.08473122 0 0.03357045 0.08482214 0 0.03352381 0.08491053 0 0.03347219 0.08499612 0 0.03341578 0.08507862 0 0.03335475 0.08515777 0 0.0332893 0.08523331 0 0.03321964 0.08530498 0 0.03314601 0.08537256 0 0.03306863 0.08543583 0 0.03298777 0.08549458 0 0.03290369 0.08554861 0 0.03281667 0.08559776 0 0.03272697 0.08564185 0 0.03263491 0.08568076 0 0.03254078 0.08571435 0 0.03244488 0.08574251 0 0.03234753 0.08576514 0 0.03224905 0.08578219 0 0.03214976 0.08579358 0 0.03204997 0.08579929 0 0.03195003 0.08579929 0 0.03185024 0.08579358 0 0.03175095 0.08578219 0 0.03165247 0.08576514 0 0.03155512 0.08574251 0 0.03145922 0.08571435 0 0.03136509 0.08568076 0 0.03127302 0.08564185 0 0.03118333 0.08559776 0 0.0310963 0.08554861 0 0.03101222 0.08549458 0 0.03093137 0.08543583 0 0.03085399 0.08537256 0 0.03078036 0.08530498 0 0.03375 0.05985 0 0.119 0.0255 0 0.03374715 0.0597501 0 0.03281667 0.05830224 0 0.03290369 0.05835139 0 0.03298777 0.05840543 0 0.03306863 0.05846417 0 0.03314601 0.05852744 0 0.03321964 0.05859502 0 0.0332893 0.05866669 0 0.03335475 0.05874223 0 0.03341578 0.05882138 0 0.03347219 0.05890388 0 0.03352381 0.05898947 0 0.03357045 0.05907786 0 0.03361197 0.05916878 0 0.03364823 0.05926191 0 0.03367911 0.05935697 0 0.03370452 0.05945363 0 0.03372437 0.05955159 0 0.03373859 0.05965052 0 0.0492107 0.1083167 0 0.04928036 0.108245 0 0.04935399 0.1081774 0 0.04914525 0.1083922 0 0.04943137 0.1081142 0 0.04908422 0.1084714 0 0.04951223 0.1080554 0 0.04902781 0.1085539 0 0.04959631 0.1080014 0 0.04897619 0.1086395 0 0.04968333 0.1079522 0 0.04892955 0.1087279 0 0.04977303 0.1079081 0 0.04888803 0.1088188 0 0.04986509 0.1078692 0 0.04885177 0.1089119 0 0.04995922 0.1078356 0 0.04882089 0.109007 0 0.05005512 0.1078075 0 0.04879548 0.1091036 0 0.05015247 0.1077849 0 0.04877563 0.1092016 0 0.05025095 0.1077678 0 0.04876141 0.1093005 0 0.05035024 0.1077564 0 0.04875285 0.1094001 0 0.05045003 0.1077507 0 0.04875 0.1095 0 0.05054997 0.1077507 0 0.04875285 0.1095999 0 0.05064976 0.1077564 0 0.04876141 0.1096995 0 0.05074905 0.1077678 0 0.03373859 0.08424948 0 0.04877563 0.1097984 0 0.05084753 0.1077849 0 0.03374715 0.0841499 0 0.04879548 0.1098964 0 0.05094488 0.1078075 0 0.03375 0.08405 0 0.04882089 0.109993 0 0.05104078 0.1078356 0 0.03374715 0.0839501 0 0.04885177 0.1100881 0 0.05113491 0.1078692 0 0.03373859 0.08385052 0 0.1277107 0.03131669 0 0.1277804 0.03124502 0 0.127854 0.03117744 0 0.1276452 0.03139223 0 0.1279314 0.03111417 0 0.1275842 0.03147138 0 0.1280122 0.03105542 0 0.1275278 0.03155388 0 0.1280963 0.03100139 0 0.1274762 0.03163947 0 0.05122697 0.1079081 0 0.03372437 0.08375159 0 0.1281833 0.03095224 0 0.1274296 0.03172786 0 0.128273 0.03090814 0 0.127388 0.03181878 0 0.1283651 0.03086924 0 0.1273518 0.03191191 0 0.05131667 0.1079522 0 0.03370452 0.08365363 0 0.1284592 0.03083565 0 0.1273209 0.03200697 0 0.1285551 0.03080749 0 0.1272955 0.03210363 0 0.05140369 0.1080014 0 0.1286525 0.03078485 0 0.1272756 0.03220159 0 0.1287509 0.03076781 0 0.05148777 0.1080554 0 0.03370452 0.06024637 0 0.1272614 0.03230051 0 0.1288503 0.03075642 0 0.1272529 0.03240009 0 0.12895 0.03075071 0 0.12725 0.0325 0 0.12905 0.03075071 0 0.1272529 0.03259991 0 0.1291497 0.03075642 0 0.1272614 0.03269949 0 0.1292491 0.03076781 0 0.1272756 0.03279841 0 0.1293475 0.03078485 0 0.1272955 0.03289637 0 0.1294449 0.03080749 0 0.1273209 0.03299303 0 0.1273518 0.03308809 0 0.127388 0.03318122 0 0.1274296 0.03327214 0 0.1274762 0.03336053 0 0.1275278 0.03344612 0 0.1275842 0.03352863 0 0.1276452 0.03360777 0 0.0492107 0.1106833 0 0.0492107 0.1173167 0 0.04928036 0.110755 0 0.04928036 0.117245 0 0.04935399 0.1171774 0 0.04935399 0.1108226 0 0.04914525 0.1173922 0 0.04914525 0.1106078 0 0.04908422 0.1105286 0 0.04943137 0.1171142 0 0.04943137 0.1108858 0 0.04908422 0.1174714 0 0.04951223 0.1170554 0 0.04951223 0.1109446 0 0.04902781 0.1175539 0 0.04902781 0.1104461 0 0.04959631 0.1170014 0 0.04959631 0.1109986 0 0.04897619 0.1176395 0 0.04897619 0.1103605 0 0.04892955 0.1102721 0 0.04968333 0.1169522 0 0.04968333 0.1110478 0 0.04892955 0.1177279 0 0.04977303 0.1169081 0 0.04977303 0.1110919 0 0.04888803 0.1178188 0 0.04888803 0.1101812 0 0.04986509 0.1168692 0 0.04986509 0.1111308 0 0.04885177 0.1179119 0 0.04995922 0.1168356 0 0.04995922 0.1111644 0 0.04882089 0.118007 0 0.05005512 0.1168075 0 0.05005512 0.1111925 0 0.04879548 0.1181036 0 0.05015247 0.1167849 0 0.05015247 0.1112151 0 0.04877563 0.1182016 0 0.05025095 0.1167678 0 0.05025095 0.1112322 0 0.04876141 0.1183005 0 0.05035024 0.1167564 0 0.05035024 0.1112436 0 0.05045003 0.1112493 0 0.04875285 0.1184001 0 0.05045003 0.1167507 0 0.05054997 0.1167507 0 0.05054997 0.1112493 0 0.05064976 0.1167564 0 0.05064976 0.1112436 0 0.05074905 0.1167678 0 0.05074905 0.1112322 0 0.05084753 0.1167849 0 0.05084753 0.1112151 0 0.05094488 0.1168075 0 0.05094488 0.1111925 0 0.05104078 0.1168356 0 0.05104078 0.1111644 0 0.05113491 0.1168692 0 0.05113491 0.1111308 0 0.05122697 0.1169081 0 0.05122697 0.1110919 0 0.05131667 0.1169522 0 0.05131667 0.1110478 0 0.05140369 0.1170014 0 0.05140369 0.1109986 0 0.05148777 0.1170554 0 0.05148777 0.1109446 0 0.05156863 0.1108858 0 0.05156863 0.1171142 0 0.05164601 0.1171774 0 0.05164601 0.1108226 0 0.05171964 0.110755 0 0.05171964 0.117245 0 0.0517893 0.1106833 0 0.0517893 0.1173167 0 0.05185475 0.1106078 0 0.05185475 0.1173922 0 0.05191578 0.1174714 0 0.05191578 0.1105286 0 0.05197219 0.1175539 0 0.05197219 0.1104461 0 0.05202381 0.1176395 0 0.05202381 0.1103605 0 0.05207045 0.1102721 0 0.05207045 0.1177279 0 0.05211197 0.1101812 0 0.05211197 0.1178188 0 0.05214823 0.1179119 0 0.05214823 0.1100881 0 0.05217911 0.118007 0 0.05217911 0.109993 0 0.05220452 0.1181036 0 0.05220452 0.1098964 0 0.05222437 0.1182016 0 0.05222437 0.1097984 0 0.05223859 0.1096995 0 0.05223859 0.1183005 0 0.04 0.1325 0 0.05148777 0.1199446 0 0.05156863 0.1198858 0 0.05140369 0.1199986 0 0.05131667 0.1200478 0 0.05122697 0.1200919 0 0.05113491 0.1201308 0 0.05104078 0.1201644 0 0.05094488 0.1201925 0 0.05084753 0.1202151 0 0.05074905 0.1202322 0 0.05064976 0.1202436 0 0.05054997 0.1202493 0 0.05045003 0.1202493 0 0.05035024 0.1202436 0 0.05025095 0.1202322 0 0.05015247 0.1202151 0 0.05005512 0.1201925 0 0.04995922 0.1201644 0 0.04986509 0.1201308 0 0.04977303 0.1200919 0 0.04968333 0.1200478 0 0.04959631 0.1199986 0 0.04951223 0.1199446 0 0.04943137 0.1198858 0 0.04935399 0.1198226 0 0.04928036 0.119755 0 0.0492107 0.1196833 0 0.04914525 0.1196078 0 0.04908422 0.1195286 0 0.04902781 0.1194461 0 0.04897619 0.1193605 0 0.04892955 0.1192721 0 0.04888803 0.1191812 0 0.04885177 0.1190881 0 0.04882089 0.118993 0 0.04879548 0.1188964 0 0.04877563 0.1187984 0 0.04876141 0.1186995 0 0.04875285 0.1185999 0 0.04875 0.1185 0 0.1302893 0.03131669 0 0.1437107 0.03131669 0 0.1302196 0.03124502 0 0.1303548 0.03139223 0 0.1437804 0.03124502 0 0.143854 0.03117744 0 0.130146 0.03117744 0 0.1436452 0.03139223 0 0.1439314 0.03111417 0 0.1300686 0.03111417 0 0.1304158 0.03147138 0 0.1435842 0.03147138 0 0.1440122 0.03105542 0 0.1299878 0.03105542 0 0.1304722 0.03155388 0 0.1435278 0.03155388 0 0.1299037 0.03100139 0 0.1440963 0.03100139 0 0.1298167 0.03095224 0 0.1305238 0.03163947 0 0.1434762 0.03163947 0 0.1441833 0.03095224 0 0.129727 0.03090814 0 0.1305704 0.03172786 0 0.1434296 0.03172786 0 0.144273 0.03090814 0 0.143388 0.03181878 0 0.130612 0.03181878 0 0.1306482 0.03191191 0 0.1443651 0.03086924 0 0.1296349 0.03086924 0 0.1433518 0.03191191 0 0.1444592 0.03083565 0 0.1295408 0.03083565 0 0.1306791 0.03200697 0 0.1433209 0.03200697 0 0.1445551 0.03080749 0 0.1432955 0.03210363 0 0.1307045 0.03210363 0 0.1307244 0.03220159 0 0.1432756 0.03220159 0 0.1307386 0.03230051 0 0.1432614 0.03230051 0 0.1432529 0.03240009 0 0.1307471 0.03240009 0 0.13075 0.0325 0 0.14325 0.0325 0 0.1432529 0.03259991 0 0.1307471 0.03259991 0 0.1307386 0.03269949 0 0.1307244 0.03279841 0 0.1432614 0.03269949 0 0.1432756 0.03279841 0 0.1307045 0.03289637 0 0.1432955 0.03289637 0 0.1306791 0.03299303 0 0.1433209 0.03299303 0 0.1306482 0.03308809 0 0.1433518 0.03308809 0 0.130612 0.03318122 0 0.1305704 0.03327214 0 0.143388 0.03318122 0 0.1434296 0.03327214 0 0.1305238 0.03336053 0 0.1434762 0.03336053 0 0.1304722 0.03344612 0 0.1435278 0.03344612 0 0.1304158 0.03352863 0 0.1435842 0.03352863 0 0.1303548 0.03360777 0 0.1436452 0.03360777 0 0.1437107 0.03368331 0 0.1302893 0.03368331 0 0.1302196 0.03375498 0 0.1437804 0.03375498 0 0.130146 0.03382256 0 0.143854 0.03382256 0 0.1300686 0.03388583 0 0.1439314 0.03388583 0 0.1299878 0.03394458 0 0.1440122 0.03394458 0 0.1299037 0.03399861 0 0.1440963 0.03399861 0 0.1298167 0.03404776 0 0.1441833 0.03404776 0 0.129727 0.03409185 0 0.144273 0.03409185 0 0.1296349 0.03413076 0 0.1295408 0.03416435 0 0.1443651 0.03413076 0 0.1444592 0.03416435 0 0.1294449 0.03419251 0 0.1445551 0.03419251 0 0.1446525 0.03421515 0 0.1293475 0.03421515 0 0.1454449 0.03080749 0 0.155 0.0255 0 0.1453475 0.03078485 0 0.1455408 0.03083565 0 0.1456349 0.03086924 0 0.145727 0.03090814 0 0.1458167 0.03095224 0 0.1459037 0.03100139 0 0.1459878 0.03105542 0 0.1460686 0.03111417 0 0.146146 0.03117744 0 0.1462196 0.03124502 0 0.1462893 0.03131669 0 0.1463548 0.03139223 0 0.1464158 0.03147138 0 0.1464722 0.03155388 0 0.1465238 0.03163947 0 0.1465704 0.03172786 0 0.1467471 0.03259991 0 0.14675 0.0325 0 0.146612 0.03181878 0 0.1467386 0.03269949 0 0.1466482 0.03191191 0 0.1467244 0.03279841 0 0.1466791 0.03200697 0 0.1467045 0.03289637 0 0.1467045 0.03210363 0 0.1466791 0.03299303 0 0.1467244 0.03220159 0 0.1466482 0.03308809 0 0.1467386 0.03230051 0 0.146612 0.03318122 0 0.1467471 0.03240009 0 0.1465704 0.03327214 0 0.1465238 0.03336053 0 0.1464722 0.03344612 0 0.1464158 0.03352863 0 0.1446525 0.03078485 0 0.1447509 0.03076781 0 0.1448503 0.03075642 0 0.14495 0.03075071 0 0.14505 0.03075071 0 0.1451497 0.03075642 0 0.1452491 0.03076781 0 0.03372437 0.06014841 0 0.1125304 0.101245 0 0.03373859 0.06004948 0 0.05156863 0.1081142 0 0.1124607 0.1013167 0 0.112604 0.1011774 0 0.03374715 0.05994991 0 0.1123952 0.1013922 0 0.05164601 0.1081774 0 0.1126814 0.1011142 0 0.05171964 0.108245 0 0.1123342 0.1014714 0 0.1127622 0.1010554 0 0.1122778 0.1015539 0 0.0517893 0.1083167 0 0.1128463 0.1010014 0 0.1122262 0.1016395 0 0.05185475 0.1083922 0 0.1129333 0.1009522 0 0.1121796 0.1017279 0 0.05191578 0.1084714 0 0.113023 0.1009081 0 0.1277107 0.03368331 0 0.05197219 0.1085539 0 0.112138 0.1018188 0 0.1131151 0.1008692 0 0.1277804 0.03375498 0 0.05202381 0.1086395 0 0.1121018 0.1019119 0 0.1132092 0.1008356 0 0.127854 0.03382256 0 0.05207045 0.1087279 0 0.1120709 0.102007 0 0.1133051 0.1008075 0 0.1279314 0.03388583 0 0.05211197 0.1088188 0 0.1120455 0.1021036 0 0.1134025 0.1007849 0 0.1280122 0.03394458 0 0.1120256 0.1022016 0 0.05214823 0.1089119 0 0.1135009 0.1007678 0 0.1280963 0.03399861 0 0.05217911 0.109007 0 0.1120114 0.1023005 0 0.1136002 0.1007564 0 0.1281833 0.03404776 0 0.1120029 0.1024001 0 0.05220452 0.1091036 0 0.1137 0.1007507 0 0.128273 0.03409185 0 0.112 0.1025 0 0.05222437 0.1092016 0 0.1138 0.1007507 0 0.1283651 0.03413076 0 0.1120029 0.1025999 0 0.05223859 0.1093005 0 0.1138998 0.1007564 0 0.1284592 0.03416435 0 0.05224715 0.1094001 0 0.1120114 0.1026995 0 0.1139991 0.1007678 0 0.1285551 0.03419251 0 0.05225 0.1095 0 0.1120256 0.1027984 0 0.1140975 0.1007849 0 0.1286525 0.03421515 0 0.05224715 0.1095999 0 0.1120455 0.1028964 0 0.1141949 0.1008075 0 0.1287509 0.03423219 0 0.1120709 0.102993 0 0.1142908 0.1008356 0 0.1288503 0.03424358 0 0.1143849 0.1008692 0 0.12895 0.03424929 0 0.114477 0.1009081 0 0.12905 0.03424929 0 0.1145667 0.1009522 0 0.1291497 0.03424358 0 0.1146537 0.1010014 0 0.1292491 0.03423219 0 0.1147378 0.1010554 0 0.1148186 0.1011142 0 0.1447509 0.03423219 0 0.114896 0.1011774 0 0.1448503 0.03424358 0 0.1149696 0.101245 0 0.1124607 0.1036833 0 0.1124607 0.1193167 0 0.1125304 0.103755 0 0.1125304 0.119245 0 0.112604 0.1038226 0 0.112604 0.1191774 0 0.1126814 0.1038858 0 0.1123952 0.1036078 0 0.1123952 0.1193922 0 0.1126814 0.1191142 0 0.1127622 0.1039446 0 0.1123342 0.1194714 0 0.1123342 0.1035286 0 0.1127622 0.1190554 0 0.1122778 0.1034461 0 0.1122778 0.1195539 0 0.1128463 0.1190014 0 0.1128463 0.1039986 0 0.1122262 0.1033605 0 0.1122262 0.1196395 0 0.1121796 0.1032721 0 0.1129333 0.1189522 0 0.1129333 0.1040478 0 0.1121796 0.1197279 0 0.113023 0.1040919 0 0.113023 0.1189081 0 0.1131151 0.1041308 0 0.112138 0.1198188 0 0.112138 0.1031812 0 0.1121018 0.1030881 0 0.1131151 0.1188692 0 0.1121018 0.1199119 0 0.1132092 0.1188356 0 0.1132092 0.1041644 0 0.1120709 0.120007 0 0.1133051 0.1188075 0 0.1133051 0.1041925 0 0.1120455 0.1201036 0 0.1134025 0.1187849 0 0.1134025 0.1042151 0 0.05224715 0.1184001 0 0.1120256 0.1202016 0 0.1135009 0.1042322 0 0.1135009 0.1187678 0 0.1136002 0.1042436 0 0.1120114 0.1203005 0 0.05225 0.1185 0 0.1136002 0.1187564 0 0.05224715 0.1185999 0 0.1120029 0.1204001 0 0.1137 0.1187507 0 0.1137 0.1042493 0 0.112 0.1205 0 0.05223859 0.1186995 0 0.1138 0.1187507 0 0.1138 0.1042493 0 0.1120029 0.1205999 0 0.05222437 0.1187984 0 0.1138998 0.1187564 0 0.1138998 0.1042436 0 0.05220452 0.1188964 0 0.1120114 0.1206995 0 0.1139991 0.1187678 0 0.1139991 0.1042322 0 0.05217911 0.118993 0 0.1120256 0.1207984 0 0.1140975 0.1187849 0 0.1140975 0.1042151 0 0.05214823 0.1190881 0 0.1120455 0.1208964 0 0.1141949 0.1041925 0 0.1141949 0.1188075 0 0.1142908 0.1041644 0 0.05211197 0.1191812 0 0.1120709 0.120993 0 0.1142908 0.1188356 0 0.05207045 0.1192721 0 0.1121018 0.1210881 0 0.1143849 0.1188692 0 0.1143849 0.1041308 0 0.05202381 0.1193605 0 0.112138 0.1211812 0 0.114477 0.1189081 0 0.114477 0.1040919 0 0.05197219 0.1194461 0 0.1121796 0.1212721 0 0.1145667 0.1189522 0 0.1145667 0.1040478 0 0.1146537 0.1039986 0 0.05191578 0.1195286 0 0.1122262 0.1213605 0 0.1146537 0.1190014 0 0.05185475 0.1196078 0 0.1122778 0.1214461 0 0.1147378 0.1039446 0 0.1147378 0.1190554 0 0.1148186 0.1038858 0 0.0517893 0.1196833 0 0.1123342 0.1215286 0 0.1148186 0.1191142 0 0.05171964 0.119755 0 0.1123952 0.1216078 0 0.114896 0.1191774 0 0.114896 0.1038226 0 0.1124607 0.1216833 0 0.05164601 0.1198226 0 0.1149696 0.119245 0 0.1149696 0.103755 0 0.1125304 0.121755 0 0.1150393 0.1036833 0 0.1150393 0.1193167 0 0.1151048 0.1036078 0 0.112604 0.1218226 0 0.1151048 0.1193922 0 0.1126814 0.1218858 0 0.1151658 0.1194714 0 0.1151658 0.1035286 0 0.1127622 0.1219446 0 0.1152222 0.1195539 0 0.1152222 0.1034461 0 0.1128463 0.1219986 0 0.1152738 0.1196395 0 0.1152738 0.1033605 0 0.1129333 0.1220478 0 0.1153204 0.1197279 0 0.1153204 0.1032721 0 0.113023 0.1220919 0 0.115362 0.1198188 0 0.115362 0.1031812 0 0.1153982 0.1030881 0 0.1131151 0.1221308 0 0.1153982 0.1199119 0 0.1132092 0.1221644 0 0.1133051 0.1221925 0 0.1134025 0.1222151 0 0.1135009 0.1222322 0 0.1136002 0.1222436 0 0.1459878 0.03394458 0 0.1817804 0.07749502 0 0.1460686 0.03388583 0 0.1817107 0.0775667 0 0.1459037 0.03399861 0 0.181854 0.07742744 0 0.146146 0.03382256 0 0.1458167 0.03404776 0 0.1816452 0.07764223 0 0.1819314 0.07736417 0 0.1462196 0.03375498 0 0.145727 0.03409185 0 0.1815842 0.07772137 0 0.1820122 0.07730543 0 0.1462893 0.03368331 0 0.1815278 0.07780388 0 0.1456349 0.03413076 0 0.1820963 0.07725139 0 0.1463548 0.03360777 0 0.1814762 0.07788947 0 0.1455408 0.03416435 0 0.1821833 0.07720224 0 0.1814296 0.07797786 0 0.1454449 0.03419251 0 0.182273 0.07715814 0 0.181388 0.07806878 0 0.1453475 0.03421515 0 0.1823651 0.07711924 0 0.1813518 0.07816191 0 0.1452491 0.03423219 0 0.1824592 0.07708565 0 0.1813209 0.07825697 0 0.1451497 0.03424358 0 0.1825551 0.0770575 0 0.14505 0.03424929 0 0.1812955 0.07835363 0 0.1826525 0.07703486 0 0.1812756 0.07845158 0 0.14495 0.03424929 0 0.1827509 0.07701781 0 0.1812614 0.07855051 0 0.1150393 0.1013167 0 0.1828503 0.07700642 0 0.1151048 0.1013922 0 0.1812529 0.07865009 0 0.18295 0.07700072 0 0.18125 0.07875 0 0.1151658 0.1014714 0 0.18305 0.07700072 0 0.1812529 0.07884991 0 0.1152222 0.1015539 0 0.1831497 0.07700642 0 0.1812614 0.07894949 0 0.1152738 0.1016395 0 0.1832491 0.07701781 0 0.1812756 0.07904842 0 0.1153204 0.1017279 0 0.1833475 0.07703486 0 0.1812955 0.07914637 0 0.115362 0.1018188 0 0.1834449 0.0770575 0 0.1153982 0.1019119 0 0.1813209 0.07924303 0 0.1835408 0.07708565 0 0.1154291 0.102007 0 0.1813518 0.07933809 0 0.1836349 0.07711924 0 0.1154545 0.1021036 0 0.181388 0.07943122 0 0.183727 0.07715814 0 0.1814296 0.07952214 0 0.1154744 0.1022016 0 0.1838167 0.07720224 0 0.1814762 0.07961053 0 0.1154886 0.1023005 0 0.1839037 0.07725139 0 0.1839878 0.07730543 0 0.1840686 0.07736417 0 0.184146 0.07742744 0 0.1842196 0.07749502 0 0.1842893 -0.0775667 0 0.1842893 0.0775667 0 0.1843548 -0.07764223 0 0.1843548 0.07764223 0 0.1844158 -0.07772137 0 0.1844158 0.07772137 0 0.1844722 0.07780388 0 0.1154971 0.1205999 0 0.155 0.1325 0 0.1155 0.1205 0 0.1154886 0.1206995 0 0.1154744 0.1207984 0 0.1154291 0.120007 0 0.1154545 0.1208964 0 0.1154545 0.1201036 0 0.1154291 0.120993 0 0.1154744 0.1202016 0 0.1153982 0.1210881 0 0.1154886 0.1203005 0 0.115362 0.1211812 0 0.1154971 0.1204001 0 0.1153204 0.1212721 0 0.1152738 0.1213605 0 0.1152222 0.1214461 0 0.1151658 0.1215286 0 0.1151048 0.1216078 0 0.1150393 0.1216833 0 0.1149696 0.121755 0 0.114896 0.1218226 0 0.1148186 0.1218858 0 0.1147378 0.1219446 0 0.1146537 0.1219986 0 0.1145667 0.1220478 0 0.114477 0.1220919 0 0.1143849 0.1221308 0 0.1142908 0.1221644 0 0.1141949 0.1221925 0 0.1140975 0.1222151 0 0.1139991 0.1222322 0 0.1138998 0.1222436 0 0.1138 0.1222493 0 0.1815278 0.07969612 0 0.1815842 0.07977863 0 0.1137 0.1222493 0 0.1154971 0.1025999 0 0.1155 0.1025 0 0.1154886 0.1026995 0 0.1154744 0.1027984 0 0.1154545 0.1028964 0 0.1154291 0.102993 0 0.1154971 0.1024001 0 0.1844158 0.07977863 0 0.195 0.0925 0 0.1844722 0.07969612 0 0.1843548 0.07985777 0 0.1842893 0.0799333 0 0.1842196 0.08000498 0 0.184146 0.08007256 0 0.1840686 0.08013583 0 0.1839878 0.08019457 0 0.1839037 0.08024861 0 0.1838167 0.08029776 0 0.183727 0.08034186 0 0.1836349 0.08038076 0 0.1835408 0.08041435 0 0.1834449 0.0804425 0 0.1833475 0.08046514 0 0.1832491 0.08048219 0 0.1831497 0.08049358 0 0.18305 0.08049928 0 0.18295 0.08049928 0 0.1845238 0.07788947 0 0.1845704 0.07797786 0 0.1847471 0.07884991 0 0.18475 0.07875 0 0.184612 0.07806878 0 0.1847386 0.07894949 0 0.1846482 0.07816191 0 0.1847244 0.07904842 0 0.1846791 0.07825697 0 0.1847045 0.07914637 0 0.1847045 0.07835363 0 0.1846791 0.07924303 0 0.1847244 0.07845158 0 0.1846482 0.07933809 0 0.1847386 0.07855051 0 0.184612 0.07943122 0 0.1847471 0.07865009 0 0.1845704 0.07952214 0 0.1845238 0.07961053 0 0.1828503 0.08049358 0 0.1949518 0.09446271 0 0.1827509 0.08048219 0 0.1569627 0.1324518 0 0.1826525 0.08046514 0 0.1948074 0.09642068 0 0.1589207 0.1323074 0 0.1816452 0.07985777 0 0.1825551 0.0804425 0 0.1945671 0.09836922 0 0.1608692 0.1320671 0 0.1824592 0.08041435 0 0.1942314 0.1003036 0 0.1628036 0.1317314 0 0.1823651 0.08038076 0 0.1938013 0.1022192 0 0.1647192 0.1313013 0 0.182273 0.08034186 0 0.1932776 0.1041114 0 0.1666114 0.1307776 0 0.1821833 0.08029776 0 0.1926618 0.1059756 0 0.1684756 0.1301618 0 0.1817107 0.0799333 0 0.1919552 0.1078073 0 0.1703073 0.1294552 0 0.1820963 0.08024861 0 0.1911596 0.1096022 0 0.1721022 0.1286596 0 0.1820122 0.08019457 0 0.1902769 0.1113559 0 0.1738559 0.1277768 0 0.1893091 0.1130641 0 0.1755641 0.1268091 0 0.1817804 0.08000498 0 0.1819314 0.08013583 0 0.1882588 0.1147228 0 0.1772228 0.1257588 0 0.178828 0.1246283 0 0.1871283 0.116328 0 0.1859204 0.1178757 0 0.1803757 0.1234204 0 0.181854 0.08007256 0 0.184638 0.1193624 0 0.1818624 0.122138 0 0.1832843 0.1207843 0 0.1569627 -0.1324518 0.004 0.1589207 -0.1323074 0.004 0.1608692 -0.1320671 0.004 0.1628036 -0.1317314 0.004 0.1647192 -0.1313013 0.004 0.1666114 -0.1307776 0.004 0.1684756 -0.1301618 0.004 0.1703073 -0.1294552 0.004 0.1721022 -0.1286596 0.004 0.1738559 -0.1277768 0.004 0.1755641 -0.1268091 0.004 0.1772228 -0.1257588 0.004 0.178828 -0.1246283 0.004 0.1803757 -0.1234204 0.004 0.1818624 -0.122138 0.004 0.1832843 -0.1207843 0.004 0.184638 -0.1193624 0.004 0.1859204 -0.1178757 0.004 0.1871283 -0.116328 0.004 0.1882588 -0.1147228 0.004 0.1893091 -0.1130641 0.004 0.1902769 -0.1113559 0.004 0.1911596 -0.1096022 0.004 0.1919552 -0.1078073 0.004 0.1926618 -0.1059756 0.004 0.1932776 -0.1041114 0.004 0.1938013 -0.1022192 0.004 0.1942314 -0.1003036 0.004 0.1945671 -0.09836922 0.004 0.1948074 -0.09642068 0.004 0.1949518 -0.09446271 0.004 0.195 -0.0925 0.004 0.04 -0.1025 0.004 -0.1842893 -0.0799333 0.004 -0.195 -0.0925 0.004 -0.1842196 -0.08000498 0.004 -0.184146 -0.08007256 0.004 -0.1843548 -0.07985777 0.004 -0.1840686 -0.08013583 0.004 -0.1844158 -0.07977863 0.004 -0.1839878 -0.08019457 0.004 -0.1844722 -0.07969612 0.004 -0.1839037 -0.08024861 0.004 -0.1845238 -0.07961053 0.004 -0.1838167 -0.08029776 0.004 -0.1845704 -0.07952214 0.004 -0.183727 -0.08034186 0.004 -0.184612 -0.07943122 0.004 -0.1836349 -0.08038076 0.004 -0.1846482 -0.07933809 0.004 -0.1835408 -0.08041435 0.004 -0.1846791 -0.07924303 0.004 -0.1834449 -0.0804425 0.004 -0.1847045 -0.07914637 0.004 -0.1833475 -0.08046514 0.004 -0.1847244 -0.07904842 0.004 -0.1832491 -0.08048219 0.004 -0.1847386 -0.07894949 0.004 -0.1831497 -0.08049358 0.004 -0.1847471 -0.07884991 0.004 -0.18305 -0.08049928 0.004 -0.18475 -0.07875 0.004 -0.18295 -0.08049928 0.004 -0.1949518 -0.09446271 0.004 -0.1847471 -0.07865009 0.004 -0.1828503 -0.08049358 0.004 -0.1847386 -0.07855051 0.004 -0.1827509 -0.08048219 0.004 -0.1948074 -0.09642068 0.004 -0.1847244 -0.07845158 0.004 -0.1826525 -0.08046514 0.004 -0.1945671 -0.09836922 0.004 -0.1847045 -0.07835363 0.004 -0.1825551 -0.0804425 0.004 -0.1942314 -0.1003036 0.004 -0.1846791 -0.07825697 0.004 -0.1824592 -0.08041435 0.004 -0.1938013 -0.1022192 0.004 -0.1846482 -0.07816191 0.004 -0.1823651 -0.08038076 0.004 -0.1932776 -0.1041114 0.004 -0.184612 -0.07806878 0.004 -0.182273 -0.08034186 0.004 -0.1926618 -0.1059756 0.004 -0.1845704 -0.07797786 0.004 -0.1821833 -0.08029776 0.004 -0.1919552 -0.1078073 0.004 -0.1911596 -0.1096022 0.004 -0.1845238 -0.07788947 0.004 -0.1820963 -0.08024861 0.004 -0.1902769 -0.1113559 0.004 -0.1844722 -0.07780388 0.004 -0.1820122 -0.08019457 0.004 -0.1893091 -0.1130641 0.004 -0.1882588 -0.1147228 0.004 -0.1819314 -0.08013583 0.004 -0.1871283 -0.116328 0.004 -0.1859204 -0.1178757 0.004 -0.184638 -0.1193624 0.004 -0.181854 -0.08007256 0.004 -0.1832843 -0.1207843 0.004 -0.1818624 -0.122138 0.004 -0.1817804 -0.08000498 0.004 -0.1803757 -0.1234204 0.004 -0.178828 -0.1246283 0.004 -0.1772228 -0.1257588 0.004 -0.1755641 -0.1268091 0.004 -0.1817107 -0.0799333 0.004 -0.1738559 -0.1277768 0.004 -0.1721022 -0.1286596 0.004 -0.1703073 -0.1294552 0.004 -0.1684756 -0.1301618 0.004 -0.1816452 -0.07985777 0.004 -0.1666114 -0.1307776 0.004 -0.1647192 -0.1313013 0.004 -0.1628036 -0.1317314 0.004 -0.1608692 -0.1320671 0.004 -0.1589207 -0.1323074 0.004 -0.1815842 -0.07977863 0.004 -0.1569627 -0.1324518 0.004 -0.155 -0.1325 0.004 -0.1815278 -0.07969612 0.004 -0.1814762 -0.07961053 0.004 -0.1150393 -0.1216833 0.004 -0.1149696 -0.121755 0.004 -0.114896 -0.1218226 0.004 -0.1151048 -0.1216078 0.004 -0.1148186 -0.1218858 0.004 -0.1151658 -0.1215286 0.004 -0.1147378 -0.1219446 0.004 -0.1152222 -0.1214461 0.004 -0.1146537 -0.1219986 0.004 -0.1152738 -0.1213605 0.004 -0.1145667 -0.1220478 0.004 -0.1153204 -0.1212721 0.004 -0.114477 -0.1220919 0.004 -0.115362 -0.1211812 0.004 -0.1143849 -0.1221308 0.004 -0.1153982 -0.1210881 0.004 -0.1142908 -0.1221644 0.004 -0.1154291 -0.120993 0.004 -0.1141949 -0.1221925 0.004 -0.1154545 -0.1208964 0.004 -0.1140975 -0.1222151 0.004 -0.1154744 -0.1207984 0.004 -0.1139991 -0.1222322 0.004 -0.1154886 -0.1206995 0.004 -0.1138998 -0.1222436 0.004 -0.1154971 -0.1205999 0.004 -0.1138 -0.1222493 0.004 -0.1155 -0.1205 0.004 -0.1137 -0.1222493 0.004 -0.1154971 -0.1204001 0.004 -0.1136002 -0.1222436 0.004 -0.1154886 -0.1203005 0.004 -0.1154744 -0.1202016 0.004 -0.1154545 -0.1201036 0.004 -0.1154291 -0.120007 0.004 -0.1153982 -0.1199119 0.004 -0.1150393 -0.1036833 0.004 -0.1149696 -0.119245 0.004 -0.1149696 -0.103755 0.004 -0.1150393 -0.1193167 0.004 -0.114896 -0.1038226 0.004 -0.114896 -0.1191774 0.004 -0.1148186 -0.1191142 0.004 -0.1151048 -0.1036078 0.004 -0.1151048 -0.1193922 0.004 -0.1148186 -0.1038858 0.004 -0.1147378 -0.1190554 0.004 -0.1151658 -0.1035286 0.004 -0.1151658 -0.1194714 0.004 -0.1147378 -0.1039446 0.004 -0.1146537 -0.1190014 0.004 -0.1152222 -0.1034461 0.004 -0.1152222 -0.1195539 0.004 -0.1146537 -0.1039986 0.004 -0.1152738 -0.1033605 0.004 -0.1152738 -0.1196395 0.004 -0.1145667 -0.1040478 0.004 -0.1145667 -0.1189522 0.004 -0.1153204 -0.1032721 0.004 -0.1153204 -0.1197279 0.004 -0.114477 -0.1040919 0.004 -0.114477 -0.1189081 0.004 -0.1143849 -0.1188692 0.004 -0.115362 -0.1031812 0.004 -0.115362 -0.1198188 0.004 -0.1143849 -0.1041308 0.004 -0.1153982 -0.1030881 0.004 -0.1142908 -0.1041644 0.004 -0.1142908 -0.1188356 0.004 -0.1141949 -0.1188075 0.004 -0.1154291 -0.102993 0.004 -0.1141949 -0.1041925 0.004 -0.1140975 -0.1187849 0.004 -0.1154545 -0.1028964 0.004 -0.1140975 -0.1042151 0.004 -0.1154744 -0.1027984 0.004 -0.1139991 -0.1042322 0.004 -0.1139991 -0.1187678 0.004 -0.1154886 -0.1026995 0.004 -0.1138998 -0.1042436 0.004 -0.1138998 -0.1187564 0.004 -0.1154971 -0.1025999 0.004 -0.1138 -0.1042493 0.004 -0.1138 -0.1187507 0.004 -0.1137 -0.1187507 0.004 -0.1155 -0.1025 0.004 -0.1137 -0.1042493 0.004 -0.1154971 -0.1024001 0.004 -0.1136002 -0.1042436 0.004 -0.1136002 -0.1187564 0.004 -0.1154886 -0.1023005 0.004 -0.1135009 -0.1042322 0.004 -0.1135009 -0.1187678 0.004 -0.1134025 -0.1187849 0.004 -0.1154744 -0.1022016 0.004 -0.1814296 -0.07952214 0.004 -0.1134025 -0.1042151 0.004 -0.1154545 -0.1021036 0.004 -0.181388 -0.07943122 0.004 -0.1133051 -0.1041925 0.004 -0.1133051 -0.1188075 0.004 -0.1132092 -0.1188356 0.004 -0.1154291 -0.102007 0.004 -0.1813518 -0.07933809 0.004 -0.1132092 -0.1041644 0.004 -0.1131151 -0.1188692 0.004 -0.1153982 -0.1019119 0.004 -0.1813209 -0.07924303 0.004 -0.1131151 -0.1041308 0.004 -0.113023 -0.1189081 0.004 -0.115362 -0.1018188 0.004 -0.1812955 -0.07914637 0.004 -0.113023 -0.1040919 0.004 -0.1153204 -0.1017279 0.004 -0.1812756 -0.07904842 0.004 -0.1129333 -0.1040478 0.004 -0.1129333 -0.1189522 0.004 -0.1152738 -0.1016395 0.004 -0.1812614 -0.07894949 0.004 -0.1128463 -0.1039986 0.004 -0.1128463 -0.1190014 0.004 -0.1152222 -0.1015539 0.004 -0.1812529 -0.07884991 0.004 -0.1127622 -0.1039446 0.004 -0.1127622 -0.1190554 0.004 -0.1151658 -0.1014714 0.004 -0.18125 -0.07875 0.004 -0.1126814 -0.1038858 0.004 -0.1126814 -0.1191142 0.004 -0.1151048 -0.1013922 0.004 -0.1812529 -0.07865009 0.004 -0.112604 -0.1038226 0.004 -0.112604 -0.1191774 0.004 -0.1125304 -0.119245 0.004 -0.1150393 -0.1013167 0.004 -0.1812614 -0.07855051 0.004 -0.1125304 -0.103755 0.004 -0.1149696 -0.101245 0.004 -0.1124607 -0.1036833 0.004 -0.1124607 -0.1193167 0.004 -0.1123952 -0.1193922 0.004 -0.1123952 -0.1036078 0.004 -0.1123342 -0.1035286 0.004 -0.1123342 -0.1194714 0.004 -0.1122778 -0.1195539 0.004 -0.1122778 -0.1034461 0.004 -0.1122262 -0.1033605 0.004 -0.1122262 -0.1196395 0.004 -0.1121796 -0.1197279 0.004 -0.1121796 -0.1032721 0.004 -0.112138 -0.1031812 0.004 -0.112138 -0.1198188 0.004 -0.1121018 -0.1199119 0.004 -0.1121018 -0.1030881 0.004 -0.1120709 -0.102993 0.004 -0.1120709 -0.120007 0.004 -0.155 -0.0255 0.004 -0.1823651 -0.07711924 0.004 -0.182273 -0.07715814 0.004 -0.1824592 -0.07708565 0.004 -0.1825551 -0.0770575 0.004 -0.1826525 -0.07703486 0.004 -0.1827509 -0.07701781 0.004 -0.1828503 -0.07700642 0.004 -0.18295 -0.07700072 0.004 -0.18305 -0.07700072 0.004 -0.1831497 -0.07700642 0.004 -0.1832491 -0.07701781 0.004 -0.1833475 -0.07703486 0.004 -0.1834449 -0.0770575 0.004 -0.1835408 -0.07708565 0.004 -0.1836349 -0.07711924 0.004 -0.183727 -0.07715814 0.004 -0.1838167 -0.07720224 0.004 -0.1839037 -0.07725139 0.004 -0.1839878 -0.07730543 0.004 -0.1840686 -0.07736417 0.004 -0.184146 -0.07742744 0.004 -0.1842196 -0.07749502 0.004 -0.1462196 -0.03375498 0.004 -0.1820122 -0.07730543 0.004 -0.1819314 -0.07736417 0.004 -0.1462893 -0.03368331 0.004 -0.1820963 -0.07725139 0.004 -0.146146 -0.03382256 0.004 -0.181854 -0.07742744 0.004 -0.1463548 -0.03360777 0.004 -0.1821833 -0.07720224 0.004 -0.1460686 -0.03388583 0.004 -0.1817804 -0.07749502 0.004 -0.1464158 -0.03352863 0.004 -0.1459878 -0.03394458 0.004 -0.1817107 -0.0775667 0.004 -0.1464722 -0.03344612 0.004 -0.1459037 -0.03399861 0.004 -0.1816452 -0.07764223 0.004 -0.1465238 -0.03336053 0.004 -0.1458167 -0.03404776 0.004 -0.1815842 -0.07772137 0.004 -0.1465704 -0.03327214 0.004 -0.145727 -0.03409185 0.004 -0.1815278 -0.07780388 0.004 -0.146612 -0.03318122 0.004 -0.1456349 -0.03413076 0.004 -0.1814762 -0.07788947 0.004 -0.1466482 -0.03308809 0.004 -0.1455408 -0.03416435 0.004 -0.1814296 -0.07797786 0.004 -0.1466791 -0.03299303 0.004 -0.1454449 -0.03419251 0.004 -0.181388 -0.07806878 0.004 -0.1467045 -0.03289637 0.004 -0.1453475 -0.03421515 0.004 -0.1813518 -0.07816191 0.004 -0.1467244 -0.03279841 0.004 -0.1452491 -0.03423219 0.004 -0.1813209 -0.07825697 0.004 -0.1467386 -0.03269949 0.004 -0.1451497 -0.03424358 0.004 -0.1812955 -0.07835363 0.004 -0.1467471 -0.03259991 0.004 -0.14505 -0.03424929 0.004 -0.1812756 -0.07845158 0.004 -0.14675 -0.0325 0.004 -0.14495 -0.03424929 0.004 -0.1467471 -0.03240009 0.004 -0.1448503 -0.03424358 0.004 -0.114896 -0.1011774 0.004 -0.1467386 -0.03230051 0.004 -0.1447509 -0.03423219 0.004 -0.1148186 -0.1011142 0.004 -0.1467244 -0.03220159 0.004 -0.1446525 -0.03421515 0.004 -0.1467045 -0.03210363 0.004 -0.1466791 -0.03200697 0.004 -0.1466482 -0.03191191 0.004 -0.146612 -0.03181878 0.004 -0.1465704 -0.03172786 0.004 -0.1465238 -0.03163947 0.004 -0.1464722 -0.03155388 0.004 -0.1464158 -0.03147138 0.004 -0.1463548 -0.03139223 0.004 -0.1462893 -0.03131669 0.004 -0.1462196 -0.03124502 0.004 -0.146146 -0.03117744 0.004 -0.1460686 -0.03111417 0.004 -0.1459878 -0.03105542 0.004 -0.1459037 -0.03100139 0.004 -0.1458167 -0.03095224 0.004 -0.145727 -0.03090814 0.004 -0.1456349 -0.03086924 0.004 -0.1455408 -0.03083565 0.004 -0.1454449 -0.03080749 0.004 -0.1453475 -0.03078485 0.004 -0.1452491 -0.03076781 0.004 -0.1451497 -0.03075642 0.004 -0.14505 -0.03075071 0.004 -0.14495 -0.03075071 0.004 -0.1448503 -0.03075642 0.004 -0.1447509 -0.03076781 0.004 -0.1446525 -0.03078485 0.004 -0.1445551 -0.03080749 0.004 -0.04 -0.1325 0.004 -0.1135009 -0.1222322 0.004 -0.1134025 -0.1222151 0.004 -0.1133051 -0.1221925 0.004 -0.1132092 -0.1221644 0.004 -0.1131151 -0.1221308 0.004 -0.113023 -0.1220919 0.004 -0.1129333 -0.1220478 0.004 -0.1128463 -0.1219986 0.004 -0.1127622 -0.1219446 0.004 -0.1126814 -0.1218858 0.004 -0.112604 -0.1218226 0.004 -0.05171964 -0.119755 0.004 -0.1123952 -0.1216078 0.004 -0.1124607 -0.1216833 0.004 -0.0517893 -0.1196833 0.004 -0.1123342 -0.1215286 0.004 -0.05164601 -0.1198226 0.004 -0.1125304 -0.121755 0.004 -0.05185475 -0.1196078 0.004 -0.1122778 -0.1214461 0.004 -0.05156863 -0.1198858 0.004 -0.05191578 -0.1195286 0.004 -0.1122262 -0.1213605 0.004 -0.05148777 -0.1199446 0.004 -0.05197219 -0.1194461 0.004 -0.1121796 -0.1212721 0.004 -0.05140369 -0.1199986 0.004 -0.05202381 -0.1193605 0.004 -0.112138 -0.1211812 0.004 -0.05131667 -0.1200478 0.004 -0.05207045 -0.1192721 0.004 -0.1121018 -0.1210881 0.004 -0.05122697 -0.1200919 0.004 -0.05211197 -0.1191812 0.004 -0.1120709 -0.120993 0.004 -0.05113491 -0.1201308 0.004 -0.05214823 -0.1190881 0.004 -0.1120455 -0.1208964 0.004 -0.05104078 -0.1201644 0.004 -0.05217911 -0.118993 0.004 -0.1120256 -0.1207984 0.004 -0.05094488 -0.1201925 0.004 -0.05220452 -0.1188964 0.004 -0.1120114 -0.1206995 0.004 -0.05084753 -0.1202151 0.004 -0.05222437 -0.1187984 0.004 -0.1120029 -0.1205999 0.004 -0.05074905 -0.1202322 0.004 -0.05223859 -0.1186995 0.004 -0.112 -0.1205 0.004 -0.05064976 -0.1202436 0.004 -0.05224715 -0.1185999 0.004 -0.1120029 -0.1204001 0.004 -0.05054997 -0.1202493 0.004 -0.05225 -0.1185 0.004 -0.1120114 -0.1203005 0.004 -0.05045003 -0.1202493 0.004 -0.05224715 -0.1184001 0.004 -0.1120256 -0.1202016 0.004 -0.05035024 -0.1202436 0.004 -0.05223859 -0.1183005 0.004 -0.1120455 -0.1201036 0.004 -0.05025095 -0.1202322 0.004 -0.05015247 -0.1202151 0.004 -0.05005512 -0.1201925 0.004 -0.04995922 -0.1201644 0.004 -0.04986509 -0.1201308 0.004 -0.04977303 -0.1200919 0.004 -0.04968333 -0.1200478 0.004 -0.04959631 -0.1199986 0.004 -0.04951223 -0.1199446 0.004 -0.04943137 -0.1198858 0.004 -0.04935399 -0.1198226 0.004 -0.04928036 -0.119755 0.004 -0.0492107 -0.1196833 0.004 -0.04914525 -0.1196078 0.004 -0.04908422 -0.1195286 0.004 -0.04902781 -0.1194461 0.004 -0.04897619 -0.1193605 0.004 -0.04892955 -0.1192721 0.004 -0.04888803 -0.1191812 0.004 -0.04885177 -0.1190881 0.004 -0.04882089 -0.118993 0.004 -0.04879548 -0.1188964 0.004 -0.04877563 -0.1187984 0.004 -0.04876141 -0.1186995 0.004 -0.04875285 -0.1185999 0.004 -0.04875 -0.1185 0.004 -0.04875285 -0.1184001 0.004 -0.1302893 -0.03368331 0.004 -0.1437107 -0.03368331 0.004 -0.1437804 -0.03375498 0.004 -0.1302196 -0.03375498 0.004 -0.130146 -0.03382256 0.004 -0.143854 -0.03382256 0.004 -0.1303548 -0.03360777 0.004 -0.1436452 -0.03360777 0.004 -0.1300686 -0.03388583 0.004 -0.1439314 -0.03388583 0.004 -0.1304158 -0.03352863 0.004 -0.1435842 -0.03352863 0.004 -0.1299878 -0.03394458 0.004 -0.1440122 -0.03394458 0.004 -0.1304722 -0.03344612 0.004 -0.1435278 -0.03344612 0.004 -0.1299037 -0.03399861 0.004 -0.1440963 -0.03399861 0.004 -0.1305238 -0.03336053 0.004 -0.1434762 -0.03336053 0.004 -0.1434296 -0.03327214 0.004 -0.1298167 -0.03404776 0.004 -0.1441833 -0.03404776 0.004 -0.1305704 -0.03327214 0.004 -0.129727 -0.03409185 0.004 -0.144273 -0.03409185 0.004 -0.130612 -0.03318122 0.004 -0.143388 -0.03318122 0.004 -0.1296349 -0.03413076 0.004 -0.1443651 -0.03413076 0.004 -0.1444592 -0.03416435 0.004 -0.1306482 -0.03308809 0.004 -0.1433518 -0.03308809 0.004 -0.1433209 -0.03299303 0.004 -0.1295408 -0.03416435 0.004 -0.1306791 -0.03299303 0.004 -0.1294449 -0.03419251 0.004 -0.1445551 -0.03419251 0.004 -0.1307045 -0.03289637 0.004 -0.1432955 -0.03289637 0.004 -0.1293475 -0.03421515 0.004 -0.1147378 -0.1010554 0.004 -0.1307244 -0.03279841 0.004 -0.1432756 -0.03279841 0.004 -0.1432614 -0.03269949 0.004 -0.1292491 -0.03423219 0.004 -0.1146537 -0.1010014 0.004 -0.1307386 -0.03269949 0.004 -0.1291497 -0.03424358 0.004 -0.1145667 -0.1009522 0.004 -0.1307471 -0.03259991 0.004 -0.1432529 -0.03259991 0.004 -0.14325 -0.0325 0.004 -0.12905 -0.03424929 0.004 -0.114477 -0.1009081 0.004 -0.13075 -0.0325 0.004 -0.12895 -0.03424929 0.004 -0.1143849 -0.1008692 0.004 -0.1307471 -0.03240009 0.004 -0.1432529 -0.03240009 0.004 -0.1432614 -0.03230051 0.004 -0.1288503 -0.03424358 0.004 -0.1142908 -0.1008356 0.004 -0.1307386 -0.03230051 0.004 -0.1287509 -0.03423219 0.004 -0.1141949 -0.1008075 0.004 -0.1307244 -0.03220159 0.004 -0.1432756 -0.03220159 0.004 -0.1286525 -0.03421515 0.004 -0.1140975 -0.1007849 0.004 -0.1307045 -0.03210363 0.004 -0.1432955 -0.03210363 0.004 -0.1285551 -0.03419251 0.004 -0.1139991 -0.1007678 0.004 -0.1306791 -0.03200697 0.004 -0.1433209 -0.03200697 0.004 -0.1284592 -0.03416435 0.004 -0.1138998 -0.1007564 0.004 -0.1306482 -0.03191191 0.004 -0.1433518 -0.03191191 0.004 -0.1283651 -0.03413076 0.004 -0.1138 -0.1007507 0.004 -0.05171964 -0.110755 0.004 -0.05171964 -0.117245 0.004 -0.05164601 -0.1171774 0.004 -0.0517893 -0.1173167 0.004 -0.0517893 -0.1106833 0.004 -0.05164601 -0.1108226 0.004 -0.05156863 -0.1171142 0.004 -0.05185475 -0.1106078 0.004 -0.05185475 -0.1173922 0.004 -0.05156863 -0.1108858 0.004 -0.05191578 -0.1105286 0.004 -0.05191578 -0.1174714 0.004 -0.05148777 -0.1109446 0.004 -0.05148777 -0.1170554 0.004 -0.05140369 -0.1170014 0.004 -0.130612 -0.03181878 0.004 -0.143388 -0.03181878 0.004 -0.05197219 -0.1104461 0.004 -0.05197219 -0.1175539 0.004 -0.05140369 -0.1109986 0.004 -0.05202381 -0.1103605 0.004 -0.05202381 -0.1176395 0.004 -0.128273 -0.03409185 0.004 -0.1137 -0.1007507 0.004 -0.05131667 -0.1110478 0.004 -0.05131667 -0.1169522 0.004 -0.05122697 -0.1169081 0.004 -0.05207045 -0.1102721 0.004 -0.05207045 -0.1177279 0.004 -0.05122697 -0.1110919 0.004 -0.05113491 -0.1168692 0.004 -0.1305704 -0.03172786 0.004 -0.1434296 -0.03172786 0.004 -0.05211197 -0.1101812 0.004 -0.05211197 -0.1178188 0.004 -0.05113491 -0.1111308 0.004 -0.05104078 -0.1168356 0.004 -0.05214823 -0.1100881 0.004 -0.05214823 -0.1179119 0.004 -0.1281833 -0.03404776 0.004 -0.1136002 -0.1007564 0.004 -0.05104078 -0.1111644 0.004 -0.05217911 -0.109993 0.004 -0.05217911 -0.118007 0.004 -0.1305238 -0.03163947 0.004 -0.1434762 -0.03163947 0.004 -0.05094488 -0.1111925 0.004 -0.05094488 -0.1168075 0.004 -0.05084753 -0.1167849 0.004 -0.05220452 -0.1098964 0.004 -0.05220452 -0.1181036 0.004 -0.1280963 -0.03399861 0.004 -0.1135009 -0.1007678 0.004 -0.05084753 -0.1112151 0.004 -0.1304722 -0.03155388 0.004 -0.1435278 -0.03155388 0.004 -0.05222437 -0.1097984 0.004 -0.05222437 -0.1182016 0.004 -0.05074905 -0.1112322 0.004 -0.05074905 -0.1167678 0.004 -0.1280122 -0.03394458 0.004 -0.1134025 -0.1007849 0.004 -0.05223859 -0.1096995 0.004 -0.05064976 -0.1112436 0.004 -0.05064976 -0.1167564 0.004 -0.05054997 -0.1167507 0.004 -0.1304158 -0.03147138 0.004 -0.1435842 -0.03147138 0.004 -0.05224715 -0.1095999 0.004 -0.1120455 -0.1028964 0.004 -0.1279314 -0.03388583 0.004 -0.1133051 -0.1008075 0.004 -0.05054997 -0.1112493 0.004 -0.05225 -0.1095 0.004 -0.1120256 -0.1027984 0.004 -0.1303548 -0.03139223 0.004 -0.1436452 -0.03139223 0.004 -0.1437107 -0.03131669 0.004 -0.05045003 -0.1112493 0.004 -0.05045003 -0.1167507 0.004 -0.127854 -0.03382256 0.004 -0.1132092 -0.1008356 0.004 -0.05224715 -0.1094001 0.004 -0.1120114 -0.1026995 0.004 -0.1302893 -0.03131669 0.004 -0.05035024 -0.1112436 0.004 -0.05035024 -0.1167564 0.004 -0.05025095 -0.1167678 0.004 -0.05223859 -0.1093005 0.004 -0.1120029 -0.1025999 0.004 -0.1277804 -0.03375498 0.004 -0.1131151 -0.1008692 0.004 -0.05025095 -0.1112322 0.004 -0.05015247 -0.1167849 0.004 -0.1302196 -0.03124502 0.004 -0.1437804 -0.03124502 0.004 -0.05222437 -0.1092016 0.004 -0.112 -0.1025 0.004 -0.1277107 -0.03368331 0.004 -0.113023 -0.1009081 0.004 -0.05015247 -0.1112151 0.004 -0.130146 -0.03117744 0.004 -0.143854 -0.03117744 0.004 -0.1439314 -0.03111417 0.004 -0.05220452 -0.1091036 0.004 -0.1120029 -0.1024001 0.004 -0.1276452 -0.03360777 0.004 -0.1129333 -0.1009522 0.004 -0.05005512 -0.1111925 0.004 -0.05005512 -0.1168075 0.004 -0.04995922 -0.1168356 0.004 -0.05217911 -0.109007 0.004 -0.1120114 -0.1023005 0.004 -0.1300686 -0.03111417 0.004 -0.04995922 -0.1111644 0.004 -0.05214823 -0.1089119 0.004 -0.1120256 -0.1022016 0.004 -0.1299878 -0.03105542 0.004 -0.1440122 -0.03105542 0.004 -0.1440963 -0.03100139 0.004 -0.04986509 -0.1111308 0.004 -0.04986509 -0.1168692 0.004 -0.04977303 -0.1169081 0.004 -0.05211197 -0.1088188 0.004 -0.1120455 -0.1021036 0.004 -0.1299037 -0.03100139 0.004 -0.04977303 -0.1110919 0.004 -0.05207045 -0.1087279 0.004 -0.1120709 -0.102007 0.004 -0.1298167 -0.03095224 0.004 -0.1441833 -0.03095224 0.004 -0.04968333 -0.1110478 0.004 -0.04968333 -0.1169522 0.004 -0.05202381 -0.1086395 0.004 -0.1121018 -0.1019119 0.004 -0.129727 -0.03090814 0.004 -0.144273 -0.03090814 0.004 -0.04959631 -0.1109986 0.004 -0.04959631 -0.1170014 0.004 -0.05197219 -0.1085539 0.004 -0.112138 -0.1018188 0.004 -0.1296349 -0.03086924 0.004 -0.1443651 -0.03086924 0.004 -0.04951223 -0.1109446 0.004 -0.04951223 -0.1170554 0.004 -0.05191578 -0.1084714 0.004 -0.1121796 -0.1017279 0.004 -0.1295408 -0.03083565 0.004 -0.1444592 -0.03083565 0.004 -0.04943137 -0.1108858 0.004 -0.04943137 -0.1171142 0.004 -0.04935399 -0.1171774 0.004 -0.1294449 -0.03080749 0.004 -0.05185475 -0.1083922 0.004 -0.1122262 -0.1016395 0.004 -0.04935399 -0.1108226 0.004 -0.0517893 -0.1083167 0.004 -0.1122778 -0.1015539 0.004 -0.04928036 -0.110755 0.004 -0.04928036 -0.117245 0.004 -0.05171964 -0.108245 0.004 -0.1123342 -0.1014714 0.004 -0.0492107 -0.1106833 0.004 -0.0492107 -0.1173167 0.004 -0.04914525 -0.1173922 0.004 -0.05164601 -0.1081774 0.004 -0.1123952 -0.1013922 0.004 -0.04914525 -0.1106078 0.004 -0.05156863 -0.1081142 0.004 -0.1124607 -0.1013167 0.004 -0.04908422 -0.1105286 0.004 -0.04908422 -0.1174714 0.004 -0.05148777 -0.1080554 0.004 -0.04902781 -0.1104461 0.004 -0.04902781 -0.1175539 0.004 -0.04897619 -0.1103605 0.004 -0.04897619 -0.1176395 0.004 -0.04892955 -0.1102721 0.004 -0.04892955 -0.1177279 0.004 -0.04888803 -0.1178188 0.004 -0.04888803 -0.1101812 0.004 -0.04885177 -0.1179119 0.004 -0.04885177 -0.1100881 0.004 -0.119 -0.0255 0.004 -0.1275842 -0.03352863 0.004 -0.1275278 -0.03344612 0.004 -0.1274762 -0.03336053 0.004 -0.1274296 -0.03327214 0.004 -0.1272529 -0.03240009 0.004 -0.12725 -0.0325 0.004 -0.127388 -0.03318122 0.004 -0.1272614 -0.03230051 0.004 -0.1273518 -0.03308809 0.004 -0.1272756 -0.03220159 0.004 -0.1273209 -0.03299303 0.004 -0.1272955 -0.03210363 0.004 -0.1272955 -0.03289637 0.004 -0.1273209 -0.03200697 0.004 -0.1272756 -0.03279841 0.004 -0.1273518 -0.03191191 0.004 -0.1272614 -0.03269949 0.004 -0.127388 -0.03181878 0.004 -0.1272529 -0.03259991 0.004 -0.1274296 -0.03172786 0.004 -0.1274762 -0.03163947 0.004 -0.1275278 -0.03155388 0.004 -0.1275842 -0.03147138 0.004 -0.1276452 -0.03139223 0.004 -0.1277107 -0.03131669 0.004 -0.1277804 -0.03124502 0.004 -0.127854 -0.03117744 0.004 -0.1279314 -0.03111417 0.004 -0.1280122 -0.03105542 0.004 -0.1280963 -0.03100139 0.004 -0.1281833 -0.03095224 0.004 -0.1128463 -0.1010014 0.004 -0.1127622 -0.1010554 0.004 -0.128273 -0.03090814 0.004 -0.1283651 -0.03086924 0.004 -0.1284592 -0.03083565 0.004 -0.1285551 -0.03080749 0.004 -0.1286525 -0.03078485 0.004 -0.1287509 -0.03076781 0.004 -0.1288503 -0.03075642 0.004 -0.12895 -0.03075071 0.004 -0.12905 -0.03075071 0.004 -0.1291497 -0.03075642 0.004 -0.1292491 -0.03076781 0.004 -0.1293475 -0.03078485 0.004 -0.04 -0.1025 0.004 -0.04876141 -0.1183005 0.004 -0.04877563 -0.1182016 0.004 -0.04879548 -0.1181036 0.004 -0.04882089 -0.118007 0.004 -0.04875285 -0.1094001 0.004 -0.04875 -0.1095 0.004 -0.04876141 -0.1093005 0.004 -0.04877563 -0.1092016 0.004 -0.04882089 -0.109993 0.004 -0.04879548 -0.1091036 0.004 -0.04879548 -0.1098964 0.004 -0.04882089 -0.109007 0.004 -0.04877563 -0.1097984 0.004 -0.04885177 -0.1089119 0.004 -0.04876141 -0.1096995 0.004 -0.04888803 -0.1088188 0.004 -0.04875285 -0.1095999 0.004 -0.04892955 -0.1087279 0.004 -0.04897619 -0.1086395 0.004 -0.04902781 -0.1085539 0.004 -0.04908422 -0.1084714 0.004 -0.04914525 -0.1083922 0.004 -0.0492107 -0.1083167 0.004 -0.04928036 -0.108245 0.004 -0.04935399 -0.1081774 0.004 -0.04943137 -0.1081142 0.004 -0.04951223 -0.1080554 0.004 -0.04959631 -0.1080014 0.004 -0.04968333 -0.1079522 0.004 -0.04977303 -0.1079081 0.004 -0.04986509 -0.1078692 0.004 -0.04995922 -0.1078356 0.004 -0.05005512 -0.1078075 0.004 -0.05015247 -0.1077849 0.004 -0.05025095 -0.1077678 0.004 -0.05035024 -0.1077564 0.004 -0.05045003 -0.1077507 0.004 -0.05054997 -0.1077507 0.004 -0.05064976 -0.1077564 0.004 -0.05074905 -0.1077678 0.004 -0.155 0.0255 0.004 -0.0332893 -0.08523331 0.004 -0.03321964 -0.08530498 0.004 -0.03314601 -0.08537256 0.004 -0.03335475 -0.08515777 0.004 -0.03306863 -0.08543583 0.004 -0.03341578 -0.08507862 0.004 -0.03298777 -0.08549458 0.004 -0.03347219 -0.08499612 0.004 -0.03290369 -0.08554861 0.004 -0.03352381 -0.08491053 0.004 -0.03281667 -0.08559776 0.004 -0.03357045 -0.08482214 0.004 -0.03272697 -0.08564185 0.004 -0.03361197 -0.08473122 0.004 -0.03263491 -0.08568076 0.004 -0.03364823 -0.08463808 0.004 -0.03254078 -0.08571435 0.004 -0.03367911 -0.08454303 0.004 -0.03244488 -0.08574251 0.004 -0.03370452 -0.08444637 0.004 -0.03234753 -0.08576514 0.004 -0.03372437 -0.08434841 0.004 -0.03224905 -0.08578219 0.004 -0.03373859 -0.08424948 0.004 -0.05084753 -0.1077849 0.004 -0.03214976 -0.08579358 0.004 -0.03374715 -0.0841499 0.004 -0.05094488 -0.1078075 0.004 -0.03204997 -0.08579929 0.004 -0.03375 -0.08405 0.004 -0.05104078 -0.1078356 0.004 -0.03195003 -0.08579929 0.004 -0.03374715 -0.0839501 0.004 -0.05113491 -0.1078692 0.004 -0.03185024 -0.08579358 0.004 -0.03373859 -0.08385052 0.004 -0.05122697 -0.1079081 0.004 -0.03175095 -0.08578219 0.004 -0.03372437 -0.08375159 0.004 -0.05131667 -0.1079522 0.004 -0.03165247 -0.08576514 0.004 -0.03370452 -0.08365363 0.004 -0.05140369 -0.1080014 0.004 -0.03155512 -0.08574251 0.004 -0.03367911 -0.08355697 0.004 -0.03145922 -0.08571435 0.004 -0.03136509 -0.08568076 0.004 -0.03127302 -0.08564185 0.004 -0.03118333 -0.08559776 0.004 -0.0310963 -0.08554861 0.004 -0.03101222 -0.08549458 0.004 -0.03093137 -0.08543583 0.004 -0.03085399 -0.08537256 0.004 -0.03078036 -0.08530498 0.004 -0.0307107 -0.08523331 0.004 -0.1462893 0.03131669 0.004 -0.1462196 0.03124502 0.004 -0.146146 0.03117744 0.004 -0.1463548 0.03139223 0.004 -0.1460686 0.03111417 0.004 -0.1464158 0.03147138 0.004 -0.1459878 0.03105542 0.004 -0.1464722 0.03155388 0.004 -0.1459037 0.03100139 0.004 -0.1465238 0.03163947 0.004 -0.1458167 0.03095224 0.004 -0.1465704 0.03172786 0.004 -0.145727 0.03090814 0.004 -0.146612 0.03181878 0.004 -0.1456349 0.03086924 0.004 -0.1466482 0.03191191 0.004 -0.1455408 0.03083565 0.004 -0.1466791 0.03200697 0.004 -0.1454449 0.03080749 0.004 -0.1467045 0.03210363 0.004 -0.1453475 0.03078485 0.004 -0.1467244 0.03220159 0.004 -0.1452491 0.03076781 0.004 -0.1467386 0.03230051 0.004 -0.1451497 0.03075642 0.004 -0.1467471 0.03240009 0.004 -0.14505 0.03075071 0.004 -0.14675 0.0325 0.004 -0.14495 0.03075071 0.004 -0.1467471 0.03259991 0.004 -0.1448503 0.03075642 0.004 -0.1467386 0.03269949 0.004 -0.1447509 0.03076781 0.004 -0.1467244 0.03279841 0.004 -0.1446525 0.03078485 0.004 -0.1467045 0.03289637 0.004 -0.1445551 0.03080749 0.004 -0.1466791 0.03299303 0.004 -0.1466482 0.03308809 0.004 -0.146612 0.03318122 0.004 -0.1465704 0.03327214 0.004 -0.1465238 0.03336053 0.004 -0.1464722 0.03344612 0.004 -0.1464158 0.03352863 0.004 -0.1842196 0.07749502 0.004 -0.1842893 0.0775667 0.004 -0.1842893 -0.0775667 0.004 -0.1843548 -0.07764223 0.004 -0.184146 0.07742744 0.004 -0.1843548 0.07764223 0.004 -0.1844158 -0.07772137 0.004 -0.1840686 0.07736417 0.004 -0.1844158 0.07772137 0.004 -0.1839878 0.07730543 0.004 -0.1844722 0.07780388 0.004 -0.1839037 0.07725139 0.004 -0.1838167 0.07720224 0.004 -0.183727 0.07715814 0.004 -0.1836349 0.07711924 0.004 -0.1835408 0.07708565 0.004 -0.1834449 0.0770575 0.004 -0.1833475 0.07703486 0.004 -0.1832491 0.07701781 0.004 -0.1831497 0.07700642 0.004 -0.18305 0.07700072 0.004 -0.18295 0.07700072 0.004 -0.1828503 0.07700642 0.004 -0.1827509 0.07701781 0.004 -0.1826525 0.07703486 0.004 -0.1825551 0.0770575 0.004 -0.1824592 0.07708565 0.004 -0.1823651 0.07711924 0.004 -0.182273 0.07715814 0.004 -0.1821833 0.07720224 0.004 -0.1463548 0.03360777 0.004 -0.1820963 0.07725139 0.004 -0.1462893 0.03368331 0.004 -0.1820122 0.07730543 0.004 -0.1462196 0.03375498 0.004 -0.1819314 0.07736417 0.004 -0.146146 0.03382256 0.004 -0.181854 0.07742744 0.004 -0.1460686 0.03388583 0.004 -0.1817804 0.07749502 0.004 -0.1459878 0.03394458 0.004 -0.1817107 0.0775667 0.004 -0.1459037 0.03399861 0.004 -0.1816452 0.07764223 0.004 -0.1458167 0.03404776 0.004 -0.1815842 0.07772137 0.004 -0.145727 0.03409185 0.004 -0.1815278 0.07780388 0.004 -0.1456349 0.03413076 0.004 -0.1814762 0.07788947 0.004 -0.1455408 0.03416435 0.004 -0.1814296 0.07797786 0.004 -0.1454449 0.03419251 0.004 -0.181388 0.07806878 0.004 -0.1453475 0.03421515 0.004 -0.1813518 0.07816191 0.004 -0.1452491 0.03423219 0.004 -0.1813209 0.07825697 0.004 -0.1451497 0.03424358 0.004 -0.1812955 0.07835363 0.004 -0.14505 0.03424929 0.004 -0.1812756 0.07845158 0.004 -0.14495 0.03424929 0.004 -0.1812614 0.07855051 0.004 -0.1448503 0.03424358 0.004 -0.195 0.0925 0.004 -0.1831497 0.08049358 0.004 -0.18305 0.08049928 0.004 -0.1832491 0.08048219 0.004 -0.1833475 0.08046514 0.004 -0.1834449 0.0804425 0.004 -0.1835408 0.08041435 0.004 -0.1836349 0.08038076 0.004 -0.183727 0.08034186 0.004 -0.1838167 0.08029776 0.004 -0.1839037 0.08024861 0.004 -0.1839878 0.08019457 0.004 -0.1840686 0.08013583 0.004 -0.184146 0.08007256 0.004 -0.1842196 0.08000498 0.004 -0.1842893 0.0799333 0.004 -0.1843548 0.07985777 0.004 -0.1844158 0.07977863 0.004 -0.1844722 0.07969612 0.004 -0.1845238 0.07961053 0.004 -0.1845704 0.07952214 0.004 -0.184612 0.07943122 0.004 -0.1846482 0.07933809 0.004 -0.1846791 0.07924303 0.004 -0.1847045 0.07914637 0.004 -0.1847244 0.07904842 0.004 -0.1847386 0.07894949 0.004 -0.1847471 0.07884991 0.004 -0.18475 0.07875 0.004 -0.1847471 0.07865009 0.004 -0.1847386 0.07855051 0.004 -0.1847244 0.07845158 0.004 -0.1847045 0.07835363 0.004 -0.1846791 0.07825697 0.004 -0.1846482 0.07816191 0.004 -0.184612 0.07806878 0.004 -0.1845704 0.07797786 0.004 -0.1845238 0.07788947 0.004 -0.18295 0.08049928 0.004 -0.1949518 0.09446271 0.004 -0.1828503 0.08049358 0.004 -0.1827509 0.08048219 0.004 -0.1302196 0.03124502 0.004 -0.1437804 0.03124502 0.004 -0.143854 0.03117744 0.004 -0.1302893 0.03131669 0.004 -0.1437107 0.03131669 0.004 -0.1436452 0.03139223 0.004 -0.130146 0.03117744 0.004 -0.1303548 0.03139223 0.004 -0.1300686 0.03111417 0.004 -0.1439314 0.03111417 0.004 -0.1304158 0.03147138 0.004 -0.1435842 0.03147138 0.004 -0.1435278 0.03155388 0.004 -0.1299878 0.03105542 0.004 -0.1440122 0.03105542 0.004 -0.1440963 0.03100139 0.004 -0.1304722 0.03155388 0.004 -0.1299037 0.03100139 0.004 -0.1441833 0.03095224 0.004 -0.1305238 0.03163947 0.004 -0.1434762 0.03163947 0.004 -0.1298167 0.03095224 0.004 -0.1305704 0.03172786 0.004 -0.1434296 0.03172786 0.004 -0.129727 0.03090814 0.004 -0.144273 0.03090814 0.004 -0.130612 0.03181878 0.004 -0.143388 0.03181878 0.004 -0.1433518 0.03191191 0.004 -0.1296349 0.03086924 0.004 -0.1443651 0.03086924 0.004 -0.1444592 0.03083565 0.004 -0.1306482 0.03191191 0.004 -0.1433209 0.03200697 0.004 -0.1295408 0.03083565 0.004 -0.1306791 0.03200697 0.004 -0.1294449 0.03080749 0.004 -0.1307045 0.03210363 0.004 -0.1432955 0.03210363 0.004 -0.1432756 0.03220159 0.004 -0.1307244 0.03220159 0.004 -0.1432614 0.03230051 0.004 -0.1307386 0.03230051 0.004 -0.1948074 0.09642068 0.004 -0.1826525 0.08046514 0.004 -0.1307471 0.03240009 0.004 -0.1432529 0.03240009 0.004 -0.14325 0.0325 0.004 -0.13075 0.0325 0.004 -0.1307471 0.03259991 0.004 -0.1432529 0.03259991 0.004 -0.1307386 0.03269949 0.004 -0.1432614 0.03269949 0.004 -0.1432756 0.03279841 0.004 -0.1307244 0.03279841 0.004 -0.1307045 0.03289637 0.004 -0.1432955 0.03289637 0.004 -0.1306791 0.03299303 0.004 -0.1433209 0.03299303 0.004 -0.1306482 0.03308809 0.004 -0.1433518 0.03308809 0.004 -0.130612 0.03318122 0.004 -0.143388 0.03318122 0.004 -0.1305704 0.03327214 0.004 -0.1434296 0.03327214 0.004 -0.1305238 0.03336053 0.004 -0.1434762 0.03336053 0.004 -0.1304722 0.03344612 0.004 -0.1435278 0.03344612 0.004 -0.1304158 0.03352863 0.004 -0.1435842 0.03352863 0.004 -0.1436452 0.03360777 0.004 -0.1303548 0.03360777 0.004 -0.1302893 0.03368331 0.004 -0.1437107 0.03368331 0.004 -0.1302196 0.03375498 0.004 -0.1437804 0.03375498 0.004 -0.143854 0.03382256 0.004 -0.130146 0.03382256 0.004 -0.1945671 0.09836922 0.004 -0.1825551 0.0804425 0.004 -0.1300686 0.03388583 0.004 -0.1439314 0.03388583 0.004 -0.1299878 0.03394458 0.004 -0.1440122 0.03394458 0.004 -0.1299037 0.03399861 0.004 -0.1440963 0.03399861 0.004 -0.1298167 0.03404776 0.004 -0.1441833 0.03404776 0.004 -0.144273 0.03409185 0.004 -0.129727 0.03409185 0.004 -0.1443651 0.03413076 0.004 -0.1296349 0.03413076 0.004 -0.1444592 0.03416435 0.004 -0.1295408 0.03416435 0.004 -0.1445551 0.03419251 0.004 -0.1294449 0.03419251 0.004 -0.1446525 0.03421515 0.004 -0.1293475 0.03421515 0.004 -0.0332893 -0.06103331 0.004 -0.0332893 -0.08286669 0.004 -0.03321964 -0.08279502 0.004 -0.03321964 -0.06110498 0.004 -0.03314601 -0.06117256 0.004 -0.03314601 -0.08272744 0.004 -0.03335475 -0.06095777 0.004 -0.03335475 -0.08294223 0.004 -0.03306863 -0.06123583 0.004 -0.03306863 -0.08266417 0.004 -0.03341578 -0.06087862 0.004 -0.03341578 -0.08302138 0.004 -0.03347219 -0.08310388 0.004 -0.03298777 -0.06129457 0.004 -0.03298777 -0.08260542 0.004 -0.03347219 -0.06079612 0.004 -0.03290369 -0.06134861 0.004 -0.03290369 -0.08255139 0.004 -0.03281667 -0.08250224 0.004 -0.03352381 -0.06071053 0.004 -0.03352381 -0.08318947 0.004 -0.03281667 -0.06139776 0.004 -0.03357045 -0.06062214 0.004 -0.03357045 -0.08327786 0.004 -0.03272697 -0.06144186 0.004 -0.03272697 -0.08245815 0.004 -0.03361197 -0.06053122 0.004 -0.03361197 -0.08336877 0.004 -0.03263491 -0.06148076 0.004 -0.03263491 -0.08241924 0.004 -0.03364823 -0.06043809 0.004 -0.03364823 -0.08346191 0.004 -0.03254078 -0.06151435 0.004 -0.03254078 -0.08238565 0.004 -0.03367911 -0.06034303 0.004 -0.03244488 -0.06154251 0.004 -0.03244488 -0.08235749 0.004 -0.03370452 -0.06024637 0.004 -0.1942314 0.1003036 0.004 -0.1824592 0.08041435 0.004 -0.03234753 -0.06156514 0.004 -0.03234753 -0.08233485 0.004 -0.03224905 -0.08231781 0.004 -0.03372437 -0.06014841 0.004 -0.1125304 -0.101245 0.004 -0.03224905 -0.06158219 0.004 -0.03214976 -0.08230642 0.004 -0.03373859 -0.06004948 0.004 -0.112604 -0.1011774 0.004 -0.03214976 -0.06159358 0.004 -0.03374715 -0.05994991 0.004 -0.1126814 -0.1011142 0.004 -0.03204997 -0.06159929 0.004 -0.03204997 -0.08230071 0.004 -0.03375 -0.05985 0.004 -0.03195003 -0.06159929 0.004 -0.03195003 -0.08230071 0.004 -0.03185024 -0.08230642 0.004 -0.119 0.0255 0.004 -0.1293475 0.03078485 0.004 -0.1292491 0.03076781 0.004 -0.1291497 0.03075642 0.004 -0.12905 0.03075071 0.004 -0.12895 0.03075071 0.004 -0.1288503 0.03075642 0.004 -0.1287509 0.03076781 0.004 -0.1286525 0.03078485 0.004 -0.1285551 0.03080749 0.004 -0.1284592 0.03083565 0.004 -0.1283651 0.03086924 0.004 -0.128273 0.03090814 0.004 -0.1281833 0.03095224 0.004 -0.1280963 0.03100139 0.004 -0.1280122 0.03105542 0.004 -0.1279314 0.03111417 0.004 -0.127854 0.03117744 0.004 -0.1277804 0.03124502 0.004 -0.1277107 0.03131669 0.004 -0.1276452 0.03139223 0.004 -0.1275842 0.03147138 0.004 -0.1275278 0.03155388 0.004 -0.1274762 0.03163947 0.004 -0.1274296 0.03172786 0.004 -0.1272529 0.03259991 0.004 -0.12725 0.0325 0.004 -0.127388 0.03181878 0.004 -0.1272614 0.03269949 0.004 -0.1273518 0.03191191 0.004 -0.1272756 0.03279841 0.004 -0.1273209 0.03200697 0.004 -0.1272955 0.03289637 0.004 -0.1272955 0.03210363 0.004 -0.1273209 0.03299303 0.004 -0.1272756 0.03220159 0.004 -0.1273518 0.03308809 0.004 -0.1272614 0.03230051 0.004 -0.127388 0.03318122 0.004 -0.1272529 0.03240009 0.004 -0.1274296 0.03327214 0.004 -0.1274762 0.03336053 0.004 -0.1275278 0.03344612 0.004 -0.1275842 0.03352863 0.004 -0.1276452 0.03360777 0.004 -0.03374715 -0.0597501 0.004 -0.03185024 -0.06159358 0.004 -0.03373859 -0.05965052 0.004 -0.03175095 -0.06158219 0.004 -0.03175095 -0.08231781 0.004 -0.03165247 -0.08233485 0.004 -0.03372437 -0.05955159 0.004 -0.03165247 -0.06156514 0.004 -0.03155512 -0.08235749 0.004 -0.03370452 -0.05945363 0.004 -0.03155512 -0.06154251 0.004 -0.03367911 -0.05935697 0.004 -0.03145922 -0.06151435 0.004 -0.03145922 -0.08238565 0.004 -0.03136509 -0.08241924 0.004 -0.03364823 -0.05926191 0.004 -0.03136509 -0.06148076 0.004 -0.03361197 -0.05916878 0.004 -0.03127302 -0.06144186 0.004 -0.03127302 -0.08245815 0.004 -0.03357045 -0.05907786 0.004 -0.03118333 -0.06139776 0.004 -0.03118333 -0.08250224 0.004 -0.0310963 -0.08255139 0.004 -0.03352381 -0.05898947 0.004 -0.0310963 -0.06134861 0.004 -0.03347219 -0.05890388 0.004 -0.03101222 -0.06129457 0.004 -0.03101222 -0.08260542 0.004 -0.03341578 -0.05882138 0.004 -0.03093137 -0.06123583 0.004 -0.03093137 -0.08266417 0.004 -0.03335475 -0.05874223 0.004 -0.03085399 -0.06117256 0.004 -0.03085399 -0.08272744 0.004 -0.03078036 -0.08279502 0.004 -0.0332893 -0.05866669 0.004 -0.03078036 -0.06110498 0.004 -0.0307107 -0.08286669 0.004 -0.03321964 -0.05859502 0.004 -0.0307107 -0.06103331 0.004 -0.03314601 -0.05852744 0.004 -0.03064525 -0.06095777 0.004 -0.03064525 -0.08294223 0.004 -0.1938013 0.1022192 0.004 -0.1823651 0.08038076 0.004 -0.03306863 -0.05846417 0.004 -0.03058422 -0.06087862 0.004 -0.03058422 -0.08302138 0.004 -0.03052781 -0.08310388 0.004 -0.03298777 -0.05840543 0.004 -0.03052781 -0.06079612 0.004 -0.03047619 -0.08318947 0.004 -0.03290369 -0.05835139 0.004 -0.03047619 -0.06071053 0.004 -0.03281667 -0.05830224 0.004 -0.03042955 -0.06062214 0.004 -0.03042955 -0.08327786 0.004 -0.03272697 -0.05825814 0.004 -0.03038803 -0.06053122 0.004 -0.03038803 -0.08336877 0.004 -0.03035177 -0.06043809 0.004 -0.03035177 -0.08346191 0.004 -0.1932776 0.1041114 0.004 -0.182273 0.08034186 0.004 -0.1926618 0.1059756 0.004 -0.1821833 0.08029776 0.004 -0.1919552 0.1078073 0.004 -0.1911596 0.1096022 0.004 -0.1820963 0.08024861 0.004 -0.1902769 0.1113559 0.004 -0.1820122 0.08019457 0.004 -0.1893091 0.1130641 0.004 -0.1882588 0.1147228 0.004 -0.1819314 0.08013583 0.004 -0.1871283 0.116328 0.004 0.0492107 -0.1196833 0.004 0.04928036 -0.119755 0.004 0.04935399 -0.1198226 0.004 0.04914525 -0.1196078 0.004 0.04943137 -0.1198858 0.004 0.04908422 -0.1195286 0.004 0.04951223 -0.1199446 0.004 0.04902781 -0.1194461 0.004 0.04959631 -0.1199986 0.004 0.04897619 -0.1193605 0.004 0.04968333 -0.1200478 0.004 0.04892955 -0.1192721 0.004 0.04977303 -0.1200919 0.004 0.04888803 -0.1191812 0.004 0.04986509 -0.1201308 0.004 0.04885177 -0.1190881 0.004 0.04995922 -0.1201644 0.004 0.04882089 -0.118993 0.004 0.05005512 -0.1201925 0.004 0.04879548 -0.1188964 0.004 0.05015247 -0.1202151 0.004 0.04877563 -0.1187984 0.004 0.05025095 -0.1202322 0.004 0.04876141 -0.1186995 0.004 0.05035024 -0.1202436 0.004 0.04875285 -0.1185999 0.004 0.05045003 -0.1202493 0.004 0.04875 -0.1185 0.004 0.05054997 -0.1202493 0.004 0.04875285 -0.1184001 0.004 0.05064976 -0.1202436 0.004 0.05074905 -0.1202322 0.004 0.05084753 -0.1202151 0.004 0.05094488 -0.1201925 0.004 0.05104078 -0.1201644 0.004 0.05113491 -0.1201308 0.004 0.05122697 -0.1200919 0.004 0.05131667 -0.1200478 0.004 0.05140369 -0.1199986 0.004 0.05148777 -0.1199446 0.004 0.05156863 -0.1198858 0.004 -0.1859204 0.1178757 0.004 -0.184638 0.1193624 0.004 -0.181854 0.08007256 0.004 0.04882089 -0.118007 0.004 0.04885177 -0.1179119 0.004 0.04879548 -0.1181036 0.004 0.04877563 -0.1182016 0.004 0.04876141 -0.1183005 0.004 -0.1832843 0.1207843 0.004 0.0492107 -0.1106833 0.004 0.0492107 -0.1173167 0.004 0.04928036 -0.117245 0.004 0.04928036 -0.110755 0.004 0.04935399 -0.1108226 0.004 0.04935399 -0.1171774 0.004 0.04914525 -0.1106078 0.004 0.04914525 -0.1173922 0.004 0.04943137 -0.1108858 0.004 0.04943137 -0.1171142 0.004 0.04908422 -0.1105286 0.004 0.04908422 -0.1174714 0.004 0.04951223 -0.1109446 0.004 0.04951223 -0.1170554 0.004 0.04902781 -0.1104461 0.004 0.04902781 -0.1175539 0.004 0.04959631 -0.1109986 0.004 0.04959631 -0.1170014 0.004 0.04897619 -0.1103605 0.004 0.04897619 -0.1176395 0.004 0.04968333 -0.1110478 0.004 0.04968333 -0.1169522 0.004 0.04977303 -0.1169081 0.004 0.04892955 -0.1102721 0.004 0.04892955 -0.1177279 0.004 0.04888803 -0.1178188 0.004 0.04977303 -0.1110919 0.004 0.04888803 -0.1101812 0.004 0.04986509 -0.1111308 0.004 0.04986509 -0.1168692 0.004 0.04995922 -0.1168356 0.004 0.04885177 -0.1100881 0.004 0.04995922 -0.1111644 0.004 0.04882089 -0.109993 0.004 0.05005512 -0.1111925 0.004 0.05005512 -0.1168075 0.004 0.04879548 -0.1098964 0.004 0.05015247 -0.1112151 0.004 0.05015247 -0.1167849 0.004 0.04877563 -0.1097984 0.004 0.05025095 -0.1112322 0.004 0.05025095 -0.1167678 0.004 0.05035024 -0.1167564 0.004 0.04876141 -0.1096995 0.004 0.05035024 -0.1112436 0.004 0.04875285 -0.1095999 0.004 0.05045003 -0.1112493 0.004 0.05045003 -0.1167507 0.004 0.04875 -0.1095 0.004 0.05054997 -0.1112493 0.004 0.05054997 -0.1167507 0.004 0.05064976 -0.1167564 0.004 0.04875285 -0.1094001 0.004 0.05064976 -0.1112436 0.004 0.04876141 -0.1093005 0.004 0.05074905 -0.1112322 0.004 0.05074905 -0.1167678 0.004 0.05084753 -0.1167849 0.004 0.04877563 -0.1092016 0.004 0.05084753 -0.1112151 0.004 0.04879548 -0.1091036 0.004 0.05094488 -0.1111925 0.004 0.05094488 -0.1168075 0.004 0.04882089 -0.109007 0.004 0.05104078 -0.1111644 0.004 0.05104078 -0.1168356 0.004 0.04885177 -0.1089119 0.004 0.05113491 -0.1111308 0.004 0.05113491 -0.1168692 0.004 0.04888803 -0.1088188 0.004 0.05122697 -0.1110919 0.004 0.05122697 -0.1169081 0.004 0.04892955 -0.1087279 0.004 0.05131667 -0.1110478 0.004 0.05131667 -0.1169522 0.004 0.05140369 -0.1170014 0.004 -0.1818624 0.122138 0.004 -0.1817804 0.08000498 0.004 0.04897619 -0.1086395 0.004 0.05140369 -0.1109986 0.004 0.05148777 -0.1170554 0.004 0.04902781 -0.1085539 0.004 0.05148777 -0.1109446 0.004 0.04908422 -0.1084714 0.004 0.05156863 -0.1108858 0.004 0.05156863 -0.1171142 0.004 0.04914525 -0.1083922 0.004 0.05164601 -0.1108226 0.004 0.05164601 -0.1171774 0.004 0.0492107 -0.1083167 0.004 0.05171964 -0.110755 0.004 0.05171964 -0.117245 0.004 0.0517893 -0.1173167 0.004 0.04928036 -0.108245 0.004 0.0517893 -0.1106833 0.004 0.05185475 -0.1173922 0.004 0.04935399 -0.1081774 0.004 0.05185475 -0.1106078 0.004 0.04943137 -0.1081142 0.004 0.05191578 -0.1105286 0.004 0.05191578 -0.1174714 0.004 0.04951223 -0.1080554 0.004 0.05197219 -0.1104461 0.004 0.05197219 -0.1175539 0.004 0.04959631 -0.1080014 0.004 0.05202381 -0.1103605 0.004 0.05202381 -0.1176395 0.004 0.05207045 -0.1177279 0.004 0.04968333 -0.1079522 0.004 0.05207045 -0.1102721 0.004 0.05211197 -0.1178188 0.004 0.04977303 -0.1079081 0.004 0.05211197 -0.1101812 0.004 0.04986509 -0.1078692 0.004 0.05214823 -0.1100881 0.004 0.05214823 -0.1179119 0.004 0.04995922 -0.1078356 0.004 0.05217911 -0.109993 0.004 0.05217911 -0.118007 0.004 0.05220452 -0.1181036 0.004 0.05005512 -0.1078075 0.004 0.05220452 -0.1098964 0.004 0.05222437 -0.1182016 0.004 0.05015247 -0.1077849 0.004 0.05222437 -0.1097984 0.004 0.05223859 -0.1183005 0.004 0.05025095 -0.1077678 0.004 0.05223859 -0.1096995 0.004 0.05035024 -0.1077564 0.004 0.05045003 -0.1077507 0.004 0.05054997 -0.1077507 0.004 0.05064976 -0.1077564 0.004 0.05074905 -0.1077678 0.004 -0.1803757 0.1234204 0.004 0.0307107 -0.08523331 0.004 0.03078036 -0.08530498 0.004 0.03085399 -0.08537256 0.004 0.03064525 -0.08515777 0.004 -0.03064525 -0.08515777 0.004 -0.03058422 -0.08507862 0.004 0.03093137 -0.08543583 0.004 0.03058422 -0.08507862 0.004 0.03101222 -0.08549458 0.004 0.03052781 -0.08499612 0.004 -0.03052781 -0.08499612 0.004 -0.03047619 -0.08491053 0.004 0.0310963 -0.08554861 0.004 0.03047619 -0.08491053 0.004 0.03118333 -0.08559776 0.004 0.03042955 -0.08482214 0.004 -0.03042955 -0.08482214 0.004 0.03127302 -0.08564185 0.004 0.03038803 -0.08473122 0.004 -0.03038803 -0.08473122 0.004 0.03136509 -0.08568076 0.004 0.03035177 -0.08463808 0.004 -0.03035177 -0.08463808 0.004 0.03145922 -0.08571435 0.004 0.03032089 -0.08454303 0.004 -0.03032089 -0.08454303 0.004 -0.03029548 -0.08444637 0.004 -0.178828 0.1246283 0.004 0.03155512 -0.08574251 0.004 0.03029548 -0.08444637 0.004 -0.03027563 -0.08434841 0.004 0.03165247 -0.08576514 0.004 0.03027563 -0.08434841 0.004 0.03175095 -0.08578219 0.004 0.03026141 -0.08424948 0.004 -0.03026141 -0.08424948 0.004 -0.03025285 -0.0841499 0.004 0.03185024 -0.08579358 0.004 0.03025285 -0.0841499 0.004 0.03195003 -0.08579929 0.004 0.03025 -0.08405 0.004 -0.03025 -0.08405 0.004 0.03204997 -0.08579929 0.004 0.03025285 -0.0839501 0.004 -0.03025285 -0.0839501 0.004 -0.03026141 -0.08385052 0.004 0.03214976 -0.08579358 0.004 0.03026141 -0.08385052 0.004 0.03224905 -0.08578219 0.004 0.03027563 -0.08375159 0.004 -0.03027563 -0.08375159 0.004 -0.03029548 -0.08365363 0.004 0.03234753 -0.08576514 0.004 0.03029548 -0.08365363 0.004 0.03244488 -0.08574251 0.004 0.03032089 -0.08355697 0.004 -0.03032089 -0.08355697 0.004 0.03254078 -0.08571435 0.004 0.03035177 -0.08346191 0.004 0.03263491 -0.08568076 0.004 0.03272697 -0.08564185 0.004 0.03281667 -0.08559776 0.004 0.03290369 -0.08554861 0.004 0.03298777 -0.08549458 0.004 0.03306863 -0.08543583 0.004 0.03314601 -0.08537256 0.004 0.03321964 -0.08530498 0.004 0.0332893 -0.08523331 0.004 0.03335475 -0.08515777 0.004 0.03341578 -0.08507862 0.004 0.03347219 -0.08499612 0.004 -0.1772228 0.1257588 0.004 0.03352381 -0.08491053 0.004 0.03357045 -0.08482214 0.004 0.03361197 -0.08473122 0.004 0.03364823 -0.08463808 0.004 0.03367911 -0.08454303 0.004 0.03370452 -0.08444637 0.004 0.03372437 -0.08434841 0.004 0.03373859 -0.08424948 0.004 0.05084753 -0.1077849 0.004 0.03374715 -0.0841499 0.004 0.05094488 -0.1078075 0.004 0.03375 -0.08405 0.004 0.05104078 -0.1078356 0.004 0.03374715 -0.0839501 0.004 0.05113491 -0.1078692 0.004 0.03373859 -0.08385052 0.004 0.05122697 -0.1079081 0.004 0.03372437 -0.08375159 0.004 0.05131667 -0.1079522 0.004 0.03370452 -0.08365363 0.004 0.05140369 -0.1080014 0.004 0.03367911 -0.08355697 0.004 0.05148777 -0.1080554 0.004 -0.1755641 0.1268091 0.004 -0.1817107 0.0799333 0.004 -0.1738559 0.1277768 0.004 -0.1721022 0.1286596 0.004 -0.1703073 0.1294552 0.004 -0.1684756 0.1301618 0.004 -0.1816452 0.07985777 0.004 -0.1666114 0.1307776 0.004 -0.1647192 0.1313013 0.004 -0.1628036 0.1317314 0.004 0.0307107 -0.06103331 0.004 0.0307107 -0.08286669 0.004 0.03078036 -0.08279502 0.004 0.03078036 -0.06110498 0.004 0.03085399 -0.06117256 0.004 0.03085399 -0.08272744 0.004 0.03064525 -0.06095777 0.004 0.03064525 -0.08294223 0.004 0.03093137 -0.06123583 0.004 0.03093137 -0.08266417 0.004 0.03058422 -0.06087862 0.004 0.03058422 -0.08302138 0.004 0.03101222 -0.06129457 0.004 0.03101222 -0.08260542 0.004 0.03052781 -0.06079612 0.004 0.03052781 -0.08310388 0.004 0.0310963 -0.06134861 0.004 0.0310963 -0.08255139 0.004 0.03118333 -0.08250224 0.004 0.03047619 -0.06071053 0.004 0.03047619 -0.08318947 0.004 0.03118333 -0.06139776 0.004 0.03127302 -0.08245815 0.004 0.03042955 -0.06062214 0.004 0.03042955 -0.08327786 0.004 0.03127302 -0.06144186 0.004 0.03038803 -0.06053122 0.004 0.03038803 -0.08336877 0.004 0.03136509 -0.06148076 0.004 0.03136509 -0.08241924 0.004 0.03145922 -0.08238565 0.004 0.03035177 -0.06043809 0.004 0.03145922 -0.06151435 0.004 0.03155512 -0.08235749 0.004 0.03032089 -0.06034303 0.004 -0.03032089 -0.06034303 0.004 -0.03029548 -0.06024637 0.004 0.03155512 -0.06154251 0.004 0.03029548 -0.06024637 0.004 0.03165247 -0.06156514 0.004 0.03165247 -0.08233485 0.004 0.03027563 -0.06014841 0.004 -0.03027563 -0.06014841 0.004 0.03175095 -0.06158219 0.004 0.03175095 -0.08231781 0.004 0.03026141 -0.06004948 0.004 -0.03026141 -0.06004948 0.004 -0.03025285 -0.05994991 0.004 0.03185024 -0.06159358 0.004 0.03185024 -0.08230642 0.004 0.03025285 -0.05994991 0.004 0.03195003 -0.06159929 0.004 0.03195003 -0.08230071 0.004 0.03025 -0.05985 0.004 -0.03025285 -0.0597501 0.004 -0.03025 -0.05985 0.004 0.03204997 -0.06159929 0.004 0.03204997 -0.08230071 0.004 0.03025285 -0.0597501 0.004 0.03214976 -0.06159358 0.004 0.03214976 -0.08230642 0.004 0.03026141 -0.05965052 0.004 -0.03026141 -0.05965052 0.004 0.03224905 -0.06158219 0.004 0.03224905 -0.08231781 0.004 0.03027563 -0.05955159 0.004 -0.03027563 -0.05955159 0.004 0.03234753 -0.06156514 0.004 0.03234753 -0.08233485 0.004 0.03029548 -0.05945363 0.004 -0.03029548 -0.05945363 0.004 -0.03032089 -0.05935697 0.004 0.03244488 -0.06154251 0.004 0.03244488 -0.08235749 0.004 0.03032089 -0.05935697 0.004 0.03254078 -0.06151435 0.004 0.03254078 -0.08238565 0.004 0.03263491 -0.08241924 0.004 0.03035177 -0.05926191 0.004 -0.03035177 -0.05926191 0.004 0.03263491 -0.06148076 0.004 -0.1608692 0.1320671 0.004 0.03038803 -0.05916878 0.004 -0.03038803 -0.05916878 0.004 -0.03042955 -0.05907786 0.004 0.03272697 -0.06144186 0.004 0.03272697 -0.08245815 0.004 0.03042955 -0.05907786 0.004 0.03281667 -0.06139776 0.004 0.03281667 -0.08250224 0.004 0.03290369 -0.08255139 0.004 0.03047619 -0.05898947 0.004 -0.03047619 -0.05898947 0.004 0.03290369 -0.06134861 0.004 0.03052781 -0.05890388 0.004 -0.03052781 -0.05890388 0.004 -0.03058422 -0.05882138 0.004 0.03298777 -0.06129457 0.004 0.03298777 -0.08260542 0.004 0.03306863 -0.08266417 0.004 0.03058422 -0.05882138 0.004 0.03306863 -0.06123583 0.004 0.03064525 -0.05874223 0.004 -0.03064525 -0.05874223 0.004 0.03314601 -0.06117256 0.004 0.03314601 -0.08272744 0.004 0.0307107 -0.05866669 0.004 -0.0307107 -0.05866669 0.004 -0.03078036 -0.05859502 0.004 0.03321964 -0.06110498 0.004 0.03321964 -0.08279502 0.004 0.03078036 -0.05859502 0.004 0.0332893 -0.06103331 0.004 0.0332893 -0.08286669 0.004 0.03335475 -0.08294223 0.004 0.03085399 -0.05852744 0.004 -0.03085399 -0.05852744 0.004 -0.03093137 -0.05846417 0.004 0.03335475 -0.06095777 0.004 0.03093137 -0.05846417 0.004 0.03341578 -0.06087862 0.004 0.03341578 -0.08302138 0.004 0.03347219 -0.08310388 0.004 0.03101222 -0.05840543 0.004 -0.03101222 -0.05840543 0.004 0.03347219 -0.06079612 0.004 0.0310963 -0.05835139 0.004 -0.0310963 -0.05835139 0.004 0.03352381 -0.06071053 0.004 0.03352381 -0.08318947 0.004 0.03118333 -0.05830224 0.004 -0.03118333 -0.05830224 0.004 0.03357045 -0.06062214 0.004 0.03357045 -0.08327786 0.004 0.03361197 -0.06053122 0.004 0.03361197 -0.08336877 0.004 0.03364823 -0.08346191 0.004 0.03364823 -0.06043809 0.004 0.03367911 -0.06034303 0.004 -0.1589207 0.1323074 0.004 -0.1815842 0.07977863 0.004 0.03370452 -0.06024637 0.004 -0.1569627 0.1324518 0.004 -0.155 0.1325 0.004 -0.1815278 0.07969612 0.004 -0.1814762 0.07961053 0.004 -0.1149696 0.101245 0.004 -0.1150393 0.1013167 0.004 -0.1812529 0.07865009 0.004 -0.114896 0.1011774 0.004 -0.1447509 0.03423219 0.004 -0.1151048 0.1013922 0.004 -0.18125 0.07875 0.004 -0.1148186 0.1011142 0.004 -0.1151658 0.1014714 0.004 -0.1812529 0.07884991 0.004 -0.1147378 0.1010554 0.004 -0.1292491 0.03423219 0.004 -0.1152222 0.1015539 0.004 -0.1812614 0.07894949 0.004 -0.1146537 0.1010014 0.004 -0.1291497 0.03424358 0.004 -0.1152738 0.1016395 0.004 -0.1812756 0.07904842 0.004 -0.1145667 0.1009522 0.004 -0.12905 0.03424929 0.004 -0.1153204 0.1017279 0.004 -0.1812955 0.07914637 0.004 -0.114477 0.1009081 0.004 -0.12895 0.03424929 0.004 -0.115362 0.1018188 0.004 -0.1813209 0.07924303 0.004 -0.1143849 0.1008692 0.004 -0.1288503 0.03424358 0.004 -0.1153982 0.1019119 0.004 -0.1813518 0.07933809 0.004 -0.1142908 0.1008356 0.004 -0.1287509 0.03423219 0.004 -0.1154291 0.102007 0.004 -0.181388 0.07943122 0.004 -0.1141949 0.1008075 0.004 -0.1286525 0.03421515 0.004 -0.1154545 0.1021036 0.004 -0.1814296 0.07952214 0.004 -0.1140975 0.1007849 0.004 -0.1285551 0.03419251 0.004 -0.1154744 0.1022016 0.004 -0.1139991 0.1007678 0.004 -0.1284592 0.03416435 0.004 -0.1154886 0.1023005 0.004 -0.1138998 0.1007564 0.004 -0.1283651 0.03413076 0.004 -0.1154971 0.1024001 0.004 -0.1138 0.1007507 0.004 -0.128273 0.03409185 0.004 -0.1155 0.1025 0.004 -0.1137 0.1007507 0.004 -0.1281833 0.03404776 0.004 -0.1154971 0.1025999 0.004 -0.1136002 0.1007564 0.004 -0.1280963 0.03399861 0.004 -0.1154886 0.1026995 0.004 -0.1135009 0.1007678 0.004 -0.1280122 0.03394458 0.004 -0.1154744 0.1027984 0.004 -0.1134025 0.1007849 0.004 -0.1279314 0.03388583 0.004 -0.1154545 0.1028964 0.004 -0.1133051 0.1008075 0.004 -0.127854 0.03382256 0.004 -0.1154291 0.102993 0.004 -0.1132092 0.1008356 0.004 -0.1277804 0.03375498 0.004 -0.1153982 0.1030881 0.004 -0.1131151 0.1008692 0.004 -0.1277107 0.03368331 0.004 -0.113023 0.1009081 0.004 -0.1129333 0.1009522 0.004 -0.1128463 0.1010014 0.004 -0.1127622 0.1010554 0.004 0.1125304 -0.121755 0.004 0.05164601 -0.1198226 0.004 0.1124607 -0.1216833 0.004 0.05171964 -0.119755 0.004 0.112604 -0.1218226 0.004 0.1123952 -0.1216078 0.004 0.0517893 -0.1196833 0.004 0.1126814 -0.1218858 0.004 0.1123342 -0.1215286 0.004 0.05185475 -0.1196078 0.004 0.1127622 -0.1219446 0.004 0.1122778 -0.1214461 0.004 0.05191578 -0.1195286 0.004 0.1128463 -0.1219986 0.004 0.1122262 -0.1213605 0.004 0.05197219 -0.1194461 0.004 0.1129333 -0.1220478 0.004 0.1121796 -0.1212721 0.004 0.05202381 -0.1193605 0.004 0.113023 -0.1220919 0.004 0.112138 -0.1211812 0.004 0.05207045 -0.1192721 0.004 0.1131151 -0.1221308 0.004 0.1121018 -0.1210881 0.004 0.05211197 -0.1191812 0.004 0.1132092 -0.1221644 0.004 0.1120709 -0.120993 0.004 0.05214823 -0.1190881 0.004 0.1133051 -0.1221925 0.004 0.1120455 -0.1208964 0.004 0.05217911 -0.118993 0.004 0.1134025 -0.1222151 0.004 0.1120256 -0.1207984 0.004 0.05220452 -0.1188964 0.004 0.1135009 -0.1222322 0.004 0.1120114 -0.1206995 0.004 0.05222437 -0.1187984 0.004 0.1136002 -0.1222436 0.004 0.1120029 -0.1205999 0.004 0.05223859 -0.1186995 0.004 0.112 -0.1205 0.004 0.05224715 -0.1185999 0.004 0.1120029 -0.1204001 0.004 0.05225 -0.1185 0.004 0.1120114 -0.1203005 0.004 0.05224715 -0.1184001 0.004 0.1120256 -0.1202016 0.004 0.1120455 -0.1201036 0.004 0.1120709 -0.120007 0.004 0.05224715 -0.1095999 0.004 -0.1149696 0.119245 0.004 -0.1149696 0.103755 0.004 -0.114896 0.1038226 0.004 -0.1150393 0.1036833 0.004 -0.1150393 0.1193167 0.004 -0.114896 0.1191774 0.004 -0.1151048 0.1193922 0.004 -0.1151048 0.1036078 0.004 -0.1148186 0.1191142 0.004 -0.1148186 0.1038858 0.004 -0.1151658 0.1194714 0.004 -0.1151658 0.1035286 0.004 -0.1152222 0.1034461 0.004 -0.1147378 0.1190554 0.004 -0.1147378 0.1039446 0.004 -0.1152222 0.1195539 0.004 -0.1146537 0.1190014 0.004 -0.1146537 0.1039986 0.004 -0.1152738 0.1196395 0.004 -0.1152738 0.1033605 0.004 -0.1145667 0.1189522 0.004 -0.1145667 0.1040478 0.004 -0.1153204 0.1197279 0.004 -0.1153204 0.1032721 0.004 -0.114477 0.1189081 0.004 -0.114477 0.1040919 0.004 -0.115362 0.1198188 0.004 -0.115362 0.1031812 0.004 -0.1143849 0.1188692 0.004 -0.1143849 0.1041308 0.004 -0.1153982 0.1199119 0.004 -0.1142908 0.1188356 0.004 -0.1142908 0.1041644 0.004 -0.1154291 0.120007 0.004 -0.1141949 0.1188075 0.004 -0.1141949 0.1041925 0.004 -0.1140975 0.1042151 0.004 -0.1154545 0.1201036 0.004 -0.1140975 0.1187849 0.004 -0.1154744 0.1202016 0.004 -0.1139991 0.1187678 0.004 -0.1139991 0.1042322 0.004 -0.1154886 0.1203005 0.004 -0.1138998 0.1187564 0.004 -0.1138998 0.1042436 0.004 -0.1154971 0.1204001 0.004 -0.1138 0.1187507 0.004 -0.1138 0.1042493 0.004 -0.1155 0.1205 0.004 -0.1137 0.1187507 0.004 -0.1137 0.1042493 0.004 -0.1136002 0.1042436 0.004 -0.1154971 0.1205999 0.004 -0.1136002 0.1187564 0.004 -0.1154886 0.1206995 0.004 -0.1135009 0.1187678 0.004 -0.1135009 0.1042322 0.004 -0.1134025 0.1042151 0.004 -0.1154744 0.1207984 0.004 -0.1134025 0.1187849 0.004 -0.1154545 0.1208964 0.004 -0.1133051 0.1188075 0.004 -0.1133051 0.1041925 0.004 -0.1132092 0.1041644 0.004 -0.1154291 0.120993 0.004 -0.1132092 0.1188356 0.004 -0.1153982 0.1210881 0.004 -0.1131151 0.1188692 0.004 -0.1131151 0.1041308 0.004 -0.115362 0.1211812 0.004 -0.113023 0.1189081 0.004 -0.113023 0.1040919 0.004 -0.1153204 0.1212721 0.004 -0.1129333 0.1189522 0.004 -0.1129333 0.1040478 0.004 -0.1152738 0.1213605 0.004 -0.1128463 0.1190014 0.004 -0.1128463 0.1039986 0.004 -0.1127622 0.1039446 0.004 -0.1152222 0.1214461 0.004 -0.1127622 0.1190554 0.004 -0.1151658 0.1215286 0.004 -0.1126814 0.1191142 0.004 -0.1126814 0.1038858 0.004 -0.112604 0.1038226 0.004 -0.1151048 0.1216078 0.004 -0.112604 0.1191774 0.004 -0.1150393 0.1216833 0.004 -0.1125304 0.119245 0.004 -0.1125304 0.103755 0.004 -0.1149696 0.121755 0.004 -0.1124607 0.1193167 0.004 -0.1124607 0.1036833 0.004 -0.1123952 0.1036078 0.004 -0.114896 0.1218226 0.004 -0.1123952 0.1193922 0.004 -0.1148186 0.1218858 0.004 -0.1123342 0.1194714 0.004 -0.1123342 0.1035286 0.004 -0.1122778 0.1034461 0.004 -0.1147378 0.1219446 0.004 -0.1122778 0.1195539 0.004 -0.1146537 0.1219986 0.004 -0.1122262 0.1196395 0.004 -0.1122262 0.1033605 0.004 -0.1145667 0.1220478 0.004 -0.1121796 0.1197279 0.004 -0.1121796 0.1032721 0.004 -0.114477 0.1220919 0.004 -0.112138 0.1198188 0.004 -0.112138 0.1031812 0.004 -0.1121018 0.1030881 0.004 -0.1143849 0.1221308 0.004 -0.1121018 0.1199119 0.004 -0.1120709 0.102993 0.004 -0.1142908 0.1221644 0.004 -0.1120709 0.120007 0.004 -0.1141949 0.1221925 0.004 -0.1140975 0.1222151 0.004 -0.1139991 0.1222322 0.004 -0.1138998 0.1222436 0.004 -0.1138 0.1222493 0.004 -0.1137 0.1222493 0.004 -0.1136002 0.1222436 0.004 0.1124607 -0.1036833 0.004 0.1125304 -0.119245 0.004 0.1125304 -0.103755 0.004 0.1124607 -0.1193167 0.004 0.112604 -0.1038226 0.004 0.112604 -0.1191774 0.004 0.1126814 -0.1191142 0.004 0.1123952 -0.1036078 0.004 0.1123952 -0.1193922 0.004 0.1123342 -0.1194714 0.004 0.1126814 -0.1038858 0.004 0.1123342 -0.1035286 0.004 0.1127622 -0.1039446 0.004 0.1127622 -0.1190554 0.004 0.1122778 -0.1034461 0.004 0.1122778 -0.1195539 0.004 0.1128463 -0.1039986 0.004 0.1128463 -0.1190014 0.004 0.1122262 -0.1033605 0.004 0.1122262 -0.1196395 0.004 0.1129333 -0.1040478 0.004 0.1129333 -0.1189522 0.004 0.1121796 -0.1032721 0.004 0.1121796 -0.1197279 0.004 0.113023 -0.1040919 0.004 0.113023 -0.1189081 0.004 0.1131151 -0.1188692 0.004 0.112138 -0.1031812 0.004 0.112138 -0.1198188 0.004 0.1131151 -0.1041308 0.004 0.1132092 -0.1188356 0.004 0.1121018 -0.1030881 0.004 0.1121018 -0.1199119 0.004 0.1132092 -0.1041644 0.004 0.1120709 -0.102993 0.004 0.1133051 -0.1041925 0.004 0.1133051 -0.1188075 0.004 0.1120455 -0.1028964 0.004 0.05225 -0.1095 0.004 0.1134025 -0.1042151 0.004 0.1134025 -0.1187849 0.004 0.1120256 -0.1027984 0.004 0.05224715 -0.1094001 0.004 0.1135009 -0.1042322 0.004 0.1135009 -0.1187678 0.004 0.1136002 -0.1187564 0.004 0.1120114 -0.1026995 0.004 0.05223859 -0.1093005 0.004 0.1136002 -0.1042436 0.004 0.1120029 -0.1025999 0.004 0.05222437 -0.1092016 0.004 0.1137 -0.1042493 0.004 0.1137 -0.1187507 0.004 0.1138 -0.1187507 0.004 0.112 -0.1025 0.004 0.05220452 -0.1091036 0.004 0.1138 -0.1042493 0.004 0.1138998 -0.1187564 0.004 0.1120029 -0.1024001 0.004 0.05217911 -0.109007 0.004 0.1138998 -0.1042436 0.004 0.1120114 -0.1023005 0.004 0.05214823 -0.1089119 0.004 0.1139991 -0.1042322 0.004 0.1139991 -0.1187678 0.004 0.1120256 -0.1022016 0.004 0.05211197 -0.1088188 0.004 0.1140975 -0.1042151 0.004 0.1140975 -0.1187849 0.004 0.1141949 -0.1188075 0.004 0.1120455 -0.1021036 0.004 0.05207045 -0.1087279 0.004 0.1141949 -0.1041925 0.004 0.1142908 -0.1188356 0.004 0.1120709 -0.102007 0.004 0.05202381 -0.1086395 0.004 0.1142908 -0.1041644 0.004 0.1121018 -0.1019119 0.004 0.05197219 -0.1085539 0.004 0.1143849 -0.1041308 0.004 0.1143849 -0.1188692 0.004 0.112138 -0.1018188 0.004 0.05191578 -0.1084714 0.004 0.114477 -0.1040919 0.004 0.114477 -0.1189081 0.004 0.1121796 -0.1017279 0.004 0.05185475 -0.1083922 0.004 0.1145667 -0.1040478 0.004 0.1145667 -0.1189522 0.004 0.1146537 -0.1190014 0.004 0.1122262 -0.1016395 0.004 0.0517893 -0.1083167 0.004 0.1146537 -0.1039986 0.004 0.1147378 -0.1190554 0.004 0.1122778 -0.1015539 0.004 0.05171964 -0.108245 0.004 0.1147378 -0.1039446 0.004 0.1148186 -0.1191142 0.004 0.1123342 -0.1014714 0.004 0.05164601 -0.1081774 0.004 0.1148186 -0.1038858 0.004 0.1123952 -0.1013922 0.004 0.05156863 -0.1081142 0.004 0.114896 -0.1038226 0.004 0.114896 -0.1191774 0.004 0.1124607 -0.1013167 0.004 0.03372437 -0.06014841 0.004 0.1149696 -0.103755 0.004 0.1149696 -0.119245 0.004 0.1150393 -0.1193167 0.004 0.1125304 -0.101245 0.004 0.03373859 -0.06004948 0.004 0.1150393 -0.1036833 0.004 0.1151048 -0.1193922 0.004 0.112604 -0.1011774 0.004 0.03374715 -0.05994991 0.004 0.1151048 -0.1036078 0.004 0.1126814 -0.1011142 0.004 0.03375 -0.05985 0.004 0.1151658 -0.1035286 0.004 0.1151658 -0.1194714 0.004 0.1127622 -0.1010554 0.004 0.1152222 -0.1034461 0.004 0.1152222 -0.1195539 0.004 0.1152738 -0.1033605 0.004 0.1152738 -0.1196395 0.004 0.1153204 -0.1197279 0.004 0.1153204 -0.1032721 0.004 0.115362 -0.1031812 0.004 0.115362 -0.1198188 0.004 0.1153982 -0.1199119 0.004 0.1153982 -0.1030881 0.004 0.1137 -0.1222493 0.004 0.1138 -0.1222493 0.004 0.1138998 -0.1222436 0.004 0.1139991 -0.1222322 0.004 0.1140975 -0.1222151 0.004 0.1141949 -0.1221925 0.004 0.1142908 -0.1221644 0.004 0.1143849 -0.1221308 0.004 0.114477 -0.1220919 0.004 0.1145667 -0.1220478 0.004 0.1146537 -0.1219986 0.004 0.1147378 -0.1219446 0.004 0.1148186 -0.1218858 0.004 0.114896 -0.1218226 0.004 0.1149696 -0.121755 0.004 0.1150393 -0.1216833 0.004 0.1151048 -0.1216078 0.004 0.1151658 -0.1215286 0.004 0.1152222 -0.1214461 0.004 0.1152738 -0.1213605 0.004 0.1153204 -0.1212721 0.004 0.1154971 -0.1204001 0.004 0.1155 -0.1205 0.004 0.115362 -0.1211812 0.004 0.1154886 -0.1203005 0.004 0.1153982 -0.1210881 0.004 0.1154744 -0.1202016 0.004 0.1154291 -0.120993 0.004 0.1154545 -0.1201036 0.004 0.1154545 -0.1208964 0.004 0.1154291 -0.120007 0.004 0.1154744 -0.1207984 0.004 0.1154886 -0.1206995 0.004 0.1154971 -0.1205999 0.004 0.1154971 -0.1024001 0.004 0.1155 -0.1025 0.004 0.1154886 -0.1023005 0.004 0.1154291 -0.102993 0.004 0.1154545 -0.1028964 0.004 0.1154744 -0.1027984 0.004 0.1154886 -0.1026995 0.004 0.1154971 -0.1025999 0.004 -0.0332893 0.05866669 0.004 -0.03321964 0.05859502 0.004 -0.03314601 0.05852744 0.004 -0.03335475 0.05874223 0.004 -0.03306863 0.05846417 0.004 -0.03341578 0.05882138 0.004 -0.03298777 0.05840543 0.004 -0.03347219 0.05890388 0.004 -0.03290369 0.05835139 0.004 -0.03352381 0.05898947 0.004 -0.03281667 0.05830224 0.004 -0.03357045 0.05907786 0.004 -0.03272697 0.05825814 0.004 -0.03263491 -0.05821924 0.004 -0.03361197 0.05916878 0.004 -0.03263491 0.05821924 0.004 -0.03254078 -0.05818565 0.004 -0.03364823 0.05926191 0.004 -0.03254078 0.05818565 0.004 -0.03367911 0.05935697 0.004 -0.03244488 0.05815749 0.004 -0.03244488 -0.05815749 0.004 -0.03234753 -0.05813486 0.004 -0.03370452 0.05945363 0.004 -0.03234753 0.05813486 0.004 -0.03224905 -0.05811781 0.004 -0.03372437 0.05955159 0.004 -0.03224905 0.05811781 0.004 -0.03214976 -0.05810642 0.004 -0.03373859 0.05965052 0.004 -0.03214976 0.05810642 0.004 -0.03204997 -0.05810071 0.004 -0.03374715 0.0597501 0.004 -0.03204997 0.05810071 0.004 -0.03375 0.05985 0.004 -0.1126814 0.1011142 0.004 -0.03195003 0.05810071 0.004 -0.03195003 -0.05810071 0.004 -0.03185024 -0.05810642 0.004 -0.03374715 0.05994991 0.004 -0.112604 0.1011774 0.004 -0.03185024 0.05810642 0.004 -0.03373859 0.06004948 0.004 -0.1125304 0.101245 0.004 -0.03175095 0.05811781 0.004 -0.03175095 -0.05811781 0.004 -0.03165247 -0.05813486 0.004 -0.03372437 0.06014841 0.004 -0.1124607 0.1013167 0.004 -0.03165247 0.05813486 0.004 -0.03370452 0.06024637 0.004 -0.03155512 0.05815749 0.004 -0.03155512 -0.05815749 0.004 -0.03145922 -0.05818565 0.004 -0.03145922 0.05818565 0.004 -0.03136509 0.05821924 0.004 -0.03136509 -0.05821924 0.004 -0.03127302 -0.05825814 0.004 -0.03127302 0.05825814 0.004 -0.03118333 0.05830224 0.004 -0.03321964 0.08279502 0.004 -0.03321964 0.06110498 0.004 -0.03314601 0.06117256 0.004 -0.0332893 0.08286669 0.004 -0.0332893 0.06103331 0.004 -0.03314601 0.08272744 0.004 -0.03335475 0.08294223 0.004 -0.03335475 0.06095777 0.004 -0.03306863 0.08266417 0.004 -0.03306863 0.06123583 0.004 -0.03341578 0.08302138 0.004 -0.03341578 0.06087862 0.004 -0.03347219 0.06079612 0.004 -0.03298777 0.08260542 0.004 -0.03298777 0.06129457 0.004 -0.03347219 0.08310388 0.004 -0.03352381 0.06071053 0.004 -0.03290369 0.08255139 0.004 -0.03290369 0.06134861 0.004 -0.03281667 0.06139776 0.004 -0.03352381 0.08318947 0.004 -0.03281667 0.08250224 0.004 -0.03357045 0.08327786 0.004 -0.03357045 0.06062214 0.004 -0.03272697 0.08245815 0.004 -0.03272697 0.06144186 0.004 -0.03361197 0.08336877 0.004 -0.03361197 0.06053122 0.004 -0.03263491 0.08241924 0.004 -0.03263491 0.06148076 0.004 -0.03364823 0.08346191 0.004 -0.03364823 0.06043809 0.004 -0.03254078 0.08238565 0.004 -0.03254078 0.06151435 0.004 -0.03367911 0.08355697 0.004 -0.03367911 0.06034303 0.004 -0.03244488 0.08235749 0.004 -0.03244488 0.06154251 0.004 -0.03234753 0.08233485 0.004 -0.03234753 0.06156514 0.004 -0.03224905 0.06158219 0.004 -0.03224905 0.08231781 0.004 -0.03214976 0.08230642 0.004 -0.03214976 0.06159358 0.004 -0.03204997 0.08230071 0.004 -0.03204997 0.06159929 0.004 -0.03195003 0.08230071 0.004 -0.03195003 0.06159929 0.004 -0.03185024 0.06159358 0.004 -0.03185024 0.08230642 0.004 -0.03175095 0.08231781 0.004 -0.03175095 0.06158219 0.004 -0.03165247 0.06156514 0.004 -0.03165247 0.08233485 0.004 -0.03155512 0.08235749 0.004 -0.03155512 0.06154251 0.004 -0.03145922 0.08238565 0.004 -0.03145922 0.06151435 0.004 -0.03136509 0.06148076 0.004 -0.03136509 0.08241924 0.004 -0.03127302 0.08245815 0.004 -0.03127302 0.06144186 0.004 -0.03118333 0.06139776 0.004 -0.03118333 0.08250224 0.004 -0.0310963 0.06134861 0.004 -0.0310963 0.08255139 0.004 -0.03101222 0.08260542 0.004 -0.03101222 0.06129457 0.004 -0.03093137 0.06123583 0.004 -0.03093137 0.08266417 0.004 -0.03085399 0.08272744 0.004 -0.03085399 0.06117256 0.004 -0.03078036 0.06110498 0.004 -0.03078036 0.08279502 0.004 -0.0307107 0.06103331 0.004 -0.0307107 0.08286669 0.004 -0.03064525 0.08294223 0.004 -0.03064525 0.06095777 0.004 -0.03058422 0.06087862 0.004 -0.03058422 0.08302138 0.004 -0.03052781 0.08310388 0.004 -0.03052781 0.06079612 0.004 -0.03047619 0.06071053 0.004 -0.03047619 0.08318947 0.004 -0.03042955 0.06062214 0.004 -0.03042955 0.08327786 0.004 -0.03038803 0.06053122 0.004 -0.03038803 0.08336877 0.004 -0.03035177 0.08346191 0.004 -0.03035177 0.06043809 0.004 -0.05171964 0.108245 0.004 -0.1122778 0.1015539 0.004 -0.1123342 0.1014714 0.004 -0.0517893 0.1083167 0.004 -0.1122262 0.1016395 0.004 -0.05164601 0.1081774 0.004 -0.1123952 0.1013922 0.004 -0.05185475 0.1083922 0.004 -0.1121796 0.1017279 0.004 -0.05156863 0.1081142 0.004 -0.05191578 0.1084714 0.004 -0.112138 0.1018188 0.004 -0.05148777 0.1080554 0.004 -0.05197219 0.1085539 0.004 -0.1121018 0.1019119 0.004 -0.05140369 0.1080014 0.004 -0.03370452 0.08365363 0.004 -0.05202381 0.1086395 0.004 -0.1120709 0.102007 0.004 -0.05131667 0.1079522 0.004 -0.03372437 0.08375159 0.004 -0.05207045 0.1087279 0.004 -0.1120455 0.1021036 0.004 -0.05122697 0.1079081 0.004 -0.03373859 0.08385052 0.004 -0.05211197 0.1088188 0.004 -0.1120256 0.1022016 0.004 -0.05113491 0.1078692 0.004 -0.03374715 0.0839501 0.004 -0.05214823 0.1089119 0.004 -0.1120114 0.1023005 0.004 -0.05104078 0.1078356 0.004 -0.03375 0.08405 0.004 -0.05217911 0.109007 0.004 -0.1120029 0.1024001 0.004 -0.05094488 0.1078075 0.004 -0.03374715 0.0841499 0.004 -0.05220452 0.1091036 0.004 -0.112 0.1025 0.004 -0.05084753 0.1077849 0.004 -0.03373859 0.08424948 0.004 -0.05222437 0.1092016 0.004 -0.1120029 0.1025999 0.004 -0.05074905 0.1077678 0.004 -0.03372437 0.08434841 0.004 -0.05223859 0.1093005 0.004 -0.1120114 0.1026995 0.004 -0.05224715 0.1094001 0.004 -0.1120256 0.1027984 0.004 -0.05225 0.1095 0.004 -0.1120455 0.1028964 0.004 -0.05224715 0.1095999 0.004 -0.05223859 0.1096995 0.004 -0.1120455 0.1201036 0.004 -0.04 0.1025 0.004 -0.03078036 0.08530498 0.004 -0.0307107 0.08523331 0.004 -0.03085399 0.08537256 0.004 -0.03093137 0.08543583 0.004 -0.03101222 0.08549458 0.004 -0.0310963 0.08554861 0.004 -0.03118333 0.08559776 0.004 -0.03127302 0.08564185 0.004 -0.03136509 0.08568076 0.004 -0.03145922 0.08571435 0.004 -0.03155512 0.08574251 0.004 -0.03165247 0.08576514 0.004 -0.03175095 0.08578219 0.004 -0.03185024 0.08579358 0.004 -0.03195003 0.08579929 0.004 -0.03204997 0.08579929 0.004 -0.03214976 0.08579358 0.004 -0.03224905 0.08578219 0.004 -0.03234753 0.08576514 0.004 -0.03244488 0.08574251 0.004 -0.03254078 0.08571435 0.004 -0.03263491 0.08568076 0.004 -0.03272697 0.08564185 0.004 -0.03281667 0.08559776 0.004 -0.03290369 0.08554861 0.004 -0.03298777 0.08549458 0.004 -0.03306863 0.08543583 0.004 -0.03314601 0.08537256 0.004 -0.03321964 0.08530498 0.004 -0.0332893 0.08523331 0.004 -0.03335475 0.08515777 0.004 -0.03341578 0.08507862 0.004 -0.03347219 0.08499612 0.004 -0.03352381 0.08491053 0.004 -0.03357045 0.08482214 0.004 -0.03361197 0.08473122 0.004 -0.03364823 0.08463808 0.004 -0.03367911 0.08454303 0.004 -0.03370452 0.08444637 0.004 -0.05064976 0.1077564 0.004 -0.05054997 0.1077507 0.004 -0.05045003 0.1077507 0.004 -0.05035024 0.1077564 0.004 -0.05025095 0.1077678 0.004 -0.05015247 0.1077849 0.004 -0.05005512 0.1078075 0.004 -0.04995922 0.1078356 0.004 -0.04986509 0.1078692 0.004 -0.04977303 0.1079081 0.004 -0.04968333 0.1079522 0.004 -0.04959631 0.1080014 0.004 -0.04951223 0.1080554 0.004 -0.04943137 0.1081142 0.004 -0.04935399 0.1081774 0.004 -0.04928036 0.108245 0.004 -0.0492107 0.1083167 0.004 -0.04914525 0.1083922 0.004 -0.04908422 0.1084714 0.004 -0.04902781 0.1085539 0.004 -0.04897619 0.1086395 0.004 -0.04892955 0.1087279 0.004 -0.04875285 0.1095999 0.004 -0.04875 0.1095 0.004 -0.04888803 0.1088188 0.004 -0.04876141 0.1096995 0.004 -0.04885177 0.1089119 0.004 -0.04877563 0.1097984 0.004 -0.04882089 0.109007 0.004 -0.04879548 0.1098964 0.004 -0.04879548 0.1091036 0.004 -0.04882089 0.109993 0.004 -0.04877563 0.1092016 0.004 -0.04885177 0.1100881 0.004 -0.04876141 0.1093005 0.004 -0.04875285 0.1094001 0.004 -0.0517893 0.1173167 0.004 -0.0517893 0.1106833 0.004 -0.05171964 0.110755 0.004 -0.05185475 0.1106078 0.004 -0.05171964 0.117245 0.004 -0.05164601 0.1171774 0.004 -0.05164601 0.1108226 0.004 -0.05185475 0.1173922 0.004 -0.05191578 0.1105286 0.004 -0.05156863 0.1171142 0.004 -0.05156863 0.1108858 0.004 -0.05191578 0.1174714 0.004 -0.05197219 0.1104461 0.004 -0.05148777 0.1170554 0.004 -0.05148777 0.1109446 0.004 -0.05140369 0.1109986 0.004 -0.05197219 0.1175539 0.004 -0.05140369 0.1170014 0.004 -0.05202381 0.1176395 0.004 -0.05202381 0.1103605 0.004 -0.05131667 0.1169522 0.004 -0.05131667 0.1110478 0.004 -0.05207045 0.1177279 0.004 -0.05207045 0.1102721 0.004 -0.05211197 0.1101812 0.004 -0.05122697 0.1169081 0.004 -0.05122697 0.1110919 0.004 -0.05211197 0.1178188 0.004 -0.05113491 0.1168692 0.004 -0.05113491 0.1111308 0.004 -0.05214823 0.1179119 0.004 -0.05214823 0.1100881 0.004 -0.05104078 0.1168356 0.004 -0.05104078 0.1111644 0.004 -0.05217911 0.118007 0.004 -0.05217911 0.109993 0.004 -0.05094488 0.1168075 0.004 -0.05094488 0.1111925 0.004 -0.05220452 0.1181036 0.004 -0.05220452 0.1098964 0.004 -0.05084753 0.1167849 0.004 -0.05084753 0.1112151 0.004 -0.05222437 0.1182016 0.004 -0.05222437 0.1097984 0.004 -0.05074905 0.1167678 0.004 -0.05074905 0.1112322 0.004 -0.05064976 0.1112436 0.004 -0.05223859 0.1183005 0.004 -0.1120256 0.1202016 0.004 -0.05064976 0.1167564 0.004 -0.05224715 0.1184001 0.004 -0.1120114 0.1203005 0.004 -0.05054997 0.1167507 0.004 -0.05054997 0.1112493 0.004 -0.05225 0.1185 0.004 -0.1120029 0.1204001 0.004 -0.05045003 0.1167507 0.004 -0.05045003 0.1112493 0.004 -0.05224715 0.1185999 0.004 -0.112 0.1205 0.004 -0.05035024 0.1167564 0.004 -0.05035024 0.1112436 0.004 -0.05025095 0.1112322 0.004 -0.05223859 0.1186995 0.004 -0.1120029 0.1205999 0.004 -0.05025095 0.1167678 0.004 -0.05222437 0.1187984 0.004 -0.1120114 0.1206995 0.004 -0.05015247 0.1167849 0.004 -0.05015247 0.1112151 0.004 -0.05005512 0.1111925 0.004 -0.05220452 0.1188964 0.004 -0.1120256 0.1207984 0.004 -0.05005512 0.1168075 0.004 -0.04995922 0.1111644 0.004 -0.05217911 0.118993 0.004 -0.1120455 0.1208964 0.004 -0.04995922 0.1168356 0.004 -0.05214823 0.1190881 0.004 -0.1120709 0.120993 0.004 -0.04986509 0.1168692 0.004 -0.04986509 0.1111308 0.004 -0.05211197 0.1191812 0.004 -0.1121018 0.1210881 0.004 -0.04977303 0.1169081 0.004 -0.04977303 0.1110919 0.004 -0.05207045 0.1192721 0.004 -0.112138 0.1211812 0.004 -0.04968333 0.1169522 0.004 -0.04968333 0.1110478 0.004 -0.05202381 0.1193605 0.004 -0.1121796 0.1212721 0.004 -0.04959631 0.1170014 0.004 -0.04959631 0.1109986 0.004 -0.05197219 0.1194461 0.004 -0.1122262 0.1213605 0.004 -0.04951223 0.1170554 0.004 -0.04951223 0.1109446 0.004 -0.04943137 0.1108858 0.004 -0.05191578 0.1195286 0.004 -0.1122778 0.1214461 0.004 -0.04943137 0.1171142 0.004 -0.04935399 0.1108226 0.004 -0.05185475 0.1196078 0.004 -0.1123342 0.1215286 0.004 -0.04935399 0.1171774 0.004 -0.04928036 0.110755 0.004 -0.0517893 0.1196833 0.004 -0.1123952 0.1216078 0.004 -0.04928036 0.117245 0.004 -0.05171964 0.119755 0.004 -0.1124607 0.1216833 0.004 -0.0492107 0.1173167 0.004 -0.0492107 0.1106833 0.004 -0.05164601 0.1198226 0.004 -0.1125304 0.121755 0.004 -0.04914525 0.1173922 0.004 -0.04914525 0.1106078 0.004 -0.04908422 0.1105286 0.004 -0.05156863 0.1198858 0.004 -0.112604 0.1218226 0.004 -0.04908422 0.1174714 0.004 -0.04902781 0.1175539 0.004 -0.04902781 0.1104461 0.004 -0.04897619 0.1176395 0.004 -0.04897619 0.1103605 0.004 -0.04892955 0.1102721 0.004 -0.04892955 0.1177279 0.004 -0.04888803 0.1101812 0.004 -0.04888803 0.1178188 0.004 -0.04885177 0.1179119 0.004 -0.04882089 0.118007 0.004 -0.04879548 0.1181036 0.004 -0.04877563 0.1182016 0.004 -0.04876141 0.1183005 0.004 -0.04875285 0.1184001 0.004 0.03078036 0.05859502 0.004 -0.03078036 0.05859502 0.004 -0.03085399 0.05852744 0.004 -0.0307107 0.05866669 0.004 0.0307107 0.05866669 0.004 0.03085399 0.05852744 0.004 -0.03093137 0.05846417 0.004 0.03064525 0.05874223 0.004 -0.03064525 0.05874223 0.004 -0.03058422 0.05882138 0.004 0.03093137 0.05846417 0.004 0.03058422 0.05882138 0.004 -0.03052781 0.05890388 0.004 0.03101222 0.05840543 0.004 -0.03101222 0.05840543 0.004 -0.0310963 0.05835139 0.004 0.03052781 0.05890388 0.004 0.0310963 0.05835139 0.004 0.03047619 0.05898947 0.004 -0.03047619 0.05898947 0.004 0.03118333 0.05830224 0.004 0.03042955 0.05907786 0.004 -0.03042955 0.05907786 0.004 0.03127302 0.05825814 0.004 0.03127302 -0.05825814 0.004 0.03038803 0.05916878 0.004 -0.03038803 0.05916878 0.004 0.03136509 0.05821924 0.004 0.03136509 -0.05821924 0.004 0.03145922 -0.05818565 0.004 0.03035177 0.05926191 0.004 -0.03035177 0.05926191 0.004 0.03145922 0.05818565 0.004 0.03032089 0.05935697 0.004 -0.03032089 0.05935697 0.004 0.03155512 0.05815749 0.004 0.03155512 -0.05815749 0.004 0.03165247 -0.05813486 0.004 0.03029548 0.05945363 0.004 -0.03029548 0.05945363 0.004 0.03165247 0.05813486 0.004 0.03027563 0.05955159 0.004 -0.03027563 0.05955159 0.004 0.03175095 0.05811781 0.004 0.03175095 -0.05811781 0.004 0.03026141 0.05965052 0.004 -0.03026141 0.05965052 0.004 0.03185024 0.05810642 0.004 0.03185024 -0.05810642 0.004 0.03025285 0.0597501 0.004 -0.03025285 0.0597501 0.004 -0.03025 0.05985 0.004 0.03195003 0.05810071 0.004 0.03195003 -0.05810071 0.004 0.03025 0.05985 0.004 -0.03025285 0.05994991 0.004 0.03204997 0.05810071 0.004 0.03204997 -0.05810071 0.004 0.03025285 0.05994991 0.004 0.03214976 0.05810642 0.004 0.03214976 -0.05810642 0.004 0.03224905 -0.05811781 0.004 0.03026141 0.06004948 0.004 -0.03026141 0.06004948 0.004 0.03224905 0.05811781 0.004 0.03027563 0.06014841 0.004 -0.03027563 0.06014841 0.004 0.03234753 0.05813486 0.004 0.03234753 -0.05813486 0.004 0.03029548 0.06024637 0.004 -0.03029548 0.06024637 0.004 0.03244488 0.05815749 0.004 0.03244488 -0.05815749 0.004 0.03254078 -0.05818565 0.004 0.03032089 0.06034303 0.004 -0.03032089 0.06034303 0.004 0.03254078 0.05818565 0.004 0.03035177 0.06043809 0.004 0.03263491 0.05821924 0.004 0.03263491 -0.05821924 0.004 0.03272697 0.05825814 0.004 0.03272697 -0.05825814 0.004 -0.04 0.1325 0.004 -0.05064976 0.1202436 0.004 -0.05054997 0.1202493 0.004 -0.05074905 0.1202322 0.004 -0.05084753 0.1202151 0.004 -0.05094488 0.1201925 0.004 -0.05104078 0.1201644 0.004 -0.05113491 0.1201308 0.004 -0.05122697 0.1200919 0.004 -0.05131667 0.1200478 0.004 -0.05140369 0.1199986 0.004 -0.05148777 0.1199446 0.004 -0.1126814 0.1218858 0.004 -0.1127622 0.1219446 0.004 -0.1128463 0.1219986 0.004 -0.1129333 0.1220478 0.004 -0.113023 0.1220919 0.004 -0.1131151 0.1221308 0.004 -0.1132092 0.1221644 0.004 -0.1133051 0.1221925 0.004 -0.1134025 0.1222151 0.004 -0.1135009 0.1222322 0.004 -0.04875285 0.1185999 0.004 -0.04875 0.1185 0.004 -0.04876141 0.1186995 0.004 -0.04877563 0.1187984 0.004 -0.04879548 0.1188964 0.004 -0.04882089 0.118993 0.004 -0.04885177 0.1190881 0.004 -0.04888803 0.1191812 0.004 -0.04892955 0.1192721 0.004 -0.04897619 0.1193605 0.004 -0.04902781 0.1194461 0.004 -0.04908422 0.1195286 0.004 -0.04914525 0.1196078 0.004 -0.0492107 0.1196833 0.004 -0.04928036 0.119755 0.004 -0.04935399 0.1198226 0.004 -0.04943137 0.1198858 0.004 -0.04951223 0.1199446 0.004 -0.04959631 0.1199986 0.004 -0.04968333 0.1200478 0.004 -0.04977303 0.1200919 0.004 -0.04986509 0.1201308 0.004 -0.04995922 0.1201644 0.004 -0.05005512 0.1201925 0.004 -0.05015247 0.1202151 0.004 -0.05025095 0.1202322 0.004 -0.05035024 0.1202436 0.004 -0.05045003 0.1202493 0.004 0.119 -0.0255 0.004 0.1128463 -0.1010014 0.004 0.1129333 -0.1009522 0.004 0.03374715 -0.0597501 0.004 0.03373859 -0.05965052 0.004 0.03372437 -0.05955159 0.004 0.03370452 -0.05945363 0.004 0.03367911 -0.05935697 0.004 0.03364823 -0.05926191 0.004 0.03361197 -0.05916878 0.004 0.03357045 -0.05907786 0.004 0.03352381 -0.05898947 0.004 0.03347219 -0.05890388 0.004 0.03341578 -0.05882138 0.004 0.03335475 -0.05874223 0.004 0.0332893 -0.05866669 0.004 0.03321964 -0.05859502 0.004 0.03314601 -0.05852744 0.004 0.03306863 -0.05846417 0.004 0.03298777 -0.05840543 0.004 0.03290369 -0.05835139 0.004 0.03281667 -0.05830224 0.004 0.1277804 -0.03375498 0.004 0.1131151 -0.1008692 0.004 0.1132092 -0.1008356 0.004 0.1277107 -0.03368331 0.004 0.113023 -0.1009081 0.004 0.127854 -0.03382256 0.004 0.1133051 -0.1008075 0.004 0.1276452 -0.03360777 0.004 0.1279314 -0.03388583 0.004 0.1134025 -0.1007849 0.004 0.1275842 -0.03352863 0.004 0.1280122 -0.03394458 0.004 0.1135009 -0.1007678 0.004 0.1275278 -0.03344612 0.004 0.1280963 -0.03399861 0.004 0.1136002 -0.1007564 0.004 0.1274762 -0.03336053 0.004 0.1281833 -0.03404776 0.004 0.1137 -0.1007507 0.004 0.1274296 -0.03327214 0.004 0.128273 -0.03409185 0.004 0.1138 -0.1007507 0.004 0.127388 -0.03318122 0.004 0.1283651 -0.03413076 0.004 0.1138998 -0.1007564 0.004 0.1273518 -0.03308809 0.004 0.1284592 -0.03416435 0.004 0.1139991 -0.1007678 0.004 0.1273209 -0.03299303 0.004 0.1285551 -0.03419251 0.004 0.1140975 -0.1007849 0.004 0.1272955 -0.03289637 0.004 0.1286525 -0.03421515 0.004 0.1141949 -0.1008075 0.004 0.1272756 -0.03279841 0.004 0.1287509 -0.03423219 0.004 0.1142908 -0.1008356 0.004 0.1272614 -0.03269949 0.004 0.1288503 -0.03424358 0.004 0.1143849 -0.1008692 0.004 0.1272529 -0.03259991 0.004 0.12895 -0.03424929 0.004 0.114477 -0.1009081 0.004 0.12725 -0.0325 0.004 0.12905 -0.03424929 0.004 0.1145667 -0.1009522 0.004 0.1272529 -0.03240009 0.004 0.1291497 -0.03424358 0.004 0.1146537 -0.1010014 0.004 0.1272614 -0.03230051 0.004 0.1292491 -0.03423219 0.004 0.1147378 -0.1010554 0.004 0.1272756 -0.03220159 0.004 0.1293475 -0.03421515 0.004 0.1148186 -0.1011142 0.004 0.1272955 -0.03210363 0.004 0.1273209 -0.03200697 0.004 0.1273518 -0.03191191 0.004 0.127388 -0.03181878 0.004 0.1274296 -0.03172786 0.004 0.1274762 -0.03163947 0.004 0.1275278 -0.03155388 0.004 0.1275842 -0.03147138 0.004 0.1276452 -0.03139223 0.004 0.1277107 -0.03131669 0.004 0.1277804 -0.03124502 0.004 0.127854 -0.03117744 0.004 0.1279314 -0.03111417 0.004 0.1280122 -0.03105542 0.004 0.1280963 -0.03100139 0.004 0.1281833 -0.03095224 0.004 0.128273 -0.03090814 0.004 0.1283651 -0.03086924 0.004 0.1284592 -0.03083565 0.004 0.1285551 -0.03080749 0.004 0.1286525 -0.03078485 0.004 0.1287509 -0.03076781 0.004 0.1288503 -0.03075642 0.004 0.12895 -0.03075071 0.004 0.12905 -0.03075071 0.004 0.1291497 -0.03075642 0.004 0.1292491 -0.03076781 0.004 0.1293475 -0.03078485 0.004 0.1294449 -0.03080749 0.004 0.1817804 -0.08000498 0.004 0.1817107 -0.0799333 0.004 0.181854 -0.08007256 0.004 0.1816452 -0.07985777 0.004 0.1819314 -0.08013583 0.004 0.1815842 -0.07977863 0.004 0.1820122 -0.08019457 0.004 0.1815278 -0.07969612 0.004 0.1820963 -0.08024861 0.004 0.1814762 -0.07961053 0.004 0.1154744 -0.1022016 0.004 0.1821833 -0.08029776 0.004 0.1814296 -0.07952214 0.004 0.1154545 -0.1021036 0.004 0.182273 -0.08034186 0.004 0.181388 -0.07943122 0.004 0.1154291 -0.102007 0.004 0.1823651 -0.08038076 0.004 0.1813518 -0.07933809 0.004 0.1153982 -0.1019119 0.004 0.1824592 -0.08041435 0.004 0.1813209 -0.07924303 0.004 0.115362 -0.1018188 0.004 0.1825551 -0.0804425 0.004 0.1812955 -0.07914637 0.004 0.1153204 -0.1017279 0.004 0.1826525 -0.08046514 0.004 0.1812756 -0.07904842 0.004 0.1152738 -0.1016395 0.004 0.1827509 -0.08048219 0.004 0.1812614 -0.07894949 0.004 0.1152222 -0.1015539 0.004 0.1828503 -0.08049358 0.004 0.1812529 -0.07884991 0.004 0.1151658 -0.1014714 0.004 0.18295 -0.08049928 0.004 0.18125 -0.07875 0.004 0.1151048 -0.1013922 0.004 0.18305 -0.08049928 0.004 0.1812529 -0.07865009 0.004 0.1150393 -0.1013167 0.004 0.1831497 -0.08049358 0.004 0.1812614 -0.07855051 0.004 0.1149696 -0.101245 0.004 0.1832491 -0.08048219 0.004 0.1833475 -0.08046514 0.004 0.1834449 -0.0804425 0.004 0.1835408 -0.08041435 0.004 0.1836349 -0.08038076 0.004 0.183727 -0.08034186 0.004 0.1838167 -0.08029776 0.004 0.1839037 -0.08024861 0.004 0.1839878 -0.08019457 0.004 0.1840686 -0.08013583 0.004 0.184146 -0.08007256 0.004 0.1842196 -0.08000498 0.004 0.1842893 -0.0799333 0.004 0.1843548 -0.07985777 0.004 0.1844158 -0.07977863 0.004 0.1844722 -0.07969612 0.004 0.1845238 -0.07961053 0.004 0.1845704 -0.07952214 0.004 0.184612 -0.07943122 0.004 0.1846482 -0.07933809 0.004 0.1846791 -0.07924303 0.004 0.1847045 -0.07914637 0.004 0.1847244 -0.07904842 0.004 0.1847386 -0.07894949 0.004 0.1847471 -0.07884991 0.004 0.18475 -0.07875 0.004 0.1847471 -0.07865009 0.004 0.1847386 -0.07855051 0.004 0.1847244 -0.07845158 0.004 0.1847045 -0.07835363 0.004 0.1846791 -0.07825697 0.004 0.1846482 -0.07816191 0.004 0.184612 -0.07806878 0.004 0.1845704 -0.07797786 0.004 0.1845238 -0.07788947 0.004 0.1844722 -0.07780388 0.004 0.1437804 -0.03375498 0.004 0.1302893 -0.03368331 0.004 0.1302196 -0.03375498 0.004 0.1437107 -0.03368331 0.004 0.143854 -0.03382256 0.004 0.130146 -0.03382256 0.004 0.1436452 -0.03360777 0.004 0.1303548 -0.03360777 0.004 0.1304158 -0.03352863 0.004 0.1439314 -0.03388583 0.004 0.1300686 -0.03388583 0.004 0.1435842 -0.03352863 0.004 0.1440122 -0.03394458 0.004 0.1299878 -0.03394458 0.004 0.1299037 -0.03399861 0.004 0.1435278 -0.03344612 0.004 0.1304722 -0.03344612 0.004 0.1440963 -0.03399861 0.004 0.1434762 -0.03336053 0.004 0.1305238 -0.03336053 0.004 0.1441833 -0.03404776 0.004 0.1298167 -0.03404776 0.004 0.129727 -0.03409185 0.004 0.1434296 -0.03327214 0.004 0.1305704 -0.03327214 0.004 0.144273 -0.03409185 0.004 0.143388 -0.03318122 0.004 0.130612 -0.03318122 0.004 0.1306482 -0.03308809 0.004 0.1443651 -0.03413076 0.004 0.1296349 -0.03413076 0.004 0.1433518 -0.03308809 0.004 0.1444592 -0.03416435 0.004 0.1295408 -0.03416435 0.004 0.1433209 -0.03299303 0.004 0.1306791 -0.03299303 0.004 0.1445551 -0.03419251 0.004 0.1294449 -0.03419251 0.004 0.1432955 -0.03289637 0.004 0.1307045 -0.03289637 0.004 0.1307244 -0.03279841 0.004 0.1446525 -0.03421515 0.004 0.1432756 -0.03279841 0.004 0.1447509 -0.03423219 0.004 0.114896 -0.1011774 0.004 0.1432614 -0.03269949 0.004 0.1307386 -0.03269949 0.004 0.1448503 -0.03424358 0.004 0.1432529 -0.03259991 0.004 0.1307471 -0.03259991 0.004 0.14495 -0.03424929 0.004 0.1812756 -0.07845158 0.004 0.14325 -0.0325 0.004 0.13075 -0.0325 0.004 0.14505 -0.03424929 0.004 0.1812955 -0.07835363 0.004 0.1432529 -0.03240009 0.004 0.1307471 -0.03240009 0.004 0.1307386 -0.03230051 0.004 0.1451497 -0.03424358 0.004 0.1813209 -0.07825697 0.004 0.1432614 -0.03230051 0.004 0.1452491 -0.03423219 0.004 0.1813518 -0.07816191 0.004 0.1432756 -0.03220159 0.004 0.1307244 -0.03220159 0.004 0.1453475 -0.03421515 0.004 0.181388 -0.07806878 0.004 0.1432955 -0.03210363 0.004 0.1307045 -0.03210363 0.004 0.1454449 -0.03419251 0.004 0.1814296 -0.07797786 0.004 0.1433209 -0.03200697 0.004 0.1306791 -0.03200697 0.004 0.1455408 -0.03416435 0.004 0.1814762 -0.07788947 0.004 0.1433518 -0.03191191 0.004 0.1306482 -0.03191191 0.004 0.1456349 -0.03413076 0.004 0.1815278 -0.07780388 0.004 0.143388 -0.03181878 0.004 0.130612 -0.03181878 0.004 0.145727 -0.03409185 0.004 0.1815842 -0.07772137 0.004 0.1434296 -0.03172786 0.004 0.1305704 -0.03172786 0.004 0.1305238 -0.03163947 0.004 0.1458167 -0.03404776 0.004 0.1816452 -0.07764223 0.004 0.1434762 -0.03163947 0.004 0.1459037 -0.03399861 0.004 0.1817107 -0.0775667 0.004 0.1435278 -0.03155388 0.004 0.1304722 -0.03155388 0.004 0.1459878 -0.03394458 0.004 0.1817804 -0.07749502 0.004 0.1435842 -0.03147138 0.004 0.1304158 -0.03147138 0.004 0.1303548 -0.03139223 0.004 0.1460686 -0.03388583 0.004 0.181854 -0.07742744 0.004 0.1436452 -0.03139223 0.004 0.1302893 -0.03131669 0.004 0.146146 -0.03382256 0.004 0.1819314 -0.07736417 0.004 0.1437107 -0.03131669 0.004 0.1462196 -0.03375498 0.004 0.1820122 -0.07730543 0.004 0.1437804 -0.03124502 0.004 0.1302196 -0.03124502 0.004 0.1462893 -0.03368331 0.004 0.1820963 -0.07725139 0.004 0.143854 -0.03117744 0.004 0.130146 -0.03117744 0.004 0.1300686 -0.03111417 0.004 0.1463548 -0.03360777 0.004 0.1821833 -0.07720224 0.004 0.1439314 -0.03111417 0.004 0.1299878 -0.03105542 0.004 0.1464158 -0.03352863 0.004 0.182273 -0.07715814 0.004 0.1440122 -0.03105542 0.004 0.1299037 -0.03100139 0.004 0.1440963 -0.03100139 0.004 0.1441833 -0.03095224 0.004 0.1298167 -0.03095224 0.004 0.144273 -0.03090814 0.004 0.129727 -0.03090814 0.004 0.1443651 -0.03086924 0.004 0.1296349 -0.03086924 0.004 0.1295408 -0.03083565 0.004 0.0307107 0.08286669 0.004 0.0307107 0.06103331 0.004 0.03078036 0.06110498 0.004 0.03078036 0.08279502 0.004 0.03085399 0.08272744 0.004 0.03085399 0.06117256 0.004 0.03064525 0.08294223 0.004 0.03064525 0.06095777 0.004 0.03093137 0.08266417 0.004 0.03093137 0.06123583 0.004 0.03058422 0.08302138 0.004 0.03058422 0.06087862 0.004 0.03101222 0.08260542 0.004 0.03101222 0.06129457 0.004 0.0310963 0.06134861 0.004 0.1444592 -0.03083565 0.004 0.03052781 0.08310388 0.004 0.03052781 0.06079612 0.004 0.0310963 0.08255139 0.004 0.03118333 0.06139776 0.004 0.03047619 0.08318947 0.004 0.03047619 0.06071053 0.004 0.03042955 0.06062214 0.004 0.03118333 0.08250224 0.004 0.03127302 0.06144186 0.004 0.03042955 0.08327786 0.004 0.03038803 0.06053122 0.004 0.03127302 0.08245815 0.004 0.1445551 -0.03080749 0.004 0.03038803 0.08336877 0.004 0.03136509 0.08241924 0.004 0.03136509 0.06148076 0.004 0.03145922 0.06151435 0.004 0.03035177 0.08346191 0.004 0.03145922 0.08238565 0.004 0.03155512 0.06154251 0.004 0.03032089 0.08355697 0.004 -0.03032089 0.08355697 0.004 -0.03029548 0.08365363 0.004 0.03155512 0.08235749 0.004 0.03165247 0.06156514 0.004 0.03029548 0.08365363 0.004 0.03165247 0.08233485 0.004 0.03027563 0.08375159 0.004 -0.03027563 0.08375159 0.004 0.03175095 0.08231781 0.004 0.03175095 0.06158219 0.004 0.03026141 0.08385052 0.004 -0.03026141 0.08385052 0.004 0.03185024 0.08230642 0.004 0.03185024 0.06159358 0.004 0.03025285 0.0839501 0.004 -0.03025285 0.0839501 0.004 0.03195003 0.08230071 0.004 0.03195003 0.06159929 0.004 0.03204997 0.06159929 0.004 0.03025 0.08405 0.004 -0.03025285 0.0841499 0.004 -0.03025 0.08405 0.004 0.03204997 0.08230071 0.004 0.03025285 0.0841499 0.004 0.03214976 0.08230642 0.004 0.03214976 0.06159358 0.004 0.03026141 0.08424948 0.004 -0.03026141 0.08424948 0.004 0.03224905 0.08231781 0.004 0.03224905 0.06158219 0.004 0.03027563 0.08434841 0.004 -0.03027563 0.08434841 0.004 0.03234753 0.08233485 0.004 0.03234753 0.06156514 0.004 0.03029548 0.08444637 0.004 -0.03029548 0.08444637 0.004 0.03244488 0.08235749 0.004 0.03244488 0.06154251 0.004 0.03032089 0.08454303 0.004 -0.03032089 0.08454303 0.004 0.03254078 0.08238565 0.004 0.03254078 0.06151435 0.004 0.03263491 0.06148076 0.004 0.03035177 0.08463808 0.004 -0.03035177 0.08463808 0.004 0.03263491 0.08241924 0.004 0.03038803 0.08473122 0.004 -0.03038803 0.08473122 0.004 -0.03042955 0.08482214 0.004 0.03272697 0.08245815 0.004 0.03272697 0.06144186 0.004 0.03042955 0.08482214 0.004 0.03281667 0.08250224 0.004 0.03281667 0.06139776 0.004 0.03290369 0.06134861 0.004 0.03047619 0.08491053 0.004 -0.03047619 0.08491053 0.004 0.03290369 0.08255139 0.004 0.03298777 0.06129457 0.004 0.03052781 0.08499612 0.004 -0.03052781 0.08499612 0.004 -0.03058422 0.08507862 0.004 0.03298777 0.08260542 0.004 0.03058422 0.08507862 0.004 0.03306863 0.08266417 0.004 0.03306863 0.06123583 0.004 0.03314601 0.06117256 0.004 0.03064525 0.08515777 0.004 -0.03064525 0.08515777 0.004 0.03314601 0.08272744 0.004 0.0307107 0.08523331 0.004 0.03321964 0.08279502 0.004 0.03321964 0.06110498 0.004 0.0332893 0.06103331 0.004 0.0332893 0.08286669 0.004 0.03335475 0.06095777 0.004 0.03335475 0.08294223 0.004 0.03341578 0.08302138 0.004 0.03341578 0.06087862 0.004 0.03347219 0.06079612 0.004 0.03347219 0.08310388 0.004 0.03352381 0.08318947 0.004 0.03352381 0.06071053 0.004 0.03357045 0.06062214 0.004 0.03357045 0.08327786 0.004 0.03361197 0.08336877 0.004 0.03361197 0.06053122 0.004 0.03364823 0.08346191 0.004 0.03364823 0.06043809 0.004 0.03367911 0.06034303 0.004 0.03367911 0.08355697 0.004 0.155 -0.0255 0.004 0.1466791 -0.03299303 0.004 0.1466482 -0.03308809 0.004 0.1467045 -0.03210363 0.004 0.1467244 -0.03220159 0.004 0.1467045 -0.03289637 0.004 0.1466791 -0.03200697 0.004 0.1467244 -0.03279841 0.004 0.1466482 -0.03191191 0.004 0.1467386 -0.03269949 0.004 0.146612 -0.03181878 0.004 0.1467471 -0.03259991 0.004 0.1465704 -0.03172786 0.004 0.14675 -0.0325 0.004 0.1465238 -0.03163947 0.004 0.1464722 -0.03155388 0.004 0.1464158 -0.03147138 0.004 0.1463548 -0.03139223 0.004 0.1462893 -0.03131669 0.004 0.1462196 -0.03124502 0.004 0.146146 -0.03117744 0.004 0.1460686 -0.03111417 0.004 0.184146 -0.07742744 0.004 0.1842196 -0.07749502 0.004 0.1459878 -0.03105542 0.004 0.1840686 -0.07736417 0.004 0.1459037 -0.03100139 0.004 0.1839878 -0.07730543 0.004 0.1458167 -0.03095224 0.004 0.1839037 -0.07725139 0.004 0.145727 -0.03090814 0.004 0.1838167 -0.07720224 0.004 0.1456349 -0.03086924 0.004 0.183727 -0.07715814 0.004 0.1455408 -0.03083565 0.004 0.1836349 -0.07711924 0.004 0.1454449 -0.03080749 0.004 0.1835408 -0.07708565 0.004 0.1453475 -0.03078485 0.004 0.1834449 -0.0770575 0.004 0.1452491 -0.03076781 0.004 0.1833475 -0.07703486 0.004 0.1451497 -0.03075642 0.004 0.1832491 -0.07701781 0.004 0.14505 -0.03075071 0.004 0.1831497 -0.07700642 0.004 0.14495 -0.03075071 0.004 0.18305 -0.07700072 0.004 0.1448503 -0.03075642 0.004 0.18295 -0.07700072 0.004 0.1447509 -0.03076781 0.004 0.1828503 -0.07700642 0.004 0.1446525 -0.03078485 0.004 0.1827509 -0.07701781 0.004 0.1826525 -0.07703486 0.004 0.1825551 -0.0770575 0.004 0.1824592 -0.07708565 0.004 0.1823651 -0.07711924 0.004 0.1464722 -0.03344612 0.004 0.1465238 -0.03336053 0.004 0.1465704 -0.03327214 0.004 0.1467471 -0.03240009 0.004 0.146612 -0.03318122 0.004 0.1467386 -0.03230051 0.004 0.04 0.1025 0.004 0.03370452 0.08444637 0.004 0.03372437 0.08434841 0.004 0.03367911 0.08454303 0.004 0.03364823 0.08463808 0.004 0.03361197 0.08473122 0.004 0.03357045 0.08482214 0.004 0.03352381 0.08491053 0.004 0.03347219 0.08499612 0.004 0.03341578 0.08507862 0.004 0.03335475 0.08515777 0.004 0.0332893 0.08523331 0.004 0.03321964 0.08530498 0.004 0.03314601 0.08537256 0.004 0.03306863 0.08543583 0.004 0.03298777 0.08549458 0.004 0.03290369 0.08554861 0.004 0.03281667 0.08559776 0.004 0.03272697 0.08564185 0.004 0.03263491 0.08568076 0.004 0.03254078 0.08571435 0.004 0.03244488 0.08574251 0.004 0.03234753 0.08576514 0.004 0.03224905 0.08578219 0.004 0.03214976 0.08579358 0.004 0.03204997 0.08579929 0.004 0.03195003 0.08579929 0.004 0.03185024 0.08579358 0.004 0.03175095 0.08578219 0.004 0.03165247 0.08576514 0.004 0.03155512 0.08574251 0.004 0.03145922 0.08571435 0.004 0.03136509 0.08568076 0.004 0.03127302 0.08564185 0.004 0.03118333 0.08559776 0.004 0.0310963 0.08554861 0.004 0.03101222 0.08549458 0.004 0.03093137 0.08543583 0.004 0.03085399 0.08537256 0.004 0.03078036 0.08530498 0.004 0.119 0.0255 0.004 0.03375 0.05985 0.004 0.03374715 0.0597501 0.004 0.03281667 0.05830224 0.004 0.03290369 0.05835139 0.004 0.03298777 0.05840543 0.004 0.03306863 0.05846417 0.004 0.03314601 0.05852744 0.004 0.03321964 0.05859502 0.004 0.0332893 0.05866669 0.004 0.03335475 0.05874223 0.004 0.03341578 0.05882138 0.004 0.03347219 0.05890388 0.004 0.03352381 0.05898947 0.004 0.03357045 0.05907786 0.004 0.03361197 0.05916878 0.004 0.03364823 0.05926191 0.004 0.03367911 0.05935697 0.004 0.03370452 0.05945363 0.004 0.03372437 0.05955159 0.004 0.03373859 0.05965052 0.004 0.0492107 0.1083167 0.004 0.04928036 0.108245 0.004 0.04935399 0.1081774 0.004 0.04914525 0.1083922 0.004 0.04943137 0.1081142 0.004 0.04908422 0.1084714 0.004 0.04951223 0.1080554 0.004 0.04902781 0.1085539 0.004 0.04959631 0.1080014 0.004 0.04897619 0.1086395 0.004 0.04968333 0.1079522 0.004 0.04892955 0.1087279 0.004 0.04977303 0.1079081 0.004 0.04888803 0.1088188 0.004 0.04986509 0.1078692 0.004 0.04885177 0.1089119 0.004 0.04995922 0.1078356 0.004 0.04882089 0.109007 0.004 0.05005512 0.1078075 0.004 0.04879548 0.1091036 0.004 0.05015247 0.1077849 0.004 0.04877563 0.1092016 0.004 0.05025095 0.1077678 0.004 0.04876141 0.1093005 0.004 0.05035024 0.1077564 0.004 0.04875285 0.1094001 0.004 0.05045003 0.1077507 0.004 0.04875 0.1095 0.004 0.05054997 0.1077507 0.004 0.04875285 0.1095999 0.004 0.05064976 0.1077564 0.004 0.04876141 0.1096995 0.004 0.05074905 0.1077678 0.004 0.03373859 0.08424948 0.004 0.04877563 0.1097984 0.004 0.05084753 0.1077849 0.004 0.03374715 0.0841499 0.004 0.04879548 0.1098964 0.004 0.05094488 0.1078075 0.004 0.03375 0.08405 0.004 0.04882089 0.109993 0.004 0.05104078 0.1078356 0.004 0.03374715 0.0839501 0.004 0.04885177 0.1100881 0.004 0.05113491 0.1078692 0.004 0.03373859 0.08385052 0.004 0.1277107 0.03131669 0.004 0.1277804 0.03124502 0.004 0.127854 0.03117744 0.004 0.1276452 0.03139223 0.004 0.1279314 0.03111417 0.004 0.1275842 0.03147138 0.004 0.1280122 0.03105542 0.004 0.1275278 0.03155388 0.004 0.1280963 0.03100139 0.004 0.1274762 0.03163947 0.004 0.05122697 0.1079081 0.004 0.03372437 0.08375159 0.004 0.1281833 0.03095224 0.004 0.1274296 0.03172786 0.004 0.128273 0.03090814 0.004 0.127388 0.03181878 0.004 0.1283651 0.03086924 0.004 0.1273518 0.03191191 0.004 0.05131667 0.1079522 0.004 0.03370452 0.08365363 0.004 0.1284592 0.03083565 0.004 0.1273209 0.03200697 0.004 0.1285551 0.03080749 0.004 0.1272955 0.03210363 0.004 0.05140369 0.1080014 0.004 0.1286525 0.03078485 0.004 0.1272756 0.03220159 0.004 0.1287509 0.03076781 0.004 0.05148777 0.1080554 0.004 0.03370452 0.06024637 0.004 0.1272614 0.03230051 0.004 0.1288503 0.03075642 0.004 0.1272529 0.03240009 0.004 0.12895 0.03075071 0.004 0.12725 0.0325 0.004 0.12905 0.03075071 0.004 0.1272529 0.03259991 0.004 0.1291497 0.03075642 0.004 0.1272614 0.03269949 0.004 0.1292491 0.03076781 0.004 0.1272756 0.03279841 0.004 0.1293475 0.03078485 0.004 0.1272955 0.03289637 0.004 0.1294449 0.03080749 0.004 0.1273209 0.03299303 0.004 0.1273518 0.03308809 0.004 0.127388 0.03318122 0.004 0.1274296 0.03327214 0.004 0.1274762 0.03336053 0.004 0.1275278 0.03344612 0.004 0.1275842 0.03352863 0.004 0.1276452 0.03360777 0.004 0.0492107 0.1173167 0.004 0.0492107 0.1106833 0.004 0.04928036 0.110755 0.004 0.04928036 0.117245 0.004 0.04935399 0.1171774 0.004 0.04935399 0.1108226 0.004 0.04914525 0.1173922 0.004 0.04914525 0.1106078 0.004 0.04908422 0.1105286 0.004 0.04943137 0.1171142 0.004 0.04943137 0.1108858 0.004 0.04908422 0.1174714 0.004 0.04951223 0.1170554 0.004 0.04951223 0.1109446 0.004 0.04902781 0.1175539 0.004 0.04902781 0.1104461 0.004 0.04959631 0.1170014 0.004 0.04959631 0.1109986 0.004 0.04897619 0.1176395 0.004 0.04897619 0.1103605 0.004 0.04892955 0.1102721 0.004 0.04968333 0.1169522 0.004 0.04968333 0.1110478 0.004 0.04892955 0.1177279 0.004 0.04977303 0.1169081 0.004 0.04977303 0.1110919 0.004 0.04888803 0.1178188 0.004 0.04888803 0.1101812 0.004 0.04986509 0.1168692 0.004 0.04986509 0.1111308 0.004 0.04885177 0.1179119 0.004 0.04995922 0.1168356 0.004 0.04995922 0.1111644 0.004 0.04882089 0.118007 0.004 0.05005512 0.1168075 0.004 0.05005512 0.1111925 0.004 0.04879548 0.1181036 0.004 0.05015247 0.1167849 0.004 0.05015247 0.1112151 0.004 0.04877563 0.1182016 0.004 0.05025095 0.1167678 0.004 0.05025095 0.1112322 0.004 0.04876141 0.1183005 0.004 0.05035024 0.1167564 0.004 0.05035024 0.1112436 0.004 0.05045003 0.1112493 0.004 0.04875285 0.1184001 0.004 0.05045003 0.1167507 0.004 0.05054997 0.1167507 0.004 0.05054997 0.1112493 0.004 0.05064976 0.1167564 0.004 0.05064976 0.1112436 0.004 0.05074905 0.1167678 0.004 0.05074905 0.1112322 0.004 0.05084753 0.1167849 0.004 0.05084753 0.1112151 0.004 0.05094488 0.1168075 0.004 0.05094488 0.1111925 0.004 0.05104078 0.1168356 0.004 0.05104078 0.1111644 0.004 0.05113491 0.1168692 0.004 0.05113491 0.1111308 0.004 0.05122697 0.1169081 0.004 0.05122697 0.1110919 0.004 0.05131667 0.1169522 0.004 0.05131667 0.1110478 0.004 0.05140369 0.1170014 0.004 0.05140369 0.1109986 0.004 0.05148777 0.1170554 0.004 0.05148777 0.1109446 0.004 0.05156863 0.1108858 0.004 0.05156863 0.1171142 0.004 0.05164601 0.1171774 0.004 0.05164601 0.1108226 0.004 0.05171964 0.110755 0.004 0.05171964 0.117245 0.004 0.0517893 0.1173167 0.004 0.0517893 0.1106833 0.004 0.05185475 0.1106078 0.004 0.05185475 0.1173922 0.004 0.05191578 0.1174714 0.004 0.05191578 0.1105286 0.004 0.05197219 0.1175539 0.004 0.05197219 0.1104461 0.004 0.05202381 0.1176395 0.004 0.05202381 0.1103605 0.004 0.05207045 0.1102721 0.004 0.05207045 0.1177279 0.004 0.05211197 0.1101812 0.004 0.05211197 0.1178188 0.004 0.05214823 0.1179119 0.004 0.05214823 0.1100881 0.004 0.05217911 0.118007 0.004 0.05217911 0.109993 0.004 0.05220452 0.1181036 0.004 0.05220452 0.1098964 0.004 0.05222437 0.1182016 0.004 0.05222437 0.1097984 0.004 0.05223859 0.1096995 0.004 0.05223859 0.1183005 0.004 0.04 0.1325 0.004 0.05148777 0.1199446 0.004 0.05156863 0.1198858 0.004 0.05140369 0.1199986 0.004 0.05131667 0.1200478 0.004 0.05122697 0.1200919 0.004 0.05113491 0.1201308 0.004 0.05104078 0.1201644 0.004 0.05094488 0.1201925 0.004 0.05084753 0.1202151 0.004 0.05074905 0.1202322 0.004 0.05064976 0.1202436 0.004 0.05054997 0.1202493 0.004 0.05045003 0.1202493 0.004 0.05035024 0.1202436 0.004 0.05025095 0.1202322 0.004 0.05015247 0.1202151 0.004 0.05005512 0.1201925 0.004 0.04995922 0.1201644 0.004 0.04986509 0.1201308 0.004 0.04977303 0.1200919 0.004 0.04968333 0.1200478 0.004 0.04959631 0.1199986 0.004 0.04951223 0.1199446 0.004 0.04943137 0.1198858 0.004 0.04935399 0.1198226 0.004 0.04928036 0.119755 0.004 0.0492107 0.1196833 0.004 0.04914525 0.1196078 0.004 0.04908422 0.1195286 0.004 0.04902781 0.1194461 0.004 0.04897619 0.1193605 0.004 0.04892955 0.1192721 0.004 0.04888803 0.1191812 0.004 0.04885177 0.1190881 0.004 0.04882089 0.118993 0.004 0.04879548 0.1188964 0.004 0.04877563 0.1187984 0.004 0.04876141 0.1186995 0.004 0.04875285 0.1185999 0.004 0.04875 0.1185 0.004 0.1437107 0.03131669 0.004 0.1302893 0.03131669 0.004 0.1302196 0.03124502 0.004 0.1303548 0.03139223 0.004 0.1437804 0.03124502 0.004 0.143854 0.03117744 0.004 0.130146 0.03117744 0.004 0.1436452 0.03139223 0.004 0.1439314 0.03111417 0.004 0.1300686 0.03111417 0.004 0.1435842 0.03147138 0.004 0.1304158 0.03147138 0.004 0.1440122 0.03105542 0.004 0.1299878 0.03105542 0.004 0.1435278 0.03155388 0.004 0.1304722 0.03155388 0.004 0.1440963 0.03100139 0.004 0.1299037 0.03100139 0.004 0.1298167 0.03095224 0.004 0.1434762 0.03163947 0.004 0.1305238 0.03163947 0.004 0.1441833 0.03095224 0.004 0.129727 0.03090814 0.004 0.1434296 0.03172786 0.004 0.1305704 0.03172786 0.004 0.144273 0.03090814 0.004 0.143388 0.03181878 0.004 0.130612 0.03181878 0.004 0.1306482 0.03191191 0.004 0.1443651 0.03086924 0.004 0.1296349 0.03086924 0.004 0.1433518 0.03191191 0.004 0.1444592 0.03083565 0.004 0.1295408 0.03083565 0.004 0.1433209 0.03200697 0.004 0.1306791 0.03200697 0.004 0.1445551 0.03080749 0.004 0.1432955 0.03210363 0.004 0.1307045 0.03210363 0.004 0.1432756 0.03220159 0.004 0.1307244 0.03220159 0.004 0.1307386 0.03230051 0.004 0.1432614 0.03230051 0.004 0.1432529 0.03240009 0.004 0.1307471 0.03240009 0.004 0.13075 0.0325 0.004 0.14325 0.0325 0.004 0.1432529 0.03259991 0.004 0.1307471 0.03259991 0.004 0.1307386 0.03269949 0.004 0.1432614 0.03269949 0.004 0.1307244 0.03279841 0.004 0.1432756 0.03279841 0.004 0.1307045 0.03289637 0.004 0.1432955 0.03289637 0.004 0.1433209 0.03299303 0.004 0.1306791 0.03299303 0.004 0.1433518 0.03308809 0.004 0.1306482 0.03308809 0.004 0.130612 0.03318122 0.004 0.143388 0.03318122 0.004 0.1305704 0.03327214 0.004 0.1434296 0.03327214 0.004 0.1305238 0.03336053 0.004 0.1434762 0.03336053 0.004 0.1435278 0.03344612 0.004 0.1304722 0.03344612 0.004 0.1435842 0.03352863 0.004 0.1304158 0.03352863 0.004 0.1303548 0.03360777 0.004 0.1436452 0.03360777 0.004 0.1437107 0.03368331 0.004 0.1302893 0.03368331 0.004 0.1437804 0.03375498 0.004 0.1302196 0.03375498 0.004 0.130146 0.03382256 0.004 0.143854 0.03382256 0.004 0.1439314 0.03388583 0.004 0.1300686 0.03388583 0.004 0.1440122 0.03394458 0.004 0.1299878 0.03394458 0.004 0.1299037 0.03399861 0.004 0.1440963 0.03399861 0.004 0.1441833 0.03404776 0.004 0.1298167 0.03404776 0.004 0.144273 0.03409185 0.004 0.129727 0.03409185 0.004 0.1296349 0.03413076 0.004 0.1443651 0.03413076 0.004 0.1295408 0.03416435 0.004 0.1444592 0.03416435 0.004 0.1445551 0.03419251 0.004 0.1294449 0.03419251 0.004 0.1446525 0.03421515 0.004 0.1293475 0.03421515 0.004 0.155 0.0255 0.004 0.1454449 0.03080749 0.004 0.1453475 0.03078485 0.004 0.1455408 0.03083565 0.004 0.1456349 0.03086924 0.004 0.145727 0.03090814 0.004 0.1458167 0.03095224 0.004 0.1459037 0.03100139 0.004 0.1459878 0.03105542 0.004 0.1460686 0.03111417 0.004 0.146146 0.03117744 0.004 0.1462196 0.03124502 0.004 0.1462893 0.03131669 0.004 0.1463548 0.03139223 0.004 0.1464158 0.03147138 0.004 0.1464722 0.03155388 0.004 0.1465238 0.03163947 0.004 0.1465704 0.03172786 0.004 0.1467471 0.03259991 0.004 0.14675 0.0325 0.004 0.146612 0.03181878 0.004 0.1467386 0.03269949 0.004 0.1466482 0.03191191 0.004 0.1467244 0.03279841 0.004 0.1466791 0.03200697 0.004 0.1467045 0.03289637 0.004 0.1467045 0.03210363 0.004 0.1466791 0.03299303 0.004 0.1467244 0.03220159 0.004 0.1466482 0.03308809 0.004 0.1467386 0.03230051 0.004 0.146612 0.03318122 0.004 0.1467471 0.03240009 0.004 0.1465704 0.03327214 0.004 0.1465238 0.03336053 0.004 0.1464722 0.03344612 0.004 0.1464158 0.03352863 0.004 0.1446525 0.03078485 0.004 0.1447509 0.03076781 0.004 0.1448503 0.03075642 0.004 0.14495 0.03075071 0.004 0.14505 0.03075071 0.004 0.1451497 0.03075642 0.004 0.1452491 0.03076781 0.004 0.1125304 0.101245 0.004 0.03372437 0.06014841 0.004 0.03373859 0.06004948 0.004 0.1124607 0.1013167 0.004 0.05156863 0.1081142 0.004 0.112604 0.1011774 0.004 0.03374715 0.05994991 0.004 0.1123952 0.1013922 0.004 0.05164601 0.1081774 0.004 0.1126814 0.1011142 0.004 0.1123342 0.1014714 0.004 0.05171964 0.108245 0.004 0.1127622 0.1010554 0.004 0.1122778 0.1015539 0.004 0.0517893 0.1083167 0.004 0.1128463 0.1010014 0.004 0.1122262 0.1016395 0.004 0.05185475 0.1083922 0.004 0.1129333 0.1009522 0.004 0.1121796 0.1017279 0.004 0.05191578 0.1084714 0.004 0.113023 0.1009081 0.004 0.1277107 0.03368331 0.004 0.112138 0.1018188 0.004 0.05197219 0.1085539 0.004 0.1131151 0.1008692 0.004 0.1277804 0.03375498 0.004 0.1121018 0.1019119 0.004 0.05202381 0.1086395 0.004 0.1132092 0.1008356 0.004 0.127854 0.03382256 0.004 0.1120709 0.102007 0.004 0.05207045 0.1087279 0.004 0.1133051 0.1008075 0.004 0.1279314 0.03388583 0.004 0.1120455 0.1021036 0.004 0.05211197 0.1088188 0.004 0.1134025 0.1007849 0.004 0.1280122 0.03394458 0.004 0.1120256 0.1022016 0.004 0.05214823 0.1089119 0.004 0.1135009 0.1007678 0.004 0.1280963 0.03399861 0.004 0.1120114 0.1023005 0.004 0.05217911 0.109007 0.004 0.1136002 0.1007564 0.004 0.1281833 0.03404776 0.004 0.1120029 0.1024001 0.004 0.05220452 0.1091036 0.004 0.1137 0.1007507 0.004 0.128273 0.03409185 0.004 0.112 0.1025 0.004 0.05222437 0.1092016 0.004 0.1138 0.1007507 0.004 0.1283651 0.03413076 0.004 0.1120029 0.1025999 0.004 0.05223859 0.1093005 0.004 0.1138998 0.1007564 0.004 0.1284592 0.03416435 0.004 0.1120114 0.1026995 0.004 0.05224715 0.1094001 0.004 0.1139991 0.1007678 0.004 0.1285551 0.03419251 0.004 0.1120256 0.1027984 0.004 0.05225 0.1095 0.004 0.1140975 0.1007849 0.004 0.1286525 0.03421515 0.004 0.1120455 0.1028964 0.004 0.05224715 0.1095999 0.004 0.1141949 0.1008075 0.004 0.1287509 0.03423219 0.004 0.1120709 0.102993 0.004 0.1142908 0.1008356 0.004 0.1288503 0.03424358 0.004 0.1143849 0.1008692 0.004 0.12895 0.03424929 0.004 0.114477 0.1009081 0.004 0.12905 0.03424929 0.004 0.1145667 0.1009522 0.004 0.1291497 0.03424358 0.004 0.1146537 0.1010014 0.004 0.1292491 0.03423219 0.004 0.1147378 0.1010554 0.004 0.1148186 0.1011142 0.004 0.1447509 0.03423219 0.004 0.114896 0.1011774 0.004 0.1448503 0.03424358 0.004 0.1149696 0.101245 0.004 0.1124607 0.1193167 0.004 0.1124607 0.1036833 0.004 0.1125304 0.103755 0.004 0.1125304 0.119245 0.004 0.112604 0.1191774 0.004 0.112604 0.1038226 0.004 0.1126814 0.1038858 0.004 0.1123952 0.1193922 0.004 0.1123952 0.1036078 0.004 0.1126814 0.1191142 0.004 0.1127622 0.1039446 0.004 0.1123342 0.1194714 0.004 0.1123342 0.1035286 0.004 0.1127622 0.1190554 0.004 0.1122778 0.1195539 0.004 0.1122778 0.1034461 0.004 0.1128463 0.1190014 0.004 0.1128463 0.1039986 0.004 0.1122262 0.1196395 0.004 0.1122262 0.1033605 0.004 0.1121796 0.1032721 0.004 0.1129333 0.1189522 0.004 0.1129333 0.1040478 0.004 0.1121796 0.1197279 0.004 0.113023 0.1189081 0.004 0.113023 0.1040919 0.004 0.1131151 0.1041308 0.004 0.112138 0.1198188 0.004 0.112138 0.1031812 0.004 0.1121018 0.1030881 0.004 0.1131151 0.1188692 0.004 0.1121018 0.1199119 0.004 0.1132092 0.1188356 0.004 0.1132092 0.1041644 0.004 0.1120709 0.120007 0.004 0.1133051 0.1188075 0.004 0.1133051 0.1041925 0.004 0.1120455 0.1201036 0.004 0.1134025 0.1187849 0.004 0.1134025 0.1042151 0.004 0.1120256 0.1202016 0.004 0.05224715 0.1184001 0.004 0.1135009 0.1187678 0.004 0.1135009 0.1042322 0.004 0.1136002 0.1042436 0.004 0.1120114 0.1203005 0.004 0.05225 0.1185 0.004 0.1136002 0.1187564 0.004 0.1120029 0.1204001 0.004 0.05224715 0.1185999 0.004 0.1137 0.1187507 0.004 0.1137 0.1042493 0.004 0.112 0.1205 0.004 0.05223859 0.1186995 0.004 0.1138 0.1187507 0.004 0.1138 0.1042493 0.004 0.1120029 0.1205999 0.004 0.05222437 0.1187984 0.004 0.1138998 0.1187564 0.004 0.1138998 0.1042436 0.004 0.1120114 0.1206995 0.004 0.05220452 0.1188964 0.004 0.1139991 0.1187678 0.004 0.1139991 0.1042322 0.004 0.1120256 0.1207984 0.004 0.05217911 0.118993 0.004 0.1140975 0.1187849 0.004 0.1140975 0.1042151 0.004 0.1120455 0.1208964 0.004 0.05214823 0.1190881 0.004 0.1141949 0.1188075 0.004 0.1141949 0.1041925 0.004 0.1142908 0.1041644 0.004 0.1120709 0.120993 0.004 0.05211197 0.1191812 0.004 0.1142908 0.1188356 0.004 0.1121018 0.1210881 0.004 0.05207045 0.1192721 0.004 0.1143849 0.1188692 0.004 0.1143849 0.1041308 0.004 0.112138 0.1211812 0.004 0.05202381 0.1193605 0.004 0.114477 0.1189081 0.004 0.114477 0.1040919 0.004 0.1121796 0.1212721 0.004 0.05197219 0.1194461 0.004 0.1145667 0.1189522 0.004 0.1145667 0.1040478 0.004 0.1146537 0.1039986 0.004 0.1122262 0.1213605 0.004 0.05191578 0.1195286 0.004 0.1146537 0.1190014 0.004 0.1122778 0.1214461 0.004 0.05185475 0.1196078 0.004 0.1147378 0.1190554 0.004 0.1147378 0.1039446 0.004 0.1148186 0.1038858 0.004 0.1123342 0.1215286 0.004 0.0517893 0.1196833 0.004 0.1148186 0.1191142 0.004 0.1123952 0.1216078 0.004 0.05171964 0.119755 0.004 0.114896 0.1191774 0.004 0.114896 0.1038226 0.004 0.1124607 0.1216833 0.004 0.05164601 0.1198226 0.004 0.1149696 0.119245 0.004 0.1149696 0.103755 0.004 0.1125304 0.121755 0.004 0.1150393 0.1193167 0.004 0.1150393 0.1036833 0.004 0.1151048 0.1036078 0.004 0.112604 0.1218226 0.004 0.1151048 0.1193922 0.004 0.1126814 0.1218858 0.004 0.1151658 0.1194714 0.004 0.1151658 0.1035286 0.004 0.1127622 0.1219446 0.004 0.1152222 0.1195539 0.004 0.1152222 0.1034461 0.004 0.1128463 0.1219986 0.004 0.1152738 0.1196395 0.004 0.1152738 0.1033605 0.004 0.1129333 0.1220478 0.004 0.1153204 0.1197279 0.004 0.1153204 0.1032721 0.004 0.113023 0.1220919 0.004 0.115362 0.1198188 0.004 0.115362 0.1031812 0.004 0.1153982 0.1030881 0.004 0.1131151 0.1221308 0.004 0.1153982 0.1199119 0.004 0.1132092 0.1221644 0.004 0.1133051 0.1221925 0.004 0.1134025 0.1222151 0.004 0.1135009 0.1222322 0.004 0.1136002 0.1222436 0.004 0.1817804 0.07749502 0.004 0.1459878 0.03394458 0.004 0.1460686 0.03388583 0.004 0.1817107 0.0775667 0.004 0.1459037 0.03399861 0.004 0.181854 0.07742744 0.004 0.146146 0.03382256 0.004 0.1816452 0.07764223 0.004 0.1458167 0.03404776 0.004 0.1819314 0.07736417 0.004 0.1462196 0.03375498 0.004 0.1815842 0.07772137 0.004 0.145727 0.03409185 0.004 0.1820122 0.07730543 0.004 0.1462893 0.03368331 0.004 0.1815278 0.07780388 0.004 0.1456349 0.03413076 0.004 0.1820963 0.07725139 0.004 0.1463548 0.03360777 0.004 0.1814762 0.07788947 0.004 0.1455408 0.03416435 0.004 0.1821833 0.07720224 0.004 0.1814296 0.07797786 0.004 0.1454449 0.03419251 0.004 0.182273 0.07715814 0.004 0.181388 0.07806878 0.004 0.1453475 0.03421515 0.004 0.1823651 0.07711924 0.004 0.1813518 0.07816191 0.004 0.1452491 0.03423219 0.004 0.1824592 0.07708565 0.004 0.1813209 0.07825697 0.004 0.1451497 0.03424358 0.004 0.1825551 0.0770575 0.004 0.1812955 0.07835363 0.004 0.14505 0.03424929 0.004 0.1826525 0.07703486 0.004 0.1812756 0.07845158 0.004 0.14495 0.03424929 0.004 0.1827509 0.07701781 0.004 0.1812614 0.07855051 0.004 0.1150393 0.1013167 0.004 0.1828503 0.07700642 0.004 0.1812529 0.07865009 0.004 0.1151048 0.1013922 0.004 0.18295 0.07700072 0.004 0.18125 0.07875 0.004 0.1151658 0.1014714 0.004 0.18305 0.07700072 0.004 0.1812529 0.07884991 0.004 0.1152222 0.1015539 0.004 0.1831497 0.07700642 0.004 0.1812614 0.07894949 0.004 0.1152738 0.1016395 0.004 0.1832491 0.07701781 0.004 0.1812756 0.07904842 0.004 0.1153204 0.1017279 0.004 0.1833475 0.07703486 0.004 0.1812955 0.07914637 0.004 0.115362 0.1018188 0.004 0.1834449 0.0770575 0.004 0.1813209 0.07924303 0.004 0.1153982 0.1019119 0.004 0.1835408 0.07708565 0.004 0.1813518 0.07933809 0.004 0.1154291 0.102007 0.004 0.1836349 0.07711924 0.004 0.181388 0.07943122 0.004 0.1154545 0.1021036 0.004 0.183727 0.07715814 0.004 0.1814296 0.07952214 0.004 0.1154744 0.1022016 0.004 0.1838167 0.07720224 0.004 0.1814762 0.07961053 0.004 0.1154886 0.1023005 0.004 0.1839037 0.07725139 0.004 0.1839878 0.07730543 0.004 0.1840686 0.07736417 0.004 0.184146 0.07742744 0.004 0.1842196 0.07749502 0.004 0.1842893 -0.0775667 0.004 0.1842893 0.0775667 0.004 0.1843548 -0.07764223 0.004 0.1843548 0.07764223 0.004 0.1844158 -0.07772137 0.004 0.1844158 0.07772137 0.004 0.1844722 0.07780388 0.004 0.155 0.1325 0.004 0.1154971 0.1205999 0.004 0.1155 0.1205 0.004 0.1154886 0.1206995 0.004 0.1154744 0.1207984 0.004 0.1154291 0.120007 0.004 0.1154545 0.1208964 0.004 0.1154545 0.1201036 0.004 0.1154291 0.120993 0.004 0.1154744 0.1202016 0.004 0.1153982 0.1210881 0.004 0.1154886 0.1203005 0.004 0.115362 0.1211812 0.004 0.1154971 0.1204001 0.004 0.1153204 0.1212721 0.004 0.1152738 0.1213605 0.004 0.1152222 0.1214461 0.004 0.1151658 0.1215286 0.004 0.1151048 0.1216078 0.004 0.1150393 0.1216833 0.004 0.1149696 0.121755 0.004 0.114896 0.1218226 0.004 0.1148186 0.1218858 0.004 0.1147378 0.1219446 0.004 0.1146537 0.1219986 0.004 0.1145667 0.1220478 0.004 0.114477 0.1220919 0.004 0.1143849 0.1221308 0.004 0.1142908 0.1221644 0.004 0.1141949 0.1221925 0.004 0.1140975 0.1222151 0.004 0.1139991 0.1222322 0.004 0.1138998 0.1222436 0.004 0.1138 0.1222493 0.004 0.1815278 0.07969612 0.004 0.1815842 0.07977863 0.004 0.1137 0.1222493 0.004 0.1154971 0.1025999 0.004 0.1155 0.1025 0.004 0.1154886 0.1026995 0.004 0.1154744 0.1027984 0.004 0.1154545 0.1028964 0.004 0.1154291 0.102993 0.004 0.1154971 0.1024001 0.004 0.195 0.0925 0.004 0.1844158 0.07977863 0.004 0.1844722 0.07969612 0.004 0.1843548 0.07985777 0.004 0.1842893 0.0799333 0.004 0.1842196 0.08000498 0.004 0.184146 0.08007256 0.004 0.1840686 0.08013583 0.004 0.1839878 0.08019457 0.004 0.1839037 0.08024861 0.004 0.1838167 0.08029776 0.004 0.183727 0.08034186 0.004 0.1836349 0.08038076 0.004 0.1835408 0.08041435 0.004 0.1834449 0.0804425 0.004 0.1833475 0.08046514 0.004 0.1832491 0.08048219 0.004 0.1831497 0.08049358 0.004 0.18305 0.08049928 0.004 0.18295 0.08049928 0.004 0.1845238 0.07788947 0.004 0.1845704 0.07797786 0.004 0.1847471 0.07884991 0.004 0.18475 0.07875 0.004 0.184612 0.07806878 0.004 0.1847386 0.07894949 0.004 0.1846482 0.07816191 0.004 0.1847244 0.07904842 0.004 0.1846791 0.07825697 0.004 0.1847045 0.07914637 0.004 0.1847045 0.07835363 0.004 0.1846791 0.07924303 0.004 0.1847244 0.07845158 0.004 0.1846482 0.07933809 0.004 0.1847386 0.07855051 0.004 0.184612 0.07943122 0.004 0.1847471 0.07865009 0.004 0.1845704 0.07952214 0.004 0.1845238 0.07961053 0.004 0.1949518 0.09446271 0.004 0.1828503 0.08049358 0.004 0.1827509 0.08048219 0.004 0.1569627 0.1324518 0.004 0.1948074 0.09642068 0.004 0.1826525 0.08046514 0.004 0.1589207 0.1323074 0.004 0.1816452 0.07985777 0.004 0.1945671 0.09836922 0.004 0.1825551 0.0804425 0.004 0.1608692 0.1320671 0.004 0.1942314 0.1003036 0.004 0.1824592 0.08041435 0.004 0.1628036 0.1317314 0.004 0.1938013 0.1022192 0.004 0.1823651 0.08038076 0.004 0.1647192 0.1313013 0.004 0.1932776 0.1041114 0.004 0.182273 0.08034186 0.004 0.1666114 0.1307776 0.004 0.1926618 0.1059756 0.004 0.1821833 0.08029776 0.004 0.1684756 0.1301618 0.004 0.1817107 0.0799333 0.004 0.1919552 0.1078073 0.004 0.1703073 0.1294552 0.004 0.1911596 0.1096022 0.004 0.1820963 0.08024861 0.004 0.1721022 0.1286596 0.004 0.1902769 0.1113559 0.004 0.1820122 0.08019457 0.004 0.1738559 0.1277768 0.004 0.1893091 0.1130641 0.004 0.1755641 0.1268091 0.004 0.1817804 0.08000498 0.004 0.1882588 0.1147228 0.004 0.1819314 0.08013583 0.004 0.1772228 0.1257588 0.004 0.178828 0.1246283 0.004 0.1871283 0.116328 0.004 0.1859204 0.1178757 0.004 0.1803757 0.1234204 0.004 0.184638 0.1193624 0.004 0.181854 0.08007256 0.004 0.1818624 0.122138 0.004 0.1832843 0.1207843 0.004</float_array>
          <technique_common>
            <accessor count="8216" source="#cubeverts-array0-array" stride="3">
              <param type="float" name="X"/>
              <param type="float" name="Y"/>
              <param type="float" name="Z"/>
            </accessor>
          </technique_common>
        </source>
        <source id="cubenormals-array0">
          <float_array count="49740" id="cubenormals-array0-array">0 -1 0 0 -1 0 0 0 -1 0 -0 -1 0 0 -1 0 -0 -1 0 0 -1 0 -0 -1 0 0 -1 0 -0 -1 0 0 -1 0 -0 -1 0 0 -1 0 -0 -1 0 0 -1 0 -0 -1 0 0 -1 0 -0 -1 0 0 -1 0 -0 -1 0 0 -1 0 -0 -1 0 0 -1 0 -0 -1 0 0 -1 0 -0 -1 0 0 -1 0 -0 -1 0 0 -1 0 0 -1 0 -0 -1 0 0 -1 0 -0 -1 0 0 -1 0 0 -1 0 -0 -1 0 0 -1 0 0 -1 0 -0 -1 0 0 -1 0 -0 -1 0 0 -1 0 0 -1 0 0 -1 0 -0 -1 0 0 -1 0 0 -1 0 -0 -1 0 0 -1 0 0 -1 0 -0 -1 0 0 -1 0 0 -1 0 0 -1 0 -0 -1 0 0 -1 0 -0 -1 0 0 -1 0 0 -1 0 -0 -1 0 0 -1 0 0 -1 0 0 -1 0 0 -1 0 0 -1 0 -0 -1 0 0 -1 0 0 -1 0 -0 -1 0 0 -1 0 0 -1 0 0 -1 0 0 -1 0 -0 -1 0 0 -1 0 0 -1 0 0 -1 0 0 -1 0 0 -1 0 0 -1 0 0 -1 0 0 -1 0 0 -1 0 0 -1 0 0 -1 0 0 -1 0 0 -1 0 0 -1 0 0 -1 0 0 -1 0 0 -1 0 -0 -1 0 0 -1 0 -0 -1 0 0 -1 0 -0 -1 0 0 -1 0 -0 -1 0 0 -1 0 -0 -1 0 0 -1 0 -0 -1 0 0 -1 0 -0 -1 0 0 -1 0 -0 -1 0 0 -1 0 -0 -1 0 0 -1 0 -0 -1 0 0 -1 0 -0 -1 0 0 -1 0 -0 -1 0 0 -1 0 -0 -1 0 0 -1 0 -0 -1 0 0 -1 0 -0 -1 0 0 -1 0 0 -1 0 0 -1 0 0 -1 0 0 -1 0 0 -1 0 0 -1 0 0 -1 0 0 -1 0 0 -1 0 0 -1 0 0 -1 0 0 -1 0 0 -1 0 0 -1 0 0 -1 0 0 -1 0 0 -1 0 0 -1 0 0 -1 0 0 -1 0 0 -1 0 0 -1 0 0 -1 0 0 -1 0 0 -1 0 0 -1 0 0 -1 0 0 -1 0 0 -1 0 0 -1 0 0 -1 0 0 -1 0 0 -1 0 0 -1 0 0 -1 0 0 -1 0 0 -1 0 0 -1 0 0 -1 0 0 -1 0 0 -1 0 0 -1 0 0 -1 0 0 -1 0 0 -1 0 0 -1 0 0 -1 0 0 -1 0 0 -1 0 0 -1 0 0 -1 0 0 -1 0 0 -1 0 0 -1 0 0 -1 0 0 -1 0 0 -1 0 0 -1 0 0 -1 0 0 -1 0 0 -1 0 0 -1 0 0 -1 0 -0 -1 0 0 -1 0 0 -1 0 0 -1 0 -0 -1 0 0 -1 0 0 -1 0 0 -1 0 -0 -1 0 0 -1 0 0 -1 0 0 -1 0 -0 -1 0 0 -1 0 0 -1 0 0 -1 0 -0 -1 0 0 -1 0 0 -1 0 -0 -1 0 0 -1 0 0 -1 0 0 -1 0 -0 -1 0 0 -1 0 0 -1 0 0 -1 0 -0 -1 0 0 -1 0 0 -1 0 0 -1 0 -0 -1 0 0 -1 0 0 -1 0 0 -1 0 0 -1 0 0 -1 0 0 -1 0 0 -1 0 0 -1 0 0 -1 0 0 -1 0 0 -1 0 0 -1 0 0 -1 0 0 -1 0 0 -1 0 0 -1 0 0 -1 0 0 -1 0 0 -1 0 0 -1 0 0 -1 0 0 -1 0 0 -1 0 0 -1 0 0 -1 0 0 -1 0 0 -1 0 0 -1 0 0 -1 0 0 -1 0 0 -1 0 0 -1 0 0 -1 0 0 -1 0 0 -1 0 0 -1 0 0 -1 0 0 -1 0 0 -1 0 0 -1 0 0 -1 0 0 -1 0 0 -1 0 0 -1 0 0 -1 0 0 -1 0 0 -1 0 0 -1 0 0 -1 0 0 -1 0 0 -1 0 0 -1 0 0 -1 0 0 -1 0 0 -1 0 -0 -1 0 0 -1 0 0 -1 0 0 -1 0 -0 -1 0 0 -1 0 0 -1 0 -0 -1 0 -0 -1 0 0 -1 0 0 -1 0 0 -1 0 -0 -1 0 0 -1 0 0 -1 0 -0 -1 0 0 -1 0 0 -1 0 -0 -1 0 0 -1 0 -0 -1 0 0 -1 0 0 -1 0 0 -1 0 -0 -1 0 0 -1 0 0 -1 0 -0 -1 0 0 -1 0 0 -1 0 -0 -1 0 0 -1 0 0 -1 0 -0 -1 0 0 -1 0 0 -1 0 -0 -1 0 0 -1 0 -0 -1 0 0 -1 0 0 -1 0 0 -1 0 -0 -1 0 0 -1 0 0 -1 0 -0 -1 0 0 -1 0 0 -1 0 0 -1 0 0 -1 0 0 -1 0 0 -1 0 0 -1 0 0 -1 0 0 -1 0 0 -1 0 0 -1 0 0 -1 0 0 -1 0 0 -1 0 0 -1 0 0 -1 0 0 -1 0 0 -1 0 0 -1 0 0 -1 0 0 -1 0 0 -1 0 0 -1 0 0 -1 0 0 -1 0 0 -1 0 0 -1 0 0 -1 0 0 -1 0 0 -1 0 0 -1 0 0 -1 0 0 -1 0 0 -1 0 0 -1 0 -0 -1 0 -0 -1 0 -0 -1 0 -0 -1 0 -0 -1 0 -0 -1 0 -0 -1 0 -0 -1 0 -0 -1 0 -0 -1 0 -0 -1 0 -0 -1 0 -0 -1 0 -0 -1 0 0 -1 0 -0 -1 0 -0 -1 0 -0 -1 0 0 -1 0 -0 -1 0 -0 -1 0 0 -1 0 0 -1 0 -0 -1 0 0 -1 0 0 -1 0 -0 -1 0 0 -1 0 0 -1 0 -0 -1 0 0 -1 0 0 -1 0 -0 -1 0 0 -1 0 0 -1 0 -0 -1 0 0 -1 0 0 -1 0 -0 -1 0 0 -1 0 -0 -1 0 0 -1 0 0 -1 0 0 -1 0 -0 -1 0 0 -1 0 0 -1 0 -0 -1 0 0 -1 0 0 -1 0 -0 -1 0 0 -1 0 0 -1 0 0 -1 0 0 -1 0 0 -1 0 0 -1 0 0 -1 0 0 -1 0 0 -1 0 0 -1 0 0 -1 0 0 -1 0 0 -1 0 0 -1 0 0 -1 0 0 -1 0 0 -1 0 0 -1 0 0 -1 0 0 -1 0 0 -1 0 0 -1 0 0 -1 0 0 -1 0 0 -1 0 0 -1 0 0 -1 0 0 -1 0 0 -1 0 0 -1 0 0 -1 0 0 -1 0 0 -1 0 0 -1 0 0 -1 0 0 -1 0 0 -1 0 0 -1 0 0 -1 0 -0 -1 0 0 -1 0 -0 -1 -0 -0 -1 0 0 -1 0 -0 -1 0 -0 -1 -0 -0 -1 0 -0 -1 0 0 -1 0 -0 -1 -0 -0 -1 0 0 -1 0 -0 -1 0 -0 -1 -0 -0 -1 0 0 -1 0 -0 -1 0 -0 -1 -0 -0 -1 0 -0 -1 0 0 -1 -0 -0 -1 0 -0 -1 0 -0 -1 0 0 -1 0 -0 -1 0 -0 -1 -0 -0 -1 0 0 -1 0 -0 -1 0 -0 -1 0 -0 -1 0 0 -1 0 -0 -1 -0 -0 -1 0 -0 -1 0 0 -1 0 -0 -1 0 0 -1 -0 -0 -1 0 0 -1 0 -0 -1 0 -0 -1 0 0 -1 0 0 -1 0 0 -1 0 0 -1 0 0 -1 0 0 -1 0 0 -1 0 -0 -1 0 -0 -1 0 0 -1 0 0 -1 0 0 -1 0 0 -1 0 0 -1 0 0 -1 0 0 -1 0 0 -1 0 0 -1 0 0 -1 0 0 -1 0 0 -1 0 0 -1 0 0 -1 0 0 -1 0 0 -1 0 0 -1 0 0 -1 0 0 -1 0 0 -1 0 0 -1 0 0 -1 0 0 -1 0 0 -1 0 0 -1 0 0 -1 0 0 -1 0 0 -1 0 0 -1 0 0 -1 0 0 -1 0 0 -1 0 0 -1 0 0 -1 0 0 -1 0 0 -1 0 0 -1 0 0 -1 0 0 -1 0 0 -1 0 0 -1 0 0 -1 0 0 -1 0 0 -1 0 0 -1 0 0 -1 0 0 -1 0 0 -1 0 0 -1 0 0 -1 0 0 -1 0 0 -1 0 0 -1 0 0 -1 0 0 -1 0 0 -1 0 0 -1 0 0 -1 0 0 -1 0 0 -1 0 0 -1 0 0 -1 0 0 -1 0 0 -1 0 0 -1 0 0 -1 0 0 -1 0 0 -1 0 0 -1 0 0 -1 0 0 -1 0 0 -1 0 0 -1 0 0 -1 0 0 -1 0 0 -1 0 0 -1 0 0 -1 0 0 -1 0 0 -1 0 0 -1 0 0 -1 0 0 -1 0 0 -1 0 0 -1 0 0 -1 0 0 -1 0 0 -1 0 0 -1 0 0 -1 0 0 -1 0 0 -1 0 0 -1 0 0 -1 0 0 -1 0 0 -1 0 0 -1 0 0 -1 0 0 -1 0 0 -1 0 -0 -1 0 0 -1 0 0 -1 0 0 -1 0 -0 -1 0 0 -1 0 0 -1 0 0 -1 0 0 -1 0 0 -1 0 0 -1 0 0 -1 0 0 -1 0 0 -1 0 -0 -1 0 0 -1 0 0 -1 0 0 -1 0 0 -1 0 -0 -1 0 0 -1 0 0 -1 0 0 -1 0 0 -1 0 0 -1 0 0 -1 0 0 -1 0 0 -1 0 -0 -1 0 0 -1 0 0 -1 0 0 -1 0 0 -1 0 0 -1 0 0 -1 0 0 -1 0 0 -1 0 0 -1 0 0 -1 0 0 -1 0 0 -1 0 0 -1 0 0 -1 0 0 -1 0 0 -1 0 0 -1 0 0 -1 0 0 -1 0 0 -1 0 0 -1 0 0 -1 0 0 -1 0 0 -1 0 0 -1 0 0 -1 0 0 -1 0 0 -1 0 0 -1 0 0 -1 0 0 -1 0 0 -1 0 0 -1 0 0 -1 0 0 -1 0 0 -1 0 0 -1 0 0 -1 0 0 -1 0 0 -1 0 0 -1 0 0 -1 0 0 -1 0 0 -1 0 0 -1 0 0 -1 0 0 -1 0 0 -1 0 0 -1 0 0 -1 0 0 -1 0 0 -1 0 0 -1 0 0 -1 0 0 -1 0 0 -1 0 0 -1 0 0 -1 0 0 -1 0 0 -1 0 0 -1 0 0 -1 0 0 -1 0 0 -1 0 0 -1 0 0 -1 0 0 -1 0 0 -1 0 0 -1 0 0 -1 0 0 -1 0 0 -1 0 0 -1 0 0 -1 0 0 -1 0 0 -1 0 0 -1 0 0 -1 0 0 -1 0 0 -1 0 0 -1 0 0 -1 0 0 -1 0 0 -1 0 0 -1 0 0 -1 0 0 -1 0 0 -1 0 -0 -1 0 -0 -1 0 -0 -1 0 0 -1 0 -0 -1 0 0 -1 0 -0 -1 0 0 -1 0 -0 -1 0 0 -1 0 -0 -1 0 0 -1 0 -0 -1 0 0 -1 0 -0 -1 0 0 -1 0 -0 -1 0 0 -1 0 -0 -1 0 0 -1 0 -0 -1 0 0 -1 0 0 -1 0 0 -1 0 0 -1 0 0 -1 0 0 -1 0 0 -1 0 0 -1 0 0 -1 0 0 -1 0 0 -1 0 0 -1 0 0 -1 0 0 -1 0 0 -1 0 0 -1 0 0 -1 0 0 -1 0 0 -1 0 0 -1 0 0 -1 0 0 -1 0 0 -1 0 0 -1 0 0 -1 0 0 -1 0 0 -1 0 0 -1 0 0 -1 0 0 -1 0 0 -1 0 0 -1 0 0 -1 0 0 -1 0 -0 -1 0 0 -1 0 -0 -1 0 0 -1 0 -0 -1 0 0 -1 0 -0 -1 0 0 -1 0 -0 -1 0 0 -1 0 -0 -1 0 0 -1 0 0 -1 0 0 -1 0 0 -1 0 0 -1 0 0 -1 0 0 -1 0 0 -1 0 0 -1 0 0 -1 0 0 -1 0 0 -1 0 0 -1 0 0 -1 0 0 -1 0 0 -1 0 0 -1 0 0 -1 0 0 -1 0 0 -1 0 0 -1 0 0 -1 0 0 -1 0 0 -1 0 0 -1 0 0 -1 0 -0 -1 0 0 -1 0 -0 -1 0 0 -1 0 -0 -1 0 0 -1 0 -0 -1 0 0 -1 0 -0 -1 0 0 -1 0 -0 -1 0 0 -1 0 -0 -1 0 0 -1 0 -0 -1 0 0 -1 0 -0 -1 0 0 -1 0 -0 -1 0 0 -1 0 0 -1 0 -0 -1 0 0 -1 0 0 -1 0 -0 -1 0 0 -1 0 0 -1 0 -0 -1 0 0 -1 0 0 -1 0 -0 -1 0 0 -1 0 0 -1 0 -0 -1 0 0 -1 0 0 -1 0 -0 -1 0 0 -1 0 0 -1 0 -0 -1 0 0 -1 0 0 -1 0 -0 -1 0 0 -1 0 0 -1 0 -0 -1 0 -0 -1 0 -0 -1 0 -0 -1 0 -0 -1 0 -0 -1 0 -0 -1 0 -0 -1 0 -0 -1 0 -0 -1 0 0 -1 0 -0 -1 0 0 -1 0 -0 -1 0 0 -1 0 -0 -1 0 0 -1 0 -0 -1 0 0 -1 0 -0 -1 0 0 -1 0 -0 -1 0 0 -1 0 -0 -1 0 0 -1 0 -0 -1 0 0 -1 0 -0 -1 0 0 -1 0 -0 -1 0 0 -1 0 -0 -1 0 0 -1 0 -0 -1 0 0 -1 0 -0 -1 0 0 -1 0 -0 -1 0 0 -1 0 -0 -1 0 0 -1 0 -0 -1 0 0 -1 0 -0 -1 0 0 -1 0 -0 -1 0 0 -1 0 0 -1 0 0 -1 0 0 -1 0 0 -1 0 0 -1 0 0 -1 0 0 -1 0 0 -1 0 0 -1 0 0 -1 0 0 -1 0 0 -1 0 0 -1 0 0 -1 0 0 -1 0 0 -1 0 0 -1 0 0 -1 0 0 -1 0 0 -1 0 0 -1 0 0 -1 0 0 -1 0 0 -1 0 0 -1 0 0 -1 0 0 -1 0 0 -1 0 0 -1 0 0 -1 0 0 -1 0 0 -1 0 0 -1 0 0 -1 0 0 -1 0 0 -1 0 0 -1 0 0 -1 0 0 -1 0 0 -1 0 0 -1 0 0 -1 0 0 -1 0 0 -1 0 0 -1 0 0 -1 0 0 -1 0 0 -1 0 0 -1 0 0 -1 0 0 -1 0 0 -1 0 0 -1 0 0 -1 0 0 -1 0 0 -1 0 0 -1 0 0 -1 0 0 -1 0 0 -1 0 0 -1 0 0 -1 0 0 -1 0 0 -1 0 0 -1 0 0 -1 0 0 -1 0 0 -1 0 0 -1 0 0 -1 0 0 -1 0 0 -1 0 0 -1 0 0 -1 0 0 -1 0 0 -1 0 0 -1 0 0 -1 0 0 -1 0 0 -1 0 0 -1 0 0 -1 0 0 -1 0 0 -1 0 0 -1 0 0 -1 0 0 -1 0 0 -1 0 0 -1 0 0 -1 0 0 -1 0 0 -1 0 0 -1 0 0 -1 0 0 -1 0 0 -1 0 0 -1 0 0 -1 0 0 -1 0 0 -1 0 0 -1 0 0 -1 0 0 -1 0 0 -1 0 0 -1 0 0 -1 0 0 -1 0 0 -1 0 0 -1 0 0 -1 0 0 -1 0 0 -1 0 0 -1 0 0 -1 0 0 -1 0 0 -1 0 -0 -1 0 0 -1 0 -0 -1 0 -0 -1 0 -0 -1 0 0 -1 0 -0 -1 -0 -0 -1 0 0 -1 0 -0 -1 0 -0 -1 0 -0 -1 0 -0 -1 -0 -0 -1 0 0 -1 0 -0 -1 0 -0 -1 0 -0 -1 0 0 -1 0 -0 -1 0 -0 -1 0 0 -1 -0 -0 -1 0 -0 -1 0 0 -1 0 -0 -1 0 -0 -1 0 -0 -1 0 -0 -1 -0 -0 -1 0 0 -1 0 -0 -1 0 -0 -1 0 0 -1 0 -0 -1 -0 -0 -1 0 -0 -1 0 -0 -1 0 0 -1 0 0 -1 0 -0 -1 0 0 -1 0 0 -1 0 0 -1 0 -0 -1 0 -0 -1 0 0 -1 0 0 -1 0 0 -1 0 0 -1 0 0 -1 0 0 -1 0 0 -1 0 0 -1 0 0 -1 0 0 -1 0 0 -1 0 0 -1 0 0 -1 0 0 -1 0 0 -1 0 0 -1 0 0 -1 0 0 -1 0 0 -1 0 0 -1 0 0 -1 0 0 -1 0 0 -1 0 0 -1 0 0 -1 0 0 -1 0 0 -1 0 0 -1 0 0 -1 0 0 -1 0 0 -1 0 0 -1 0 0 -1 0 0 -1 0 0 -1 0 0 -1 0 0 -1 0 0 -1 0 0 -1 0 0 -1 0 0 -1 0 0 -1 0 0 -1 0 0 -1 0 0 -1 0 0 -1 0 0 -1 0 0 -1 0 0 -1 0 0 -1 0 0 -1 0 0 -1 0 0 -1 0 0 -1 0 0 -1 0 0 -1 0 0 -1 0 0 -1 0 0 -1 0 0 -1 0 0 -1 0 0 -1 0 0 -1 0 0 -1 0 0 -1 0 0 -1 0 0 -1 0 0 -1 0 0 -1 0 0 -1 0 0 -1 0 0 -1 0 0 -1 0 0 -1 0 0 -1 0 0 -1 0 0 -1 0 0 -1 0 0 -1 0 0 -1 0 0 -1 0 0 -1 0 0 -1 0 0 -1 0 0 -1 0 0 -1 0 0 -1 0 0 -1 0 0 -1 0 0 -1 0 0 -1 0 0 -1 0 0 -1 0 0 -1 0 0 -1 0 0 -1 0 0 -1 0 0 -1 0 0 -1 0 0 -1 0 0 -1 0 0 -1 0 0 -1 0 0 -1 0 0 -1 0 0 -1 0 0 -1 0 0 -1 0 0 -1 0 0 -1 0 0 -1 0 0 -1 0 0 -1 -0 -0 -1 -0 -0 -1 -0 -0 -1 -0 -0 -1 -0 -0 -1 0 -0 -1 0 -0 -1 0 -0 -1 0 -0 -1 0 -0 -1 0 -0 -1 0 -0 -1 0 -0 -1 0 -0 -1 0 -0 -1 0 -0 -1 0 -0 -1 0 -0 -1 0 -0 -1 0 -0 -1 0 -0 -1 0 -0 -1 0 -0 -1 0 -0 -1 0 -0 -1 0 0 -1 0 -0 -1 0 0 -1 -0 -0 -1 0 -0 -1 0 0 -1 0 -0 -1 0 0 -1 0 -0 -1 0 0 -1 0 -0 -1 0 0 -1 0 -0 -1 0 0 -1 0 -0 -1 0 0 -1 0 -0 -1 0 0 -1 0 0 -1 0 0 -1 0 0 -1 0 0 -1 0 0 -1 0 0 -1 0 0 -1 0 0 -1 0 0 -1 0 0 -1 0 0 -1 0 0 -1 0 0 -1 0 0 -1 0 0 -1 0 0 -1 0 0 -1 0 0 -1 0 0 -1 0 0 -1 0 0 -1 0 0 -1 0 0 -1 0 0 -1 0 0 -1 0 0 -1 0 0 -1 0 0 -1 0 0 -1 0 0 -1 0 0 -1 0 0 -1 0 0 -1 0 0 -1 0 0 -1 0 0 -1 0 0 -1 0 0 -1 0 0 -1 0 0 -1 0 0 -1 0 0 -1 0 0 -1 0 0 -1 0 0 -1 0 0 -1 0 0 -1 0 0 -1 0 0 -1 0 0 -1 0 0 -1 0 0 -1 0 0 -1 0 0 -1 0 0 -1 0 0 -1 0 0 -1 0 0 -1 0 0 -1 0 0 -1 0 0 -1 0 0 -1 0 0 -1 0 0 -1 0 0 -1 0 0 -1 0 0 -1 0 0 -1 0 0 -1 0 0 -1 0 0 -1 0 0 -1 0 0 -1 0 0 -1 0 0 -1 0 0 -1 0 0 -1 0 0 -1 0 0 -1 0 0 -1 0 0 -1 0 -0 -1 0 0 -1 0 -0 -1 0 0 -1 0 -0 -1 0 0 -1 0 -0 -1 0 0 -1 0 -0 -1 0 0 -1 0 -0 -1 0 0 -1 0 -0 -1 0 0 -1 0 -0 -1 0 0 -1 0 -0 -1 0 0 -1 0 -0 -1 0 0 -1 0 -0 -1 0 0 -1 0 -0 -1 0 0 -1 0 -0 -1 0 0 -1 0 -0 -1 0 0 -1 0 -0 -1 0 -0 -1 0 -0 -1 0 -0 -1 0 -0 -1 0 -0 -1 0 -0 -1 0 -0 -1 0 -0 -1 0 -0 -1 0 -0 -1 0 0 -1 0 0 -1 0 0 -1 0 0 -1 0 0 -1 0 0 -1 0 0 -1 0 0 -1 0 0 -1 0 0 -1 0 0 -1 0 0 -1 0 0 -1 0 0 -1 0 0 -1 0 0 -1 0 0 -1 0 0 -1 0 0 -1 0 0 -1 0 0 -1 0 0 -1 0 0 -1 0 0 -1 0 0 -1 0 0 -1 0 0 -1 0 0 -1 0 0 -1 0 0 -1 0 0 -1 0 0 -1 0 0 -1 0 0 -1 0 0 -1 0 0 -1 0 0 -1 0 0 -1 0 0 -1 0 0 -1 0 0 -1 0 0 -1 0 0 -1 0 0 -1 0 0 -1 0 0 -1 0 0 -1 0 0 -1 0 0 -1 0 0 -1 0 0 -1 0 0 -1 0 0 -1 0 0 -1 0 0 -1 0 0 -1 0 0 -1 0 0 -1 0 0 -1 0 0 -1 0 0 -1 0 0 -1 0 0 -1 0 0 -1 0 0 -1 0 0 -1 0 0 -1 0 0 -1 0 0 -1 0 0 -1 0 0 -1 0 0 -1 0 0 -1 0 0 -1 0 0 -1 0 0 -1 0 0 -1 0 0 -1 0 0 -1 0 0 -1 0 0 -1 0 0 -1 0 0 -1 0 0 -1 0 0 -1 0 0 -1 0 0 -1 0 0 -1 0 0 -1 0 0 -1 0 0 -1 0 0 -1 0 0 -1 0 0 -1 0 0 -1 0 0 -1 0 0 -1 0 0 -1 0 0 -1 0 0 -1 0 0 -1 0 0 -1 0 0 -1 0 0 -1 0 0 -1 0 0 -1 0 0 -1 0 0 -1 0 0 -1 0 0 -1 0 0 -1 0 0 -1 0 0 -1 0 0 -1 0 0 -1 0 0 -1 0 0 -1 0 0 -1 0 0 -1 0 0 -1 0 0 -1 0 0 -1 0 0 -1 0 0 -1 0 0 -1 0 0 -1 0 0 -1 0 0 -1 0 0 -1 0 0 -1 0 0 -1 0 0 -1 0 0 -1 0 0 -1 0 0 -1 0 0 -1 0 0 -1 0 0 -1 0 0 -1 0 0 -1 0 0 -1 0 0 -1 0 0 -1 0 0 -1 0 0 -1 0 -0 -1 0 0 -1 0 0 -1 0 0 -1 0 -0 -1 0 -0 -1 0 0 -1 0 0 -1 0 0 -1 0 -0 -1 0 0 -1 0 -0 -1 0 0 -1 0 0 -1 0 0 -1 0 0 -1 0 -0 -1 0 0 -1 0 0 -1 0 -0 -1 0 0 -1 0 0 -1 0 -0 -1 0 0 -1 0 0 -1 0 -0 -1 0 -0 -1 0 -0 -1 0 0 -1 0 0 -1 0 -0 -1 0 0 -1 0 0 -1 0 0 -1 0 0 -1 0 -0 -1 0 -0 -1 0 0 -1 0 0 -1 0 0 -1 0 -0 -1 0 0 -1 0 0 -1 0 0 -1 0 0 -1 0 0 -1 0 0 -1 0 0 -1 0 0 -1 0 0 -1 0 0 -1 0 0 -1 0 0 -1 0 0 -1 0 0 -1 0 0 -1 0 0 -1 0 0 -1 0 0 -1 0 0 -1 0 0 -1 0 0 -1 0 0 -1 0 0 -1 0 0 -1 0 0 -1 0 0 -1 0 0 -1 0 0 -1 0 0 -1 0 0 -1 0 0 -1 0 -0 -1 0 0 -1 0 0 -1 0 0 -1 0 0 -1 0 0 -1 0 0 -1 0 0 -1 0 0 -1 0 0 -1 0 0 -1 0 0 -1 0 0 -1 0 0 -1 0 0 -1 0 0 -1 0 0 -1 0 0 -1 0 0 -1 0 0 -1 0 0 -1 0 0 -1 0 0 -1 0 0 -1 0 0 -1 0 0 -1 0 -0 -1 0 -0 -1 0 -0 -1 0 -0 -1 0 0 -1 0 -0 -1 0 -0 -1 0 -0 -1 0 -0 -1 0 0 -1 0 0 -1 0 0 -1 0 0 -1 0 0 -1 0 0 -1 0 0 -1 0 0 -1 0 0 -1 0 0 -1 0 0 -1 0 0 -1 0 0 -1 0 0 -1 0 0 -1 0 0 -1 0 0 -1 0 0 -1 0 0 -1 0 0 -1 0 0 -1 0 0 -1 0 0 -1 0 0 -1 0 0 -1 0 0 -1 0 0 -1 0 0 -1 0 0 -1 0 0 -1 0 0 -1 0 0 -1 0 0 -1 0 0 -1 0 0 -1 0 -0 -1 0 -0 -1 0 0 -1 0 0 -1 0 0 -1 0 0 -1 0 0 -1 0 -0 -1 0 0 -1 0 0 -1 0 0 -1 0 -0 -1 0 -0 -1 0 0 -1 0 0 -1 0 0 -1 0 0 -1 0 0 -1 0 0 -1 0 0 -1 0 0 -1 0 -0 -1 0 0 -1 0 0 -1 0 0 -1 0 0 -1 0 0 -1 0 0 -1 0 0 -1 0 0 -1 0 0 -1 0 0 -1 0 0 -1 0 0 -1 0 0 -1 0 0 -1 0 0 -1 0 0 -1 0 0 -1 0 0 -1 0 0 -1 0 0 -1 0 0 -1 0 0 -1 0 0 -1 0 0 -1 0 0 -1 0 -0 -1 0 0 -1 0 0 -1 0 0 -1 0 0 -1 0 0 -1 0 0 -1 0 0 -1 0 0 -1 0 0 -1 0 0 -1 0 0 -1 0 0 -1 0 0 -1 0 0 -1 0 0 -1 0 0 -1 0 0 -1 0 0 -1 0 0 -1 0 0 -1 0 0 -1 0 0 -1 0 0 -1 0 0 -1 0 0 -1 0 0 -1 0 0 -1 0 0 -1 0 0 -1 0 0 -1 0 0 -1 0 0 -1 0 0 -1 0 0 -1 0 0 -1 0 0 -1 0 0 -1 0 0 -1 0 0 -1 0 0 -1 0 0 -1 0 0 -1 0 0 -1 0 0 -1 0 0 -1 0 0 -1 0 0 -1 0 0 -1 0 0 -1 0 0 -1 0 0 -1 0 0 -1 0 0 -1 0 0 -1 0 0 -1 0 0 -1 0 0 -1 0 0 -1 0 0 -1 0 0 -1 0 -0 -1 0 0 -1 0 -0 -1 0 0 -1 0 0 -1 0 -0 -1 0 0 -1 0 -0 -1 0 0 -1 0 -0 -1 0 0 -1 0 -0 -1 0 0 -1 0 -0 -1 0 0 -1 0 0 -1 0 0 -1 0 0 -1 0 -0 -1 0 0 -1 0 0 -1 0 0 -1 0 0 -1 0 -0 -1 0 0 -1 0 0 -1 0 -0 -1 0 0 -1 0 0 -1 0 0 -1 0 -0 -1 0 0 -1 0 0 -1 0 0 -1 0 0 -1 0 -0 -1 0 0 -1 0 0 -1 0 -0 -1 0 0 -1 0 0 -1 0 0 -1 0 -0 -1 0 0 -1 0 0 -1 0 0 -1 0 -0 -1 0 0 -1 0 0 -1 0 0 -1 0 -0 -1 0 0 -1 0 0 -1 0 -0 -1 0 -0 -1 0 0 -1 0 0 -1 0 -0 -1 0 0 -1 0 0 -1 0 0 -1 0 -0 -1 0 0 -1 0 -0 -1 0 0 -1 0 0 -1 0 0 -1 0 -0 -1 0 0 -1 0 -0 -1 0 0 -1 0 0 -1 0 0 -1 0 -0 -1 0 0 -1 0 -0 -1 0 0 -1 0 0 -1 0 -0 -1 0 0 -1 0 -0 -1 0 0 -1 0 0 -1 0 -0 -1 0 -0 -1 0 -0 -1 0 -0 -1 0 -0 -1 0 0 -1 -0 -0 -1 0 -0 -1 0 -0 -1 0 0 -1 0 -0 -1 0 -0 -1 0 0 -1 0 -0 -1 0 0 -1 0 -0 -1 0 -0 -1 0 -0 -1 0 0 -1 0 -0 -1 0 -0 -1 0 0 -1 0 -0 -1 0 -0 -1 0 0 -1 0 -0 -1 0 -0 -1 0 0 -1 0 -0 -1 0 -0 -1 0 0 -1 0 -0 -1 0 -0 -1 0 0 -1 0 -0 -1 0 -0 -1 0 0 -1 0 -0 -1 0 -0 -1 0 0 -1 0 -0 -1 0 -0 -1 0 0 -1 0 0 -1 0 -0 -1 0 0 -1 0 -0 -1 0 0 -1 0 0 -1 0 0 -1 0 0 -1 0 0 -1 0 0 -1 0 -0 -1 0 0 -1 0 0 -1 0 0 -1 0 0 -1 0 0 -1 0 0 -1 0 0 -1 0 0 -1 0 0 -1 0 0 -1 0 0 -1 0 0 -1 0 0 -1 0 0 -1 0 0 -1 0 0 -1 0 0 -1 0 0 -1 0 0 -1 0 0 -1 0 0 -1 0 0 -1 0 0 -1 0 0 -1 0 0 -1 0 0 -1 0 0 -1 0 0 -1 0 0 -1 0 0 -1 0 0 -1 0 0 -1 0 0 -1 0 0 -1 0 0 -1 0 0 -1 0 0 -1 0 0 -1 0 0 -1 0 0 -1 0 0 -1 0 0 -1 0 0 -1 0 0 -1 0 0 -1 0 0 -1 0 0 -1 0 0 -1 0 0 -1 0 0 -1 0 0 -1 0 0 -1 0 0 -1 0 0 -1 0 0 -1 0 0 -1 0 0 -1 0 0 -1 0 0 -1 0 0 -1 0 0 -1 0 0 -1 0 0 -1 0 0 -1 0 0 -1 0 0 -1 0 0 -1 0 0 -1 0 0 -1 0 0 -1 0 0 -1 0 0 -1 0 0 -1 0 0 -1 0 0 -1 0 0 -1 0 0 -1 0 0 -1 0 0 -1 0 0 -1 0 0 -1 0 0 -1 0 0 -1 0 0 -1 0 0 -1 0 0 -1 0 0 -1 0 0 -1 0 0 -1 0 0 -1 0 0 -1 0 0 -1 0 0 -1 0 0 -1 0 0 -1 0 0 -1 0 0 -1 0 0 -1 0 0 -1 0 0 -1 0 0 -1 0 0 -1 0 0 -1 0 0 -1 0 0 -1 0 0 -1 0 0 -1 0 0 -1 0 0 -1 0 0 -1 0 0 -1 0 0 -1 0 0 -1 0 0 -1 0 0 -1 0 0 -1 0 0 -1 0 0 -1 0 0 -1 0 0 -1 0 0 -1 0 0 -1 0 0 -1 0 0 -1 0 0 -1 0 0 -1 0 0 -1 0 0 -1 0 0 -1 0 0 -1 0 0 -1 0 0 -1 0 0 -1 0 0 -1 0 0 -1 0 0 -1 0 0 -1 0 0 -1 0 0 -1 0 0 -1 0 0 -1 0 0 -1 0 0 -1 0 0 -1 0 0 -1 0 0 -1 0 0 -1 0 0 -1 0 0 -1 0 0 -1 0 0 -1 0 0 -1 0 0 -1 0 0 -1 0 0 -1 0 0 -1 0 0 -1 0 0 -1 0 0 -1 0 0 -1 0 0 -1 0 0 -1 0 -0 -1 0 0 -1 0 0 -1 0 0 -1 0 0 -1 0 0 -1 0 0 -1 0 0 -1 0 0 -1 0 0 -1 0 0 -1 0 0 -1 0 0 -1 0 0 -1 0 0 -1 0 0 -1 0 0 -1 0 0 -1 0 0 -1 0 0 -1 0 0 -1 0 0 -1 0 0 -1 0 0 -1 0 0 -1 0 0 -1 0 0 -1 0 0 -1 0 0 -1 0 0 -1 0 0 -1 0 0 -1 0 0 -1 0 0 -1 0 0 -1 0 0 -1 0 0 -1 0 0 -1 0 0 -1 0 0 -1 0 0 -1 0 0 -1 0 0 -1 0 0 -1 0 0 -1 0 0 -1 0 0 -1 0 0 -1 0 0 -1 0 0 -1 0 0 -1 0 0 -1 0 0 -1 0 0 -1 0 0 -1 0 0 -1 0 0 -1 0 0 -1 0 0 -1 0 0 -1 0 0 -1 0 0 -1 0 0 -1 0 0 -1 0 0 -1 0 0 -1 0 0 -1 0 0 -1 0 0 -1 0 0 -1 0 -0 -1 0 0 -1 0 0 -1 0 0 -1 0 0 -1 0 0 -1 0 -0 -1 0 0 -1 0 0 -1 0 0 -1 0 -0 -1 0 0 -1 0 0 -1 0 -0 -1 0 0 -1 0 0 -1 0 0 -1 0 0 -1 0 0 -1 0 0 -1 0 0 -1 0 0 -1 0 0 -1 0 0 -1 0 0 -1 0 0 -1 0 0 -1 -0 -0 -1 -0 -0 -1 0 -0 -1 0 -0 -1 0 -0 -1 0 -0 -1 0 -0 -1 0 -0 -1 0 -0 -1 0 -0 -1 0 -0 -1 0 -0 -1 0 -0 -1 0 -0 -1 0 -0 -1 0 -0 -1 0 -0 -1 0 -0 -1 0 -0 -1 0 -0 -1 0 -0 -1 0 0 -1 0 -0 -1 0 0 -1 0 -0 -1 0 0 -1 0 -0 -1 0 0 -1 0 -0 -1 0 0 -1 0 -0 -1 0 0 -1 0 -0 -1 0 -0 -1 0 -0 -1 0 -0 -1 0 0 -1 0 0 -1 0 -0 -1 0 -0 -1 0 -0 -1 0 -0 -1 0 0 -1 0 -0 -1 0 -0 -1 0 0 -1 0 -0 -1 0 0 -1 0 -0 -1 0 0 -1 0 -0 -1 0 0 -1 0 -0 -1 0 0 -1 0 -0 -1 0 0 -1 0 0 -1 0 0 -1 0 -0 -1 0 0 -1 0 0 -1 0 0 -1 0 0 -1 0 0 -1 0 0 -1 0 0 -1 0 0 -1 0 0 -1 0 0 -1 0 0 -1 0 0 -1 0 0 -1 0 0 -1 0 0 -1 0 0 -1 0 0 -1 0 0 -1 0 0 -1 0 0 -1 0 -0 -1 0 -0 -1 0 0 -1 0 0 -1 0 0 -1 0 0 -1 0 0 -1 0 -0 -1 0 0 -1 0 -0 -1 0 0 -1 0 0 -1 0 0 -1 0 0 -1 0 -0 -1 0 0 -1 0 0 -1 0 0 -1 0 0 -1 0 0 -1 0 0 -1 0 0 -1 0 0 -1 0 0 -1 0 0 -1 0 0 -1 0 0 -1 0 0 -1 0 0 -1 0 0 -1 0 0 -1 0 0 -1 0 0 -1 0 0 -1 0 0 -1 0 0 -1 0 0 -1 0 0 -1 0 0 -1 0 0 -1 0 0 -1 0 0 -1 0 0 -1 0 0 -1 0 0 -1 0 0 -1 0 0 -1 0 0 -1 0 0 -1 0 0 -1 0 0 -1 0 0 -1 0 0 -1 0 0 -1 0 0 -1 0 0 -1 0 0 -1 0 0 -1 0 0 -1 0 0 -1 0 0 -1 0 0 -1 0 0 -1 0 0 -1 0 0 -1 0 0 -1 0 0 -1 0 0 -1 0 0 -1 0 0 -1 0 0 -1 0 0 -1 0 0 -1 0 0 -1 0 0 -1 0 0 -1 0 0 -1 0 0 -1 0 0 -1 0 0 -1 0 0 -1 0 0 -1 0 0 -1 0 0 -1 0 0 -1 0 0 -1 0 0 -1 0 0 -1 0 0 -1 0 0 -1 0 0 -1 0 0 -1 0 0 -1 0 0 -1 0 0 -1 0 0 -1 0 0 -1 0 0 -1 0 0 -1 0 0 -1 0 0 -1 0 0 -1 0 0 -1 0 0 -1 0 0 -1 0 0 -1 0 0 -1 0 0 -1 0 0 -1 0 0 -1 0 0 -1 0 0 -1 0 0 -1 0 0 -1 0 0 -1 0 0 -1 0 -0 -1 0 -0 -1 0 0 -1 0 -0 -1 0 -0 -1 0 -0 -1 0 0 -1 0 -0 -1 0 -0 -1 0 -0 -1 0 0 -1 0 0 -1 0 0 -1 0 0 -1 0 -0 -1 0 0 -1 0 -0 -1 0 0 -1 0 0 -1 0 -0 -1 0 0 -1 0 0 -1 0 0 -1 0 -0 -1 0 0 -1 0 0 -1 0 0 -1 0 0 -1 0 -0 -1 0 0 -1 0 0 -1 0 0 -1 0 -0 -1 0 0 -1 0 0 -1 0 0 -1 0 -0 -1 0 0 -1 0 0 -1 0 0 -1 0 -0 -1 0 0 -1 0 0 -1 0 0 -1 0 0 -1 0 0 -1 0 0 -1 0 0 -1 0 0 -1 0 0 -1 0 0 -1 0 0 -1 0 0 -1 0 0 -1 0 0 -1 0 0 -1 0 -0 -1 0 0 -1 0 0 -1 0 0 -1 0 0 -1 0 0 -1 0 0 -1 0 0 -1 0 0 -1 0 0 -1 0 0 -1 0 0 -1 0 0 -1 0 0 -1 0 0 -1 0 0 -1 0 0 -1 0 0 -1 0 0 -1 0 0 -1 0 0 -1 0 0 -1 0 0 -1 0 0 -1 0 0 -1 0 0 -1 0 0 -1 0 0 -1 0 0 -1 0 0 -1 0 0 -1 0 0 -1 0 0 -1 0 0 -1 0 0 -1 0 0 -1 0 0 -1 0 0 -1 0 0 -1 0 0 -1 0 0 -1 -0 -0 -1 -0 -0 -1 -0 -0 -1 0 -0 -1 0 -0 -1 0 -0 -1 0 -0 -1 0 -0 -1 0 -0 -1 0 -0 -1 0 -0 -1 0 -0 -1 0 -0 -1 0 -0 -1 0 -0 -1 0 -0 -1 0 -0 -1 0 -0 -1 0 -0 -1 0 -0 -1 0 -0 -1 0 -0 -1 0 0 -1 0 -0 -1 0 0 -1 0 -0 -1 0 0 -1 0 -0 -1 0 0 -1 0 -0 -1 0 0 -1 0 0 -1 0 -0 -1 0 0 -1 0 -0 -1 0 -0 -1 0 -0 -1 0 0 -1 0 0 -1 0 0 -1 0 0 -1 0 0 -1 0 0 -1 0 0 -1 0 0 -1 0 0 -1 0 0 -1 0 0 -1 0 0 -1 0 0 -1 0 0 -1 0 0 -1 0 0 -1 0 0 -1 0 0 -1 0 0 -1 0 0 -1 0 0 -1 0 0 -1 0 0 -1 0 0 -1 0 0 -1 0 0 -1 0 0 -1 0 0 -1 0 0 -1 0 0 -1 0 0 -1 0 0 -1 0 0 -1 0 0 -1 0 0 -1 0 0 -1 0 0 -1 0 0 -1 0 0 -1 0 0 -1 0 0 -1 0 0 -1 0 0 -1 0 0 -1 0 0 -1 0 0 -1 0 -0 -1 0 0 -1 0 0 -1 0 0 -1 0 -0 -1 0 0 -1 0 0 -1 0 0 -1 0 -0 -1 0 0 -1 0 0 -1 0 0 -1 0 -0 -1 0 0 -1 0 0 -1 0 0 -1 0 0 -1 0 0 -1 0 0 -1 0 0 -1 0 0 -1 0 0 -1 0 0 -1 0 0 -1 0 0 -1 0 0 -1 0 0 -1 0 0 -1 0 0 -1 0 0 -1 0 0 -1 0 0 -1 0 0 -1 0 0 -1 0 0 -1 0 0 -1 0 0 -1 0 0 -1 0 0 -1 0 0 -1 0 0 -1 0 0 -1 0 0 -1 0 0 -1 0 0 -1 0 0 -1 0 0 -1 0 0 -1 0 0 -1 0 0 -1 0 0 -1 0 0 -1 0 0 -1 0 0 -1 0 0 -1 0 0 -1 0 0 -1 0 0 -1 0 0 -1 0 0 -1 0 0 -1 0 0 -1 0 0 -1 0 0 -1 0 0 -1 0 0 -1 0 0 -1 0 0 -1 0 0 -1 0 0 -1 0 0 -1 0 0 -1 0 0 -1 0 0 -1 0 0 -1 0 0 -1 0 0 -1 0 0 -1 0 0 -1 0 0 -1 0 0 -1 0 0 -1 0 0 -1 0 0 -1 0 0 -1 0 0 -1 0 0 -1 0 0 -1 0 0 -1 0 0 -1 0 0 -1 0 0 -1 0 -0 -1 0 -0 -1 0 0 -1 0 -0 -1 0 -0 -1 0 -0 -1 0 -0 -1 0 0 -1 0 -0 -1 0 -0 -1 0 0 -1 -0 -0 -1 0 -0 -1 0 -0 -1 0 0 -1 0 -0 -1 0 -0 -1 0 0 -1 0 -0 -1 0 0 -1 0 -0 -1 0 0 -1 0 0 -1 0 -0 -1 0 0 -1 0 0 -1 0 0 -1 0 -0 -1 0 0 -1 0 0 -1 0 0 -1 0 0 -1 0 -0 -1 0 0 -1 0 0 -1 0 -0 -1 0 0 -1 0 0 -1 0 0 -1 0 0 -1 0 -0 -1 0 0 -1 0 0 -1 0 -0 -1 0 0 -1 0 0 -1 0 0 -1 0 -0 -1 0 0 -1 0 0 -1 0 0 -1 0 -0 -1 0 -0 -1 0 0 -1 0 0 -1 0 0 -1 0 0 -1 0 0 -1 0 0 -1 0 0 -1 0 0 -1 0 0 -1 0 0 -1 0 0 -1 0 0 -1 0 0 -1 0 0 -1 0 0 -1 0 0 -1 0 0 -1 0 0 -1 0 0 -1 0 0 -1 0 0 -1 0 0 -1 0 0 -1 0 0 -1 0 0 -1 0 0 -1 0 0 -1 0 0 -1 0 0 -1 0 0 -1 0 0 -1 0 0 -1 0 0 -1 0 0 -1 0 0 -1 0 0 -1 0 0 -1 0 0 -1 0 0 -1 0 0 -1 0 0 -1 0 0 -1 0 0 -1 0 0 -1 0 0 -1 0 0 -1 0 0 -1 0 0 -1 0 0 -1 0 0 -1 0 0 -1 0 0 -1 0 0 -1 0 0 -1 0 0 -1 0 0 -1 0 0 -1 0 0 -1 0 0 -1 0 0 -1 0 0 -1 0 0 -1 0 0 -1 0 0 -1 0 -0 -1 0 0 -1 0 0 -1 0 0 -1 0 0 -1 0 0 -1 0 0 -1 0 0 -1 0 0 -1 0 0 -1 0 0 -1 0 0 -1 0 0 -1 0 0 -1 0 0 -1 0 0 -1 0 0 -1 0 0 -1 0 0 -1 0 0 -1 0 0 -1 0 0 -1 0 0 -1 0 0 -1 0 0 -1 0 0 -1 0 0 -1 0 0 -1 0 0 -1 0 0 -1 0 0 -1 0 0 -1 0 0 -1 0 0 -1 0 0 -1 0 0 -1 0 0 -1 0 0 -1 0 0 -1 0 0 -1 0 0 -1 0 0 -1 0 0 -1 0 0 -1 0 0 -1 0 0 -1 0 0 -1 0 0 -1 0 -0 -1 0 0 -1 0 -0 -1 0 0 -1 0 0 -1 0 -0 -1 0 0 -1 0 -0 -1 0 0 -1 0 0 -1 0 0 -1 0 -0 -1 0 0 -1 0 0 -1 0 -0 -1 0 0 -1 0 0 -1 0 -0 -1 0 0 -1 0 0 -1 0 -0 -1 0 0 -1 0 0 -1 0 -0 -1 0 0 -1 0 0 -1 0 -0 -1 0 0 -1 0 0 -1 0 -0 -1 0 0 -1 0 0 -1 0 -0 -1 0 0 -1 0 0 -1 0 -0 -1 0 0 -1 0 -0 -1 0 0 -1 0 0 -1 0 -0 -1 0 0 -1 0 0 -1 0 -0 -1 0 0 -1 0 0 -1 0 -0 -1 0 0 -1 0 0 -1 0 -0 -1 0 0 -1 0 0 -1 0 0 -1 0 0 -1 0 0 -1 0 0 -1 0 0 -1 0 0 -1 0 0 -1 0 0 -1 0 0 -1 0 0 -1 0 0 -1 0 0 -1 0 0 -1 0 0 -1 0 0 -1 0 0 -1 0 0 -1 0 0 -1 0 0 -1 0 0 -1 0 0 -1 0 0 -1 0 0 -1 0 0 -1 0 0 -1 0 0 -1 0 0 -1 0 0 -1 0 0 -1 0 0 -1 0 0 -1 0 0 -1 0 0 -1 0 0 -1 0 0 -1 0 0 -1 0 0 -1 0 0 -1 0 0 -1 0 0 -1 0 0 -1 0 0 -1 0 0 -1 0 0 -1 0 0 -1 0 0 -1 0 0 -1 0 0 -1 0 0 -1 0 0 -1 0 0 -1 0 0 -1 0 0 -1 0 0 -1 0 0 -1 0 0 -1 0 0 -1 0 0 -1 0 0 -1 0 0 -1 0 0 -1 0 0 -1 0 0 -1 0 0 -1 0 0 -1 0 0 -1 0 0 -1 0 0 -1 0 0 -1 0 0 -1 0 0 -1 0 0 -1 0 0 -1 0 0 -1 0 0 -1 0 0 -1 0 0 -1 0 0 -1 0 0 -1 0 0 -1 0 0 -1 0 0 -1 0 0 -1 0 0 -1 0 0 -1 0 0 -1 0 0 -1 0 0 -1 0 0 -1 0 0 -1 0 0 -1 0 0 -1 0 0 -1 0 0 -1 0 0 -1 0 0 -1 0 0 -1 0 0 -1 0 0 -1 0 0 -1 0 0 -1 0 0 -1 0 0 -1 0 0 -1 0 0 -1 0 0 -1 0 0 -1 0 0 -1 0 0 -1 0 0 -1 0 0 -1 0 0 -1 0 0 -1 0 0 -1 0 0 -1 0 0 -1 0 0 -1 0 0 -1 0 0 -1 0 0 -1 0 0 -1 0 0 -1 0 0 -1 0 0 -1 0 0 -1 0 0 -1 0 0 -1 0 0 -1 0 0 -1 0 0 -1 0 0 -1 0 0 -1 0 0 -1 0 0 -1 0 0 -1 0 0 -1 0 0 -1 0 0 -1 0 0 -1 0 0 -1 0 -0 -1 0 0 -1 0 -0 -1 -0 -0 -1 0 -0 -1 0 -0 -1 0 0 -1 -0 -0 -1 0 -0 -1 0 0 -1 -0 -0 -1 0 -0 -1 0 -0 -1 0 -0 -1 0 0 -1 0 -0 -1 0 -0 -1 0 0 -1 -0 -0 -1 0 -0 -1 0 -0 -1 0 -0 -1 0 0 -1 0 -0 -1 0 -0 -1 0 -0 -1 0 0 -1 -0 -0 -1 0 -0 -1 0 0 -1 -0 -0 -1 0 -0 -1 0 -0 -1 0 0 -1 0 -0 -1 -0 -0 -1 0 -0 -1 0 -0 -1 0 0 -1 0 -0 -1 -0 -0 -1 0 -0 -1 0 0 -1 0 -0 -1 0 0 -1 0 -0 -1 0 0 -1 0 -0 -1 0 0 -1 0 0 -1 0 -0 -1 0 0 -1 0 0 -1 0 0 -1 0 -0 -1 0 0 -1 0 0 -1 0 0 -1 0 0 -1 0 0 -1 0 0 -1 0 0 -1 0 0 -1 0 0 -1 0 0 -1 0 0 -1 0 0 -1 0 0 -1 0 0 -1 0 0 -1 0 0 -1 0 0 -1 0 0 -1 0 0 -1 0 0 -1 0 0 -1 0 0 -1 0 0 -1 0 0 -1 0 0 -1 0 0 -1 0 0 -1 0 0 -1 0 0 -1 0 0 -1 0 0 -1 0 0 -1 0 0 -1 0 0 -1 0 0 -1 0 0 -1 0 0 -1 0 0 -1 0 0 -1 0 0 -1 0 0 -1 0 0 -1 0 0 -1 0 0 -1 0 0 -1 0 0 -1 0 0 -1 0 0 -1 0 0 -1 0 0 -1 0 0 -1 0 0 -1 0 0 -1 0 0 -1 0 0 -1 0 0 -1 0 0 -1 0 0 -1 0 0 -1 0 0 -1 0 0 -1 0 0 -1 0 0 -1 0 0 -1 0 0 -1 0 0 -1 0 0 -1 0 0 -1 0 0 -1 0 0 -1 0 0 -1 0 0 -1 0 0 -1 0 0 -1 0 0 -1 0 0 -1 0 0 -1 0 0 -1 0 0 -1 0 0 -1 0 0 -1 0 0 -1 0 0 -1 0 0 -1 0 0 -1 0 0 -1 0 0 -1 0 0 -1 0 0 -1 0 0 -1 0 0 -1 0 0 -1 0 0 -1 0 0 -1 0 0 -1 0 0 -1 0 0 -1 0 0 -1 0 0 -1 0 0 -1 0 0 -1 0 0 -1 0 0 -1 0 0 -1 0 0 -1 0 0 -1 0 0 -1 0 0 -1 0 0 -1 0 0 -1 0 0 -1 0 0 -1 0 0 -1 0 0 -1 0 0 -1 0 0 -1 0 -0 -1 0 -0 -1 0 0 -1 0 0 -1 0 0 -1 0 0 -1 0 0 -1 0 -0 -1 0 0 -1 0 0 -1 0 0 -1 0 -0 -1 0 0 -1 0 0 -1 0 0 -1 0 -0 -1 0 0 -1 0 0 -1 0 0 -1 0 0 -1 0 0 -1 0 -0 -1 0 0 -1 0 0 -1 0 0 -1 0 0 -1 0 0 -1 0 0 -1 0 0 -1 0 0 -1 0 0 -1 0 0 -1 0 0 -1 0 0 -1 0 0 -1 0 0 -1 0 0 -1 0 0 -1 0 0 -1 0 0 -1 0 0 -1 0 0 -1 0 0 -1 0 0 -1 0 0 -1 0 0 -1 0 0 -1 0 0 -1 0 0 -1 0 0 -1 0 0 -1 0 0 -1 0 0 -1 0 0 -1 0 0 -1 0 0 -1 0 0 -1 0 0 -1 0 0 -1 0 0 -1 0 0 -1 0 0 -1 0 0 -1 0 0 -1 0 0 -1 0 0 -1 0 0 -1 0 0 -1 0 0 -1 0 0 -1 0 0 -1 0 0 -1 0 0 -1 0 0 -1 0 0 -1 0 0 -1 0 0 -1 0 0 -1 0 0 -1 0 0 -1 0 0 -1 0 0 -1 0 0 -1 0 0 -1 0 0 -1 0 0 -1 0 0 -1 0 0 -1 0 0 -1 0 0 -1 0 0 -1 0 0 -1 0 0 -1 0 -0 -1 0 0 -1 0 -0 -1 0 0 -1 0 -0 -1 0 0 -1 0 -0 -1 0 0 -1 0 -0 -1 0 0 -1 0 -0 -1 0 0 -1 0 0 -1 0 0 -1 0 0 -1 0 0 -1 0 0 -1 0 0 -1 0 0 -1 0 0 -1 0 0 -1 0 0 -1 0 0 -1 0 0 -1 0 0 -1 0 0 -1 0 0 -1 0 0 -1 0 0 -1 0 0 -1 0 0 -1 0 0 -1 0 0 -1 0 0 -1 0 0 -1 0 0 -1 0 0 -1 0 0 -1 0 0 -1 0 0 -1 0 0 -1 0 0 -1 0 0 -1 0 0 -1 0 0 -1 0 0 -1 0 0 -1 0 0 -1 0 0 -1 0 0 -1 0 0 -1 0 0 -1 0 0 -1 0 0 -1 0 0 -1 0 0 -1 0 0 -1 0 0 -1 0 0 -1 0 -0 -1 0 -0 -1 0 -0 -1 0 0 -1 0 -0 -1 0 0 -1 0 -0 -1 0 0 -1 0 0 -1 0 0 -1 0 0 -1 0 0 -1 0 0 -1 0 0 -1 0 0 -1 0 0 -1 0 0 -1 0 0 -1 0 0 -1 0 0 -1 0 0 -1 0 0 -1 0 0 -1 0 0 -1 0 0 -1 0 0 -1 0 0 -1 0 0 -1 0 0 -1 0 0 -1 0 0 -1 0 0 -1 0 0 -1 0 0 -1 0 0 -1 0 0 -1 0 0 -1 0 0 -1 0 0 -1 0 0 -1 0 0 -1 0 0 -1 0 0 -1 0 0 -1 0 0 -1 0 0 -1 0 0 -1 0 0 -1 0 0 -1 0 -0 -1 0 0 -1 0 -0 -1 0 -0 -1 0 0 -1 0 -0 -1 0 -0 -1 0 -0 -1 0 -0 -1 0 -0 -1 0 -0 -1 0 -0 -1 0 -0 -1 0 -0 -1 0 -0 -1 0 -0 -1 0 -0 -1 0 -0 -1 0 -0 -1 0 -0 -1 0 -0 -1 0 -0 -1 0 0 -1 0 -0 -1 0 0 -1 0 -0 -1 0 0 -1 0 -0 -1 0 0 -1 0 -0 -1 0 0 -1 0 -0 -1 0 0 -1 0 -0 -1 0 0 -1 0 -0 -1 0 0 -1 0 -0 -1 0 0 -1 0 -0 -1 0 0 -1 0 -0 -1 0 0 -1 0 -0 -1 0 0 -1 0 -0 -1 0 0 -1 0 -0 -1 0 0 -1 0 -0 -1 0 0 -1 0 -0 -1 0 0 -1 0 0 -1 0 -0 -1 0 -0 -1 0 0 -1 0 0 -1 0 -0 -1 0 0 -1 0 0 -1 0 -0 -1 0 0 -1 0 -0 -1 0 -0 -1 0 0 -1 0 -0 -1 0 -0 -1 0 0 -1 0 -0 -1 0 0 -1 0 -0 -1 0 0 -1 0 -0 -1 0 0 -1 0 -0 -1 0 0 -1 0 -0 -1 0 -0 -1 0 -0 -1 0 0 -1 0 -0 -1 0 0 -1 0 -0 -1 0 0 -1 0 -0 -1 0 -0 -1 0 -0 -1 0 0 -1 0 -0 -1 0 0 -1 0 -0 -1 0 -0 -1 0 -0 -1 0 0 -1 0 -0 -1 0 0 -1 0 -0 -1 0 0 -1 0 0 -1 0 -0 -1 0 0 -1 0 -0 -1 0 0 -1 0 -0 -1 0 0 -1 0 -0 -1 0 0 -1 0 -0 -1 0 0 -1 0 -0 -1 0 0 -1 0 -0 -1 0 0 -1 0 0 -1 0 0 -1 0 0 -1 0 0 -1 0 0 -1 0 0 -1 0 0 -1 0 0 -1 0 0 -1 0 0 -1 0 0 -1 0 0 -1 0 0 -1 0 0 -1 0 0 -1 0 0 -1 0 0 -1 0 0 -1 0 0 -1 0 0 -1 0 0 -1 0 0 -1 0 0 -1 0 0 -1 0 0 -1 0 0 -1 0 0 -1 0 0 -1 0 0 -1 0 0 -1 0 0 -1 0 0 -1 0 0 -1 0 0 -1 0 0 -1 0 0 -1 0 0 -1 0 0 -1 0 0 -1 0 0 -1 0 0 -1 0 0 -1 0 0 -1 0 0 -1 0 0 -1 0 0 -1 0 0 -1 0 0 -1 0 0 -1 0 0 -1 0 0 -1 0 0 -1 0 0 -1 0 0 -1 0 0 -1 0 0 -1 0 0 -1 0 0 -1 0 0 -1 0 0 -1 0 0 -1 0 0 -1 0 0 -1 0 0 -1 0 0 -1 0 0 -1 0 0 -1 0 0 -1 0 0 -1 0 0 -1 0 0 -1 0 0 -1 0 0 -1 0 0 -1 0 0 -1 0 0 -1 0 0 -1 0 0 -1 0 0 -1 0 0 -1 0 0 -1 0 0 -1 0 0 -1 0 0 -1 0 0 -1 0 0 -1 0 0 -1 0 0 -1 0 0 -1 0 0 -1 0 0 -1 0 0 -1 0 0 -1 0 0 -1 0 0 -1 0 0 -1 0 0 -1 0 0 -1 0 0 -1 0 0 -1 0 0 -1 0 0 -1 0 0 -1 0 0 -1 0 0 -1 0 0 -1 0 0 -1 0 0 -1 0 0 -1 0 0 -1 0 0 -1 0 0 -1 0 0 -1 0 0 -1 0 0 -1 0 0 -1 0 0 -1 0 0 -1 0 0 -1 0 0 -1 0 0 -1 0 0 -1 0 0 -1 0 0 -1 0 0 -1 0 0 -1 0 0 -1 0 0 -1 0 0 -1 0 0 -1 0 0 -1 0 0 -1 0 0 -1 0 0 -1 0 0 -1 0 0 -1 0 0 -1 0 0 -1 0 0 -1 0 0 -1 0 0 -1 0 0 -1 0 0 -1 0 0 -1 0 0 -1 0 0 -1 0 0 -1 0 0 -1 0 -0 -1 0 -0 -1 0 0 -1 0 -0 -1 -0 -0 -1 0 0 -1 0 -0 -1 -0 -0 -1 0 -0 -1 0 0 -1 0 -0 -1 -0 -0 -1 0 -0 -1 0 0 -1 0 -0 -1 0 -0 -1 -0 -0 -1 0 -0 -1 0 0 -1 0 -0 -1 0 -0 -1 0 -0 -1 0 0 -1 0 -0 -1 0 0 -1 0 -0 -1 0 -0 -1 0 -0 -1 -0 -0 -1 0 0 -1 0 -0 -1 -0 -0 -1 0 -0 -1 0 0 -1 0 -0 -1 -0 -0 -1 0 -0 -1 0 0 -1 0 -0 -1 0 -0 -1 0 -0 -1 0 0 -1 0 0 -1 0 0 -1 0 -0 -1 0 -0 -1 0 0 -1 0 0 -1 0 0 -1 0 0 -1 0 0 -1 0 0 -1 0 0 -1 0 0 -1 0 0 -1 0 0 -1 0 0 -1 0 0 -1 0 0 -1 0 0 -1 0 0 -1 0 0 -1 0 0 -1 0 0 -1 0 0 -1 0 0 -1 0 0 -1 0 0 -1 0 0 -1 0 0 -1 0 0 -1 0 0 -1 0 0 -1 0 0 -1 0 0 -1 0 0 -1 0 0 -1 0 0 -1 0 0 -1 0 0 -1 0 0 -1 0 0 -1 0 0 -1 0 0 -1 0 0 -1 0 0 -1 0 0 -1 0 0 -1 0 0 -1 0 0 -1 0 0 -1 0 0 -1 0 0 -1 0 0 -1 0 0 -1 0 -0 -1 0 -0 -1 0 -0 -1 0 -0 -1 0 -0 -1 0 -0 -1 0 -0 -1 0 -0 -1 0 -0 -1 0 -0 -1 0 -0 -1 0 -0 -1 0 -0 -1 0 -0 -1 0 -0 -1 0 -0 -1 0 0 -1 0 -0 -1 0 0 -1 0 -0 -1 0 0 -1 0 -0 -1 0 0 -1 0 -0 -1 0 0 -1 0 -0 -1 0 0 -1 0 -0 -1 0 0 -1 0 -0 -1 0 0 -1 0 -0 -1 0 0 -1 0 0 -1 0 0 -1 0 0 -1 0 -0 -1 -0 -0 -1 -0 -0 -1 -0 -0 -1 -0 -0 -1 -0 -0 -1 0 -0 -1 0 -0 -1 0 -0 -1 0 0 -1 0 -0 -1 0 -0 -1 0 0 -1 0 0 -1 0 -0 -1 0 0 -1 0 0 -1 0 -0 -1 0 0 -1 0 -0 -1 0 -0 -1 0 0 -1 0 -0 -1 0 0 -1 0 0 -1 0 -0 -1 0 0 -1 0 0 -1 0 -0 -1 0 0 -1 0 0 -1 0 0 -1 0 -0 -1 0 0 -1 0 0 -1 0 -0 -1 0 0 -1 0 0 -1 0 0 -1 0 -0 -1 0 0 -1 0 0 -1 0 0 -1 0 -0 -1 0 0 -1 0 0 -1 0 0 -1 0 -0 -1 0 0 -1 0 0 -1 0 0 -1 0 0 -1 0 -0 -1 0 0 -1 0 0 -1 0 -0 -1 0 0 -1 0 0 -1 0 0 -1 0 0 -1 0 -0 -1 0 0 -1 0 0 -1 0 0 -1 0 -0 -1 0 0 -1 0 0 -1 0 0 -1 0 -0 -1 0 0 -1 0 0 -1 0 -0 -1 0 0 -1 0 0 -1 0 0 -1 0 -0 -1 0 0 -1 0 0 -1 0 0 -1 0 0 -1 0 0 -1 0 0 -1 0 0 -1 0 0 -1 0 0 -1 0 0 -1 0 0 -1 0 0 -1 0 0 -1 0 0 -1 0 0 -1 0 0 -1 0 0 -1 0 0 -1 0 0 -1 0 0 -1 0 0 -1 0 0 -1 0 0 -1 0 0 -1 0 0 -1 0 0 -1 0 0 -1 0 0 -1 0 0 -1 0 0 -1 0 0 -1 0 0 -1 0 0 -1 0 0 -1 0 0 -1 0 0 -1 0 0 -1 0 0 -1 0 0 -1 0 0 -1 0 0 -1 0 0 -1 0 0 -1 0 0 -1 0 0 -1 0 0 -1 0 0 -1 0 0 -1 0 0 -1 0 0 -1 0 0 -1 0 0 -1 0 0 -1 0 0 -1 0 0 -1 0 0 -1 0 0 -1 0 0 -1 0 0 -1 0 0 -1 0 0 -1 0 0 -1 0 0 -1 0 0 -1 0 0 -1 0 0 -1 0 0 -1 0 0 -1 0 -0 -1 0 0 -1 0 0 -1 0 0 -1 0 0 -1 0 0 -1 0 -0 -1 0 0 -1 0 0 -1 0 0 -1 0 0 -1 0 0 -1 0 0 -1 0 0 -1 0 0 -1 0 0 -1 0 0 -1 0 0 -1 0 0 -1 0 0 -1 0 0 -1 0 0 -1 0 0 -1 0 0 -1 0 0 -1 0 0 -1 0 0 -1 0 0 -1 0 0 -1 0 0 -1 0 0 -1 0 0 -1 0 0 -1 0 0 -1 0 0 -1 0 0 -1 0 0 -1 0 0 -1 0 0 -1 0 0 -1 0 0 -1 0 0 -1 0 0 -1 0 0 -1 0 0 -1 0 0 -1 0 0 -1 0 0 -1 0 0 -1 0 0 -1 0 0 -1 0 0 -1 0 0 -1 0 0 -1 0 0 -1 0 0 -1 0 0 -1 0 0 -1 0 0 -1 0 0 -1 0 0 -1 0 0 -1 0 0 -1 0 0 -1 0 0 -1 0 0 -1 0 0 -1 0 0 -1 0 0 -1 0 0 -1 0 0 -1 0 0 -1 0 0 -1 0 0 -1 0 0 -1 0 0 -1 0 0 -1 0 0 -1 0 0 -1 0 0 -1 0 0 -1 0 0 -1 0 0 -1 0 0 -1 0 0 -1 0 0 -1 0 0 -1 0 0 -1 0 0 -1 0 0 -1 0 0 -1 0 0 -1 0 0 -1 0 0 -1 0 0 -1 0 0 -1 0 0 -1 0 0 -1 0 0 -1 0 0 -1 0 0 -1 0 0 -1 0 0 -1 0 -0 -1 0 0 -1 0 0 -1 0 0 -1 0 -0 -1 0 0 -1 0 0 -1 0 0 -1 0 -0 -1 0 0 -1 0 0 -1 0 0 -1 0 -0 -1 0 0 -1 0 0 -1 0 -0 -1 0 0 -1 0 0 -1 0 0 -1 0 -0 -1 0 0 -1 0 0 -1 0 0 -1 0 -0 -1 0 0 -1 0 0 -1 0 -0 -1 0 0 -1 0 0 -1 0 -0 -1 0 0 -1 0 0 -1 0 -0 -1 0 0 -1 0 0 -1 0 -0 -1 0 0 -1 0 0 -1 0 -0 -1 0 0 -1 0 -0 -1 0 -0 -1 0 0 -1 0 -0 -1 0 0 -1 0 -0 -1 0 -0 -1 0 0 -1 0 -0 -1 0 -0 -1 0 0 -1 0 -0 -1 0 -0 -1 0 0 -1 0 -0 -1 0 -0 -1 0 0 -1 0 -0 -1 0 -0 -1 0 -0 -1 0 0 -1 0 -0 -1 0 -0 -1 0 0 -1 0 -0 -1 0 -0 -1 0 0 -1 0 -0 -1 0 0 -1 0 -0 -1 0 -0 -1 0 0 -1 0 -0 -1 0 -0 -1 0 -0 -1 0 -0 -1 0 -0 -1 0 0 -1 0 0 -1 0 -0 -1 0 0 -1 0 0 -1 0 0 -1 0 0 -1 0 0 -1 0 0 -1 0 0 -1 0 0 -1 0 0 -1 0 0 -1 0 0 -1 0 -0 -1 0 0 -1 0 -0 -1 0 0 -1 0 -0 -1 0 0 -1 0 0 -1 0 -0 -1 0 0 -1 0 -0 -1 0 0 -1 0 -0 -1 0 0 -1 0 0 -1 0 0 -1 0 0 -1 0 0 -1 0 0 -1 0 0 -1 0 0 -1 0 0 -1 0 0 -1 0 0 -1 0 0 -1 0 0 -1 0 0 -1 0 0 -1 0 0 -1 0 0 -1 0 0 -1 0 0 -1 0 0 -1 0 0 -1 0 0 -1 0 0 -1 0 0 -1 0 0 -1 0 0 -1 0 0 -1 0 0 -1 0 0 -1 0 0 -1 0 0 -1 0 -0 -1 0 -0 -1 0 0 -1 0 0 -1 0 0 -1 0 0 -1 0 0 -1 0 0 -1 0 0 -1 0 0 -1 0 0 -1 0 0 -1 0 0 -1 0 0 -1 0 0 -1 0 0 -1 0 0 -1 0 0 -1 0 0 -1 0 0 -1 0 0 -1 0 -0 -1 0 -0 -1 0 0 -1 0 -0 -1 0 0 -1 0 -0 -1 0 0 -1 0 -0 -1 0 0 -1 0 -0 -1 0 0 -1 0 -0 -1 0 0 -1 0 -0 -1 0 0 -1 0 -0 -1 0 0 -1 0 -0 -1 0 0 -1 0 0 -1 0 0 -1 0 0 -1 0 0 -1 0 0 -1 0 0 -1 0 0 -1 0 0 -1 0 0 -1 0 0 -1 0 0 -1 0 0 -1 0 0 -1 0 0 -1 0 0 -1 0 0 -1 0 0 -1 0 0 -1 0 0 -1 0 0 -1 0 0 -1 0 0 -1 0 0 -1 0 0 -1 0 0 -1 0 0 -1 0 0 -1 0 0 -1 0 0 -1 0 0 -1 0 0 -1 0 0 -1 0 0 -1 0 0 -1 0 0 -1 0 0 -1 0 0 -1 0 0 -1 0 0 -1 0 0 -1 0 0 -1 0 0 -1 0 0 -1 0 0 -1 0 0 -1 0 0 -1 0 0 -1 0 0 -1 0 -0 -1 0.02454402 -0.9996988 0 0.02454402 -0.9996988 0 0.07356221 -0.9972906 0 0.07356221 -0.9972906 0 0.1224094 -0.9924797 0 0.1224094 -0.9924797 0 0.1709604 -0.9852779 0 0.1709604 -0.9852779 0 0.2191016 -0.975702 0 0.2191016 -0.975702 0 0.2667122 -0.9637762 0 0.2667122 -0.9637762 0 0.3136852 -0.9495271 0 0.3136852 -0.9495271 0 0.3598919 -0.932994 0 0.3598919 -0.932994 0 0.4052419 -0.9142095 0 0.4052419 -0.9142095 0 0.4496151 -0.8932225 0 0.4496151 -0.8932225 0 0.4928984 -0.8700868 0 0.4928984 -0.8700868 0 0.5349966 -0.8448542 0 0.5349966 -0.8448542 0 0.5758062 -0.8175862 0 0.5758062 -0.8175862 0 0.6152322 -0.788346 0 0.6152322 -0.788346 0 0.6531708 -0.7572107 0 0.6531708 -0.7572107 0 0.6895428 -0.724245 0 0.6895428 -0.724245 0 0.7242468 -0.6895409 0 0.7242468 -0.6895409 0 0.757207 -0.6531749 0 0.757207 -0.6531749 0 0.7883497 -0.6152274 0 0.8175826 -0.5758114 0 0.7883497 -0.6152274 0 0.8175826 -0.5758114 0 0.8448548 -0.5349956 0 0.8448548 -0.5349956 0 0.8700852 -0.4929014 0 0.8700852 -0.4929014 0 0.8932248 -0.4496104 0 0.8932248 -0.4496104 0 0.9142101 -0.4052405 0 0.932994 -0.3598919 0 0.9142101 -0.4052405 0 0.932994 -0.3598919 0 0.9495267 -0.3136863 0 0.9637762 -0.2667122 0 0.9495267 -0.3136863 0 0.9637762 -0.2667122 0 0.9757023 -0.2191008 0 0.9757023 -0.2191008 0 0.9852778 -0.170961 0 0.9852778 -0.170961 0 0.9924797 -0.1224094 0 0.9972906 -0.07356221 0 0.9924797 -0.1224094 0 0.9972906 -0.07356221 0 0.9996988 -0.02454402 0 0.9996988 -0.02454402 0 -1 0 0 -1 0 0 0 0 1 0 0 1 0 0 1 0 0 1 0 0 1 0 0 1 0 0 1 0 0 1 0 0 1 0 0 1 0 0 1 0 0 1 0 0 1 0 0 1 0 0 1 0 0 1 0 0 1 0 0 1 0 0 1 0 0 1 0 0 1 0 0 1 0 0 1 0 0 1 0 0 1 0 0 1 0 0 1 0 0 1 0 0 1 0 0 1 0 0 1 0 0 1 0 0 1 0 0 1 0 0 1 0 0 1 0 0 1 0 0 1 0 0 1 0 0 1 0 0 1 0 0 1 0 0 1 0 0 1 0 0 1 0 0 1 0 0 1 0 0 1 0 0 1 0 0 1 0 0 1 0 0 1 0 0 1 0 0 1 0 0 1 0 0 1 0 0 1 0 0 1 0 0 1 0 0 1 0 0 1 0 0 1 0 0 1 0 0 1 0 0 1 0 0 1 0 0 1 0 0 1 0 0 1 0 0 1 0 0 1 0 0 1 0 0 1 0 0 1 0 0 1 0 0 1 0 0 1 0 0 1 0 0 1 0 0 1 0 0 1 0 0 1 0 0 1 0 0 1 0 0 1 0 0 1 0 0 1 0 0 1 0 0 1 0 0 1 0 0 1 0 0 1 0 0 1 0 0 1 0 0 1 0 0 1 0 0 1 0 0 1 0 0 1 0 0 1 0 0 1 0 0 1 0 0 1 0 0 1 0 0 1 0 0 1 0 0 1 0 0 1 0 0 1 0 0 1 0 0 1 0 0 1 0 0 1 0 0 1 0 0 1 0 0 1 0 0 1 0 0 1 0 0 1 0 0 1 0 0 1 0 0 1 0 0 1 0 0 1 0 0 1 0 0 1 0 0 1 0 0 1 0 0 1 0 0 1 0 0 1 0 0 1 0 0 1 0 0 1 0 0 1 0 0 1 0 0 1 0 0 1 0 0 1 0 0 1 0 0 1 0 0 1 0 0 1 0 0 1 0 0 1 0 0 1 0 0 1 0 0 1 0 0 1 0 0 1 0 0 1 0 0 1 0 0 1 0 0 1 0 0 1 0 0 1 0 0 1 0 0 1 0 0 1 0 0 1 0 0 1 0 0 1 0 0 1 0 0 1 0 0 1 0 0 1 0 0 1 0 0 1 0 0 1 0 0 1 0 0 1 0 0 1 0 0 1 0 0 1 0 0 1 0 0 1 0 0 1 0 0 1 0 0 1 0 0 1 0 0 1 0 0 1 0 0 1 0 0 1 0 0 1 0 0 1 0 0 1 0 0 1 0 0 1 0 0 1 0 0 1 0 0 1 0 0 1 0 0 1 0 0 1 0 0 1 0 0 1 0 0 1 0 0 1 0 0 1 0 0 1 0 0 1 0 0 1 0 0 1 0 0 1 0 0 1 0 0 1 0 0 1 0 0 1 0 0 1 0 0 1 0 0 1 0 0 1 0 0 1 0 0 1 0 0 1 0 0 1 0 0 1 0 0 1 0 0 1 0 0 1 0 0 1 0 0 1 0 0 1 0 0 1 0 0 1 0 0 1 0 0 1 0 0 1 0 0 1 0 0 1 0 0 1 0 0 1 0 0 1 0 0 1 0 0 1 0 0 1 0 0 1 0 0 1 0 0 1 0 0 1 0 0 1 0 0 1 0 0 1 0 0 1 0 0 1 0 0 1 0 0 1 0 0 1 0 0 1 0 0 1 0 0 1 0 0 1 0 0 1 0 0 1 0 0 1 0 0 1 0 0 1 0 0 1 0 0 1 0 0 1 0 0 1 0 0 1 0 0 1 0 0 1 0 0 1 0 0 1 0 0 1 0 0 1 0 0 1 0 0 1 0 0 1 0 0 1 0 0 1 0 0 1 0 0 1 0 0 1 0 0 1 0 0 1 0 0 1 0 0 1 0 0 1 0 0 1 0 0 1 0 0 1 0 0 1 0 0 1 0 0 1 0 0 1 0 0 1 0 0 1 0 0 1 0 0 1 0 0 1 0 0 1 0 0 1 0 0 1 0 0 1 0 0 1 0 0 1 0 0 1 0 0 1 0 0 1 0 0 1 0 0 1 0 0 1 0 0 1 0 0 1 0 0 1 0 0 1 0 0 1 0 0 1 0 0 1 0 0 1 0 0 1 0 0 1 0 0 1 0 0 1 0 0 1 0 0 1 0 0 1 0 0 1 0 0 1 0 0 1 0 0 1 0 0 1 0 0 1 0 0 1 0 0 1 0 0 1 0 0 1 0 0 1 0 0 1 0 0 1 0 0 1 0 0 1 0 0 1 0 0 1 0 0 1 0 0 1 0 0 1 0 0 1 0 0 1 0 0 1 0 0 1 0 0 1 0 0 1 0 0 1 0 0 1 0 0 1 0 0 1 0 0 1 0 0 1 0 0 1 0 0 1 0 0 1 0 0 1 0 0 1 0 0 1 0 0 1 0 0 1 0 0 1 0 0 1 0 0 1 0 0 1 0 0 1 0 0 1 0 0 1 0 0 1 0 0 1 0 0 1 0 0 1 0 0 1 0 0 1 0 0 1 0 0 1 0 0 1 0 0 1 0 0 1 0 0 1 0 0 1 0 0 1 0 0 1 0 0 1 0 0 1 0 0 1 0 0 1 0 0 1 0 0 1 0 0 1 0 0 1 0 0 1 0 0 1 0 0 1 0 0 1 0 0 1 0 0 1 0 0 1 0 0 1 0 0 1 0 0 1 0 0 1 0 0 1 0 0 1 0 0 1 0 0 1 0 0 1 0 0 1 0 0 1 0 0 1 0 0 1 0 0 1 0 0 1 0 0 1 0 0 1 0 0 1 0 0 1 0 0 1 0 0 1 0 0 1 0 0 1 0 0 1 0 0 1 0 0 1 0 0 1 0 0 1 0 0 1 0 0 1 0 0 1 0 0 1 0 0 1 0 0 1 0 0 1 0 0 1 0 0 1 0 0 1 0 0 1 0 0 1 0 0 1 0 0 1 0 0 1 0 0 1 0 0 1 0 0 1 0 0 1 0 0 1 0 0 1 0 0 1 0 0 1 0 0 1 0 0 1 0 0 1 0 0 1 0 0 1 0 0 1 0 0 1 0 0 1 0 0 1 0 0 1 0 0 1 0 0 1 0 0 1 0 0 1 0 0 1 0 0 1 0 0 1 0 0 1 0 0 1 0 0 1 0 0 1 0 0 1 0 0 1 0 0 1 0 0 1 0 0 1 0 0 1 0 0 1 0 0 1 0 0 1 0 0 1 0 0 1 0 0 1 0 0 1 0 0 1 0 0 1 0 0 1 0 0 1 0 0 1 0 0 1 0 0 1 0 0 1 0 0 1 0 0 1 0 0 1 0 0 1 0 0 1 0 0 1 0 0 1 0 0 1 0 0 1 0 0 1 0 0 1 0 0 1 0 0 1 0 0 1 0 0 1 0 0 1 0 0 1 0 0 1 0 0 1 0 0 1 0 0 1 0 0 1 0 0 1 0 0 1 0 0 1 0 0 1 0 0 1 0 0 1 0 0 1 0 0 1 0 0 1 0 0 1 0 0 1 0 0 1 0 0 1 0 0 1 0 0 1 0 0 1 0 0 1 0 0 1 0 0 1 0 0 1 0 0 1 0 0 1 0 0 1 0 0 1 0 0 1 0 0 1 0 0 1 0 0 1 0 0 1 0 0 1 0 0 1 0 0 1 0 0 1 0 0 1 0 0 1 0 0 1 0 0 1 0 0 1 0 0 1 0 0 1 0 0 1 0 0 1 0 0 1 0 0 1 0 0 1 0 0 1 0 0 1 0 0 1 0 0 1 0 0 1 0 0 1 0 0 1 0 0 1 0 0 1 0 0 1 0 0 1 0 0 1 0 0 1 0 0 1 0 0 1 0 0 1 0 0 1 0 0 1 0 0 1 0 0 1 0 0 1 0 0 1 0 0 1 0 0 1 0 0 1 0 0 1 0 0 1 0 0 1 0 0 1 0 0 1 0 0 1 0 0 1 0 0 1 0 0 1 0 0 1 0 0 1 0 0 1 0 0 1 0 0 1 0 0 1 0 0 1 0 0 1 0 0 1 0 0 1 0 0 1 0 0 1 0 0 1 0 0 1 0 0 1 0 0 1 0 0 1 0 0 1 0 0 1 0 0 1 0 0 1 0 0 1 0 0 1 0 0 1 0 0 1 0 0 1 0 0 1 0 0 1 0 0 1 0 0 1 0 0 1 0 0 1 0 0 1 0 0 1 0 0 1 0 0 1 0 0 1 0 0 1 0 0 1 0 0 1 0 0 1 0 0 1 0 0 1 0 0 1 0 0 1 0 0 1 0 0 1 0 0 1 0 0 1 0 0 1 0 0 1 0 0 1 0 0 1 0 0 1 0 0 1 0 0 1 0 0 1 0 0 1 0 0 1 0 0 1 0 0 1 0 0 1 0 0 1 0 0 1 0 0 1 0 0 1 0 0 1 0 0 1 0 0 1 0 0 1 0 0 1 0 0 1 0 0 1 0 0 1 0 0 1 0 0 1 0 0 1 0 0 1 0 0 1 0 0 1 0 0 1 0 0 1 0 0 1 0 0 1 0 0 1 0 0 1 0 0 1 0 0 1 0 0 1 0 0 1 0 0 1 0 0 1 0 0 1 0 0 1 0 0 1 0 0 1 0 0 1 0 0 1 0 0 1 0 0 1 0 0 1 0 0 1 0 0 1 0 0 1 0 0 1 0 0 1 0 0 1 0 0 1 0 0 1 0 0 1 0 0 1 0 0 1 0 0 1 0 0 1 0 0 1 0 0 1 0 0 1 0 0 1 0 0 1 0 0 1 0 0 1 0 0 1 0 0 1 0 0 1 0 0 1 0 0 1 0 0 1 0 0 1 0 0 1 0 0 1 0 0 1 0 0 1 0 0 1 0 0 1 0 0 1 0 0 1 0 0 1 0 0 1 0 0 1 0 0 1 0 0 1 0 0 1 0 0 1 0 0 1 0 0 1 0 0 1 0 0 1 0 0 1 0 0 1 0 0 1 0 0 1 0 0 1 0 0 1 0 0 1 0 0 1 0 0 1 0 0 1 0 0 1 0 0 1 0 0 1 0 0 1 0 0 1 0 0 1 0 0 1 0 0 1 0 0 1 0 0 1 0 0 1 0 0 1 0 0 1 0 0 1 0 0 1 0 0 1 0 0 1 0 0 1 0 0 1 0 0 1 0 0 1 0 0 1 0 0 1 0 0 1 0 0 1 0 0 1 0 0 1 0 0 1 0 0 1 0 0 1 0 0 1 0 0 1 0 0 1 0 0 1 0 0 1 0 0 1 0 0 1 0 0 1 0 0 1 0 0 1 0 0 1 0 0 1 0 0 1 0 0 1 0 0 1 0 0 1 0 0 1 0 0 1 0 0 1 0 0 1 0 0 1 0 0 1 0 0 1 0 0 1 0 0 1 0 0 1 0 0 1 0 0 1 0 0 1 0 0 1 0 0 1 0 0 1 0 0 1 0 0 1 0 0 1 0 0 1 0 0 1 0 0 1 0 0 1 0 0 1 0 0 1 0 0 1 0 0 1 0 0 1 0 0 1 0 0 1 0 0 1 0 0 1 0 0 1 0 0 1 0 0 1 0 0 1 0 0 1 0 0 1 0 0 1 0 0 1 0 0 1 0 0 1 0 0 1 0 0 1 0 0 1 0 0 1 0 0 1 0 0 1 0 0 1 0 0 1 0 0 1 0 0 1 0 0 1 0 0 1 0 0 1 0 0 1 0 0 1 0 0 1 0 0 1 0 0 1 0 0 1 0 0 1 0 0 1 0 0 1 0 0 1 0 0 1 0 0 1 0 0 1 0 0 1 0 0 1 0 0 1 0 0 1 0 0 1 0 0 1 0 0 1 0 0 1 0 0 1 0 0 1 0 0 1 0 0 1 0 0 1 0 0 1 0 0 1 0 0 1 0 0 1 0 0 1 0 0 1 0 0 1 0 0 1 0 0 1 0 0 1 0 0 1 0 0 1 0 0 1 0 0 1 0 0 1 0 0 1 0 0 1 0 0 1 0 0 1 0 0 1 0 0 1 0 0 1 0 0 1 0 0 1 0 0 1 0 0 1 0 0 1 0 0 1 0 0 1 0 0 1 0 0 1 0 0 1 0 0 1 0 0 1 0 0 1 0 0 1 0 0 1 0 0 1 0 0 1 0 0 1 0 0 1 0 0 1 0 0 1 0 0 1 0 0 1 0 0 1 0 0 1 0 0 1 0 0 1 0 0 1 0 0 1 0 0 1 0 0 1 0 0 1 0 0 1 0 0 1 0 0 1 0 0 1 0 0 1 0 0 1 0 0 1 0 0 1 0 0 1 0 0 1 0 0 1 0 0 1 0 0 1 0 0 1 0 0 1 0 0 1 0 0 1 0 0 1 0 0 1 0 0 1 0 0 1 0 0 1 0 0 1 0 0 1 0 0 1 0 0 1 0 0 1 0 0 1 0 0 1 0 0 1 0 0 1 0 0 1 0 0 1 0 0 1 0 0 1 0 0 1 0 0 1 0 0 1 0 0 1 0 0 1 0 0 1 0 0 1 0 0 1 0 0 1 0 0 1 0 0 1 0 0 1 0 0 1 0 0 1 0 0 1 0 0 1 0 0 1 0 0 1 0 0 1 0 0 1 0 0 1 0 0 1 0 0 1 0 0 1 0 0 1 0 0 1 0 0 1 0 0 1 0 0 1 0 0 1 0 0 1 0 0 1 0 0 1 0 0 1 0 0 1 0 0 1 0 0 1 0 0 1 0 0 1 0 0 1 0 0 1 0 0 1 0 0 1 0 0 1 0 0 1 0 0 1 0 0 1 0 0 1 0 0 1 0 0 1 0 0 1 0 0 1 0 0 1 0 0 1 0 0 1 0 0 1 0 0 1 0 0 1 0 0 1 0 0 1 0 0 1 0 0 1 0 0 1 0 0 1 0 0 1 0 0 1 0 0 1 0 0 1 0 0 1 0 0 1 0 0 1 0 0 1 0 0 1 0 0 1 0 0 1 0 0 1 0 0 1 0 0 1 0 0 1 0 0 1 0 0 1 0 0 1 0 0 1 0 0 1 0 0 1 0 0 1 0 0 1 0 0 1 0 0 1 0 0 1 0 0 1 0 0 1 0 0 1 0 0 1 0 0 1 0 0 1 0 0 1 0 0 1 0 0 1 0 0 1 0 0 1 0 0 1 0 0 1 0 0 1 0 0 1 0 0 1 0 0 1 0 0 1 0 0 1 0 0 1 0 0 1 0 0 1 0 0 1 0 0 1 0 0 1 0 0 1 0 0 1 0 0 1 0 0 1 0 0 1 0 0 1 0 0 1 0 0 1 0 0 1 0 0 1 0 0 1 0 0 1 0 0 1 0 0 1 0 0 1 0 0 1 0 0 1 0 0 1 0 0 1 0 0 1 0 0 1 0 0 1 0 0 1 0 0 1 0 0 1 0 0 1 0 0 1 0 0 1 0 0 1 0 0 1 0 0 1 0 0 1 0 0 1 0 0 1 0 0 1 0 0 1 0 0 1 0 0 1 0 0 1 0 0 1 0 0 1 0 0 1 0 0 1 0 0 1 0 0 1 0 0 1 0 0 1 0 0 1 0 0 1 0 0 1 0 0 1 0 0 1 0 0 1 0 0 1 0 0 1 0 0 1 0 0 1 0 0 1 0 0 1 0 0 1 0 0 1 0 0 1 0 0 1 0 0 1 0 0 1 0 0 1 0 0 1 0 0 1 0 0 1 0 0 1 0 0 1 0 0 1 0 0 1 0 0 1 0 0 1 0 0 1 0 0 1 0 0 1 0 0 1 0 0 1 0 0 1 0 0 1 0 0 1 0 0 1 0 0 1 0 0 1 0 0 1 0 0 1 0 0 1 0 0 1 0 0 1 0 0 1 0 0 1 0 0 1 0 0 1 0 0 1 0 0 1 0 0 1 0 0 1 0 0 1 0 0 1 0 0 1 0 0 1 0 0 1 0 0 1 0 0 1 0 0 1 0 0 1 0 0 1 0 0 1 0 0 1 0 0 1 0 0 1 0 0 1 0 0 1 0 0 1 0 0 1 0 0 1 0 0 1 0 0 1 0 0 1 0 0 1 0 0 1 0 0 1 0 0 1 0 0 1 0 0 1 0 0 1 0 0 1 0 0 1 0 0 1 0 0 1 0 0 1 0 0 1 0 0 1 0 0 1 0 0 1 0 0 1 0 0 1 0 0 1 0 0 1 0 0 1 0 0 1 0 0 1 0 0 1 0 0 1 0 0 1 0 0 1 0 0 1 0 0 1 0 0 1 0 0 1 0 0 1 0 0 1 0 0 1 0 0 1 0 0 1 0 0 1 0 0 1 0 0 1 0 0 1 0 0 1 0 0 1 0 0 1 0 0 1 0 0 1 0 0 1 0 0 1 0 0 1 0 0 1 0 0 1 0 0 1 0 0 1 0 0 1 0 0 1 0 0 1 0 0 1 0 0 1 0 0 1 0 0 1 0 0 1 0 0 1 0 0 1 0 0 1 0 0 1 0 0 1 0 0 1 0 0 1 0 0 1 0 0 1 0 0 1 0 0 1 0 0 1 0 0 1 0 0 1 0 0 1 0 0 1 0 0 1 0 0 1 0 0 1 0 0 1 0 0 1 0 0 1 0 0 1 0 0 1 0 0 1 0 0 1 0 0 1 0 0 1 0 0 1 0 0 1 0 0 1 0 0 1 0 0 1 0 0 1 0 0 1 0 0 1 0 0 1 0 0 1 0 0 1 0 0 1 0 0 1 0 0 1 0 0 1 0 0 1 0 0 1 0 0 1 0 0 1 0 0 1 0 0 1 0 0 1 0 0 1 0 0 1 0 0 1 0 0 1 0 0 1 0 0 1 0 0 1 0 0 1 0 0 1 0 0 1 0 0 1 0 0 1 0 0 1 0 0 1 0 0 1 0 0 1 0 0 1 0 0 1 0 0 1 0 0 1 0 0 1 0 0 1 0 0 1 0 0 1 0 0 1 0 0 1 0 0 1 0 0 1 0 0 1 0 0 1 0 0 1 0 0 1 0 0 1 0 0 1 0 0 1 0 0 1 0 0 1 0 0 1 0 0 1 0 0 1 0 0 1 0 0 1 0 0 1 0 0 1 0 0 1 0 0 1 0 0 1 0 0 1 0 0 1 0 0 1 0 0 1 0 0 1 0 0 1 0 0 1 0 0 1 0 0 1 0 0 1 0 0 1 0 0 1 0 0 1 0 0 1 0 0 1 0 0 1 0 0 1 0 0 1 0 0 1 0 0 1 0 0 1 0 0 1 0 0 1 0 0 1 0 0 1 0 0 1 0 0 1 0 0 1 0 0 1 0 0 1 0 0 1 0 0 1 0 0 1 0 0 1 0 0 1 0 0 1 0 0 1 0 0 1 0 0 1 0 0 1 0 0 1 0 0 1 0 0 1 0 0 1 0 0 1 0 0 1 0 0 1 0 0 1 0 0 1 0 0 1 0 0 1 0 0 1 0 0 1 0 0 1 0 0 1 0 0 1 0 0 1 0 0 1 0 0 1 0 0 1 0 0 1 0 0 1 0 0 1 0 0 1 0 0 1 0 0 1 0 0 1 0 0 1 0 0 1 0 0 1 0 0 1 0 0 1 0 0 1 0 0 1 0 0 1 0 0 1 0 0 1 0 0 1 0 0 1 0 0 1 0 0 1 0 0 1 0 0 1 0 0 1 0 0 1 0 0 1 0 0 1 0 0 1 0 0 1 0 0 1 0 0 1 0 0 1 0 0 1 0 0 1 0 0 1 0 0 1 0 0 1 0 0 1 0 0 1 0 0 1 0 0 1 0 0 1 0 0 1 0 0 1 0 0 1 0 0 1 0 0 1 0 0 1 0 0 1 0 0 1 0 0 1 0 0 1 0 0 1 0 0 1 0 0 1 0 0 1 0 0 1 0 0 1 0 0 1 0 0 1 0 0 1 0 0 1 0 0 1 0 0 1 0 0 1 0 0 1 0 0 1 0 0 1 0 0 1 0 0 1 0 0 1 0 0 1 0 0 1 0 0 1 0 0 1 0 0 1 0 0 1 0 0 1 0 0 1 0 0 1 0 0 1 0 0 1 0 0 1 0 0 1 0 0 1 0 0 1 0 0 1 0 0 1 0 0 1 0 0 1 0 0 1 0 0 1 0 0 1 0 0 1 0 0 1 0 0 1 0 0 1 0 0 1 0 0 1 0 0 1 0 0 1 0 0 1 0 0 1 0 0 1 0 0 1 0 0 1 0 0 1 0 0 1 0 0 1 0 0 1 0 0 1 0 0 1 0 0 1 0 0 1 0 0 1 0 0 1 0 0 1 0 0 1 0 0 1 0 0 1 0 0 1 0 0 1 0 0 1 0 0 1 0 0 1 0 0 1 0 0 1 0 0 1 0 0 1 0 0 1 0 0 1 0 0 1 0 0 1 0 0 1 0 0 1 0 0 1 0 0 1 0 0 1 0 0 1 0 0 1 0 0 1 0 0 1 0 0 1 0 0 1 0 0 1 0 0 1 0 0 1 0 0 1 0 0 1 0 0 1 0 0 1 0 0 1 0 0 1 0 0 1 0 0 1 0 0 1 0 0 1 0 0 1 0 0 1 0 0 1 0 0 1 0 0 1 0 0 1 0 0 1 0 0 1 0 0 1 0 0 1 0 0 1 0 0 1 0 0 1 0 0 1 0 0 1 0 0 1 0 0 1 0 0 1 0 0 1 0 0 1 0 0 1 0 0 1 0 0 1 0 0 1 0 0 1 0 0 1 0 0 1 0 0 1 0 0 1 0 0 1 0 0 1 0 0 1 0 0 1 0 0 1 0 0 1 0 0 1 0 0 1 0 0 1 0 0 1 0 0 1 0 0 1 0 0 1 0 0 1 0 0 1 0 0 1 0 0 1 0 0 1 0 0 1 0 0 1 0 0 1 0 0 1 0 0 1 0 0 1 0 0 1 0 0 1 0 0 1 0 0 1 0 0 1 0 0 1 0 0 1 0 0 1 0 0 1 0 0 1 0 0 1 0 0 1 0 0 1 0 0 1 0 0 1 0 0 1 0 0 1 0 0 1 0 0 1 0 0 1 0 0 1 0 0 1 0 0 1 0 0 1 0 0 1 0 0 1 0 0 1 0 0 1 0 0 1 0 0 1 0 0 1 0 0 1 0 0 1 0 0 1 0 0 1 0 0 1 0 0 1 0 0 1 0 0 1 0 0 1 0 0 1 0 0 1 0 0 1 0 0 1 0 0 1 0 0 1 0 0 1 0 0 1 0 0 1 0 0 1 0 0 1 0 0 1 0 0 1 0 0 1 0 0 1 0 0 1 0 0 1 0 0 1 0 0 1 0 0 1 0 0 1 0 0 1 0 0 1 0 0 1 0 0 1 0 0 1 0 0 1 0 0 1 0 0 1 0 0 1 0 0 1 0 0 1 0 0 1 0 0 1 0 0 1 0 0 1 0 0 1 0 0 1 0 0 1 0 0 1 0 0 1 0 0 1 0 0 1 0 0 1 0 0 1 0 0 1 0 0 1 0 0 1 0 0 1 0 0 1 0 0 1 0 0 1 0 0 1 0 0 1 0 0 1 0 0 1 0 0 1 0 0 1 0 0 1 0 0 1 0 0 1 0 0 1 0 0 1 0 0 1 0 0 1 0 0 1 0 0 1 0 0 1 0 0 1 0 0 1 0 0 1 0 0 1 0 0 1 0 0 1 0 0 1 0 0 1 0 0 1 0 0 1 0 0 1 0 0 1 0 0 1 0 0 1 0 0 1 0 0 1 0 0 1 0 0 1 0 0 1 0 0 1 0 0 1 0 0 1 0 0 1 0 0 1 0 0 1 0 0 1 0 0 1 0 0 1 0 0 1 0 0 1 0 0 1 0 0 1 0 0 1 0 0 1 0 0 1 0 0 1 0 0 1 0 0 1 0 0 1 0 0 1 0 0 1 0 0 1 0 0 1 0 0 1 0 0 1 0 0 1 0 0 1 0 0 1 0 0 1 0 0 1 0 0 1 0 0 1 0 0 1 0 0 1 0 0 1 0 0 1 0 0 1 0 0 1 0 0 1 0 0 1 0 0 1 0 0 1 0 0 1 0 0 1 0 0 1 0 0 1 0 0 1 0 0 1 0 0 1 0 0 1 0 0 1 0 0 1 0 0 1 0 0 1 0 0 1 0 0 1 0 0 1 0 0 1 0 0 1 0 0 1 0 0 1 0 0 1 0 0 1 0 0 1 0 0 1 0 0 1 0 0 1 0 0 1 0 0 1 0 0 1 0 0 1 0 0 1 0 0 1 0 0 1 0 0 1 0 0 1 0 0 1 0 0 1 0 0 1 0 0 1 0 0 1 0 0 1 0 0 1 0 0 1 0 0 1 0 0 1 0 0 1 0 0 1 0 0 1 0 0 1 0 0 1 0 0 1 0 0 1 0 0 1 0 0 1 0 0 1 0 0 1 0 0 1 0 0 1 0 0 1 0 0 1 0 0 1 0 0 1 0 0 1 0 0 1 0 0 1 0 0 1 0 0 1 0 0 1 0 0 1 0 0 1 0 0 1 0 0 1 0 0 1 0 0 1 0 0 1 0 0 1 0 0 1 0 0 1 0 0 1 0 0 1 0 0 1 0 0 1 0 0 1 0 0 1 0 0 1 0 0 1 0 0 1 0 0 1 0 0 1 0 0 1 0 0 1 0 0 1 0 0 1 0 0 1 0 0 1 0 0 1 0 0 1 0 0 1 0 0 1 0 0 1 0 0 1 0 0 1 0 0 1 0 0 1 0 0 1 0 0 1 0 0 1 0 0 1 0 0 1 0 0 1 0 0 1 0 0 1 0 0 1 0 0 1 0 0 1 0 0 1 0 0 1 0 0 1 0 0 1 0 0 1 0 0 1 0 0 1 0 0 1 0 0 1 0 0 1 0 0 1 0 0 1 0 0 1 0 0 1 0 0 1 0 0 1 0 0 1 0 0 1 0 0 1 0 0 1 0 0 1 0 0 1 0 0 1 0 0 1 0 0 1 0 0 1 0 0 1 0 0 1 0 0 1 0 0 1 0 0 1 0 0 1 0 0 1 0 0 1 0 0 1 0 0 1 0 0 1 0 0 1 0 0 1 0 0 1 0 0 1 0 0 1 0 0 1 0 0 1 0 0 1 0 0 1 0 0 1 0 0 1 0 0 1 0 0 1 0 0 1 0 0 1 0 0 1 0 0 1 0 0 1 0 0 1 0 0 1 0 0 1 0 0 1 0 0 1 0 0 1 0 0 1 0 0 1 0 0 1 0 0 1 0 0 1 0 0 1 0 0 1 0 0 1 0 0 1 0 0 1 0 0 1 0 0 1 0 0 1 0 0 1 0 0 1 0 0 1 0 0 1 0 0 1 0 0 1 0 0 1 0 0 1 0 0 1 0 0 1 0 0 1 0 0 1 0 0 1 0 0 1 0 0 1 0 0 1 0 0 1 0 0 1 0 0 1 0 0 1 0 0 1 0 0 1 0 0 1 0 0 1 0 0 1 0 0 1 0 0 1 0 0 1 0 0 1 0 0 1 0 0 1 0 0 1 0 0 1 0 0 1 0 0 1 0 0 1 0 0 1 0 0 1 0 0 1 0 0 1 0 0 1 0 0 1 0 0 1 0 0 1 0 0 1 0 0 1 0 0 1 0 0 1 0 0 1 0 0 1 0 0 1 0 0 1 0 0 1 0 0 1 0 0 1 0 0 1 0 0 1 0 0 1 0 0 1 0 0 1 0 0 1 0 0 1 0 0 1 0 0 1 0 0 1 0 0 1 0 0 1 0 0 1 0 0 1 0 0 1 0 0 1 0 0 1 0 0 1 0 0 1 0 0 1 0 0 1 0 0 1 0 0 1 0 0 1 0 0 1 0 0 1 0 0 1 0 0 1 0 0 1 0 0 1 0 0 1 0 0 1 0 0 1 0 0 1 0 0 1 0 0 1 0 0 1 0 0 1 0 0 1 0 0 1 0 0 1 0 0 1 0 0 1 0 0 1 0 0 1 0 0 1 0 0 1 0 0 1 0 0 1 0 0 1 0 0 1 0 0 1 0 0 1 0 0 1 0 0 1 0 0 1 0 0 1 0 0 1 0 0 1 0 0 1 0 0 1 0 0 1 0 0 1 0 0 1 0 0 1 0 0 1 0 0 1 0 0 1 0 0 1 0 0 1 0 0 1 0 0 1 0 0 1 0 0 1 0 0 1 0 0 1 0 0 1 0 0 1 0 0 1 0 0 1 0 0 1 0 0 1 0 0 1 0 0 1 0 0 1 0 0 1 0 0 1 0 0 1 0 0 1 0 0 1 0 0 1 0 0 1 0 0 1 0 0 1 0 0 1 0 0 1 0 0 1 0 0 1 0 0 1 0 0 1 0 0 1 0 0 1 0 0 1 0 0 1 0 0 1 0 0 1 0 0 1 0 0 1 0 0 1 0 0 1 0 0 1 0 0 1 0 0 1 0 0 1 0 0 1 0 0 1 0 0 1 0 0 1 0 0 1 0 0 1 0 0 1 0 0 1 0 0 1 0 0 1 0 0 1 0 0 1 0 0 1 0 0 1 0 0 1 0 0 1 0 0 1 0 0 1 0 0 1 0 0 1 0 0 1 0 0 1 0 0 1 0 0 1 0 0 1 0 0 1 0 0 1 0 0 1 0 0 1 0 0 1 0 0 1 0 0 1 0 0 1 0 0 1 0 0 1 0 0 1 0 0 1 0 0 1 0 0 1 0 0 1 0 0 1 0 0 1 0 0 1 0 0 1 0 0 1 0 0 1 0 0 1 0 0 1 0 0 1 0 0 1 0 0 1 0 0 1 0 0 1 0 0 1 0 0 1 0 0 1 0 0 1 0 0 1 0 0 1 0 0 1 0 0 1 0 0 1 0 0 1 0 0 1 0 0 1 0 0 1 0 0 1 0 0 1 0 0 1 0 0 1 0 0 1 0 0 1 0 0 1 0 0 1 0 0 1 0 0 1 0 0 1 0 0 1 0 0 1 0 0 1 0 0 1 0 0 1 0 0 1 0 0 1 0 0 1 0 0 1 0 0 1 0 0 1 0 0 1 0 0 1 0 0 1 0 0 1 0 0 1 0 0 1 0 0 1 0 0 1 0 0 1 0 0 1 0 0 1 0 0 1 0 0 1 0 0 1 0 0 1 0 0 1 0 0 1 0 0 1 0 0 1 0 0 1 0 0 1 0 0 1 0 0 1 0 0 1 0 0 1 0 0 1 0 0 1 0 0 1 0 0 1 0 0 1 0 0 1 0 0 1 0 0 1 0 0 1 0 0 1 0 0 1 0 0 1 0 0 1 0 0 1 0 0 1 0 0 1 0 0 1 0 0 1 0 0 1 0 0 1 0 0 1 0 0 1 0 0 1 0 0 1 0 0 1 0 0 1 0 0 1 0 0 1 0 0 1 0 0 1 0 0 1 0 0 1 0 0 1 0 0 1 0 0 1 0 0 1 0 0 1 0 0 1 0 0 1 0 0 1 0 0 1 0 0 1 0 0 1 0 0 1 0 0 1 0 0 1 0 0 1 0 0 1 0 0 1 0 0 1 0 0 1 0 0 1 0 0 1 0 0 1 0 0 1 0 0 1 0 0 1 0 0 1 0 0 1 0 0 1 0 0 1 0 0 1 0 0 1 0 0 1 0 0 1 0 0 1 0 0 1 0 0 1 0 0 1 0 0 1 0 0 1 0 0 1 0 0 1 0 0 1 0 0 1 0 0 1 0 0 1 0 0 1 0 0 1 0 0 1 0 0 1 0 0 1 0 0 1 0 0 1 0 0 1 0 0 1 0 0 1 0 0 1 0 0 1 0 0 1 0 0 1 0 0 1 0 0 1 0 0 1 0 0 1 0 0 1 0 0 1 0 0 1 0 0 1 0 0 1 0 0 1 0 0 1 0 0 1 0 0 1 0 0 1 0 0 1 0 0 1 0 0 1 0 0 1 0 0 1 0 0 1 0 0 1 0 0 1 0 0 1 0 0 1 0 0 1 0 0 1 0 0 1 0 0 1 0 0 1 0 0 1 0 0 1 0 0 1 0 0 1 0 0 1 0 0 1 0 0 1 0 0 1 0 0 1 0 0 1 0 0 1 0 0 1 0 0 1 0 0 1 0 0 1 0 0 1 0 0 1 0 0 1 0 0 1 0 0 1 0 0 1 0 0 1 0 0 1 0 0 1 0 0 1 0 0 1 0 0 1 0 0 1 0 0 1 0 0 1 0 0 1 0 0 1 0 0 1 0 0 1 0 0 1 0 0 1 0 0 1 0 0 1 0 0 1 0 0 1 0 0 1 0 0 1 0 0 1 0 0 1 0 0 1 0 0 1 0 0 1 0 0 1 0 0 1 0 0 1 0 0 1 0 0 1 0 0 1 0 0 1 0 0 1 0 0 1 0 0 1 0 0 1 0 0 1 0 0 1 0 0 1 0 0 1 0 0 1 0 0 1 0 0 1 0 0 1 0 0 1 0 0 1 0 0 1 0 0 1 0 0 1 0 0 1 0 0 1 0 0 1 0 0 1 0 0 1 0 0 1 0 0 1 0 0 1 0 0 1 0 0 1 0 0 1 0 0 1 0 0 1 0 0 1 0 0 1 0 0 1 0 0 1 0 0 1 0 0 1 0 0 1 0 0 1 0 0 1 0 0 1 0 0 1 0 0 1 0 0 1 0 0 1 0 0 1 0 0 1 0 0 1 0 0 1 0 0 1 0 0 1 0 0 1 0 0 1 0 0 1 0 0 1 0 0 1 0 0 1 0 0 1 0 0 1 0 0 1 0 0 1 0 0 1 0 0 1 0 0 1 0 0 1 0 0 1 0 0 1 0 0 1 0 0 1 0 0 1 0 0 1 0 0 1 0 0 1 0 0 1 0 0 1 0 0 1 0 0 1 0 0 1 0 0 1 0 0 1 0 0 1 0 0 1 0 0 1 0 0 1 0 0 1 0 0 1 0 0 1 0 0 1 0 0 1 0 0 1 0 0 1 0 0 1 0 0 1 0 0 1 0 0 1 0 0 1 0 0 1 0 0 1 0 0 1 0 0 1 0 0 1 0 0 1 0 0 1 0 0 1 0 0 1 0 0 1 0 0 1 0 0 1 0 0 1 0 0 1 0 0 1 0 0 1 0 0 1 0 0 1 0 0 1 0 0 1 0 0 1 0 0 1 0 0 1 0 0 1 0 0 1 0 0 1 0 0 1 0 0 1 0 0 1 0 0 1 0 0 1 0 0 1 0 0 1 0 0 1 0 0 1 0 0 1 0 0 1 0 0 1 0 0 1 0 0 1 0 0 1 0 0 1 0 0 1 0 0 1 0 0 1 0 0 1 0 0 1 0 0 1 0 0 1 0 0 1 0 0 1 0 0 1 0 0 1 0 0 1 0 0 1 0 0 1 0 0 1 0 0 1 0 0 1 0 0 1 0 0 1 0 0 1 0 0 1 0 0 1 0 0 1 0 0 1 0 0 1 0 0 1 0 0 1 0 0 1 0 0 1 0 0 1 0 0 1 0 0 1 0 0 1 0 0 1 0 0 1 0 0 1 0 0 1 0 0 1 0 0 1 0 0 1 0 0 1 0 0 1 0 0 1 0 0 1 0 0 1 0 0 1 0 0 1 0 0 1 0 0 1 0 0 1 0 0 1 0 0 1 0 0 1 0 0 1 0 0 1 0 0 1 0 0 1 0 0 1 0 0 1 0 0 1 0 0 1 0 0 1 0 0 1 0 0 1 0 0 1 0 0 1 0 0 1 0 0 1 0 0 1 0 0 1 0 0 1 0 0 1 0 0 1 0 0 1 0 0 1 0 0 1 0 0 1 0 0 1 0 0 1 0 0 1 0 0 1 0 0 1 0 0 1 0 0 1 0 0 1 0 0 1 0 0 1 0 0 1 0 0 1 0 0 1 0 0 1 0 0 1 0 0 1 0 0 1 0 0 1 0 0 1 0 0 1 0 0 1 0 0 1 0 0 1 0 0 1 0 0 1 0 0 1 0 0 1 0 0 1 0 0 1 0 0 1 0 0 1 0 0 1 0 0 1 0 0 1 0 0 1 0 0 1 0 0 1 0 0 1 0 0 1 0 0 1 0 0 1 0 0 1 0 0 1 0 0 1 0 0 1 0 0 1 0 0 1 0 0 1 0 0 1 0 0 1 0 0 1 0 0 1 0 0 1 0 0 1 0 0 1 0 0 1 0 0 1 0 0 1 0 0 1 0 0 1 0 0 1 0 0 1 0 0 1 0 0 1 0 0 1 0 0 1 0 0 1 0 0 1 0 0 1 0 0 1 0 0 1 0 0 1 0 0 1 0 0 1 0 0 1 0 0 1 0 0 1 0 0 1 0 0 1 0 0 1 0 0 1 0 0 1 0 0 1 0 0 1 0 0 1 0 0 1 0 0 1 0 0 1 0 0 1 0 0 1 0 0 1 0 0 1 0 0 1 0 0 1 0 0 1 0 0 1 0 0 1 0 0 1 0 0 1 0 0 1 0 0 1 0 0 1 0 0 1 0 0 1 0 0 1 0 0 1 0 0 1 0 0 1 0 0 1 0 0 1 0 0 1 0 0 1 0 0 1 0 0 1 0 0 1 0 0 1 0 0 1 0 0 1 0 0 1 0 0 1 0 0 1 0 0 1 0 0 1 0 0 1 0 0 1 0 0 1 0 0 1 0 0 1 0 0 1 0 0 1 0 0 1 0 0 1 0 0 1 0 0 1 0 0 1 0 0 1 0 0 1 0 0 1 0 0 1 0 0 1 0 0 1 0 0 1 0 0 1 0 0 1 0 0 1 0 0 1 0 0 1 0 0 1 0 0 1 0 0 1 0 0 1 0 0 1 0 0 1 0 0 1 0 0 1 0 0 1 0 0 1 0 0 1 0 0 1 0 0 1 0 0 1 0 0 1 0 0 1 0 0 1 0 0 1 0 0 1 0 0 1 0 0 1 0 0 1 0 0 1 0 0 1 0 0 1 0 0 1 0 0 1 0 0 1 0 0 1 0 0 1 0 0 1 0 0 1 0 0 1 0 0 1 0 0 1 0 0 1 0 0 1 0 0 1 0 0 1 0 0 1 0 0 1 0 0 1 0 0 1 0 0 1 0 0 1 0 0 1 0 0 1 0 0 1 0 0 1 0 0 1 0 0 1 0 0 1 0 0 1 0 0 1 0 0 1 0 0 1 0 0 1 0 0 1 0 0 1 0 0 1 0 0 1 0 0 1 0 0 1 0 0 1 0 0 1 0 0 1 0 0 1 0 0 1 0 0 1 0 0 1 0 0 1 0 0 1 0 0 1 0 0 1 0 0 1 0 0 1 0 0 1 0 0 1 0 0 1 0 0 1 0 0 1 0 0 1 0 0 1 0 0 1 0 0 1 0 0 1 0 0 1 0 0 1 0 0 1 0 0 1 0 0 1 0 0 1 0 0 1 0 0 1 0 0 1 0 0 1 0 0 1 0 0 1 0 0 1 0 0 1 0 0 1 0 0 1 0 0 1 0 0 1 0 0 1 0 0 1 0 0 1 0 0 1 0 0 1 0 0 1 0 0 1 0 0 1 0 0 1 0 0 1 0 0 1 0 0 1 0 0 1 0 0 1 0 0 1 0 0 1 0 0 1 0 0 1 0 0 1 0 0 1 0 0 1 0 0 1 0 0 1 0 0 1 0 0 1 0 0 1 0 0 1 0 0 1 0 0 1 0 0 1 0 0 1 0 0 1 0 0 1 0 0 1 0 0 1 0 0 1 0 0 1 0 0 1 0 0 1 0 0 1 0 0 1 0 0 1 0 0 1 0 0 1 0 0 1 0 0 1 0 0 1 0 0 1 0 0 1 0 0 1 0 0 1 0 0 1 0 0 1 0 0 1 0 0 1 0 0 1 0 0 1 0 0 1 0 0 1 0 0 1 0 0 1 0 0 1 0 0 1 0 0 1 0 0 1 0 0 1 0 0 1 0 0 1 0 0 1 0 0 1 0 0 1 0 0 1 0 0 1 0 0 1 0 0 1 0 0 1 0 0 1 0 0 1 0 0 1 0 0 1 0 0 1 0 0 1 0 0 1 0 0 1 0 0 1 0 0 1 0 0 1 0 0 1 0 0 1 0 0 1 0 0 1 0 0 1 0 0 1 0 0 1 0 0 1 0 0 1 0 0 1 0 0 1 0 0 1 0 0 1 0 0 1 0 0 1 0 0 1 0 0 1 0 0 1 0 0 1 0 0 1 0 0 1 0 0 1 0 0 1 0 0 1 0 0 1 0 0 1 0 0 1 0 0 1 0 0 1 0 0 1 0 0 1 0 0 1 0 0 1 0 0 1 0 0 1 0 0 1 0 0 1 0 0 1 0 0 1 0 0 1 0 0 1 0 0 1 0 0 1 0 0 1 0 0 1 0 0 1 0 0 1 0 0 1 0 0 1 0 0 1 0 0 1 0 0 1 0 0 1 0 0 1 0 0 1 0 0 1 0 0 1 0 0 1 0 0 1 0 0 1 0 0 1 0 0 1 0 0 1 0 0 1 0 0 1 0 0 1 0 0 1 0 0 1 0 0 1 0 0 1 0 0 1 0 0 1 0 0 1 0 0 1 0 0 1 0 0 1 0 0 1 0 0 1 0 0 1 0 0 1 0 0 1 0 0 1 0 0 1 0 0 1 0 0 1 0 0 1 0 0 1 0 0 1 0 0 1 0 0 1 0 0 1 0 0 1 0 0 1 0 0 1 0 0 1 0 0 1 0 0 1 0 0 1 0 0 1 0 0 1 0 0 1 0 0 1 0 0 1 0 0 1 0 0 1 0 0 1 0 0 1 0 0 1 0 0 1 0 0 1 0 0 1 0 0 1 0 0 1 0 0 1 0 0 1 0 0 1 0 0 1 0 0 1 0 0 1 0 0 1 0 0 1 0 0 1 0 0 1 0 0 1 0 0 1 0 0 1 0 0 1 0 0 1 0 0 1 0 0 1 0 0 1 0 0 1 0 0 1 0 0 1 0 0 1 0 0 1 0 0 1 0 0 1 0 0 1 0 0 1 0 0 1 0 0 1 0 0 1 0 0 1 0 0 1 0 0 1 0 0 1 0 0 1 0 0 1 0 0 1 0 0 1 0 0 1 0 0 1 0 0 1 0 0 1 0 0 1 0 0 1 0 0 1 0 0 1 0 0 1 0 0 1 0 0 1 0 0 1 0 0 1 0 0 1 0 0 1 0 0 1 0 0 1 0 0 1 0 0 1 0 0 1 0 0 1 0 0 1 0 0 1 0 0 1 0 0 1 0 0 1 0 0 1 0 0 1 0 0 1 0 0 1 0 0 1 0 0 1 0 0 1 0 0 1 0 0 1 0 0 1 0 0 1 0 0 1 0 0 1 0 0 1 0 0 1 0 0 1 0 0 1 0 0 1 0 0 1 0 0 1 0 0 1 0 0 1 0 0 1 0 0 1 0 0 1 0 0 1 0 0 1 0 0 1 0 0 1 0 0 1 0 0 1 0 0 1 0 0 1 0 0 1 0 0 1 0 0 1 0 0 1 0 0 1 0 0 1 0 0 1 0 0 1 0 0 1 0 0 1 0 0 1 0 0 1 0 0 1 0 0 1 0 0 1 0 0 1 0 0 1 0 0 1 0 0 1 0 0 1 0 0 1 0 0 1 0 0 1 0 0 1 0 0 1 0 0 1 0 0 1 0 0 1 0 0 1 0 0 1 0 0 1 0 0 1 0 0 1 0 0 1 0 0 1 0 0 1 0 0 1 0 0 1 0 0 1 0 0 1 0 0 1 0 0 1 0 0 1 0 0 1 0 0 1 0 0 1 0 0 1 0 0 1 0 0 1 0 0 1 0 0 1 0 0 1 0 0 1 0 0 1 0 0 1 0 0 1 0 0 1 0 0 1 0 0 1 0 0 1 0 0 1 0 0 1 0 0 1 0 0 1 0 0 1 0 0 1 0 0 1 0 0 1 0 0 1 0 0 1 0 0 1 0 0 1 0 0 1 0 0 1 0 0 1 0 0 1 0 0 1 0 0 1 0 0 1 0 0 1 0 0 1 0 0 1 0 0 1 0 0 1 0 0 1 0 0 1 0 0 1 0 0 1 0 0 1 0 0 1 0 0 1 0 0 1 0 0 1 0 0 1 0 0 1 0 0 1 0 0 1 0 0 1 0 0 1 0 0 1 0 0 1 0 0 1 0 0 1 0 0 1 0 0 1 0 0 1 0 0 1 0 0 1 0 0 1 0 0 1 0 0 1 0 0 1 0 0 1 0 0 1 0 0 1 0 0 1 0 0 1 0 0 1 0 0 1 0 0 1 0 0 1 0 0 1 0 0 1 0 0 1 0 0 1 0 0 1 0 0 1 0 0 1 0 0 1 0 0 1 0 0 1 0 0 1 0 0 1 0 0 1 0 0 1 0 0 1 0 0 1 0 0 1 0 0 1 0 0 1 0 0 1 0 0 1 0 0 1 0 0 1 0 0 1 0 0 1 0 0 1 0 0 1 0 0 1 0 0 1 0 0 1 0 0 1 0 0 1 0 0 1 0 0 1 0 0 1 0 0 1 0 0 1 0 0 1 0 0 1 0 0 1 0 0 1 0 0 1 0 0 1 0 0 1 0 0 1 0 0 1 0 0 1 0 0 1 0 0 1 0 0 1 0 0 1 0 0 1 0 0 1 0 0 1 0 0 1 0 0 1 0 0 1 0 0 1 0 0 1 0 0 1 0 0 1 0 0 1 0 0 1 0 0 1 0 0 1 0 0 1 0 0 1 0 0 1 0 0 1 0 0 1 0 0 1 0 0 1 0 0 1 0 0 1 0 0 1 0 0 1 0 0 1 0 0 1 0 0 1 0 0 1 0 0 1 0 0 1 0 0 1 0 0 1 0 0 1 0 0 1 0 0 1 0 0 1 0 0 1 0 0 1 0 0 1 0 0 1 0 0 1 0 0 1 0 0 1 0 0 1 0 0 1 0 0 1 0 0 1 0 0 1 0 0 1 0 0 1 0 0 1 0 0 1 0 0 1 0 0 1 0 0 1 0 0 1 0 0 1 0 0 1 0 0 1 0 0 1 0 0 1 0 0 1 0 0 1 0 0 1 0 0 1 0 0 1 0 0 1 0 0 1 0 0 1 0 0 1 0 0 1 0 0 1 0 0 1 0 0 1 0 0 1 0 0 1 0 0 1 0 0 1 0 0 1 0 0 1 0 0 1 0 0 1 0 0 1 0 0 1 0 0 1 0 0 1 0 0 1 0 0 1 0 0 1 0 0 1 0 0 1 0 0 1 0 0 1 0 0 1 0 0 1 0 0 1 0 0 1 0 0 1 0 0 1 0 0 1 0 0 1 0 0 1 0 0 1 0 0 1 0 0 1 0 0 1 0 0 1 0 0 1 0 0 1 0 0 1 0 0 1 0 0 1 0 0 1 0 0 1 0 0 1 0 0 1 0 0 1 0 0 1 0 0 1 0 0 1 0 0 1 0 0 1 0 0 1 0 0 1 0 0 1 0 0 1 0 0 1 0 0 1 0 0 1 0 0 1 0 0 1 0 0 1 0 0 1 0 0 1 0 0 1 0 0 1 0 0 1 0 0 1 0 0 1 0 0 1 0 0 1 0 0 1 0 0 1 0 0 1 0 0 1 0 0 1 0 0 1 0 0 1 0 0 1 0 0 1 0 0 1 0 0 1 0 0 1 0 0 1 0 0 1 0 0 1 0 0 1 0 0 1 0 0 1 0 0 1 0 0 1 0 0 1 0 0 1 0 0 1 0 0 1 0 0 1 0 0 1 0 0 1 0 0 1 0 0 1 0 0 1 0 0 1 0 0 1 0 0 1 0 0 1 0 0 1 0 0 1 0 0 1 0 0 1 0 0 1 0 0 1 0 0 1 0 0 1 0 0 1 0 0 1 0 0 1 0 0 1 0 0 1 0 0 1 0 0 1 0 0 1 0 0 1 0 0 1 0 0 1 0 0 1 0 0 1 0 0 1 0 0 1 0 0 1 0 0 1 0 0 1 0 0 1 0 0 1 0 0 1 0 0 1 0 0 1 0 0 1 0 0 1 0 0 1 0 0 1 0 0 1 0 0 1 0 0 1 0 0 1 0 0 1 0 0 1 0 0 1 0 0 1 0 0 1 0 0 1 0 0 1 0 0 1 0 0 1 0 0 1 0 0 1 0 0 1 0 0 1 0 0 1 0 0 1 0 0 1 0 0 1 0 0 1 0 0 1 0 0 1 0 0 1 0 0 1 0 0 1 0 0 1 0 0 1 0 0 1 0 0 1 0 0 1 0 0 1 0 0 1 0 0 1 0 0 1 0 0 1 0 0 1 0 0 1 0 0 1 0 0 1 0 0 1 0 0 1 0 0 1 0 0 1 0 0 1 0 0 1 0 0 1 0 0 1 0 0 1 0 0 1 0 0 1 0 0 1 0 0 1 0 0 1 0 0 1 0 0 1 0 0 1 0 0 1 0 0 1 0 0 1 0 0 1 0 0 1 0 0 1 0 0 1 0 0 1 0 0 1 0 0 1 0 0 1 0 0 1 0 0 1 0 0 1 0 0 1 0 0 1 0 0 1 0 0 1 0 0 1 0 0 1 0 0 1 0 0 1 0 0 1 0 0 1 0 0 1 0 0 1 0 0 1 0 0 1 0 0 1 0 0 1 0 0 1 0 0 1 0 0 1 0 0 1 0 0 1 0 0 1 0 0 1 0 0 1 0 0 1 0 0 1 0 0 1 0 0 1 0 0 1 0 0 1 0 0 1 0 0 1 0 0 1 0 0 1 0 0 1 0 0 1 0 0 1 0 0 1 0 0 1 0 0 1 0 0 1 0 0 1 0 0 1 0 0 1 0 0 1 0 0 1 0 0 1 0 0 1 0 0 1 0 0 1 0 0 1 0 0 1 0 0 1 0 0 1 0 0 1 0 0 1 0 0 1 0 0 1 0 0 1 0 0 1 0 0 1 0 0 1 0 0 1 0 0 1 0 0 1 0 0 1 0 0 1 0 0 1 0 0 1 0 0 1 0 0 1 0 0 1 0 0 1 0 0 1 0 0 1 0 0 1 0 0 1 0 0 1 0 0 1 0 0 1 0 0 1 0 0 1 0 0 1 0 0 1 0 0 1 0 0 1 0 0 1 0 0 1 0 0 1 0 0 1 0 0 1 0 0 1 0 0 1 0 0 1 0 0 1 0 0 1 0 0 1 0 0 1 0 0 1 0 0 1 0 0 1 0 0 1 0 0 1 0 0 1 0 0 1 0 0 1 0 0 1 0 0 1 0 0 1 0 0 1 0 0 1 0 0 1 0 0 1 0 0 1 0 0 1 0 0 1 0 0 1 0 0 1 0 0 1 0 0 1 0 0 1 0 0 1 0 0 1 0 0 1 0 0 1 0 0 1 0 0 1 0 0 1 0 0 1 0 0 1 0 0 1 0 0 1 0 0 1 0 0 1 0 0 1 0 0 1 0 0 1 0 0 1 0 0 1 0 0 1 0 0 1 0 0 1 0 0 1 0 0 1 0 0 1 0 0 1 0 0 1 0 0 1 0 0 1 0 0 1 0 0 1 0 0 1 0 0 1 0 0 1 0 0 1 0 0 1 0 0 1 0 0 1 0 0 1 0 0 1 0 0 1 0 0 1 0 0 1 0 0 1 0 0 1 0 0 1 0 0 1 0 0 1 0 0 1 0 0 1 0 0 1 0 0 1 0 0 1 0 0 1 0 0 1 0 0 1 0 0 1 0 0 1 0 0 1 0 0 1 0 0 1 0 0 1 0 0 1 0 0 1 0 0 1 0 0 1 0 0 1 0 0 1 0 0 1 0 0 1 0 0 1 0 0 1 0 0 1 0 0 1 0 0 1 0 0 1 0 0 1 0 0 1 0 0 1 0 0 1 0 0 1 0 0 1 0 0 1 0 0 1 0 0 1 0 0 1 0 0 1 0 0 1 0 0 1 0 0 1 0 0 1 0 0 1 0 0 1 0 0 1 0 0 1 0 0 1 0 0 1 0 0 1 0 0 1 0 0 1 0 0 1 0 0 1 0 0 1 0 0 1 0 0 1 0 0 1 0 0 1 0 0 1 0 0 1 0 0 1 0 0 1 0 0 1 0 0 1 0 0 1 0 0 1 0 0 1 0 0 1 0 0 1 0 0 1 0 0 1 0 0 1 0 0 1 0 0 1 0 0 1 0 0 1 0 0 1 0 0 1 0 0 1 0 0 1 0 0 1 0 0 1 0 0 1 0 0 1 0 0 1 0 0 1 0 0 1 0 0 1 0 0 1 0 0 1 0 0 1 0 0 1 0 0 1 0 0 1 0 0 1 0 0 1 0 0 1 0 0 1 0 0 1 0 0 1 0 0 1 0 0 1 0 0 1 0 0 1 0 0 1 0 0 1 0 0 1 0 0 1 0 0 1 0 0 1 0 0 1 0 0 1 0 0 1 0 0 1 0 0 1 0 0 1 0 0 1 0 0 1 0 0 1 0 0 1 0 0 1 0 0 1 0 0 1 0 0 1 0 0 1 0 0 1 0 0 1 0 0 1 0 0 1 0 0 1 0 0 1 0 0 1 0 0 1 0 0 1 0 0 1 0 0 1 0 0 1 0 0 1 0 0 1 0 0 1 0 0 1 0 0 1 0 0 1 0 0 1 0 0 1 0 0 1 0 0 1 0 0 1 0 0 1 0 0 1 0 0 1 0 0 1 0 0 1 0 0 1 0 0 1 0 0 1 0 0 1 0 0 1 0 0 1 0 0 1 0 0 1 0 0 1 0 0 1 0 0 1 0 0 1 0 0 1 0 0 1 0 0 1 0 0 1 0 0 1 0 0 1 0 0 1 0 0 1 0 0 1 0 0 1 0 0 1 0 0 1 0 0 1 0 0 1 0 0 1 0 0 1 0 0 1 0 0 1 0 0 1 0 0 1 0 0 1 0 0 1 0 0 1 0 0 1 0 0 1 0 0 1 0 0 1 0 0 1 0 0 1 0 0 1 0 0 1 0 0 1 0 0 1 0 0 1 0 0 1 0 0 1 0 0 1 0 0 1 0 0 1 0 0 1 0 0 1 0 0 1 0 0 1 0 0 1 0 0 1 0 0 1 0 0 1 0 0 1 0 0 1 0 0 1 0 0 1 0 0 1 0 0 1 0 0 1 0 0 1 0 0 1 0 0 1 0 0 1 0 0 1 0 0 1 0 0 1 0 0 1 0 0 1 0 0 1 0 0 1 0 0 1 0 0 1 0 0 1 0 0 1 0 0 1 0 0 1 0 0 1 0 0 1 0 0 1 0 0 1 0 0 1 0 0 1 0 0 1 0 0 1 0 0 1 0 0 1 0 0 1 0 0 1 0 0 1 0 0 1 0 0 1 0 0 1 0 0 1 0 0 1 0 0 1 0 0 1 0 0 1 0 0 1 0 0 1 0 0 1 0 0 1 0 0 1 0 0 1 0 0 1 0 0 1 0 0 1 0 0 1 0 0 1 0 0 1 0 0 1 0 0 1 0 0 1 0 0 1 0 0 1 0 0 1 0 0 1 0 0 1 0 0 1 0 0 1 0 0 1 0 0 1 0 0 1 0 0 1 0 0 1 0 0 1 0 0 1 0 0 1 0 0 1 0 0 1 0 0 1 0 0 1 0 0 1 0 0 1 0 0 1 0 0 1 0 0 1 0 0 1 0 0 1 0 0 1 0 0 1 0 0 1 0 0 1 0 0 1 0 0 1 0 0 1 0 0 1 0 0 1 0 0 1 0 0 1 0 0 1 0 0 1 0 0 1 0 0 1 0 0 1 0 0 1 0 0 1 0 0 1 0 0 1 0 0 1 0 0 1 0 0 1 0 0 1 0 0 1 0 0 1 0 0 1 0 0 1 0 0 1 0 0 1 0 0 1 0 0 1 0 0 1 0 0 1 0 0 1 0 0 1 0 0 1 0 0 1 0 0 1 0 0 1 0 0 1 0 0 1 0 0 1 0 0 1 0 0 1 0 0 1 0 0 1 0 0 1 0 0 1 0 0 1 0 0 1 0 0 1 0 0 1 0 0 1 0 0 1 0 0 1 1 0 0 1 -0 0 0 -1 0 0 -1 0 0.9996988 0.02454402 0 0.9996988 0.02454402 0 0.9972906 0.07356221 0 0.9972906 0.07356221 0 0.9924797 0.1224094 0 0.9924797 0.1224094 0 0.9852778 0.170961 0 0.9852778 0.170961 0 0.9757023 0.2191008 0 0.9757023 0.2191008 0 0.9637762 0.2667122 0 0.9637762 0.2667122 0 0.9495267 0.3136863 0 0.9495267 0.3136863 0 0.932994 0.3598919 0 0.932994 0.3598919 0 0.9142101 0.4052405 0 0.9142101 0.4052405 0 0.8932248 0.4496104 0 0.8932248 0.4496104 0 0.8700852 0.4929014 0 0.8700852 0.4929014 0 0.8448548 0.5349956 0 0.8175826 0.5758114 0 0.8448548 0.5349956 0 0.8175826 0.5758114 0 0.7883497 0.6152274 0 0.7883497 0.6152274 0 0.757207 0.6531749 0 0.757207 0.6531749 0 0.7242468 0.6895409 0 0.7242468 0.6895409 0 0.6895428 0.724245 0 0.6531708 0.7572107 0 0.6895428 0.724245 0 0.6531708 0.7572107 0 0.6152322 0.788346 0 0.6152322 0.788346 0 0.5758062 0.8175862 0 0.5758062 0.8175862 0 0.5349966 0.8448542 0 0.5349966 0.8448542 0 0.4928984 0.8700868 0 0.4928984 0.8700868 0 0.4496151 0.8932225 0 0.4496151 0.8932225 0 0.4052419 0.9142095 0 0.3598919 0.932994 0 0.4052419 0.9142095 0 0.3598919 0.932994 0 0.3136852 0.9495271 0 0.3136852 0.9495271 0 0.2667122 0.9637762 0 0.2191016 0.975702 0 0.2667122 0.9637762 0 0.2191016 0.975702 0 0.1709604 0.9852779 0 0.1224094 0.9924797 0 0.1709604 0.9852779 0 0.1224094 0.9924797 0 0.07356221 0.9972906 0 0.02454402 0.9996988 0 0.07356221 0.9972906 0 0.02454402 0.9996988 0 1 0 0 1 0 0 0 1 -0 0 1 0 0 -1 0 0 -1 0 -1 0 0 -1 -0 0 -0.9996988 -0.02454402 -0 -0.9996988 -0.02454402 0 -0.9972906 -0.07356221 -0 -0.9972906 -0.07356221 0 -0.9924797 -0.1224094 -0 -0.9924797 -0.1224094 0 -0.9852778 -0.170961 -0 -0.9852778 -0.170961 0 -0.9757023 -0.2191008 -0 -0.9757023 -0.2191008 0 -0.9637762 -0.2667122 -0 -0.9637762 -0.2667122 0 -0.9495267 -0.3136863 -0 -0.9495267 -0.3136863 0 -0.932994 -0.3598919 -0 -0.932994 -0.3598919 0 -0.9142101 -0.4052405 0 -0.9142101 -0.4052405 -0 -0.8932248 -0.4496104 -0 -0.8932248 -0.4496104 0 -0.8700852 -0.4929014 -0 -0.8700852 -0.4929014 0 -0.8448548 -0.5349956 -0 -0.8175826 -0.5758114 -0 -0.8448548 -0.5349956 0 -0.8175826 -0.5758114 -0 -0.7883497 -0.6152274 0 -0.7883497 -0.6152274 -0 -0.757207 -0.6531749 -0 -0.757207 -0.6531749 0 -0.7242468 -0.6895409 -0 -0.7242468 -0.6895409 0 -0.6895428 -0.724245 -0 -0.6895428 -0.724245 0 -0.6531708 -0.7572107 -0 -0.6531708 -0.7572107 0 -0.6152322 -0.788346 -0 -0.5758062 -0.8175862 -0 -0.6152322 -0.788346 0 -0.5758062 -0.8175862 -0 -0.5349966 -0.8448542 -0 -0.5349966 -0.8448542 0 -0.4928984 -0.8700868 -0 -0.4928984 -0.8700868 0 -0.4496151 -0.8932225 -0 -0.4496151 -0.8932225 0 -0.4052419 -0.9142095 -0 -0.3598919 -0.932994 -0 -0.4052419 -0.9142095 0 -0.3598919 -0.932994 -0 -0.3136852 -0.9495271 -0 -0.3136852 -0.9495271 0 -0.2667122 -0.9637762 -0 -0.2191016 -0.975702 -0 -0.2667122 -0.9637762 0 -0.1709604 -0.9852779 -0 -0.2191016 -0.975702 -0 -0.1709604 -0.9852779 -0 -0.1224094 -0.9924797 -0 -0.1224094 -0.9924797 0 -0.07356221 -0.9972906 -0 -0.07356221 -0.9972906 0 -0.02454402 -0.9996988 -0 -0.02454402 -0.9996988 0 0 1 -0 0 1 0 -1 0 0 -1 -0 0 1 0 0 1 -0 0 -0.02454402 0.9996988 0 -0.02454402 0.9996988 0 -0.07356221 0.9972906 0 -0.07356221 0.9972906 0 -0.1224094 0.9924797 0 -0.1224094 0.9924797 0 -0.1709604 0.9852779 0 -0.1709604 0.9852779 0 -0.2191016 0.975702 0 -0.2191016 0.975702 0 -0.2667122 0.9637762 0 -0.2667122 0.9637762 0 -0.3136852 0.9495271 0 -0.3136852 0.9495271 0 -0.3598919 0.932994 0 -0.3598919 0.932994 0 -0.4052419 0.9142095 0 -0.4052419 0.9142095 0 -0.4496151 0.8932225 0 -0.4496151 0.8932225 0 -0.4928984 0.8700868 0 -0.4928984 0.8700868 0 -0.5349966 0.8448542 0 -0.5758062 0.8175862 0 -0.5349966 0.8448542 0 -0.5758062 0.8175862 0 -0.6152322 0.788346 0 -0.6152322 0.788346 0 -0.6531708 0.7572107 0 -0.6531708 0.7572107 0 -0.6895428 0.724245 0 -0.6895428 0.724245 0 -0.7242468 0.6895409 0 -0.7242468 0.6895409 0 -0.757207 0.6531749 0 -0.757207 0.6531749 0 -0.7883497 0.6152274 0 -0.8175826 0.5758114 0 -0.7883497 0.6152274 0 -0.8175826 0.5758114 0 -0.8448548 0.5349956 0 -0.8448548 0.5349956 0 -0.8700852 0.4929014 0 -0.8700852 0.4929014 0 -0.8932248 0.4496104 0 -0.8932248 0.4496104 0 -0.9142101 0.4052405 0 -0.932994 0.3598919 0 -0.9142101 0.4052405 0 -0.932994 0.3598919 0 -0.9495267 0.3136863 0 -0.9495267 0.3136863 0 -0.9637762 0.2667122 0 -0.9757023 0.2191008 0 -0.9637762 0.2667122 0 -0.9852778 0.170961 0 -0.9757023 0.2191008 0 -0.9852778 0.170961 0 -0.9924797 0.1224094 0 -0.9924797 0.1224094 0 -0.9972906 0.07356221 0 -0.9972906 0.07356221 0 -0.9996988 0.02454402 0 -0.9996988 0.02454402 0 0 1 -0 0 1 0 -1 0 0 -1 0 0 0 -1 0 0 -1 0 1 0 0 1 0 0 0 1 0 0 1 -0 1 0 0 1 0 0 0 1 0 0 1 -0 -1 0 0 -1 0 0 0 -1 0 0 -1 0 -0.9995924 -0.02854997 0 -0.9995924 -0.02854997 0 -0.9963304 -0.08559113 0 -0.9963304 -0.08559113 0 -0.9898227 -0.1423056 0 -0.9898227 -0.1423056 0 -0.9800828 -0.1985891 0 -0.9800828 -0.1985891 0 -0.9671489 -0.2542105 0 -0.9671489 -0.2542105 0 -0.9510548 -0.3090222 0 -0.9510548 -0.3090222 0 -0.9318656 -0.3628035 0 -0.9096344 -0.4154097 0 -0.9318656 -0.3628035 0 -0.8844268 -0.466679 0 -0.9096344 -0.4154097 0 -0.8844268 -0.466679 0 -0.8563492 -0.5163972 0 -0.8254659 -0.5644519 0 -0.8563492 -0.5163972 0 -0.8254659 -0.5644519 0 -0.7919041 -0.6106455 0 -0.7919041 -0.6106455 0 -0.7557527 -0.6548572 0 -0.7557527 -0.6548572 0 -0.71713 -0.6969394 0 -0.6761722 -0.7367437 0 -0.71713 -0.6969394 0 -0.6761722 -0.7367437 0 -0.6330143 -0.7741401 0 -0.6330143 -0.7741401 0 -0.5877813 -0.8090199 0 -0.5877813 -0.8090199 0 -0.5406438 -0.8412516 0 -0.5406438 -0.8412516 0 -0.4917428 -0.8707405 0 -0.4412189 -0.8973995 0 -0.4917428 -0.8707405 0 -0.4412189 -0.8973995 0 -0.3892733 -0.9211223 0 -0.3892733 -0.9211223 0 -0.3360583 -0.9418412 0 -0.3360583 -0.9418412 0 -0.2817158 -0.9594979 0 -0.2817158 -0.9594979 0 -0.2264899 -0.9740135 0 -0.2264899 -0.9740135 0 -0.1705293 -0.9853526 0 -0.1705293 -0.9853526 0 -0.1140062 -0.9934801 0 -0.1140062 -0.9934801 0 -0.05709871 -0.9983686 0 -0.05709871 -0.9983686 0 0 -1 0 0 -1 0 0.05709761 -0.9983686 0 0.05709761 -0.9983686 0 0.1140084 -0.9934798 0 0.1140084 -0.9934798 0 0.1705293 -0.9853526 0 0.1705293 -0.9853526 0 0.2264899 -0.9740135 0 0.2264899 -0.9740135 0 0.2817158 -0.9594979 0 0.2817158 -0.9594979 0 0.3360583 -0.9418412 0 0.3360583 -0.9418412 0 0.3892801 -0.9211195 0 0.3892801 -0.9211195 0 0.4412038 -0.8974069 0 0.4412038 -0.8974069 0 0.4917592 -0.8707313 0 0.4917592 -0.8707313 0 0.5406438 -0.8412516 0 0.5406438 -0.8412516 0 0.5877722 -0.8090264 0 0.5877722 -0.8090264 0 0.633005 -0.7741477 0 0.633005 -0.7741477 0 0.6761722 -0.7367437 0 0.6761722 -0.7367437 0 0.7171491 -0.6969198 0 0.7171491 -0.6969198 0 0.7557433 -0.6548681 0 0.7557433 -0.6548681 0 0.7919041 -0.6106455 0 0.7919041 -0.6106455 0 0.825457 -0.564465 0 0.825457 -0.564465 0 0.8563492 -0.5163972 0 0.8563492 -0.5163972 0 0.8844425 -0.4666491 0 0.8844425 -0.4666491 0 0.9096344 -0.4154097 0 0.9096344 -0.4154097 0 0.9318592 -0.3628201 0 0.9318592 -0.3628201 0 0.9510604 -0.3090049 0 0.9510604 -0.3090049 0 0.9671442 -0.2542284 0 0.9671442 -0.2542284 0 0.9800828 -0.1985891 0 0.9800828 -0.1985891 0 0.98982 -0.1423243 0 0.98982 -0.1423243 0 0.9963319 -0.08557218 0 0.9963319 -0.08557218 0 0.9995924 -0.02854997 0 0.9995924 -0.02854997 0 0.9995924 0.02854888 0 0.9995924 0.02854888 -0 0.9963319 0.08557218 0 0.9963319 0.08557218 -0 0.98982 0.1423243 0 0.98982 0.1423243 -0 0.9800828 0.1985891 -0 0.9800828 0.1985891 0 0.9671442 0.2542284 -0 0.9671442 0.2542284 -0 0.9510604 0.3090049 -0 0.9318592 0.3628201 -0 0.9510604 0.3090049 0 0.9096278 0.4154242 -0 0.9318592 0.3628201 -0 0.9096278 0.4154242 -0 0.8844509 0.4666334 -0 0.8844509 0.4666334 0 0.856339 0.5164141 -0 0.8254693 0.5644472 -0 0.856339 0.5164141 0 0.8254693 0.5644472 -0 0.7919041 0.6106455 -0 0.7557433 0.6548681 -0 0.7919041 0.6106455 0 0.7557433 0.6548681 -0 0.7171491 0.6969198 -0 0.7171491 0.6969198 0 0.6761722 0.7367437 0 0.6761722 0.7367437 -0 0.633005 0.7741477 0 0.633005 0.7741477 -0 0.5877722 0.8090264 0 0.5877722 0.8090264 -0 0.5406438 0.8412516 0 0.5406438 0.8412516 -0 0.4917592 0.8707313 0 0.4917592 0.8707313 -0 0.4412038 0.8974069 0 0.4412038 0.8974069 -0 0.3892801 0.9211195 -0 0.3892801 0.9211195 -0 0.3360245 0.9418533 0 0.3360245 0.9418533 -0 0.2817509 0.9594875 0 0.2817509 0.9594875 -0 0.2264899 0.9740135 0 0.2264899 0.9740135 -0 0.1705293 0.9853526 0 0.1705293 0.9853526 -0 0.1140084 0.9934798 0 0.1140084 0.9934798 -0 0.05705957 0.9983708 0 0.05705957 0.9983708 -0 0 1 0 0 1 -0 -0.05706066 0.9983707 0 -0.05706066 0.9983707 0 -0.1140062 0.9934801 0 -0.1140062 0.9934801 0 -0.1705293 0.9853526 0 -0.1705293 0.9853526 0 -0.2264899 0.9740135 0 -0.2264899 0.9740135 0 -0.2817509 0.9594875 0 -0.2817509 0.9594875 0 -0.3360245 0.9418533 0 -0.3360245 0.9418533 0 -0.3892733 0.9211223 0 -0.3892733 0.9211223 0 -0.4412189 0.8973995 0 -0.4412189 0.8973995 0 -0.4917428 0.8707405 0 -0.4917428 0.8707405 0 -0.5406438 0.8412516 0 -0.5406438 0.8412516 0 -0.5877813 0.8090199 0 -0.5877813 0.8090199 0 -0.6330143 0.7741401 0 -0.6330143 0.7741401 0 -0.6761722 0.7367437 0 -0.6761722 0.7367437 0 -0.71713 0.6969394 0 -0.71713 0.6969394 0 -0.7557527 0.6548572 0 -0.7557527 0.6548572 0 -0.7919041 0.6106455 0 -0.7919041 0.6106455 0 -0.8254781 0.5644342 0 -0.8254781 0.5644342 0 -0.856339 0.5164141 0 -0.856339 0.5164141 0 -0.8844351 0.4666633 0 -0.9096278 0.4154242 0 -0.8844351 0.4666633 0 -0.9096278 0.4154242 0 -0.9318656 0.3628035 0 -0.9318656 0.3628035 0 -0.9510548 0.3090222 0 -0.9671489 0.2542105 0 -0.9510548 0.3090222 0 -0.9800828 0.1985891 0 -0.9671489 0.2542105 0 -0.9800828 0.1985891 0 -0.9898227 0.1423056 0 -0.9898227 0.1423056 0 -0.9963304 0.08559113 0 -0.9963304 0.08559113 0 -0.9995924 0.02854888 0 -0.9995924 0.02854888 0 -0.9995924 -0.02854997 0 -0.9995924 -0.02854997 0 -0.9963319 -0.08557218 0 -0.9963319 -0.08557218 0 -0.98982 -0.1423243 0 -0.98982 -0.1423243 0 -0.9800828 -0.1985891 0 -0.9800828 -0.1985891 0 -0.9671442 -0.2542284 0 -0.9671442 -0.2542284 0 -0.9510604 -0.3090049 0 -0.9510604 -0.3090049 0 -0.9318592 -0.3628201 0 -0.9096344 -0.4154097 0 -0.9318592 -0.3628201 0 -0.8844425 -0.4666491 0 -0.9096344 -0.4154097 0 -0.8844425 -0.4666491 0 -0.8563492 -0.5163972 0 -0.825457 -0.564465 0 -0.8563492 -0.5163972 0 -0.825457 -0.564465 0 -0.7919041 -0.6106455 0 -0.7919041 -0.6106455 0 -0.7557433 -0.6548681 0 -0.7557433 -0.6548681 0 -0.7171491 -0.6969198 0 -0.6761722 -0.7367437 0 -0.7171491 -0.6969198 0 -0.6761722 -0.7367437 0 -0.633005 -0.7741477 0 -0.633005 -0.7741477 0 -0.5877722 -0.8090264 0 -0.5877722 -0.8090264 0 -0.5406438 -0.8412516 0 -0.5406438 -0.8412516 0 -0.4917592 -0.8707313 0 -0.4412038 -0.8974069 0 -0.4917592 -0.8707313 0 -0.4412038 -0.8974069 0 -0.3892801 -0.9211195 0 -0.3892801 -0.9211195 0 -0.3360583 -0.9418412 0 -0.3360583 -0.9418412 0 -0.2817158 -0.9594979 0 -0.2817158 -0.9594979 0 -0.2264899 -0.9740135 0 -0.2264899 -0.9740135 0 -0.1705293 -0.9853526 0 -0.1705293 -0.9853526 0 -0.1140084 -0.9934798 0 -0.1140084 -0.9934798 0 -0.05709761 -0.9983686 0 -0.05709761 -0.9983686 0 0 -1 0 0 -1 0 0.05709871 -0.9983686 0 0.05709871 -0.9983686 0 0.1140062 -0.9934801 0 0.1140062 -0.9934801 0 0.1705293 -0.9853526 0 0.1705293 -0.9853526 0 0.2264899 -0.9740135 0 0.2264899 -0.9740135 0 0.2817158 -0.9594979 0 0.2817158 -0.9594979 0 0.3360583 -0.9418412 0 0.3360583 -0.9418412 0 0.3892733 -0.9211223 0 0.3892733 -0.9211223 0 0.4412189 -0.8973995 0 0.4412189 -0.8973995 0 0.4917428 -0.8707405 0 0.4917428 -0.8707405 0 0.5406438 -0.8412516 0 0.5406438 -0.8412516 0 0.5877813 -0.8090199 0 0.5877813 -0.8090199 0 0.6330143 -0.7741401 0 0.6330143 -0.7741401 0 0.6761722 -0.7367437 0 0.6761722 -0.7367437 0 0.71713 -0.6969394 0 0.71713 -0.6969394 0 0.7557527 -0.6548572 0 0.7557527 -0.6548572 0 0.7919041 -0.6106455 0 0.7919041 -0.6106455 0 0.8254659 -0.5644519 0 0.8254659 -0.5644519 0 0.8563492 -0.5163972 0 0.8563492 -0.5163972 0 0.8844268 -0.466679 0 0.8844268 -0.466679 0 0.9096344 -0.4154097 0 0.9096344 -0.4154097 0 0.9318656 -0.3628035 0 0.9318656 -0.3628035 0 0.9510548 -0.3090222 0 0.9510548 -0.3090222 0 0.9671489 -0.2542105 0 0.9671489 -0.2542105 0 0.9800828 -0.1985891 0 0.9800828 -0.1985891 0 0.9898227 -0.1423056 0 0.9898227 -0.1423056 0 0.9963304 -0.08559113 0 0.9963304 -0.08559113 0 0.9995924 -0.02854997 0 0.9995924 -0.02854997 0 0.9995924 0.02854888 0 0.9995924 0.02854888 -0 0.9963304 0.08559113 0 0.9963304 0.08559113 -0 0.9898227 0.1423056 0 0.9898227 0.1423056 -0 0.9800828 0.1985891 -0 0.9800828 0.1985891 0 0.9671489 0.2542105 -0 0.9671489 0.2542105 -0 0.9510548 0.3090222 -0 0.9318656 0.3628035 -0 0.9510548 0.3090222 0 0.9096278 0.4154242 -0 0.9318656 0.3628035 -0 0.9096278 0.4154242 -0 0.8844351 0.4666633 -0 0.8844351 0.4666633 0 0.856339 0.5164141 -0 0.8254781 0.5644342 -0 0.856339 0.5164141 0 0.8254781 0.5644342 -0 0.7919041 0.6106455 -0 0.7557527 0.6548572 -0 0.7919041 0.6106455 0 0.7557527 0.6548572 -0 0.71713 0.6969394 -0 0.71713 0.6969394 0 0.6761722 0.7367437 0 0.6761722 0.7367437 -0 0.6330143 0.7741401 0 0.6330143 0.7741401 -0 0.5877813 0.8090199 0 0.5877813 0.8090199 -0 0.5406438 0.8412516 0 0.5406438 0.8412516 -0 0.4917428 0.8707405 0 0.4917428 0.8707405 -0 0.4412189 0.8973995 0 0.4412189 0.8973995 -0 0.3892733 0.9211223 -0 0.3892733 0.9211223 -0 0.3360245 0.9418533 0 0.3360245 0.9418533 -0 0.2817509 0.9594875 0 0.2817509 0.9594875 -0 0.2264899 0.9740135 0 0.2264899 0.9740135 -0 0.1705293 0.9853526 0 0.1705293 0.9853526 -0 0.1140062 0.9934801 0 0.1140062 0.9934801 -0 0.05706066 0.9983707 0 0.05706066 0.9983707 -0 0 1 0 0 1 -0 -0.05705957 0.9983708 0 -0.05705957 0.9983708 0 -0.1140084 0.9934798 0 -0.1140084 0.9934798 0 -0.1705293 0.9853526 0 -0.1705293 0.9853526 0 -0.2264899 0.9740135 0 -0.2264899 0.9740135 0 -0.2817509 0.9594875 0 -0.2817509 0.9594875 0 -0.3360245 0.9418533 0 -0.3360245 0.9418533 0 -0.3892801 0.9211195 0 -0.3892801 0.9211195 0 -0.4412038 0.8974069 0 -0.4412038 0.8974069 0 -0.4917592 0.8707313 0 -0.4917592 0.8707313 0 -0.5406438 0.8412516 0 -0.5406438 0.8412516 0 -0.5877722 0.8090264 0 -0.5877722 0.8090264 0 -0.633005 0.7741477 0 -0.633005 0.7741477 0 -0.6761722 0.7367437 0 -0.6761722 0.7367437 0 -0.7171491 0.6969198 0 -0.7171491 0.6969198 0 -0.7557433 0.6548681 0 -0.7557433 0.6548681 0 -0.7919041 0.6106455 0 -0.7919041 0.6106455 0 -0.8254693 0.5644472 0 -0.8254693 0.5644472 0 -0.856339 0.5164141 0 -0.856339 0.5164141 0 -0.8844509 0.4666334 0 -0.9096278 0.4154242 0 -0.8844509 0.4666334 0 -0.9096278 0.4154242 0 -0.9318592 0.3628201 0 -0.9318592 0.3628201 0 -0.9510604 0.3090049 0 -0.9671442 0.2542284 0 -0.9510604 0.3090049 0 -0.9800828 0.1985891 0 -0.9671442 0.2542284 0 -0.9800828 0.1985891 0 -0.98982 0.1423243 0 -0.98982 0.1423243 0 -0.9963319 0.08557218 0 -0.9963319 0.08557218 0 -0.9995924 0.02854888 0 -0.9995924 0.02854888 0 -0.9995924 -0.02854888 0 -0.9995924 -0.02854888 0 -0.9963304 -0.08559113 0 -0.9963304 -0.08559113 0 -0.9898227 -0.1423056 0 -0.9898227 -0.1423056 0 -0.9800828 -0.1985891 0 -0.9800828 -0.1985891 0 -0.9671489 -0.2542105 0 -0.9671489 -0.2542105 0 -0.9510548 -0.3090222 0 -0.9510548 -0.3090222 0 -0.9318707 -0.3627906 0 -0.9096278 -0.4154242 0 -0.9318707 -0.3627906 0 -0.8844268 -0.466679 0 -0.9096278 -0.4154242 0 -0.8844268 -0.466679 0 -0.856339 -0.5164141 0 -0.8254781 -0.5644342 0 -0.856339 -0.5164141 0 -0.8254781 -0.5644342 0 -0.7919041 -0.6106455 0 -0.7919041 -0.6106455 0 -0.755769 -0.6548383 0 -0.755769 -0.6548383 0 -0.7171115 -0.6969585 0 -0.6761722 -0.7367437 0 -0.7171115 -0.6969585 0 -0.6761722 -0.7367437 0 -0.6330372 -0.7741213 0 -0.6330372 -0.7741213 0 -0.5877813 -0.8090199 0 -0.5877813 -0.8090199 0 -0.5406168 -0.841269 0 -0.5406168 -0.841269 0 -0.4917428 -0.8707405 0 -0.4412189 -0.8973995 0 -0.4917428 -0.8707405 0 -0.4412189 -0.8973995 0 -0.3893057 -0.9211087 0 -0.3893057 -0.9211087 0 -0.3360245 -0.9418533 0 -0.3360245 -0.9418533 0 -0.2817509 -0.9594875 0 -0.2817509 -0.9594875 0 -0.2264899 -0.9740135 0 -0.2264899 -0.9740135 0 -0.1705293 -0.9853526 0 -0.1705293 -0.9853526 0 -0.1139686 -0.9934844 0 -0.1139686 -0.9934844 0 -0.05709871 -0.9983686 0 -0.05709871 -0.9983686 0 0 -1 0 0 -1 0 0.05709761 -0.9983686 0 0.05709761 -0.9983686 0 0.1139707 -0.9934841 0 0.1139707 -0.9934841 0 0.1705293 -0.9853526 0 0.1705293 -0.9853526 0 0.2264899 -0.9740135 0 0.2264899 -0.9740135 0 0.2817509 -0.9594875 0 0.2817509 -0.9594875 0 0.3360245 -0.9418533 0 0.3360245 -0.9418533 0 0.3893125 -0.9211057 0 0.3893125 -0.9211057 0 0.4412038 -0.8974069 0 0.4412038 -0.8974069 0 0.4917592 -0.8707313 0 0.4917592 -0.8707313 0 0.5406168 -0.841269 0 0.5406168 -0.841269 0 0.5877722 -0.8090264 0 0.5877722 -0.8090264 0 0.6330279 -0.774129 0 0.6330279 -0.774129 0 0.6761722 -0.7367437 0 0.6761722 -0.7367437 0 0.7171305 -0.6969388 0 0.7171305 -0.6969388 0 0.7557596 -0.6548492 0 0.7557596 -0.6548492 0 0.7919041 -0.6106455 0 0.7919041 -0.6106455 0 0.8254693 -0.5644472 0 0.8254693 -0.5644472 0 0.856339 -0.5164141 0 0.856339 -0.5164141 0 0.8844425 -0.4666491 0 0.8844425 -0.4666491 0 0.9096278 -0.4154242 0 0.9096278 -0.4154242 0 0.9318642 -0.3628072 0 0.9318642 -0.3628072 0 0.9510604 -0.3090049 0 0.9510604 -0.3090049 0 0.9671442 -0.2542284 0 0.9671442 -0.2542284 0 0.9800828 -0.1985891 0 0.9800828 -0.1985891 0 0.98982 -0.1423243 0 0.98982 -0.1423243 0 0.9963319 -0.08557218 0 0.9963319 -0.08557218 0 0.9995924 -0.02854888 0 0.9995924 -0.02854888 0 0.9995924 0.02855106 0 0.9995924 0.02855106 -0 0.9963319 0.08557218 0 0.9963319 0.08557218 -0 0.98982 0.1423243 0 0.98982 0.1423243 -0 0.9800858 0.1985742 -0 0.9800858 0.1985742 0 0.9671392 0.2542472 -0 0.9671392 0.2542472 -0 0.9510604 0.3090049 -0 0.9318642 0.3628072 -0 0.9510604 0.3090049 0 0.9096278 0.4154242 -0 0.9318642 0.3628072 -0 0.9096278 0.4154242 -0 0.8844425 0.4666491 -0 0.8844425 0.4666491 0 0.8563594 0.5163804 -0 0.8254448 0.5644827 -0 0.8563594 0.5163804 0 0.8254448 0.5644827 -0 0.7919041 0.6106455 -0 0.7557596 0.6548492 -0 0.7919041 0.6106455 0 0.7557596 0.6548492 -0 0.7171305 0.6969388 -0 0.7171305 0.6969388 0 0.6761722 0.7367437 0 0.6761722 0.7367437 -0 0.6330279 0.774129 0 0.6330279 0.774129 -0 0.5877722 0.8090264 0 0.5877722 0.8090264 -0 0.5406708 0.8412343 0 0.5406708 0.8412343 -0 0.4917013 0.870764 0 0.4917013 0.870764 -0 0.4412038 0.8974069 0 0.4412038 0.8974069 -0 0.3893125 0.9211057 -0 0.3893125 0.9211057 -0 0.3360245 0.9418533 0 0.3360245 0.9418533 -0 0.2817509 0.9594875 0 0.2817509 0.9594875 -0 0.2264899 0.9740135 0 0.2264899 0.9740135 -0 0.1705293 0.9853526 0 0.1705293 0.9853526 -0 0.1139707 0.9934841 0 0.1139707 0.9934841 -0 0.05709761 0.9983686 0 0.05709761 0.9983686 -0 0 1 0 0 1 -0 -0.05709871 0.9983686 0 -0.05709871 0.9983686 0 -0.1139686 0.9934844 0 -0.1139686 0.9934844 0 -0.1705293 0.9853526 0 -0.1705293 0.9853526 0 -0.2264899 0.9740135 0 -0.2264899 0.9740135 0 -0.2817509 0.9594875 0 -0.2817509 0.9594875 0 -0.3360245 0.9418533 0 -0.3360245 0.9418533 0 -0.3893057 0.9211087 0 -0.3893057 0.9211087 0 -0.4412189 0.8973995 0 -0.4412189 0.8973995 0 -0.4916849 0.8707731 0 -0.4916849 0.8707731 0 -0.5406708 0.8412343 0 -0.5406708 0.8412343 0 -0.5877813 0.8090199 0 -0.5877813 0.8090199 0 -0.6330372 0.7741213 0 -0.6330372 0.7741213 0 -0.6761722 0.7367437 0 -0.6761722 0.7367437 0 -0.7171115 0.6969585 0 -0.7171115 0.6969585 0 -0.755769 0.6548383 0 -0.755769 0.6548383 0 -0.7919041 0.6106455 0 -0.7919041 0.6106455 0 -0.8254538 0.5644698 0 -0.8254538 0.5644698 0 -0.8563594 0.5163804 0 -0.8563594 0.5163804 0 -0.8844268 0.466679 0 -0.9096278 0.4154242 0 -0.8844268 0.466679 0 -0.9096278 0.4154242 0 -0.9318707 0.3627906 0 -0.9318707 0.3627906 0 -0.9510548 0.3090222 0 -0.967144 0.2542293 0 -0.9510548 0.3090222 0 -0.9800858 0.1985742 0 -0.967144 0.2542293 0 -0.9800858 0.1985742 0 -0.9898227 0.1423056 0 -0.9898227 0.1423056 0 -0.9963304 0.08559113 0 -0.9963304 0.08559113 0 -0.9995924 0.02855106 0 -0.9995924 0.02855106 0 -0.9995924 -0.02854888 0 -0.9995924 -0.02854888 0 -0.9963319 -0.08557218 0 -0.9963319 -0.08557218 0 -0.98982 -0.1423243 0 -0.98982 -0.1423243 0 -0.9800828 -0.1985891 0 -0.9800828 -0.1985891 0 -0.9671442 -0.2542284 0 -0.9671442 -0.2542284 0 -0.9510604 -0.3090049 0 -0.9510604 -0.3090049 0 -0.9318642 -0.3628072 0 -0.9096278 -0.4154242 0 -0.9318642 -0.3628072 0 -0.8844425 -0.4666491 0 -0.9096278 -0.4154242 0 -0.8844425 -0.4666491 0 -0.856339 -0.5164141 0 -0.8254693 -0.5644472 0 -0.856339 -0.5164141 0 -0.8254693 -0.5644472 0 -0.7919041 -0.6106455 0 -0.7919041 -0.6106455 0 -0.7557596 -0.6548492 0 -0.7557596 -0.6548492 0 -0.7171305 -0.6969388 0 -0.6761722 -0.7367437 0 -0.7171305 -0.6969388 0 -0.6761722 -0.7367437 0 -0.6330279 -0.774129 0 -0.6330279 -0.774129 0 -0.5877722 -0.8090264 0 -0.5877722 -0.8090264 0 -0.5406168 -0.841269 0 -0.5406168 -0.841269 0 -0.4917592 -0.8707313 0 -0.4412038 -0.8974069 0 -0.4917592 -0.8707313 0 -0.4412038 -0.8974069 0 -0.3893125 -0.9211057 0 -0.3893125 -0.9211057 0 -0.3360245 -0.9418533 0 -0.3360245 -0.9418533 0 -0.2817509 -0.9594875 0 -0.2817509 -0.9594875 0 -0.2264899 -0.9740135 0 -0.2264899 -0.9740135 0 -0.1705293 -0.9853526 0 -0.1705293 -0.9853526 0 -0.1139707 -0.9934841 0 -0.1139707 -0.9934841 0 -0.05709761 -0.9983686 0 -0.05709761 -0.9983686 0 0 -1 0 0 -1 0 0.05709871 -0.9983686 0 0.05709871 -0.9983686 0 0.1139686 -0.9934844 0 0.1139686 -0.9934844 0 0.1705293 -0.9853526 0 0.1705293 -0.9853526 0 0.2264899 -0.9740135 0 0.2264899 -0.9740135 0 0.2817509 -0.9594875 0 0.2817509 -0.9594875 0 0.3360245 -0.9418533 0 0.3360245 -0.9418533 0 0.3893057 -0.9211087 0 0.3893057 -0.9211087 0 0.4412189 -0.8973995 0 0.4412189 -0.8973995 0 0.4917428 -0.8707405 0 0.4917428 -0.8707405 0 0.5406168 -0.841269 0 0.5406168 -0.841269 0 0.5877813 -0.8090199 0 0.5877813 -0.8090199 0 0.6330372 -0.7741213 0 0.6330372 -0.7741213 0 0.6761722 -0.7367437 0 0.6761722 -0.7367437 0 0.7171115 -0.6969585 0 0.7171115 -0.6969585 0 0.755769 -0.6548383 0 0.755769 -0.6548383 0 0.7919041 -0.6106455 0 0.7919041 -0.6106455 0 0.8254781 -0.5644342 0 0.8254781 -0.5644342 0 0.856339 -0.5164141 0 0.856339 -0.5164141 0 0.8844268 -0.466679 0 0.8844268 -0.466679 0 0.9096278 -0.4154242 0 0.9096278 -0.4154242 0 0.9318707 -0.3627906 0 0.9318707 -0.3627906 0 0.9510548 -0.3090222 0 0.9510548 -0.3090222 0 0.9671489 -0.2542105 0 0.9671489 -0.2542105 0 0.9800828 -0.1985891 0 0.9800828 -0.1985891 0 0.9898227 -0.1423056 0 0.9898227 -0.1423056 0 0.9963304 -0.08559113 0 0.9963304 -0.08559113 0 0.9995924 -0.02854888 0 0.9995924 -0.02854888 0 0.9995924 0.02855106 0 0.9995924 0.02855106 -0 0.9963304 0.08559113 0 0.9963304 0.08559113 -0 0.9898227 0.1423056 0 0.9898227 0.1423056 -0 0.9800858 0.1985742 -0 0.9800858 0.1985742 0 0.967144 0.2542293 -0 0.967144 0.2542293 -0 0.9510548 0.3090222 -0 0.9318707 0.3627906 -0 0.9510548 0.3090222 0 0.9096278 0.4154242 -0 0.9318707 0.3627906 -0 0.9096278 0.4154242 -0 0.8844268 0.466679 -0 0.8844268 0.466679 0 0.8563594 0.5163804 -0 0.8254538 0.5644698 -0 0.8563594 0.5163804 0 0.8254538 0.5644698 -0 0.7919041 0.6106455 -0 0.755769 0.6548383 -0 0.7919041 0.6106455 0 0.755769 0.6548383 -0 0.7171115 0.6969585 -0 0.7171115 0.6969585 0 0.6761722 0.7367437 0 0.6761722 0.7367437 -0 0.6330372 0.7741213 0 0.6330372 0.7741213 -0 0.5877813 0.8090199 0 0.5877813 0.8090199 -0 0.5406708 0.8412343 0 0.5406708 0.8412343 -0 0.4916849 0.8707731 0 0.4916849 0.8707731 -0 0.4412189 0.8973995 0 0.4412189 0.8973995 -0 0.3893057 0.9211087 -0 0.3893057 0.9211087 -0 0.3360245 0.9418533 0 0.3360245 0.9418533 -0 0.2817509 0.9594875 0 0.2817509 0.9594875 -0 0.2264899 0.9740135 0 0.2264899 0.9740135 -0 0.1705293 0.9853526 0 0.1705293 0.9853526 -0 0.1139686 0.9934844 0 0.1139686 0.9934844 -0 0.05709871 0.9983686 0 0.05709871 0.9983686 -0 0 1 0 0 1 -0 -0.05709761 0.9983686 0 -0.05709761 0.9983686 0 -0.1139707 0.9934841 0 -0.1139707 0.9934841 0 -0.1705293 0.9853526 0 -0.1705293 0.9853526 0 -0.2264899 0.9740135 0 -0.2264899 0.9740135 0 -0.2817509 0.9594875 0 -0.2817509 0.9594875 0 -0.3360245 0.9418533 0 -0.3360245 0.9418533 0 -0.3893125 0.9211057 0 -0.3893125 0.9211057 0 -0.4412038 0.8974069 0 -0.4412038 0.8974069 0 -0.4917013 0.870764 0 -0.4917013 0.870764 0 -0.5406708 0.8412343 0 -0.5406708 0.8412343 0 -0.5877722 0.8090264 0 -0.5877722 0.8090264 0 -0.6330279 0.774129 0 -0.6330279 0.774129 0 -0.6761722 0.7367437 0 -0.6761722 0.7367437 0 -0.7171305 0.6969388 0 -0.7171305 0.6969388 0 -0.7557596 0.6548492 0 -0.7557596 0.6548492 0 -0.7919041 0.6106455 0 -0.7919041 0.6106455 0 -0.8254448 0.5644827 0 -0.8254448 0.5644827 0 -0.8563594 0.5163804 0 -0.8563594 0.5163804 0 -0.8844425 0.4666491 0 -0.9096278 0.4154242 0 -0.8844425 0.4666491 0 -0.9096278 0.4154242 0 -0.9318642 0.3628072 0 -0.9318642 0.3628072 0 -0.9510604 0.3090049 0 -0.9671392 0.2542472 0 -0.9510604 0.3090049 0 -0.9800858 0.1985742 0 -0.9671392 0.2542472 0 -0.9800858 0.1985742 0 -0.98982 0.1423243 0 -0.98982 0.1423243 0 -0.9963319 0.08557218 0 -0.9963319 0.08557218 0 -0.9995924 0.02855106 0 -0.9995924 0.02855106 0 -0.9995924 -0.02854888 0 -0.9995924 -0.02854888 0 -0.9963304 -0.08559113 0 -0.9963304 -0.08559113 0 -0.9898227 -0.1423056 0 -0.9898227 -0.1423056 0 -0.9800828 -0.1985891 0 -0.9800828 -0.1985891 0 -0.9671489 -0.2542105 0 -0.9671489 -0.2542105 0 -0.9510548 -0.3090222 0 -0.9510548 -0.3090222 0 -0.9318656 -0.3628035 0 -0.9096278 -0.4154242 0 -0.9318656 -0.3628035 0 -0.8844351 -0.4666633 0 -0.9096278 -0.4154242 0 -0.8844351 -0.4666633 0 -0.856339 -0.5164141 0 -0.8254781 -0.5644342 0 -0.856339 -0.5164141 0 -0.8254781 -0.5644342 0 -0.7919041 -0.6106455 0 -0.7919041 -0.6106455 0 -0.7557527 -0.6548572 0 -0.7557527 -0.6548572 0 -0.71713 -0.6969394 0 -0.6761722 -0.7367437 0 -0.71713 -0.6969394 0 -0.6761722 -0.7367437 0 -0.6330143 -0.7741401 0 -0.6330143 -0.7741401 0 -0.5877813 -0.8090199 0 -0.5877813 -0.8090199 0 -0.5406438 -0.8412516 0 -0.5406438 -0.8412516 0 -0.4917428 -0.8707405 0 -0.4412189 -0.8973995 0 -0.4917428 -0.8707405 0 -0.4412189 -0.8973995 0 -0.3892733 -0.9211223 0 -0.3892733 -0.9211223 0 -0.3360245 -0.9418533 0 -0.3360245 -0.9418533 0 -0.2817509 -0.9594875 0 -0.2817509 -0.9594875 0 -0.2264899 -0.9740135 0 -0.2264899 -0.9740135 0 -0.1705293 -0.9853526 0 -0.1705293 -0.9853526 0 -0.1140062 -0.9934801 0 -0.1140062 -0.9934801 0 -0.05706066 -0.9983707 0 -0.05706066 -0.9983707 0 0 -1 0 0 -1 0 0.05705957 -0.9983708 0 0.05705957 -0.9983708 0 0.1140084 -0.9934798 0 0.1140084 -0.9934798 0 0.1705293 -0.9853526 0 0.1705293 -0.9853526 0 0.2264899 -0.9740135 0 0.2264899 -0.9740135 0 0.2817509 -0.9594875 0 0.2817509 -0.9594875 0 0.3360245 -0.9418533 0 0.3360245 -0.9418533 0 0.3892801 -0.9211195 0 0.3892801 -0.9211195 0 0.4412038 -0.8974069 0 0.4412038 -0.8974069 0 0.4917592 -0.8707313 0 0.4917592 -0.8707313 0 0.5406438 -0.8412516 0 0.5406438 -0.8412516 0 0.5877722 -0.8090264 0 0.5877722 -0.8090264 0 0.633005 -0.7741477 0 0.633005 -0.7741477 0 0.6761722 -0.7367437 0 0.6761722 -0.7367437 0 0.7171491 -0.6969198 0 0.7171491 -0.6969198 0 0.7557433 -0.6548681 0 0.7557433 -0.6548681 0 0.7919041 -0.6106455 0 0.7919041 -0.6106455 0 0.8254693 -0.5644472 0 0.8254693 -0.5644472 0 0.856339 -0.5164141 0 0.856339 -0.5164141 0 0.8844509 -0.4666334 0 0.8844509 -0.4666334 0 0.9096278 -0.4154242 0 0.9096278 -0.4154242 0 0.9318592 -0.3628201 0 0.9318592 -0.3628201 0 0.9510604 -0.3090049 0 0.9510604 -0.3090049 0 0.9671442 -0.2542284 0 0.9671442 -0.2542284 0 0.9800828 -0.1985891 0 0.9800828 -0.1985891 0 0.98982 -0.1423243 0 0.98982 -0.1423243 0 0.9963319 -0.08557218 0 0.9963319 -0.08557218 0 0.9995924 -0.02854888 0 0.9995924 -0.02854888 0 0.9995924 0.02854997 0 0.9995924 0.02854997 -0 0.9963319 0.08557218 0 0.9963319 0.08557218 -0 0.98982 0.1423243 0 0.98982 0.1423243 -0 0.9800828 0.1985891 -0 0.9800828 0.1985891 0 0.9671442 0.2542284 -0 0.9671442 0.2542284 -0 0.9510604 0.3090049 -0 0.9318592 0.3628201 -0 0.9510604 0.3090049 0 0.9096344 0.4154097 -0 0.9318592 0.3628201 -0 0.9096344 0.4154097 -0 0.8844425 0.4666491 -0 0.8844425 0.4666491 0 0.8563492 0.5163972 -0 0.825457 0.564465 -0 0.8563492 0.5163972 0 0.825457 0.564465 -0 0.7919041 0.6106455 -0 0.7557433 0.6548681 -0 0.7919041 0.6106455 0 0.7557433 0.6548681 -0 0.7171491 0.6969198 -0 0.7171491 0.6969198 0 0.6761722 0.7367437 0 0.6761722 0.7367437 -0 0.633005 0.7741477 0 0.633005 0.7741477 -0 0.5877722 0.8090264 0 0.5877722 0.8090264 -0 0.5406438 0.8412516 0 0.5406438 0.8412516 -0 0.4917592 0.8707313 0 0.4917592 0.8707313 -0 0.4412038 0.8974069 0 0.4412038 0.8974069 -0 0.3892801 0.9211195 -0 0.3892801 0.9211195 -0 0.3360583 0.9418412 0 0.3360583 0.9418412 -0 0.2817158 0.9594979 0 0.2817158 0.9594979 -0 0.2264899 0.9740135 0 0.2264899 0.9740135 -0 0.1705293 0.9853526 0 0.1705293 0.9853526 -0 0.1140084 0.9934798 0 0.1140084 0.9934798 -0 0.05709761 0.9983686 0 0.05709761 0.9983686 -0 0 1 0 0 1 -0 -0.05709871 0.9983686 0 -0.05709871 0.9983686 0 -0.1140062 0.9934801 0 -0.1140062 0.9934801 0 -0.1705293 0.9853526 0 -0.1705293 0.9853526 0 -0.2264899 0.9740135 0 -0.2264899 0.9740135 0 -0.2817158 0.9594979 0 -0.2817158 0.9594979 0 -0.3360583 0.9418412 0 -0.3360583 0.9418412 0 -0.3892733 0.9211223 0 -0.3892733 0.9211223 0 -0.4412189 0.8973995 0 -0.4412189 0.8973995 0 -0.4917428 0.8707405 0 -0.4917428 0.8707405 0 -0.5406438 0.8412516 0 -0.5406438 0.8412516 0 -0.5877813 0.8090199 0 -0.5877813 0.8090199 0 -0.6330143 0.7741401 0 -0.6330143 0.7741401 0 -0.6761722 0.7367437 0 -0.6761722 0.7367437 0 -0.71713 0.6969394 0 -0.71713 0.6969394 0 -0.7557527 0.6548572 0 -0.7557527 0.6548572 0 -0.7919041 0.6106455 0 -0.7919041 0.6106455 0 -0.8254659 0.5644519 0 -0.8254659 0.5644519 0 -0.8563492 0.5163972 0 -0.8563492 0.5163972 0 -0.8844268 0.466679 0 -0.9096344 0.4154097 0 -0.8844268 0.466679 0 -0.9096344 0.4154097 0 -0.9318656 0.3628035 0 -0.9318656 0.3628035 0 -0.9510548 0.3090222 0 -0.9671489 0.2542105 0 -0.9510548 0.3090222 0 -0.9800828 0.1985891 0 -0.9671489 0.2542105 0 -0.9800828 0.1985891 0 -0.9898227 0.1423056 0 -0.9898227 0.1423056 0 -0.9963304 0.08559113 0 -0.9963304 0.08559113 0 -0.9995924 0.02854997 0 -0.9995924 0.02854997 0 -0.9995924 -0.02854888 0 -0.9995924 -0.02854888 0 -0.9963319 -0.08557218 0 -0.9963319 -0.08557218 0 -0.98982 -0.1423243 0 -0.98982 -0.1423243 0 -0.9800828 -0.1985891 0 -0.9800828 -0.1985891 0 -0.9671442 -0.2542284 0 -0.9671442 -0.2542284 0 -0.9510604 -0.3090049 0 -0.9510604 -0.3090049 0 -0.9318592 -0.3628201 0 -0.9096278 -0.4154242 0 -0.9318592 -0.3628201 0 -0.8844509 -0.4666334 0 -0.9096278 -0.4154242 0 -0.8844509 -0.4666334 0 -0.856339 -0.5164141 0 -0.8254693 -0.5644472 0 -0.856339 -0.5164141 0 -0.8254693 -0.5644472 0 -0.7919041 -0.6106455 0 -0.7919041 -0.6106455 0 -0.7557433 -0.6548681 0 -0.7557433 -0.6548681 0 -0.7171491 -0.6969198 0 -0.6761722 -0.7367437 0 -0.7171491 -0.6969198 0 -0.6761722 -0.7367437 0 -0.633005 -0.7741477 0 -0.633005 -0.7741477 0 -0.5877722 -0.8090264 0 -0.5877722 -0.8090264 0 -0.5406438 -0.8412516 0 -0.5406438 -0.8412516 0 -0.4917592 -0.8707313 0 -0.4412038 -0.8974069 0 -0.4917592 -0.8707313 0 -0.4412038 -0.8974069 0 -0.3892801 -0.9211195 0 -0.3892801 -0.9211195 0 -0.3360245 -0.9418533 0 -0.3360245 -0.9418533 0 -0.2817509 -0.9594875 0 -0.2817509 -0.9594875 0 -0.2264899 -0.9740135 0 -0.2264899 -0.9740135 0 -0.1705293 -0.9853526 0 -0.1705293 -0.9853526 0 -0.1140084 -0.9934798 0 -0.1140084 -0.9934798 0 -0.05705957 -0.9983708 0 -0.05705957 -0.9983708 0 0 -1 0 0 -1 0 0.05706066 -0.9983707 0 0.05706066 -0.9983707 0 0.1140062 -0.9934801 0 0.1140062 -0.9934801 0 0.1705293 -0.9853526 0 0.1705293 -0.9853526 0 0.2264899 -0.9740135 0 0.2264899 -0.9740135 0 0.2817509 -0.9594875 0 0.2817509 -0.9594875 0 0.3360245 -0.9418533 0 0.3360245 -0.9418533 0 0.3892733 -0.9211223 0 0.3892733 -0.9211223 0 0.4412189 -0.8973995 0 0.4412189 -0.8973995 0 0.4917428 -0.8707405 0 0.4917428 -0.8707405 0 0.5406438 -0.8412516 0 0.5406438 -0.8412516 0 0.5877813 -0.8090199 0 0.5877813 -0.8090199 0 0.6330143 -0.7741401 0 0.6330143 -0.7741401 0 0.6761722 -0.7367437 0 0.6761722 -0.7367437 0 0.71713 -0.6969394 0 0.71713 -0.6969394 0 0.7557527 -0.6548572 0 0.7557527 -0.6548572 0 0.7919041 -0.6106455 0 0.7919041 -0.6106455 0 0.8254781 -0.5644342 0 0.8254781 -0.5644342 0 0.856339 -0.5164141 0 0.856339 -0.5164141 0 0.8844351 -0.4666633 0 0.8844351 -0.4666633 0 0.9096278 -0.4154242 0 0.9096278 -0.4154242 0 0.9318656 -0.3628035 0 0.9318656 -0.3628035 0 0.9510548 -0.3090222 0 0.9510548 -0.3090222 0 0.9671489 -0.2542105 0 0.9671489 -0.2542105 0 0.9800828 -0.1985891 0 0.9800828 -0.1985891 0 0.9898227 -0.1423056 0 0.9898227 -0.1423056 0 0.9963304 -0.08559113 0 0.9963304 -0.08559113 0 0.9995924 -0.02854888 0 0.9995924 -0.02854888 0 0.9995924 0.02854997 0 0.9995924 0.02854997 -0 0.9963304 0.08559113 0 0.9963304 0.08559113 -0 0.9898227 0.1423056 0 0.9898227 0.1423056 -0 0.9800828 0.1985891 -0 0.9800828 0.1985891 0 0.9671489 0.2542105 -0 0.9671489 0.2542105 -0 0.9510548 0.3090222 -0 0.9318656 0.3628035 -0 0.9510548 0.3090222 0 0.9096344 0.4154097 -0 0.9318656 0.3628035 -0 0.9096344 0.4154097 -0 0.8844268 0.466679 -0 0.8844268 0.466679 0 0.8563492 0.5163972 -0 0.8254659 0.5644519 -0 0.8563492 0.5163972 0 0.8254659 0.5644519 -0 0.7919041 0.6106455 -0 0.7557527 0.6548572 -0 0.7919041 0.6106455 0 0.7557527 0.6548572 -0 0.71713 0.6969394 -0 0.71713 0.6969394 0 0.6761722 0.7367437 0 0.6761722 0.7367437 -0 0.6330143 0.7741401 0 0.6330143 0.7741401 -0 0.5877813 0.8090199 0 0.5877813 0.8090199 -0 0.5406438 0.8412516 0 0.5406438 0.8412516 -0 0.4917428 0.8707405 0 0.4917428 0.8707405 -0 0.4412189 0.8973995 0 0.4412189 0.8973995 -0 0.3892733 0.9211223 -0 0.3892733 0.9211223 -0 0.3360583 0.9418412 0 0.3360583 0.9418412 -0 0.2817158 0.9594979 0 0.2817158 0.9594979 -0 0.2264899 0.9740135 0 0.2264899 0.9740135 -0 0.1705293 0.9853526 0 0.1705293 0.9853526 -0 0.1140062 0.9934801 0 0.1140062 0.9934801 -0 0.05709871 0.9983686 0 0.05709871 0.9983686 -0 0 1 0 0 1 -0 -0.05709761 0.9983686 0 -0.05709761 0.9983686 0 -0.1140084 0.9934798 0 -0.1140084 0.9934798 0 -0.1705293 0.9853526 0 -0.1705293 0.9853526 0 -0.2264899 0.9740135 0 -0.2264899 0.9740135 0 -0.2817158 0.9594979 0 -0.2817158 0.9594979 0 -0.3360583 0.9418412 0 -0.3360583 0.9418412 0 -0.3892801 0.9211195 0 -0.3892801 0.9211195 0 -0.4412038 0.8974069 0 -0.4412038 0.8974069 0 -0.4917592 0.8707313 0 -0.4917592 0.8707313 0 -0.5406438 0.8412516 0 -0.5406438 0.8412516 0 -0.5877722 0.8090264 0 -0.5877722 0.8090264 0 -0.633005 0.7741477 0 -0.633005 0.7741477 0 -0.6761722 0.7367437 0 -0.6761722 0.7367437 0 -0.7171491 0.6969198 0 -0.7171491 0.6969198 0 -0.7557433 0.6548681 0 -0.7557433 0.6548681 0 -0.7919041 0.6106455 0 -0.7919041 0.6106455 0 -0.825457 0.564465 0 -0.825457 0.564465 0 -0.8563492 0.5163972 0 -0.8563492 0.5163972 0 -0.8844425 0.4666491 0 -0.9096344 0.4154097 0 -0.8844425 0.4666491 0 -0.9096344 0.4154097 0 -0.9318592 0.3628201 0 -0.9318592 0.3628201 0 -0.9510604 0.3090049 0 -0.9671442 0.2542284 0 -0.9510604 0.3090049 0 -0.9800828 0.1985891 0 -0.9671442 0.2542284 0 -0.9800828 0.1985891 0 -0.98982 0.1423243 0 -0.98982 0.1423243 0 -0.9963319 0.08557218 0 -0.9963319 0.08557218 0 -0.9995924 0.02854997 0 -0.9995924 0.02854997 0 -0.9995924 -0.02855106 0 -0.9995924 -0.02855106 0 -0.9963304 -0.08559113 0 -0.9963304 -0.08559113 0 -0.9898227 -0.1423056 0 -0.9898227 -0.1423056 0 -0.9800858 -0.1985742 0 -0.9800858 -0.1985742 0 -0.967144 -0.2542293 0 -0.967144 -0.2542293 0 -0.9510548 -0.3090222 0 -0.9510548 -0.3090222 0 -0.9318707 -0.3627906 0 -0.9096278 -0.4154242 0 -0.9318707 -0.3627906 0 -0.8844268 -0.466679 0 -0.9096278 -0.4154242 0 -0.8844268 -0.466679 0 -0.8563594 -0.5163804 0 -0.8254538 -0.5644698 0 -0.8563594 -0.5163804 0 -0.8254538 -0.5644698 0 -0.7919041 -0.6106455 0 -0.7919041 -0.6106455 0 -0.755769 -0.6548383 0 -0.755769 -0.6548383 0 -0.7171115 -0.6969585 0 -0.6761722 -0.7367437 0 -0.7171115 -0.6969585 0 -0.6761722 -0.7367437 0 -0.6330372 -0.7741213 0 -0.6330372 -0.7741213 0 -0.5877813 -0.8090199 0 -0.5877813 -0.8090199 0 -0.5406708 -0.8412343 0 -0.5406708 -0.8412343 0 -0.4916849 -0.8707731 0 -0.4412189 -0.8973995 0 -0.4916849 -0.8707731 0 -0.4412189 -0.8973995 0 -0.3893057 -0.9211087 0 -0.3893057 -0.9211087 0 -0.3360245 -0.9418533 0 -0.3360245 -0.9418533 0 -0.2817509 -0.9594875 0 -0.2817509 -0.9594875 0 -0.2264899 -0.9740135 0 -0.2264899 -0.9740135 0 -0.1705293 -0.9853526 0 -0.1705293 -0.9853526 0 -0.1139686 -0.9934844 0 -0.1139686 -0.9934844 0 -0.05709871 -0.9983686 0 -0.05709871 -0.9983686 0 0 -1 0 0 -1 0 0.05709761 -0.9983686 0 0.05709761 -0.9983686 0 0.1139707 -0.9934841 0 0.1139707 -0.9934841 0 0.1705293 -0.9853526 0 0.1705293 -0.9853526 0 0.2264899 -0.9740135 0 0.2264899 -0.9740135 0 0.2817509 -0.9594875 0 0.2817509 -0.9594875 0 0.3360245 -0.9418533 0 0.3360245 -0.9418533 0 0.3893125 -0.9211057 0 0.3893125 -0.9211057 0 0.4412038 -0.8974069 0 0.4412038 -0.8974069 0 0.4917013 -0.870764 0 0.4917013 -0.870764 0 0.5406708 -0.8412343 0 0.5406708 -0.8412343 0 0.5877722 -0.8090264 0 0.5877722 -0.8090264 0 0.6330279 -0.774129 0 0.6330279 -0.774129 0 0.6761722 -0.7367437 0 0.6761722 -0.7367437 0 0.7171305 -0.6969388 0 0.7171305 -0.6969388 0 0.7557596 -0.6548492 0 0.7557596 -0.6548492 0 0.7919041 -0.6106455 0 0.7919041 -0.6106455 0 0.8254448 -0.5644827 0 0.8254448 -0.5644827 0 0.8563594 -0.5163804 0 0.8563594 -0.5163804 0 0.8844425 -0.4666491 0 0.8844425 -0.4666491 0 0.9096278 -0.4154242 0 0.9096278 -0.4154242 0 0.9318642 -0.3628072 0 0.9318642 -0.3628072 0 0.9510604 -0.3090049 0 0.9510604 -0.3090049 0 0.9671392 -0.2542472 0 0.9671392 -0.2542472 0 0.9800858 -0.1985742 0 0.9800858 -0.1985742 0 0.98982 -0.1423243 0 0.98982 -0.1423243 0 0.9963319 -0.08557218 0 0.9963319 -0.08557218 0 0.9995924 -0.02855106 0 0.9995924 -0.02855106 0 0.9995924 0.02854888 0 0.9995924 0.02854888 -0 0.9963319 0.08557218 0 0.9963319 0.08557218 -0 0.98982 0.1423243 0 0.98982 0.1423243 -0 0.9800828 0.1985891 -0 0.9800828 0.1985891 0 0.9671442 0.2542284 -0 0.9671442 0.2542284 -0 0.9510604 0.3090049 -0 0.9318642 0.3628072 -0 0.9510604 0.3090049 0 0.9096278 0.4154242 -0 0.9318642 0.3628072 -0 0.9096278 0.4154242 -0 0.8844425 0.4666491 -0 0.8844425 0.4666491 0 0.856339 0.5164141 -0 0.8254693 0.5644472 -0 0.856339 0.5164141 0 0.8254693 0.5644472 -0 0.7919041 0.6106455 -0 0.7557596 0.6548492 -0 0.7919041 0.6106455 0 0.7557596 0.6548492 -0 0.7171305 0.6969388 -0 0.7171305 0.6969388 0 0.6761722 0.7367437 0 0.6761722 0.7367437 -0 0.6330279 0.774129 0 0.6330279 0.774129 -0 0.5877722 0.8090264 0 0.5877722 0.8090264 -0 0.5406168 0.841269 0 0.5406168 0.841269 -0 0.4917592 0.8707313 0 0.4917592 0.8707313 -0 0.4412038 0.8974069 0 0.4412038 0.8974069 -0 0.3893125 0.9211057 -0 0.3893125 0.9211057 -0 0.3360245 0.9418533 0 0.3360245 0.9418533 -0 0.2817509 0.9594875 0 0.2817509 0.9594875 -0 0.2264899 0.9740135 0 0.2264899 0.9740135 -0 0.1705293 0.9853526 0 0.1705293 0.9853526 -0 0.1139707 0.9934841 0 0.1139707 0.9934841 -0 0.05709761 0.9983686 0 0.05709761 0.9983686 -0 0 1 0 0 1 -0 -0.05709871 0.9983686 0 -0.05709871 0.9983686 0 -0.1139686 0.9934844 0 -0.1139686 0.9934844 0 -0.1705293 0.9853526 0 -0.1705293 0.9853526 0 -0.2264899 0.9740135 0 -0.2264899 0.9740135 0 -0.2817509 0.9594875 0 -0.2817509 0.9594875 0 -0.3360245 0.9418533 0 -0.3360245 0.9418533 0 -0.3893057 0.9211087 0 -0.3893057 0.9211087 0 -0.4412189 0.8973995 0 -0.4412189 0.8973995 0 -0.4917428 0.8707405 0 -0.4917428 0.8707405 0 -0.5406168 0.841269 0 -0.5406168 0.841269 0 -0.5877813 0.8090199 0 -0.5877813 0.8090199 0 -0.6330372 0.7741213 0 -0.6330372 0.7741213 0 -0.6761722 0.7367437 0 -0.6761722 0.7367437 0 -0.7171115 0.6969585 0 -0.7171115 0.6969585 0 -0.755769 0.6548383 0 -0.755769 0.6548383 0 -0.7919041 0.6106455 0 -0.7919041 0.6106455 0 -0.8254781 0.5644342 0 -0.8254781 0.5644342 0 -0.856339 0.5164141 0 -0.856339 0.5164141 0 -0.8844268 0.466679 0 -0.9096278 0.4154242 0 -0.8844268 0.466679 0 -0.9096278 0.4154242 0 -0.9318707 0.3627906 0 -0.9318707 0.3627906 0 -0.9510548 0.3090222 0 -0.9671489 0.2542105 0 -0.9510548 0.3090222 0 -0.9800828 0.1985891 0 -0.9671489 0.2542105 0 -0.9800828 0.1985891 0 -0.9898227 0.1423056 0 -0.9898227 0.1423056 0 -0.9963304 0.08559113 0 -0.9963304 0.08559113 0 -0.9995924 0.02854888 0 -0.9995924 0.02854888 0 -0.9995924 -0.02855106 0 -0.9995924 -0.02855106 0 -0.9963319 -0.08557218 0 -0.9963319 -0.08557218 0 -0.98982 -0.1423243 0 -0.98982 -0.1423243 0 -0.9800858 -0.1985742 0 -0.9800858 -0.1985742 0 -0.9671392 -0.2542472 0 -0.9671392 -0.2542472 0 -0.9510604 -0.3090049 0 -0.9510604 -0.3090049 0 -0.9318642 -0.3628072 0 -0.9096278 -0.4154242 0 -0.9318642 -0.3628072 0 -0.8844425 -0.4666491 0 -0.9096278 -0.4154242 0 -0.8844425 -0.4666491 0 -0.8563594 -0.5163804 0 -0.8254448 -0.5644827 0 -0.8563594 -0.5163804 0 -0.8254448 -0.5644827 0 -0.7919041 -0.6106455 0 -0.7919041 -0.6106455 0 -0.7557596 -0.6548492 0 -0.7557596 -0.6548492 0 -0.7171305 -0.6969388 0 -0.6761722 -0.7367437 0 -0.7171305 -0.6969388 0 -0.6761722 -0.7367437 0 -0.6330279 -0.774129 0 -0.6330279 -0.774129 0 -0.5877722 -0.8090264 0 -0.5877722 -0.8090264 0 -0.5406708 -0.8412343 0 -0.5406708 -0.8412343 0 -0.4917013 -0.870764 0 -0.4412038 -0.8974069 0 -0.4917013 -0.870764 0 -0.4412038 -0.8974069 0 -0.3893125 -0.9211057 0 -0.3893125 -0.9211057 0 -0.3360245 -0.9418533 0 -0.3360245 -0.9418533 0 -0.2817509 -0.9594875 0 -0.2817509 -0.9594875 0 -0.2264899 -0.9740135 0 -0.2264899 -0.9740135 0 -0.1705293 -0.9853526 0 -0.1705293 -0.9853526 0 -0.1139707 -0.9934841 0 -0.1139707 -0.9934841 0 -0.05709761 -0.9983686 0 -0.05709761 -0.9983686 0 0 -1 0 0 -1 0 0.05709871 -0.9983686 0 0.05709871 -0.9983686 0 0.1139686 -0.9934844 0 0.1139686 -0.9934844 0 0.1705293 -0.9853526 0 0.1705293 -0.9853526 0 0.2264899 -0.9740135 0 0.2264899 -0.9740135 0 0.2817509 -0.9594875 0 0.2817509 -0.9594875 0 0.3360245 -0.9418533 0 0.3360245 -0.9418533 0 0.3893057 -0.9211087 0 0.3893057 -0.9211087 0 0.4412189 -0.8973995 0 0.4412189 -0.8973995 0 0.4916849 -0.8707731 0 0.4916849 -0.8707731 0 0.5406708 -0.8412343 0 0.5406708 -0.8412343 0 0.5877813 -0.8090199 0 0.5877813 -0.8090199 0 0.6330372 -0.7741213 0 0.6330372 -0.7741213 0 0.6761722 -0.7367437 0 0.6761722 -0.7367437 0 0.7171115 -0.6969585 0 0.7171115 -0.6969585 0 0.755769 -0.6548383 0 0.755769 -0.6548383 0 0.7919041 -0.6106455 0 0.7919041 -0.6106455 0 0.8254538 -0.5644698 0 0.8254538 -0.5644698 0 0.8563594 -0.5163804 0 0.8563594 -0.5163804 0 0.8844268 -0.466679 0 0.8844268 -0.466679 0 0.9096278 -0.4154242 0 0.9096278 -0.4154242 0 0.9318707 -0.3627906 0 0.9318707 -0.3627906 0 0.9510548 -0.3090222 0 0.9510548 -0.3090222 0 0.967144 -0.2542293 0 0.967144 -0.2542293 0 0.9800858 -0.1985742 0 0.9800858 -0.1985742 0 0.9898227 -0.1423056 0 0.9898227 -0.1423056 0 0.9963304 -0.08559113 0 0.9963304 -0.08559113 0 0.9995924 -0.02855106 0 0.9995924 -0.02855106 0 0.9995924 0.02854888 0 0.9995924 0.02854888 -0 0.9963304 0.08559113 0 0.9963304 0.08559113 -0 0.9898227 0.1423056 0 0.9898227 0.1423056 -0 0.9800828 0.1985891 -0 0.9800828 0.1985891 0 0.9671489 0.2542105 -0 0.9671489 0.2542105 -0 0.9510548 0.3090222 -0 0.9318707 0.3627906 -0 0.9510548 0.3090222 0 0.9096278 0.4154242 -0 0.9318707 0.3627906 -0 0.9096278 0.4154242 -0 0.8844268 0.466679 -0 0.8844268 0.466679 0 0.856339 0.5164141 -0 0.8254781 0.5644342 -0 0.856339 0.5164141 0 0.8254781 0.5644342 -0 0.7919041 0.6106455 -0 0.755769 0.6548383 -0 0.7919041 0.6106455 0 0.755769 0.6548383 -0 0.7171115 0.6969585 -0 0.7171115 0.6969585 0 0.6761722 0.7367437 0 0.6761722 0.7367437 -0 0.6330372 0.7741213 0 0.6330372 0.7741213 -0 0.5877813 0.8090199 0 0.5877813 0.8090199 -0 0.5406168 0.841269 0 0.5406168 0.841269 -0 0.4917428 0.8707405 0 0.4917428 0.8707405 -0 0.4412189 0.8973995 0 0.4412189 0.8973995 -0 0.3893057 0.9211087 -0 0.3893057 0.9211087 -0 0.3360245 0.9418533 0 0.3360245 0.9418533 -0 0.2817509 0.9594875 0 0.2817509 0.9594875 -0 0.2264899 0.9740135 0 0.2264899 0.9740135 -0 0.1705293 0.9853526 0 0.1705293 0.9853526 -0 0.1139686 0.9934844 0 0.1139686 0.9934844 -0 0.05709871 0.9983686 0 0.05709871 0.9983686 -0 0 1 0 0 1 -0 -0.05709761 0.9983686 0 -0.05709761 0.9983686 0 -0.1139707 0.9934841 0 -0.1139707 0.9934841 0 -0.1705293 0.9853526 0 -0.1705293 0.9853526 0 -0.2264899 0.9740135 0 -0.2264899 0.9740135 0 -0.2817509 0.9594875 0 -0.2817509 0.9594875 0 -0.3360245 0.9418533 0 -0.3360245 0.9418533 0 -0.3893125 0.9211057 0 -0.3893125 0.9211057 0 -0.4412038 0.8974069 0 -0.4412038 0.8974069 0 -0.4917592 0.8707313 0 -0.4917592 0.8707313 0 -0.5406168 0.841269 0 -0.5406168 0.841269 0 -0.5877722 0.8090264 0 -0.5877722 0.8090264 0 -0.6330279 0.774129 0 -0.6330279 0.774129 0 -0.6761722 0.7367437 0 -0.6761722 0.7367437 0 -0.7171305 0.6969388 0 -0.7171305 0.6969388 0 -0.7557596 0.6548492 0 -0.7557596 0.6548492 0 -0.7919041 0.6106455 0 -0.7919041 0.6106455 0 -0.8254693 0.5644472 0 -0.8254693 0.5644472 0 -0.856339 0.5164141 0 -0.856339 0.5164141 0 -0.8844425 0.4666491 0 -0.9096278 0.4154242 0 -0.8844425 0.4666491 0 -0.9096278 0.4154242 0 -0.9318642 0.3628072 0 -0.9318642 0.3628072 0 -0.9510604 0.3090049 0 -0.9671442 0.2542284 0 -0.9510604 0.3090049 0 -0.9800828 0.1985891 0 -0.9671442 0.2542284 0 -0.9800828 0.1985891 0 -0.98982 0.1423243 0 -0.98982 0.1423243 0 -0.9963319 0.08557218 0 -0.9963319 0.08557218 0 -0.9995924 0.02854888 0 -0.9995924 0.02854888 0 -0.9995924 -0.02854888 0 -0.9995924 -0.02854888 0 -0.9963255 -0.08564796 0 -0.9963255 -0.08564796 0 -0.9898255 -0.1422869 0 -0.9898255 -0.1422869 0 -0.9800754 -0.1986258 0 -0.9800754 -0.1986258 0 -0.9671536 -0.2541927 0 -0.9671536 -0.2541927 0 -0.9510604 -0.3090049 0 -0.9510604 -0.3090049 0 -0.93188 -0.3627667 0 -0.909641 -0.4153953 0 -0.93188 -0.3627667 0 -0.884411 -0.4667089 0 -0.909641 -0.4153953 0 -0.884411 -0.4667089 0 -0.8563728 -0.5163581 0 -0.825487 -0.5644212 0 -0.8563728 -0.5163581 0 -0.825487 -0.5644212 0 -0.7918856 -0.6106694 0 -0.7918856 -0.6106694 0 -0.7556891 -0.6549305 0 -0.7556891 -0.6549305 0 -0.7171486 -0.6969203 0 -0.6762292 -0.7366913 0 -0.7171486 -0.6969203 0 -0.6762292 -0.7366913 0 -0.6329634 -0.7741817 0 -0.6329634 -0.7741817 0 -0.5877904 -0.8090133 0 -0.5877904 -0.8090133 0 -0.5406882 -0.8412231 0 -0.5406882 -0.8412231 0 -0.4917101 -0.870759 0 -0.4412189 -0.8973995 0 -0.4917101 -0.870759 0 -0.4412189 -0.8973995 0 -0.3892614 -0.9211273 0 -0.3892614 -0.9211273 0 -0.3361043 -0.9418249 0 -0.3361043 -0.9418249 0 -0.2816704 -0.9595112 0 -0.2816704 -0.9595112 0 -0.2264815 -0.9740155 0 -0.2264815 -0.9740155 0 -0.1705357 -0.9853515 0 -0.1705357 -0.9853515 0 -0.1140331 -0.993477 0 -0.1140331 -0.993477 0 -0.05702588 -0.9983727 0 -0.05702588 -0.9983727 0 0 -1 0 0 -1 0 0.05702588 -0.9983727 0 0.05702588 -0.9983727 0 0.1140331 -0.993477 0 0.1140331 -0.993477 0 0.1705357 -0.9853515 0 0.1705357 -0.9853515 0 0.2264815 -0.9740155 0 0.2264815 -0.9740155 0 0.2816704 -0.9595112 0 0.2816704 -0.9595112 0 0.3361043 -0.9418249 0 0.3361043 -0.9418249 0 0.3892614 -0.9211273 0 0.3892614 -0.9211273 0 0.4412189 -0.8973995 0 0.4412189 -0.8973995 0 0.4917101 -0.870759 0 0.4917101 -0.870759 0 0.5406882 -0.8412231 0 0.5406882 -0.8412231 0 0.5877904 -0.8090133 0 0.5877904 -0.8090133 0 0.6329634 -0.7741817 0 0.6329634 -0.7741817 0 0.6762292 -0.7366913 0 0.6762292 -0.7366913 0 0.7171486 -0.6969203 0 0.7171486 -0.6969203 0 0.7556891 -0.6549305 0 0.7556891 -0.6549305 0 0.7918856 -0.6106694 0 0.7918856 -0.6106694 0 0.825487 -0.5644212 0 0.825487 -0.5644212 0 0.8563728 -0.5163581 0 0.8563728 -0.5163581 0 0.884411 -0.4667089 0 0.884411 -0.4667089 0 0.909641 -0.4153953 0 0.909641 -0.4153953 0 0.93188 -0.3627667 0 0.93188 -0.3627667 0 0.9510604 -0.3090049 0 0.9510604 -0.3090049 0 0.9671536 -0.2541927 0 0.9671536 -0.2541927 0 0.9800754 -0.1986258 0 0.9800754 -0.1986258 0 0.9898255 -0.1422869 0 0.9898255 -0.1422869 0 0.9963255 -0.08564796 0 0.9963255 -0.08564796 0 0.9995924 -0.02854888 0 0.9995924 -0.02854888 0 0.9995924 0.02854888 0 0.9995924 0.02854888 -0 0.9963255 0.08564796 0 0.9963255 0.08564796 -0 0.9898255 0.1422869 0 0.9898255 0.1422869 -0 0.9800754 0.1986258 -0 0.9800754 0.1986258 0 0.9671536 0.2541927 -0 0.9671536 0.2541927 -0 0.9510604 0.3090049 -0 0.93188 0.3627667 -0 0.9510604 0.3090049 0 0.909641 0.4153953 -0 0.93188 0.3627667 -0 0.909641 0.4153953 -0 0.884411 0.4667089 -0 0.884411 0.4667089 0 0.8563728 0.5163581 -0 0.825487 0.5644212 -0 0.8563728 0.5163581 0 0.825487 0.5644212 -0 0.7918856 0.6106694 -0 0.7556891 0.6549305 -0 0.7918856 0.6106694 0 0.7556891 0.6549305 -0 0.7171486 0.6969203 -0 0.7171486 0.6969203 0 0.6762292 0.7366913 0 0.6762292 0.7366913 -0 0.6329634 0.7741817 0 0.6329634 0.7741817 -0 0.5877904 0.8090133 0 0.5877904 0.8090133 -0 0.5406882 0.8412231 0 0.5406882 0.8412231 -0 0.4917101 0.870759 0 0.4917101 0.870759 -0 0.4412189 0.8973995 0 0.4412189 0.8973995 -0 0.3892614 0.9211273 -0 0.3892614 0.9211273 -0 0.3361043 0.9418249 0 0.3361043 0.9418249 -0 0.2816704 0.9595112 0 0.2816704 0.9595112 -0 0.2264815 0.9740155 0 0.2264815 0.9740155 -0 0.1705357 0.9853515 0 0.1705357 0.9853515 -0 0.1140331 0.993477 0 0.1140331 0.993477 -0 0.05702588 0.9983727 0 0.05702588 0.9983727 -0 0 1 0 0 1 -0 -0.05702588 0.9983727 0 -0.05702588 0.9983727 0 -0.1140331 0.993477 0 -0.1140331 0.993477 0 -0.1705357 0.9853515 0 -0.1705357 0.9853515 0 -0.2264815 0.9740155 0 -0.2264815 0.9740155 0 -0.2816704 0.9595112 0 -0.2816704 0.9595112 0 -0.3361043 0.9418249 0 -0.3361043 0.9418249 0 -0.3892614 0.9211273 0 -0.3892614 0.9211273 0 -0.4412189 0.8973995 0 -0.4412189 0.8973995 0 -0.4917101 0.870759 0 -0.4917101 0.870759 0 -0.5406882 0.8412231 0 -0.5406882 0.8412231 0 -0.5877904 0.8090133 0 -0.5877904 0.8090133 0 -0.6329634 0.7741817 0 -0.6329634 0.7741817 0 -0.6762292 0.7366913 0 -0.6762292 0.7366913 0 -0.7171486 0.6969203 0 -0.7171486 0.6969203 0 -0.7556891 0.6549305 0 -0.7556891 0.6549305 0 -0.7918856 0.6106694 0 -0.7918856 0.6106694 0 -0.825487 0.5644212 0 -0.825487 0.5644212 0 -0.8563728 0.5163581 0 -0.8563728 0.5163581 0 -0.884411 0.4667089 0 -0.909641 0.4153953 0 -0.884411 0.4667089 0 -0.909641 0.4153953 0 -0.93188 0.3627667 0 -0.93188 0.3627667 0 -0.9510604 0.3090049 0 -0.9671536 0.2541927 0 -0.9510604 0.3090049 0 -0.9800754 0.1986258 0 -0.9671536 0.2541927 0 -0.9800754 0.1986258 0 -0.9898255 0.1422869 0 -0.9898255 0.1422869 0 -0.9963255 0.08564796 0 -0.9963255 0.08564796 0 -0.9995924 0.02854888 0 -0.9995924 0.02854888 0 -0.9995924 -0.02854888 0 -0.9995924 -0.02854888 0 -0.9963255 -0.08564796 0 -0.9963255 -0.08564796 0 -0.9898255 -0.1422869 0 -0.9898255 -0.1422869 0 -0.9800754 -0.1986258 0 -0.9800754 -0.1986258 0 -0.9671536 -0.2541927 0 -0.9671536 -0.2541927 0 -0.9510604 -0.3090049 0 -0.9510604 -0.3090049 0 -0.93188 -0.3627667 0 -0.909641 -0.4153953 0 -0.93188 -0.3627667 0 -0.884411 -0.4667089 0 -0.909641 -0.4153953 0 -0.884411 -0.4667089 0 -0.8563728 -0.5163581 0 -0.825487 -0.5644212 0 -0.8563728 -0.5163581 0 -0.825487 -0.5644212 0 -0.7918856 -0.6106694 0 -0.7918856 -0.6106694 0 -0.7556891 -0.6549305 0 -0.7556891 -0.6549305 0 -0.7171486 -0.6969203 0 -0.6762292 -0.7366913 0 -0.7171486 -0.6969203 0 -0.6762292 -0.7366913 0 -0.6329634 -0.7741817 0 -0.6329634 -0.7741817 0 -0.5877904 -0.8090133 0 -0.5877904 -0.8090133 0 -0.5406882 -0.8412231 0 -0.5406882 -0.8412231 0 -0.4917101 -0.870759 0 -0.4412189 -0.8973995 0 -0.4917101 -0.870759 0 -0.4412189 -0.8973995 0 -0.3892614 -0.9211273 0 -0.3892614 -0.9211273 0 -0.3361043 -0.9418249 0 -0.3361043 -0.9418249 0 -0.2816704 -0.9595112 0 -0.2816704 -0.9595112 0 -0.2264815 -0.9740155 0 -0.2264815 -0.9740155 0 -0.1705357 -0.9853515 0 -0.1705357 -0.9853515 0 -0.1140331 -0.993477 0 -0.1140331 -0.993477 0 -0.05702588 -0.9983727 0 -0.05702588 -0.9983727 0 0 -1 0 0 -1 0 0.05702588 -0.9983727 0 0.05702588 -0.9983727 0 0.1140331 -0.993477 0 0.1140331 -0.993477 0 0.1705357 -0.9853515 0 0.1705357 -0.9853515 0 0.2264815 -0.9740155 0 0.2264815 -0.9740155 0 0.2816704 -0.9595112 0 0.2816704 -0.9595112 0 0.3361043 -0.9418249 0 0.3361043 -0.9418249 0 0.3892614 -0.9211273 0 0.3892614 -0.9211273 0 0.4412189 -0.8973995 0 0.4412189 -0.8973995 0 0.4917101 -0.870759 0 0.4917101 -0.870759 0 0.5406882 -0.8412231 0 0.5406882 -0.8412231 0 0.5877904 -0.8090133 0 0.5877904 -0.8090133 0 0.6329634 -0.7741817 0 0.6329634 -0.7741817 0 0.6762292 -0.7366913 0 0.6762292 -0.7366913 0 0.7171486 -0.6969203 0 0.7171486 -0.6969203 0 0.7556891 -0.6549305 0 0.7556891 -0.6549305 0 0.7918856 -0.6106694 0 0.7918856 -0.6106694 0 0.825487 -0.5644212 0 0.825487 -0.5644212 0 0.8563728 -0.5163581 0 0.8563728 -0.5163581 0 0.884411 -0.4667089 0 0.884411 -0.4667089 0 0.909641 -0.4153953 0 0.909641 -0.4153953 0 0.93188 -0.3627667 0 0.93188 -0.3627667 0 0.9510604 -0.3090049 0 0.9510604 -0.3090049 0 0.9671536 -0.2541927 0 0.9671536 -0.2541927 0 0.9800754 -0.1986258 0 0.9800754 -0.1986258 0 0.9898255 -0.1422869 0 0.9898255 -0.1422869 0 0.9963255 -0.08564796 0 0.9963255 -0.08564796 0 0.9995924 -0.02854888 0 0.9995924 -0.02854888 0 0.9995924 0.02854888 0 0.9995924 0.02854888 -0 0.9963255 0.08564796 0 0.9963255 0.08564796 -0 0.9898255 0.1422869 0 0.9898255 0.1422869 -0 0.9800754 0.1986258 -0 0.9800754 0.1986258 0 0.9671536 0.2541927 -0 0.9671536 0.2541927 -0 0.9510604 0.3090049 -0 0.93188 0.3627667 -0 0.9510604 0.3090049 0 0.909641 0.4153953 -0 0.93188 0.3627667 -0 0.909641 0.4153953 -0 0.884411 0.4667089 -0 0.884411 0.4667089 0 0.8563728 0.5163581 -0 0.825487 0.5644212 -0 0.8563728 0.5163581 0 0.825487 0.5644212 -0 0.7918856 0.6106694 -0 0.7556891 0.6549305 -0 0.7918856 0.6106694 0 0.7556891 0.6549305 -0 0.7171486 0.6969203 -0 0.7171486 0.6969203 0 0.6762292 0.7366913 0 0.6762292 0.7366913 -0 0.6329634 0.7741817 0 0.6329634 0.7741817 -0 0.5877904 0.8090133 0 0.5877904 0.8090133 -0 0.5406882 0.8412231 0 0.5406882 0.8412231 -0 0.4917101 0.870759 0 0.4917101 0.870759 -0 0.4412189 0.8973995 0 0.4412189 0.8973995 -0 0.3892614 0.9211273 -0 0.3892614 0.9211273 -0 0.3361043 0.9418249 0 0.3361043 0.9418249 -0 0.2816704 0.9595112 0 0.2816704 0.9595112 -0 0.2264815 0.9740155 0 0.2264815 0.9740155 -0 0.1705357 0.9853515 0 0.1705357 0.9853515 -0 0.1140331 0.993477 0 0.1140331 0.993477 -0 0.05702588 0.9983727 0 0.05702588 0.9983727 -0 0 1 0 0 1 -0 -0.05702588 0.9983727 0 -0.05702588 0.9983727 0 -0.1140331 0.993477 0 -0.1140331 0.993477 0 -0.1705357 0.9853515 0 -0.1705357 0.9853515 0 -0.2264815 0.9740155 0 -0.2264815 0.9740155 0 -0.2816704 0.9595112 0 -0.2816704 0.9595112 0 -0.3361043 0.9418249 0 -0.3361043 0.9418249 0 -0.3892614 0.9211273 0 -0.3892614 0.9211273 0 -0.4412189 0.8973995 0 -0.4412189 0.8973995 0 -0.4917101 0.870759 0 -0.4917101 0.870759 0 -0.5406882 0.8412231 0 -0.5406882 0.8412231 0 -0.5877904 0.8090133 0 -0.5877904 0.8090133 0 -0.6329634 0.7741817 0 -0.6329634 0.7741817 0 -0.6762292 0.7366913 0 -0.6762292 0.7366913 0 -0.7171486 0.6969203 0 -0.7171486 0.6969203 0 -0.7556891 0.6549305 0 -0.7556891 0.6549305 0 -0.7918856 0.6106694 0 -0.7918856 0.6106694 0 -0.825487 0.5644212 0 -0.825487 0.5644212 0 -0.8563728 0.5163581 0 -0.8563728 0.5163581 0 -0.884411 0.4667089 0 -0.909641 0.4153953 0 -0.884411 0.4667089 0 -0.909641 0.4153953 0 -0.93188 0.3627667 0 -0.93188 0.3627667 0 -0.9510604 0.3090049 0 -0.9671536 0.2541927 0 -0.9510604 0.3090049 0 -0.9800754 0.1986258 0 -0.9671536 0.2541927 0 -0.9800754 0.1986258 0 -0.9898255 0.1422869 0 -0.9898255 0.1422869 0 -0.9963255 0.08564796 0 -0.9963255 0.08564796 0 -0.9995924 0.02854888 0 -0.9995924 0.02854888 0 -0.9995924 -0.02854888 0 -0.9995924 -0.02854888 0 -0.9963319 -0.08557218 0 -0.9963319 -0.08557218 0 -0.9898255 -0.1422869 0 -0.9898255 -0.1422869 0 -0.9800754 -0.1986258 0 -0.9800754 -0.1986258 0 -0.9671536 -0.2541927 0 -0.9671536 -0.2541927 0 -0.951038 -0.309074 0 -0.951038 -0.309074 0 -0.93188 -0.3627667 0 -0.909641 -0.4153953 0 -0.93188 -0.3627667 0 -0.884411 -0.4667089 0 -0.909641 -0.4153953 0 -0.884411 -0.4667089 0 -0.856339 -0.5164141 0 -0.825487 -0.5644212 0 -0.856339 -0.5164141 0 -0.825487 -0.5644212 0 -0.7919226 -0.6106216 0 -0.7919226 -0.6106216 0 -0.7557268 -0.6548869 0 -0.7557268 -0.6548869 0 -0.7171486 -0.6969203 0 -0.6761531 -0.7367611 0 -0.7171486 -0.6969203 0 -0.6761531 -0.7367611 0 -0.6330008 -0.7741511 0 -0.6330008 -0.7741511 0 -0.5877904 -0.8090133 0 -0.5877904 -0.8090133 0 -0.5406534 -0.8412454 0 -0.5406534 -0.8412454 0 -0.4917428 -0.8707405 0 -0.4412189 -0.8973995 0 -0.4917428 -0.8707405 0 -0.4412189 -0.8973995 0 -0.3892341 -0.9211389 0 -0.3892341 -0.9211389 0 -0.3361043 -0.9418249 0 -0.3361043 -0.9418249 0 -0.281691 -0.9595052 0 -0.281691 -0.9595052 0 -0.2264815 -0.9740155 0 -0.2264815 -0.9740155 0 -0.1705357 -0.9853515 0 -0.1705357 -0.9853515 0 -0.1140417 -0.993476 0 -0.1140417 -0.993476 0 -0.05702153 -0.9983729 0 -0.05702153 -0.9983729 0 0 -1 0 0 -1 0 0.05702153 -0.9983729 0 0.05702153 -0.9983729 0 0.1140417 -0.993476 0 0.1140417 -0.993476 0 0.1705357 -0.9853515 0 0.1705357 -0.9853515 0 0.2264815 -0.9740155 0 0.2264815 -0.9740155 0 0.281691 -0.9595052 0 0.281691 -0.9595052 0 0.3361043 -0.9418249 0 0.3361043 -0.9418249 0 0.3892341 -0.9211389 0 0.3892341 -0.9211389 0 0.4412189 -0.8973995 0 0.4412189 -0.8973995 0 0.4917428 -0.8707405 0 0.4917428 -0.8707405 0 0.5406534 -0.8412454 0 0.5406534 -0.8412454 0 0.5877904 -0.8090133 0 0.5877904 -0.8090133 0 0.6330008 -0.7741511 0 0.6330008 -0.7741511 0 0.6761531 -0.7367611 0 0.6761531 -0.7367611 0 0.7171486 -0.6969203 0 0.7171486 -0.6969203 0 0.7557268 -0.6548869 0 0.7557268 -0.6548869 0 0.7919226 -0.6106216 0 0.7919226 -0.6106216 0 0.825487 -0.5644212 0 0.825487 -0.5644212 0 0.856339 -0.5164141 0 0.856339 -0.5164141 0 0.884411 -0.4667089 0 0.884411 -0.4667089 0 0.909641 -0.4153953 0 0.909641 -0.4153953 0 0.93188 -0.3627667 0 0.93188 -0.3627667 0 0.951038 -0.309074 0 0.951038 -0.309074 0 0.9671536 -0.2541927 0 0.9671536 -0.2541927 0 0.9800754 -0.1986258 0 0.9800754 -0.1986258 0 0.9898255 -0.1422869 0 0.9898255 -0.1422869 0 0.9963319 -0.08557218 0 0.9963319 -0.08557218 0 0.9995924 -0.02854888 0 0.9995924 -0.02854888 0 0.9995924 0.02854888 0 0.9995924 0.02854888 -0 0.9963319 0.08557218 0 0.9963319 0.08557218 -0 0.9898255 0.1422869 0 0.9898255 0.1422869 -0 0.9800754 0.1986258 -0 0.9800754 0.1986258 0 0.9671536 0.2541927 -0 0.9671536 0.2541927 -0 0.951038 0.309074 -0 0.93188 0.3627667 -0 0.951038 0.309074 0 0.909641 0.4153953 -0 0.93188 0.3627667 -0 0.909641 0.4153953 -0 0.884411 0.4667089 -0 0.884411 0.4667089 0 0.856339 0.5164141 -0 0.825487 0.5644212 -0 0.856339 0.5164141 0 0.825487 0.5644212 -0 0.7919226 0.6106216 -0 0.7557268 0.6548869 -0 0.7919226 0.6106216 0 0.7557268 0.6548869 -0 0.7171486 0.6969203 -0 0.7171486 0.6969203 0 0.6761531 0.7367611 0 0.6761531 0.7367611 -0 0.6330008 0.7741511 0 0.6330008 0.7741511 -0 0.5877904 0.8090133 0 0.5877904 0.8090133 -0 0.5406534 0.8412454 0 0.5406534 0.8412454 -0 0.4917428 0.8707405 0 0.4917428 0.8707405 -0 0.4412189 0.8973995 0 0.4412189 0.8973995 -0 0.3892341 0.9211389 -0 0.3892341 0.9211389 -0 0.3361043 0.9418249 0 0.3361043 0.9418249 -0 0.281691 0.9595052 0 0.281691 0.9595052 -0 0.2264815 0.9740155 0 0.2264815 0.9740155 -0 0.1705357 0.9853515 0 0.1705357 0.9853515 -0 0.1140417 0.993476 0 0.1140417 0.993476 -0 0.05702153 0.9983729 0 0.05702153 0.9983729 -0 0 1 0 0 1 -0 -0.05702153 0.9983729 0 -0.05702153 0.9983729 0 -0.1140417 0.993476 0 -0.1140417 0.993476 0 -0.1705357 0.9853515 0 -0.1705357 0.9853515 0 -0.2264815 0.9740155 0 -0.2264815 0.9740155 0 -0.281691 0.9595052 0 -0.281691 0.9595052 0 -0.3361043 0.9418249 0 -0.3361043 0.9418249 0 -0.3892341 0.9211389 0 -0.3892341 0.9211389 0 -0.4412189 0.8973995 0 -0.4412189 0.8973995 0 -0.4917428 0.8707405 0 -0.4917428 0.8707405 0 -0.5406534 0.8412454 0 -0.5406534 0.8412454 0 -0.5877904 0.8090133 0 -0.5877904 0.8090133 0 -0.6330008 0.7741511 0 -0.6330008 0.7741511 0 -0.6761531 0.7367611 0 -0.6761531 0.7367611 0 -0.7171486 0.6969203 0 -0.7171486 0.6969203 0 -0.7557268 0.6548869 0 -0.7557268 0.6548869 0 -0.7919226 0.6106216 0 -0.7919226 0.6106216 0 -0.825487 0.5644212 0 -0.825487 0.5644212 0 -0.856339 0.5164141 0 -0.856339 0.5164141 0 -0.884411 0.4667089 0 -0.909641 0.4153953 0 -0.884411 0.4667089 0 -0.909641 0.4153953 0 -0.93188 0.3627667 0 -0.93188 0.3627667 0 -0.951038 0.309074 0 -0.9671536 0.2541927 0 -0.951038 0.309074 0 -0.9800754 0.1986258 0 -0.9671536 0.2541927 0 -0.9800754 0.1986258 0 -0.9898255 0.1422869 0 -0.9898255 0.1422869 0 -0.9963319 0.08557218 0 -0.9963319 0.08557218 0 -0.9995924 0.02854888 0 -0.9995924 0.02854888 0 -0.9995924 -0.02854888 0 -0.9995924 -0.02854888 0 -0.9963319 -0.08557218 0 -0.9963319 -0.08557218 0 -0.9898255 -0.1422869 0 -0.9898255 -0.1422869 0 -0.9800754 -0.1986258 0 -0.9800754 -0.1986258 0 -0.9671536 -0.2541927 0 -0.9671536 -0.2541927 0 -0.951038 -0.309074 0 -0.951038 -0.309074 0 -0.93188 -0.3627667 0 -0.909641 -0.4153953 0 -0.93188 -0.3627667 0 -0.884411 -0.4667089 0 -0.909641 -0.4153953 0 -0.884411 -0.4667089 0 -0.856339 -0.5164141 0 -0.825487 -0.5644212 0 -0.856339 -0.5164141 0 -0.825487 -0.5644212 0 -0.7919226 -0.6106216 0 -0.7919226 -0.6106216 0 -0.7557268 -0.6548869 0 -0.7557268 -0.6548869 0 -0.7171486 -0.6969203 0 -0.6761531 -0.7367611 0 -0.7171486 -0.6969203 0 -0.6761531 -0.7367611 0 -0.6330008 -0.7741511 0 -0.6330008 -0.7741511 0 -0.5877904 -0.8090133 0 -0.5877904 -0.8090133 0 -0.5406534 -0.8412454 0 -0.5406534 -0.8412454 0 -0.4917428 -0.8707405 0 -0.4412189 -0.8973995 0 -0.4917428 -0.8707405 0 -0.4412189 -0.8973995 0 -0.3892341 -0.9211389 0 -0.3892341 -0.9211389 0 -0.3361043 -0.9418249 0 -0.3361043 -0.9418249 0 -0.281691 -0.9595052 0 -0.281691 -0.9595052 0 -0.2264815 -0.9740155 0 -0.2264815 -0.9740155 0 -0.1705357 -0.9853515 0 -0.1705357 -0.9853515 0 -0.1140417 -0.993476 0 -0.1140417 -0.993476 0 -0.05702153 -0.9983729 0 -0.05702153 -0.9983729 0 0 -1 0 0 -1 0 0.05702153 -0.9983729 0 0.05702153 -0.9983729 0 0.1140417 -0.993476 0 0.1140417 -0.993476 0 0.1705357 -0.9853515 0 0.1705357 -0.9853515 0 0.2264815 -0.9740155 0 0.2264815 -0.9740155 0 0.281691 -0.9595052 0 0.281691 -0.9595052 0 0.3361043 -0.9418249 0 0.3361043 -0.9418249 0 0.3892341 -0.9211389 0 0.3892341 -0.9211389 0 0.4412189 -0.8973995 0 0.4412189 -0.8973995 0 0.4917428 -0.8707405 0 0.4917428 -0.8707405 0 0.5406534 -0.8412454 0 0.5406534 -0.8412454 0 0.5877904 -0.8090133 0 0.5877904 -0.8090133 0 0.6330008 -0.7741511 0 0.6330008 -0.7741511 0 0.6761531 -0.7367611 0 0.6761531 -0.7367611 0 0.7171486 -0.6969203 0 0.7171486 -0.6969203 0 0.7557268 -0.6548869 0 0.7557268 -0.6548869 0 0.7919226 -0.6106216 0 0.7919226 -0.6106216 0 0.825487 -0.5644212 0 0.825487 -0.5644212 0 0.856339 -0.5164141 0 0.856339 -0.5164141 0 0.884411 -0.4667089 0 0.884411 -0.4667089 0 0.909641 -0.4153953 0 0.909641 -0.4153953 0 0.93188 -0.3627667 0 0.93188 -0.3627667 0 0.951038 -0.309074 0 0.951038 -0.309074 0 0.9671536 -0.2541927 0 0.9671536 -0.2541927 0 0.9800754 -0.1986258 0 0.9800754 -0.1986258 0 0.9898255 -0.1422869 0 0.9898255 -0.1422869 0 0.9963319 -0.08557218 0 0.9963319 -0.08557218 0 0.9995924 -0.02854888 0 0.9995924 -0.02854888 0 0.9995924 0.02854888 0 0.9995924 0.02854888 -0 0.9963319 0.08557218 0 0.9963319 0.08557218 -0 0.9898255 0.1422869 0 0.9898255 0.1422869 -0 0.9800754 0.1986258 -0 0.9800754 0.1986258 0 0.9671536 0.2541927 -0 0.9671536 0.2541927 -0 0.951038 0.309074 -0 0.93188 0.3627667 -0 0.951038 0.309074 0 0.909641 0.4153953 -0 0.93188 0.3627667 -0 0.909641 0.4153953 -0 0.884411 0.4667089 -0 0.884411 0.4667089 0 0.856339 0.5164141 -0 0.825487 0.5644212 -0 0.856339 0.5164141 0 0.825487 0.5644212 -0 0.7919226 0.6106216 -0 0.7557268 0.6548869 -0 0.7919226 0.6106216 0 0.7557268 0.6548869 -0 0.7171486 0.6969203 -0 0.7171486 0.6969203 0 0.6761531 0.7367611 0 0.6761531 0.7367611 -0 0.6330008 0.7741511 0 0.6330008 0.7741511 -0 0.5877904 0.8090133 0 0.5877904 0.8090133 -0 0.5406534 0.8412454 0 0.5406534 0.8412454 -0 0.4917428 0.8707405 0 0.4917428 0.8707405 -0 0.4412189 0.8973995 0 0.4412189 0.8973995 -0 0.3892341 0.9211389 -0 0.3892341 0.9211389 -0 0.3361043 0.9418249 0 0.3361043 0.9418249 -0 0.281691 0.9595052 0 0.281691 0.9595052 -0 0.2264815 0.9740155 0 0.2264815 0.9740155 -0 0.1705357 0.9853515 0 0.1705357 0.9853515 -0 0.1140417 0.993476 0 0.1140417 0.993476 -0 0.05702153 0.9983729 0 0.05702153 0.9983729 -0 0 1 0 0 1 -0 -0.05702153 0.9983729 0 -0.05702153 0.9983729 0 -0.1140417 0.993476 0 -0.1140417 0.993476 0 -0.1705357 0.9853515 0 -0.1705357 0.9853515 0 -0.2264815 0.9740155 0 -0.2264815 0.9740155 0 -0.281691 0.9595052 0 -0.281691 0.9595052 0 -0.3361043 0.9418249 0 -0.3361043 0.9418249 0 -0.3892341 0.9211389 0 -0.3892341 0.9211389 0 -0.4412189 0.8973995 0 -0.4412189 0.8973995 0 -0.4917428 0.8707405 0 -0.4917428 0.8707405 0 -0.5406534 0.8412454 0 -0.5406534 0.8412454 0 -0.5877904 0.8090133 0 -0.5877904 0.8090133 0 -0.6330008 0.7741511 0 -0.6330008 0.7741511 0 -0.6761531 0.7367611 0 -0.6761531 0.7367611 0 -0.7171486 0.6969203 0 -0.7171486 0.6969203 0 -0.7557268 0.6548869 0 -0.7557268 0.6548869 0 -0.7919226 0.6106216 0 -0.7919226 0.6106216 0 -0.825487 0.5644212 0 -0.825487 0.5644212 0 -0.856339 0.5164141 0 -0.856339 0.5164141 0 -0.884411 0.4667089 0 -0.909641 0.4153953 0 -0.884411 0.4667089 0 -0.909641 0.4153953 0 -0.93188 0.3627667 0 -0.93188 0.3627667 0 -0.951038 0.309074 0 -0.9671536 0.2541927 0 -0.951038 0.309074 0 -0.9800754 0.1986258 0 -0.9671536 0.2541927 0 -0.9800754 0.1986258 0 -0.9898255 0.1422869 0 -0.9898255 0.1422869 0 -0.9963319 0.08557218 0 -0.9963319 0.08557218 0 -0.9995924 0.02854888 0 -0.9995924 0.02854888 0 -0.9995924 -0.02854888 0 -0.9995924 -0.02854888 0 -0.9963319 -0.08557218 0 -0.9963319 -0.08557218 0 -0.98982 -0.1423243 0 -0.98982 -0.1423243 0 -0.9800828 -0.1985891 0 -0.9800828 -0.1985891 0 -0.9671442 -0.2542284 0 -0.9671442 -0.2542284 0 -0.9510604 -0.3090049 0 -0.9510604 -0.3090049 0 -0.9318541 -0.362833 0 -0.909641 -0.4153953 0 -0.9318541 -0.362833 0 -0.8844425 -0.4666491 0 -0.909641 -0.4153953 0 -0.8844425 -0.4666491 0 -0.856339 -0.5164141 0 -0.8254693 -0.5644472 0 -0.856339 -0.5164141 0 -0.8254693 -0.5644472 0 -0.7919041 -0.6106455 0 -0.7919041 -0.6106455 0 -0.7557268 -0.6548869 0 -0.7557268 -0.6548869 0 -0.7171677 -0.6969007 0 -0.6761722 -0.7367437 0 -0.7171677 -0.6969007 0 -0.6761722 -0.7367437 0 -0.6329821 -0.7741664 0 -0.6329821 -0.7741664 0 -0.5877722 -0.8090264 0 -0.5877722 -0.8090264 0 -0.5406708 -0.8412343 0 -0.5406708 -0.8412343 0 -0.4917592 -0.8707313 0 -0.4412038 -0.8974069 0 -0.4917592 -0.8707313 0 -0.4412038 -0.8974069 0 -0.3892477 -0.9211331 0 -0.3892477 -0.9211331 0 -0.3360922 -0.9418291 0 -0.3360922 -0.9418291 0 -0.2816807 -0.9595082 0 -0.2816807 -0.9595082 0 -0.2264899 -0.9740135 0 -0.2264899 -0.9740135 0 -0.1705293 -0.9853526 0 -0.1705293 -0.9853526 0 -0.114046 -0.9934754 0 -0.114046 -0.9934754 0 -0.05702153 -0.9983729 0 -0.05702153 -0.9983729 0 0 -1 0 0 -1 0 0.05702153 -0.9983729 0 0.05702153 -0.9983729 0 0.114046 -0.9934754 0 0.114046 -0.9934754 0 0.1705293 -0.9853526 0 0.1705293 -0.9853526 0 0.2264899 -0.9740135 0 0.2264899 -0.9740135 0 0.2816807 -0.9595082 0 0.2816807 -0.9595082 0 0.3360922 -0.9418291 0 0.3360922 -0.9418291 0 0.3892477 -0.9211331 0 0.3892477 -0.9211331 0 0.4412038 -0.8974069 0 0.4412038 -0.8974069 0 0.4917592 -0.8707313 0 0.4917592 -0.8707313 0 0.5406708 -0.8412343 0 0.5406708 -0.8412343 0 0.5877722 -0.8090264 0 0.5877722 -0.8090264 0 0.6329821 -0.7741664 0 0.6329821 -0.7741664 0 0.6761722 -0.7367437 0 0.6761722 -0.7367437 0 0.7171677 -0.6969007 0 0.7171677 -0.6969007 0 0.7557268 -0.6548869 0 0.7557268 -0.6548869 0 0.7919041 -0.6106455 0 0.7919041 -0.6106455 0 0.8254693 -0.5644472 0 0.8254693 -0.5644472 0 0.856339 -0.5164141 0 0.856339 -0.5164141 0 0.8844425 -0.4666491 0 0.8844425 -0.4666491 0 0.909641 -0.4153953 0 0.909641 -0.4153953 0 0.9318541 -0.362833 0 0.9318541 -0.362833 0 0.9510604 -0.3090049 0 0.9510604 -0.3090049 0 0.9671442 -0.2542284 0 0.9671442 -0.2542284 0 0.9800828 -0.1985891 0 0.9800828 -0.1985891 0 0.98982 -0.1423243 0 0.98982 -0.1423243 0 0.9963319 -0.08557218 0 0.9963319 -0.08557218 0 0.9995924 -0.02854888 0 0.9995924 -0.02854888 0 0.9995924 0.02854888 0 0.9995924 0.02854888 -0 0.9963319 0.08557218 0 0.9963319 0.08557218 -0 0.98982 0.1423243 0 0.98982 0.1423243 -0 0.9800828 0.1985891 -0 0.9800828 0.1985891 0 0.9671442 0.2542284 -0 0.9671442 0.2542284 -0 0.9510604 0.3090049 -0 0.9318541 0.362833 -0 0.9510604 0.3090049 0 0.909641 0.4153953 -0 0.9318541 0.362833 -0 0.909641 0.4153953 -0 0.8844425 0.4666491 -0 0.8844425 0.4666491 0 0.856339 0.5164141 -0 0.8254693 0.5644472 -0 0.856339 0.5164141 0 0.8254693 0.5644472 -0 0.7919041 0.6106455 -0 0.7557268 0.6548869 -0 0.7919041 0.6106455 0 0.7557268 0.6548869 -0 0.7171677 0.6969007 -0 0.7171677 0.6969007 0 0.6761722 0.7367437 0 0.6761722 0.7367437 -0 0.6329821 0.7741664 0 0.6329821 0.7741664 -0 0.5877722 0.8090264 0 0.5877722 0.8090264 -0 0.5406708 0.8412343 0 0.5406708 0.8412343 -0 0.4917592 0.8707313 0 0.4917592 0.8707313 -0 0.4412038 0.8974069 0 0.4412038 0.8974069 -0 0.3892477 0.9211331 -0 0.3892477 0.9211331 -0 0.3360922 0.9418291 0 0.3360922 0.9418291 -0 0.2816807 0.9595082 0 0.2816807 0.9595082 -0 0.2264899 0.9740135 0 0.2264899 0.9740135 -0 0.1705293 0.9853526 0 0.1705293 0.9853526 -0 0.114046 0.9934754 0 0.114046 0.9934754 -0 0.05702153 0.9983729 0 0.05702153 0.9983729 -0 0 1 0 0 1 -0 -0.05702153 0.9983729 0 -0.05702153 0.9983729 0 -0.114046 0.9934754 0 -0.114046 0.9934754 0 -0.1705293 0.9853526 0 -0.1705293 0.9853526 0 -0.2264899 0.9740135 0 -0.2264899 0.9740135 0 -0.2816807 0.9595082 0 -0.2816807 0.9595082 0 -0.3360922 0.9418291 0 -0.3360922 0.9418291 0 -0.3892477 0.9211331 0 -0.3892477 0.9211331 0 -0.4412038 0.8974069 0 -0.4412038 0.8974069 0 -0.4917592 0.8707313 0 -0.4917592 0.8707313 0 -0.5406708 0.8412343 0 -0.5406708 0.8412343 0 -0.5877722 0.8090264 0 -0.5877722 0.8090264 0 -0.6329821 0.7741664 0 -0.6329821 0.7741664 0 -0.6761722 0.7367437 0 -0.6761722 0.7367437 0 -0.7171677 0.6969007 0 -0.7171677 0.6969007 0 -0.7557268 0.6548869 0 -0.7557268 0.6548869 0 -0.7919041 0.6106455 0 -0.7919041 0.6106455 0 -0.8254693 0.5644472 0 -0.8254693 0.5644472 0 -0.856339 0.5164141 0 -0.856339 0.5164141 0 -0.8844425 0.4666491 0 -0.909641 0.4153953 0 -0.8844425 0.4666491 0 -0.909641 0.4153953 0 -0.9318541 0.362833 0 -0.9318541 0.362833 0 -0.9510604 0.3090049 0 -0.9671442 0.2542284 0 -0.9510604 0.3090049 0 -0.9800828 0.1985891 0 -0.9671442 0.2542284 0 -0.9800828 0.1985891 0 -0.98982 0.1423243 0 -0.98982 0.1423243 0 -0.9963319 0.08557218 0 -0.9963319 0.08557218 0 -0.9995924 0.02854888 0 -0.9995924 0.02854888 0 -0.9995924 -0.02854888 0 -0.9995924 -0.02854888 0 -0.9963319 -0.08557218 0 -0.9963319 -0.08557218 0 -0.98982 -0.1423243 0 -0.98982 -0.1423243 0 -0.9800828 -0.1985891 0 -0.9800828 -0.1985891 0 -0.9671442 -0.2542284 0 -0.9671442 -0.2542284 0 -0.9510604 -0.3090049 0 -0.9510604 -0.3090049 0 -0.9318541 -0.362833 0 -0.909641 -0.4153953 0 -0.9318541 -0.362833 0 -0.8844425 -0.4666491 0 -0.909641 -0.4153953 0 -0.8844425 -0.4666491 0 -0.856339 -0.5164141 0 -0.8254693 -0.5644472 0 -0.856339 -0.5164141 0 -0.8254693 -0.5644472 0 -0.7919041 -0.6106455 0 -0.7919041 -0.6106455 0 -0.7557268 -0.6548869 0 -0.7557268 -0.6548869 0 -0.7171677 -0.6969007 0 -0.6761722 -0.7367437 0 -0.7171677 -0.6969007 0 -0.6761722 -0.7367437 0 -0.6329821 -0.7741664 0 -0.6329821 -0.7741664 0 -0.5877722 -0.8090264 0 -0.5877722 -0.8090264 0 -0.5406708 -0.8412343 0 -0.5406708 -0.8412343 0 -0.4917592 -0.8707313 0 -0.4412038 -0.8974069 0 -0.4917592 -0.8707313 0 -0.4412038 -0.8974069 0 -0.3892477 -0.9211331 0 -0.3892477 -0.9211331 0 -0.3360922 -0.9418291 0 -0.3360922 -0.9418291 0 -0.2816807 -0.9595082 0 -0.2816807 -0.9595082 0 -0.2264899 -0.9740135 0 -0.2264899 -0.9740135 0 -0.1705293 -0.9853526 0 -0.1705293 -0.9853526 0 -0.114046 -0.9934754 0 -0.114046 -0.9934754 0 -0.05702153 -0.9983729 0 -0.05702153 -0.9983729 0 0 -1 0 0 -1 0 0.05702153 -0.9983729 0 0.05702153 -0.9983729 0 0.114046 -0.9934754 0 0.114046 -0.9934754 0 0.1705293 -0.9853526 0 0.1705293 -0.9853526 0 0.2264899 -0.9740135 0 0.2264899 -0.9740135 0 0.2816807 -0.9595082 0 0.2816807 -0.9595082 0 0.3360922 -0.9418291 0 0.3360922 -0.9418291 0 0.3892477 -0.9211331 0 0.3892477 -0.9211331 0 0.4412038 -0.8974069 0 0.4412038 -0.8974069 0 0.4917592 -0.8707313 0 0.4917592 -0.8707313 0 0.5406708 -0.8412343 0 0.5406708 -0.8412343 0 0.5877722 -0.8090264 0 0.5877722 -0.8090264 0 0.6329821 -0.7741664 0 0.6329821 -0.7741664 0 0.6761722 -0.7367437 0 0.6761722 -0.7367437 0 0.7171677 -0.6969007 0 0.7171677 -0.6969007 0 0.7557268 -0.6548869 0 0.7557268 -0.6548869 0 0.7919041 -0.6106455 0 0.7919041 -0.6106455 0 0.8254693 -0.5644472 0 0.8254693 -0.5644472 0 0.856339 -0.5164141 0 0.856339 -0.5164141 0 0.8844425 -0.4666491 0 0.8844425 -0.4666491 0 0.909641 -0.4153953 0 0.909641 -0.4153953 0 0.9318541 -0.362833 0 0.9318541 -0.362833 0 0.9510604 -0.3090049 0 0.9510604 -0.3090049 0 0.9671442 -0.2542284 0 0.9671442 -0.2542284 0 0.9800828 -0.1985891 0 0.9800828 -0.1985891 0 0.98982 -0.1423243 0 0.98982 -0.1423243 0 0.9963319 -0.08557218 0 0.9963319 -0.08557218 0 0.9995924 -0.02854888 0 0.9995924 -0.02854888 0 0.9995924 0.02854888 0 0.9995924 0.02854888 -0 0.9963319 0.08557218 0 0.9963319 0.08557218 -0 0.98982 0.1423243 0 0.98982 0.1423243 -0 0.9800828 0.1985891 -0 0.9800828 0.1985891 0 0.9671442 0.2542284 -0 0.9671442 0.2542284 -0 0.9510604 0.3090049 -0 0.9318541 0.362833 -0 0.9510604 0.3090049 0 0.909641 0.4153953 -0 0.9318541 0.362833 -0 0.909641 0.4153953 -0 0.8844425 0.4666491 -0 0.8844425 0.4666491 0 0.856339 0.5164141 -0 0.8254693 0.5644472 -0 0.856339 0.5164141 0 0.8254693 0.5644472 -0 0.7919041 0.6106455 -0 0.7557268 0.6548869 -0 0.7919041 0.6106455 0 0.7557268 0.6548869 -0 0.7171677 0.6969007 -0 0.7171677 0.6969007 0 0.6761722 0.7367437 0 0.6761722 0.7367437 -0 0.6329821 0.7741664 0 0.6329821 0.7741664 -0 0.5877722 0.8090264 0 0.5877722 0.8090264 -0 0.5406708 0.8412343 0 0.5406708 0.8412343 -0 0.4917592 0.8707313 0 0.4917592 0.8707313 -0 0.4412038 0.8974069 0 0.4412038 0.8974069 -0 0.3892477 0.9211331 -0 0.3892477 0.9211331 -0 0.3360922 0.9418291 0 0.3360922 0.9418291 -0 0.2816807 0.9595082 0 0.2816807 0.9595082 -0 0.2264899 0.9740135 0 0.2264899 0.9740135 -0 0.1705293 0.9853526 0 0.1705293 0.9853526 -0 0.114046 0.9934754 0 0.114046 0.9934754 -0 0.05702153 0.9983729 0 0.05702153 0.9983729 -0 0 1 0 0 1 -0 -0.05702153 0.9983729 0 -0.05702153 0.9983729 0 -0.114046 0.9934754 0 -0.114046 0.9934754 0 -0.1705293 0.9853526 0 -0.1705293 0.9853526 0 -0.2264899 0.9740135 0 -0.2264899 0.9740135 0 -0.2816807 0.9595082 0 -0.2816807 0.9595082 0 -0.3360922 0.9418291 0 -0.3360922 0.9418291 0 -0.3892477 0.9211331 0 -0.3892477 0.9211331 0 -0.4412038 0.8974069 0 -0.4412038 0.8974069 0 -0.4917592 0.8707313 0 -0.4917592 0.8707313 0 -0.5406708 0.8412343 0 -0.5406708 0.8412343 0 -0.5877722 0.8090264 0 -0.5877722 0.8090264 0 -0.6329821 0.7741664 0 -0.6329821 0.7741664 0 -0.6761722 0.7367437 0 -0.6761722 0.7367437 0 -0.7171677 0.6969007 0 -0.7171677 0.6969007 0 -0.7557268 0.6548869 0 -0.7557268 0.6548869 0 -0.7919041 0.6106455 0 -0.7919041 0.6106455 0 -0.8254693 0.5644472 0 -0.8254693 0.5644472 0 -0.856339 0.5164141 0 -0.856339 0.5164141 0 -0.8844425 0.4666491 0 -0.909641 0.4153953 0 -0.8844425 0.4666491 0 -0.909641 0.4153953 0 -0.9318541 0.362833 0 -0.9318541 0.362833 0 -0.9510604 0.3090049 0 -0.9671442 0.2542284 0 -0.9510604 0.3090049 0 -0.9800828 0.1985891 0 -0.9671442 0.2542284 0 -0.9800828 0.1985891 0 -0.98982 0.1423243 0 -0.98982 0.1423243 0 -0.9963319 0.08557218 0 -0.9963319 0.08557218 0 -0.9995924 0.02854888 0 -0.9995924 0.02854888 0 -0.9995924 -0.02854888 0 -0.9995924 -0.02854888 0 -0.9963319 -0.08557218 0 -0.9963319 -0.08557218 0 -0.98982 -0.1423243 0 -0.98982 -0.1423243 0 -0.9800828 -0.1985891 0 -0.9800828 -0.1985891 0 -0.9671442 -0.2542284 0 -0.9671442 -0.2542284 0 -0.9510604 -0.3090049 0 -0.9510604 -0.3090049 0 -0.9318541 -0.362833 0 -0.909641 -0.4153953 0 -0.9318541 -0.362833 0 -0.8844425 -0.4666491 0 -0.909641 -0.4153953 0 -0.8844425 -0.4666491 0 -0.856339 -0.5164141 0 -0.8254693 -0.5644472 0 -0.856339 -0.5164141 0 -0.8254693 -0.5644472 0 -0.7919041 -0.6106455 0 -0.7919041 -0.6106455 0 -0.7557268 -0.6548869 0 -0.7557268 -0.6548869 0 -0.7171677 -0.6969007 0 -0.6761722 -0.7367437 0 -0.7171677 -0.6969007 0 -0.6761722 -0.7367437 0 -0.6329821 -0.7741664 0 -0.6329821 -0.7741664 0 -0.5877722 -0.8090264 0 -0.5877722 -0.8090264 0 -0.5406708 -0.8412343 0 -0.5406708 -0.8412343 0 -0.4917592 -0.8707313 0 -0.4412038 -0.8974069 0 -0.4917592 -0.8707313 0 -0.4412038 -0.8974069 0 -0.3892477 -0.9211331 0 -0.3892477 -0.9211331 0 -0.3360922 -0.9418291 0 -0.3360922 -0.9418291 0 -0.2816807 -0.9595082 0 -0.2816807 -0.9595082 0 -0.2264899 -0.9740135 0 -0.2264899 -0.9740135 0 -0.1705293 -0.9853526 0 -0.1705293 -0.9853526 0 -0.114046 -0.9934754 0 -0.114046 -0.9934754 0 -0.05702153 -0.9983729 0 -0.05702153 -0.9983729 0 0 -1 0 0 -1 0 0.05702153 -0.9983729 0 0.05702153 -0.9983729 0 0.114046 -0.9934754 0 0.114046 -0.9934754 0 0.1705293 -0.9853526 0 0.1705293 -0.9853526 0 0.2264899 -0.9740135 0 0.2264899 -0.9740135 0 0.2816807 -0.9595082 0 0.2816807 -0.9595082 0 0.3360922 -0.9418291 0 0.3360922 -0.9418291 0 0.3892477 -0.9211331 0 0.3892477 -0.9211331 0 0.4412038 -0.8974069 0 0.4412038 -0.8974069 0 0.4917592 -0.8707313 0 0.4917592 -0.8707313 0 0.5406708 -0.8412343 0 0.5406708 -0.8412343 0 0.5877722 -0.8090264 0 0.5877722 -0.8090264 0 0.6329821 -0.7741664 0 0.6329821 -0.7741664 0 0.6761722 -0.7367437 0 0.6761722 -0.7367437 0 0.7171677 -0.6969007 0 0.7171677 -0.6969007 0 0.7557268 -0.6548869 0 0.7557268 -0.6548869 0 0.7919041 -0.6106455 0 0.7919041 -0.6106455 0 0.8254693 -0.5644472 0 0.8254693 -0.5644472 0 0.856339 -0.5164141 0 0.856339 -0.5164141 0 0.8844425 -0.4666491 0 0.8844425 -0.4666491 0 0.909641 -0.4153953 0 0.909641 -0.4153953 0 0.9318541 -0.362833 0 0.9318541 -0.362833 0 0.9510604 -0.3090049 0 0.9510604 -0.3090049 0 0.9671442 -0.2542284 0 0.9671442 -0.2542284 0 0.9800828 -0.1985891 0 0.9800828 -0.1985891 0 0.98982 -0.1423243 0 0.98982 -0.1423243 0 0.9963319 -0.08557218 0 0.9963319 -0.08557218 0 0.9995924 -0.02854888 0 0.9995924 -0.02854888 0 0.9995924 0.02854888 0 0.9995924 0.02854888 -0 0.9963319 0.08557218 0 0.9963319 0.08557218 -0 0.98982 0.1423243 0 0.98982 0.1423243 -0 0.9800828 0.1985891 -0 0.9800828 0.1985891 0 0.9671442 0.2542284 -0 0.9671442 0.2542284 -0 0.9510604 0.3090049 -0 0.9318541 0.362833 -0 0.9510604 0.3090049 0 0.909641 0.4153953 -0 0.9318541 0.362833 -0 0.909641 0.4153953 -0 0.8844425 0.4666491 -0 0.8844425 0.4666491 0 0.856339 0.5164141 -0 0.8254693 0.5644472 -0 0.856339 0.5164141 0 0.8254693 0.5644472 -0 0.7919041 0.6106455 -0 0.7557268 0.6548869 -0 0.7919041 0.6106455 0 0.7557268 0.6548869 -0 0.7171677 0.6969007 -0 0.7171677 0.6969007 0 0.6761722 0.7367437 0 0.6761722 0.7367437 -0 0.6329821 0.7741664 0 0.6329821 0.7741664 -0 0.5877722 0.8090264 0 0.5877722 0.8090264 -0 0.5406708 0.8412343 0 0.5406708 0.8412343 -0 0.4917592 0.8707313 0 0.4917592 0.8707313 -0 0.4412038 0.8974069 0 0.4412038 0.8974069 -0 0.3892477 0.9211331 -0 0.3892477 0.9211331 -0 0.3360922 0.9418291 0 0.3360922 0.9418291 -0 0.2816807 0.9595082 0 0.2816807 0.9595082 -0 0.2264899 0.9740135 0 0.2264899 0.9740135 -0 0.1705293 0.9853526 0 0.1705293 0.9853526 -0 0.114046 0.9934754 0 0.114046 0.9934754 -0 0.05702153 0.9983729 0 0.05702153 0.9983729 -0 0 1 0 0 1 -0 -0.05702153 0.9983729 0 -0.05702153 0.9983729 0 -0.114046 0.9934754 0 -0.114046 0.9934754 0 -0.1705293 0.9853526 0 -0.1705293 0.9853526 0 -0.2264899 0.9740135 0 -0.2264899 0.9740135 0 -0.2816807 0.9595082 0 -0.2816807 0.9595082 0 -0.3360922 0.9418291 0 -0.3360922 0.9418291 0 -0.3892477 0.9211331 0 -0.3892477 0.9211331 0 -0.4412038 0.8974069 0 -0.4412038 0.8974069 0 -0.4917592 0.8707313 0 -0.4917592 0.8707313 0 -0.5406708 0.8412343 0 -0.5406708 0.8412343 0 -0.5877722 0.8090264 0 -0.5877722 0.8090264 0 -0.6329821 0.7741664 0 -0.6329821 0.7741664 0 -0.6761722 0.7367437 0 -0.6761722 0.7367437 0 -0.7171677 0.6969007 0 -0.7171677 0.6969007 0 -0.7557268 0.6548869 0 -0.7557268 0.6548869 0 -0.7919041 0.6106455 0 -0.7919041 0.6106455 0 -0.8254693 0.5644472 0 -0.8254693 0.5644472 0 -0.856339 0.5164141 0 -0.856339 0.5164141 0 -0.8844425 0.4666491 0 -0.909641 0.4153953 0 -0.8844425 0.4666491 0 -0.909641 0.4153953 0 -0.9318541 0.362833 0 -0.9318541 0.362833 0 -0.9510604 0.3090049 0 -0.9671442 0.2542284 0 -0.9510604 0.3090049 0 -0.9800828 0.1985891 0 -0.9671442 0.2542284 0 -0.9800828 0.1985891 0 -0.98982 0.1423243 0 -0.98982 0.1423243 0 -0.9963319 0.08557218 0 -0.9963319 0.08557218 0 -0.9995924 0.02854888 0 -0.9995924 0.02854888 0 -0.9995924 -0.02854888 0 -0.9995924 -0.02854888 0 -0.9963319 -0.08557218 0 -0.9963319 -0.08557218 0 -0.98982 -0.1423243 0 -0.98982 -0.1423243 0 -0.9800828 -0.1985891 0 -0.9800828 -0.1985891 0 -0.9671442 -0.2542284 0 -0.9671442 -0.2542284 0 -0.9510604 -0.3090049 0 -0.9510604 -0.3090049 0 -0.9318541 -0.362833 0 -0.909641 -0.4153953 0 -0.9318541 -0.362833 0 -0.8844425 -0.4666491 0 -0.909641 -0.4153953 0 -0.8844425 -0.4666491 0 -0.856339 -0.5164141 0 -0.8254693 -0.5644472 0 -0.856339 -0.5164141 0 -0.8254693 -0.5644472 0 -0.7919041 -0.6106455 0 -0.7919041 -0.6106455 0 -0.7557268 -0.6548869 0 -0.7557268 -0.6548869 0 -0.7171677 -0.6969007 0 -0.6761722 -0.7367437 0 -0.7171677 -0.6969007 0 -0.6761722 -0.7367437 0 -0.6329821 -0.7741664 0 -0.6329821 -0.7741664 0 -0.5877722 -0.8090264 0 -0.5877722 -0.8090264 0 -0.5406708 -0.8412343 0 -0.5406708 -0.8412343 0 -0.4917592 -0.8707313 0 -0.4412038 -0.8974069 0 -0.4917592 -0.8707313 0 -0.4412038 -0.8974069 0 -0.3892477 -0.9211331 0 -0.3892477 -0.9211331 0 -0.3360922 -0.9418291 0 -0.3360922 -0.9418291 0 -0.2816807 -0.9595082 0 -0.2816807 -0.9595082 0 -0.2264899 -0.9740135 0 -0.2264899 -0.9740135 0 -0.1705293 -0.9853526 0 -0.1705293 -0.9853526 0 -0.114046 -0.9934754 0 -0.114046 -0.9934754 0 -0.05702153 -0.9983729 0 -0.05702153 -0.9983729 0 0 -1 0 0 -1 0 0.05702153 -0.9983729 0 0.05702153 -0.9983729 0 0.114046 -0.9934754 0 0.114046 -0.9934754 0 0.1705293 -0.9853526 0 0.1705293 -0.9853526 0 0.2264899 -0.9740135 0 0.2264899 -0.9740135 0 0.2816807 -0.9595082 0 0.2816807 -0.9595082 0 0.3360922 -0.9418291 0 0.3360922 -0.9418291 0 0.3892477 -0.9211331 0 0.3892477 -0.9211331 0 0.4412038 -0.8974069 0 0.4412038 -0.8974069 0 0.4917592 -0.8707313 0 0.4917592 -0.8707313 0 0.5406708 -0.8412343 0 0.5406708 -0.8412343 0 0.5877722 -0.8090264 0 0.5877722 -0.8090264 0 0.6329821 -0.7741664 0 0.6329821 -0.7741664 0 0.6761722 -0.7367437 0 0.6761722 -0.7367437 0 0.7171677 -0.6969007 0 0.7171677 -0.6969007 0 0.7557268 -0.6548869 0 0.7557268 -0.6548869 0 0.7919041 -0.6106455 0 0.7919041 -0.6106455 0 0.8254693 -0.5644472 0 0.8254693 -0.5644472 0 0.856339 -0.5164141 0 0.856339 -0.5164141 0 0.8844425 -0.4666491 0 0.8844425 -0.4666491 0 0.909641 -0.4153953 0 0.909641 -0.4153953 0 0.9318541 -0.362833 0 0.9318541 -0.362833 0 0.9510604 -0.3090049 0 0.9510604 -0.3090049 0 0.9671442 -0.2542284 0 0.9671442 -0.2542284 0 0.9800828 -0.1985891 0 0.9800828 -0.1985891 0 0.98982 -0.1423243 0 0.98982 -0.1423243 0 0.9963319 -0.08557218 0 0.9963319 -0.08557218 0 0.9995924 -0.02854888 0 0.9995924 -0.02854888 0 0.9995924 0.02854888 0 0.9995924 0.02854888 -0 0.9963319 0.08557218 0 0.9963319 0.08557218 -0 0.98982 0.1423243 0 0.98982 0.1423243 -0 0.9800828 0.1985891 -0 0.9800828 0.1985891 0 0.9671442 0.2542284 -0 0.9671442 0.2542284 -0 0.9510604 0.3090049 -0 0.9318541 0.362833 -0 0.9510604 0.3090049 0 0.909641 0.4153953 -0 0.9318541 0.362833 -0 0.909641 0.4153953 -0 0.8844425 0.4666491 -0 0.8844425 0.4666491 0 0.856339 0.5164141 -0 0.8254693 0.5644472 -0 0.856339 0.5164141 0 0.8254693 0.5644472 -0 0.7919041 0.6106455 -0 0.7557268 0.6548869 -0 0.7919041 0.6106455 0 0.7557268 0.6548869 -0 0.7171677 0.6969007 -0 0.7171677 0.6969007 0 0.6761722 0.7367437 0 0.6761722 0.7367437 -0 0.6329821 0.7741664 0 0.6329821 0.7741664 -0 0.5877722 0.8090264 0 0.5877722 0.8090264 -0 0.5406708 0.8412343 0 0.5406708 0.8412343 -0 0.4917592 0.8707313 0 0.4917592 0.8707313 -0 0.4412038 0.8974069 0 0.4412038 0.8974069 -0 0.3892477 0.9211331 -0 0.3892477 0.9211331 -0 0.3360922 0.9418291 0 0.3360922 0.9418291 -0 0.2816807 0.9595082 0 0.2816807 0.9595082 -0 0.2264899 0.9740135 0 0.2264899 0.9740135 -0 0.1705293 0.9853526 0 0.1705293 0.9853526 -0 0.114046 0.9934754 0 0.114046 0.9934754 -0 0.05702153 0.9983729 0 0.05702153 0.9983729 -0 0 1 0 0 1 -0 -0.05702153 0.9983729 0 -0.05702153 0.9983729 0 -0.114046 0.9934754 0 -0.114046 0.9934754 0 -0.1705293 0.9853526 0 -0.1705293 0.9853526 0 -0.2264899 0.9740135 0 -0.2264899 0.9740135 0 -0.2816807 0.9595082 0 -0.2816807 0.9595082 0 -0.3360922 0.9418291 0 -0.3360922 0.9418291 0 -0.3892477 0.9211331 0 -0.3892477 0.9211331 0 -0.4412038 0.8974069 0 -0.4412038 0.8974069 0 -0.4917592 0.8707313 0 -0.4917592 0.8707313 0 -0.5406708 0.8412343 0 -0.5406708 0.8412343 0 -0.5877722 0.8090264 0 -0.5877722 0.8090264 0 -0.6329821 0.7741664 0 -0.6329821 0.7741664 0 -0.6761722 0.7367437 0 -0.6761722 0.7367437 0 -0.7171677 0.6969007 0 -0.7171677 0.6969007 0 -0.7557268 0.6548869 0 -0.7557268 0.6548869 0 -0.7919041 0.6106455 0 -0.7919041 0.6106455 0 -0.8254693 0.5644472 0 -0.8254693 0.5644472 0 -0.856339 0.5164141 0 -0.856339 0.5164141 0 -0.8844425 0.4666491 0 -0.909641 0.4153953 0 -0.8844425 0.4666491 0 -0.909641 0.4153953 0 -0.9318541 0.362833 0 -0.9318541 0.362833 0 -0.9510604 0.3090049 0 -0.9671442 0.2542284 0 -0.9510604 0.3090049 0 -0.9800828 0.1985891 0 -0.9671442 0.2542284 0 -0.9800828 0.1985891 0 -0.98982 0.1423243 0 -0.98982 0.1423243 0 -0.9963319 0.08557218 0 -0.9963319 0.08557218 0 -0.9995924 0.02854888 0 -0.9995924 0.02854888 0 -0.9995924 -0.02854888 0 -0.9995924 -0.02854888 0 -0.9963255 -0.08564796 0 -0.9963255 -0.08564796 0 -0.9898255 -0.1422869 0 -0.9898255 -0.1422869 0 -0.9800754 -0.1986258 0 -0.9800754 -0.1986258 0 -0.9671536 -0.2541927 0 -0.9671536 -0.2541927 0 -0.9510604 -0.3090049 0 -0.9510604 -0.3090049 0 -0.93188 -0.3627667 0 -0.909641 -0.4153953 0 -0.93188 -0.3627667 0 -0.884411 -0.4667089 0 -0.909641 -0.4153953 0 -0.884411 -0.4667089 0 -0.8563728 -0.5163581 0 -0.825487 -0.5644212 0 -0.8563728 -0.5163581 0 -0.825487 -0.5644212 0 -0.7918856 -0.6106694 0 -0.7918856 -0.6106694 0 -0.7556891 -0.6549305 0 -0.7556891 -0.6549305 0 -0.7171486 -0.6969203 0 -0.6762292 -0.7366913 0 -0.7171486 -0.6969203 0 -0.6762292 -0.7366913 0 -0.6329634 -0.7741817 0 -0.6329634 -0.7741817 0 -0.5877904 -0.8090133 0 -0.5877904 -0.8090133 0 -0.5406882 -0.8412231 0 -0.5406882 -0.8412231 0 -0.4917101 -0.870759 0 -0.4412189 -0.8973995 0 -0.4917101 -0.870759 0 -0.4412189 -0.8973995 0 -0.3892614 -0.9211273 0 -0.3892614 -0.9211273 0 -0.3361043 -0.9418249 0 -0.3361043 -0.9418249 0 -0.2816704 -0.9595112 0 -0.2816704 -0.9595112 0 -0.2264815 -0.9740155 0 -0.2264815 -0.9740155 0 -0.1705357 -0.9853515 0 -0.1705357 -0.9853515 0 -0.1140331 -0.993477 0 -0.1140331 -0.993477 0 -0.05702588 -0.9983727 0 -0.05702588 -0.9983727 0 0 -1 0 0 -1 0 0.05702588 -0.9983727 0 0.05702588 -0.9983727 0 0.1140331 -0.993477 0 0.1140331 -0.993477 0 0.1705357 -0.9853515 0 0.1705357 -0.9853515 0 0.2264815 -0.9740155 0 0.2264815 -0.9740155 0 0.2816704 -0.9595112 0 0.2816704 -0.9595112 0 0.3361043 -0.9418249 0 0.3361043 -0.9418249 0 0.3892614 -0.9211273 0 0.3892614 -0.9211273 0 0.4412189 -0.8973995 0 0.4412189 -0.8973995 0 0.4917101 -0.870759 0 0.4917101 -0.870759 0 0.5406882 -0.8412231 0 0.5406882 -0.8412231 0 0.5877904 -0.8090133 0 0.5877904 -0.8090133 0 0.6329634 -0.7741817 0 0.6329634 -0.7741817 0 0.6762292 -0.7366913 0 0.6762292 -0.7366913 0 0.7171486 -0.6969203 0 0.7171486 -0.6969203 0 0.7556891 -0.6549305 0 0.7556891 -0.6549305 0 0.7918856 -0.6106694 0 0.7918856 -0.6106694 0 0.825487 -0.5644212 0 0.825487 -0.5644212 0 0.8563728 -0.5163581 0 0.8563728 -0.5163581 0 0.884411 -0.4667089 0 0.884411 -0.4667089 0 0.909641 -0.4153953 0 0.909641 -0.4153953 0 0.93188 -0.3627667 0 0.93188 -0.3627667 0 0.9510604 -0.3090049 0 0.9510604 -0.3090049 0 0.9671536 -0.2541927 0 0.9671536 -0.2541927 0 0.9800754 -0.1986258 0 0.9800754 -0.1986258 0 0.9898255 -0.1422869 0 0.9898255 -0.1422869 0 0.9963255 -0.08564796 0 0.9963255 -0.08564796 0 0.9995924 -0.02854888 0 0.9995924 -0.02854888 0 0.9995924 0.02854888 0 0.9995924 0.02854888 -0 0.9963255 0.08564796 0 0.9963255 0.08564796 -0 0.9898255 0.1422869 0 0.9898255 0.1422869 -0 0.9800754 0.1986258 -0 0.9800754 0.1986258 0 0.9671536 0.2541927 -0 0.9671536 0.2541927 -0 0.9510604 0.3090049 -0 0.93188 0.3627667 -0 0.9510604 0.3090049 0 0.909641 0.4153953 -0 0.93188 0.3627667 -0 0.909641 0.4153953 -0 0.884411 0.4667089 -0 0.884411 0.4667089 0 0.8563728 0.5163581 -0 0.825487 0.5644212 -0 0.8563728 0.5163581 0 0.825487 0.5644212 -0 0.7918856 0.6106694 -0 0.7556891 0.6549305 -0 0.7918856 0.6106694 0 0.7556891 0.6549305 -0 0.7171486 0.6969203 -0 0.7171486 0.6969203 0 0.6762292 0.7366913 0 0.6762292 0.7366913 -0 0.6329634 0.7741817 0 0.6329634 0.7741817 -0 0.5877904 0.8090133 0 0.5877904 0.8090133 -0 0.5406882 0.8412231 0 0.5406882 0.8412231 -0 0.4917101 0.870759 0 0.4917101 0.870759 -0 0.4412189 0.8973995 0 0.4412189 0.8973995 -0 0.3892614 0.9211273 -0 0.3892614 0.9211273 -0 0.3361043 0.9418249 0 0.3361043 0.9418249 -0 0.2816704 0.9595112 0 0.2816704 0.9595112 -0 0.2264815 0.9740155 0 0.2264815 0.9740155 -0 0.1705357 0.9853515 0 0.1705357 0.9853515 -0 0.1140331 0.993477 0 0.1140331 0.993477 -0 0.05702588 0.9983727 0 0.05702588 0.9983727 -0 0 1 0 0 1 -0 -0.05702588 0.9983727 0 -0.05702588 0.9983727 0 -0.1140331 0.993477 0 -0.1140331 0.993477 0 -0.1705357 0.9853515 0 -0.1705357 0.9853515 0 -0.2264815 0.9740155 0 -0.2264815 0.9740155 0 -0.2816704 0.9595112 0 -0.2816704 0.9595112 0 -0.3361043 0.9418249 0 -0.3361043 0.9418249 0 -0.3892614 0.9211273 0 -0.3892614 0.9211273 0 -0.4412189 0.8973995 0 -0.4412189 0.8973995 0 -0.4917101 0.870759 0 -0.4917101 0.870759 0 -0.5406882 0.8412231 0 -0.5406882 0.8412231 0 -0.5877904 0.8090133 0 -0.5877904 0.8090133 0 -0.6329634 0.7741817 0 -0.6329634 0.7741817 0 -0.6762292 0.7366913 0 -0.6762292 0.7366913 0 -0.7171486 0.6969203 0 -0.7171486 0.6969203 0 -0.7556891 0.6549305 0 -0.7556891 0.6549305 0 -0.7918856 0.6106694 0 -0.7918856 0.6106694 0 -0.825487 0.5644212 0 -0.825487 0.5644212 0 -0.8563728 0.5163581 0 -0.8563728 0.5163581 0 -0.884411 0.4667089 0 -0.909641 0.4153953 0 -0.884411 0.4667089 0 -0.909641 0.4153953 0 -0.93188 0.3627667 0 -0.93188 0.3627667 0 -0.9510604 0.3090049 0 -0.9671536 0.2541927 0 -0.9510604 0.3090049 0 -0.9800754 0.1986258 0 -0.9671536 0.2541927 0 -0.9800754 0.1986258 0 -0.9898255 0.1422869 0 -0.9898255 0.1422869 0 -0.9963255 0.08564796 0 -0.9963255 0.08564796 0 -0.9995924 0.02854888 0 -0.9995924 0.02854888 0 -0.9995924 -0.02854888 0 -0.9995924 -0.02854888 0 -0.9963255 -0.08564796 0 -0.9963255 -0.08564796 0 -0.9898255 -0.1422869 0 -0.9898255 -0.1422869 0 -0.9800754 -0.1986258 0 -0.9800754 -0.1986258 0 -0.9671536 -0.2541927 0 -0.9671536 -0.2541927 0 -0.9510604 -0.3090049 0 -0.9510604 -0.3090049 0 -0.93188 -0.3627667 0 -0.909641 -0.4153953 0 -0.93188 -0.3627667 0 -0.884411 -0.4667089 0 -0.909641 -0.4153953 0 -0.884411 -0.4667089 0 -0.8563728 -0.5163581 0 -0.825487 -0.5644212 0 -0.8563728 -0.5163581 0 -0.825487 -0.5644212 0 -0.7918856 -0.6106694 0 -0.7918856 -0.6106694 0 -0.7556891 -0.6549305 0 -0.7556891 -0.6549305 0 -0.7171486 -0.6969203 0 -0.6762292 -0.7366913 0 -0.7171486 -0.6969203 0 -0.6762292 -0.7366913 0 -0.6329634 -0.7741817 0 -0.6329634 -0.7741817 0 -0.5877904 -0.8090133 0 -0.5877904 -0.8090133 0 -0.5406882 -0.8412231 0 -0.5406882 -0.8412231 0 -0.4917101 -0.870759 0 -0.4412189 -0.8973995 0 -0.4917101 -0.870759 0 -0.4412189 -0.8973995 0 -0.3892614 -0.9211273 0 -0.3892614 -0.9211273 0 -0.3361043 -0.9418249 0 -0.3361043 -0.9418249 0 -0.2816704 -0.9595112 0 -0.2816704 -0.9595112 0 -0.2264815 -0.9740155 0 -0.2264815 -0.9740155 0 -0.1705357 -0.9853515 0 -0.1705357 -0.9853515 0 -0.1140331 -0.993477 0 -0.1140331 -0.993477 0 -0.05702588 -0.9983727 0 -0.05702588 -0.9983727 0 0 -1 0 0 -1 0 0.05702588 -0.9983727 0 0.05702588 -0.9983727 0 0.1140331 -0.993477 0 0.1140331 -0.993477 0 0.1705357 -0.9853515 0 0.1705357 -0.9853515 0 0.2264815 -0.9740155 0 0.2264815 -0.9740155 0 0.2816704 -0.9595112 0 0.2816704 -0.9595112 0 0.3361043 -0.9418249 0 0.3361043 -0.9418249 0 0.3892614 -0.9211273 0 0.3892614 -0.9211273 0 0.4412189 -0.8973995 0 0.4412189 -0.8973995 0 0.4917101 -0.870759 0 0.4917101 -0.870759 0 0.5406882 -0.8412231 0 0.5406882 -0.8412231 0 0.5877904 -0.8090133 0 0.5877904 -0.8090133 0 0.6329634 -0.7741817 0 0.6329634 -0.7741817 0 0.6762292 -0.7366913 0 0.6762292 -0.7366913 0 0.7171486 -0.6969203 0 0.7171486 -0.6969203 0 0.7556891 -0.6549305 0 0.7556891 -0.6549305 0 0.7918856 -0.6106694 0 0.7918856 -0.6106694 0 0.825487 -0.5644212 0 0.825487 -0.5644212 0 0.8563728 -0.5163581 0 0.8563728 -0.5163581 0 0.884411 -0.4667089 0 0.884411 -0.4667089 0 0.909641 -0.4153953 0 0.909641 -0.4153953 0 0.93188 -0.3627667 0 0.93188 -0.3627667 0 0.9510604 -0.3090049 0 0.9510604 -0.3090049 0 0.9671536 -0.2541927 0 0.9671536 -0.2541927 0 0.9800754 -0.1986258 0 0.9800754 -0.1986258 0 0.9898255 -0.1422869 0 0.9898255 -0.1422869 0 0.9963255 -0.08564796 0 0.9963255 -0.08564796 0 0.9995924 -0.02854888 0 0.9995924 -0.02854888 0 0.9995924 0.02854888 0 0.9995924 0.02854888 -0 0.9963255 0.08564796 0 0.9963255 0.08564796 -0 0.9898255 0.1422869 0 0.9898255 0.1422869 -0 0.9800754 0.1986258 -0 0.9800754 0.1986258 0 0.9671536 0.2541927 -0 0.9671536 0.2541927 -0 0.9510604 0.3090049 -0 0.93188 0.3627667 -0 0.9510604 0.3090049 0 0.909641 0.4153953 -0 0.93188 0.3627667 -0 0.909641 0.4153953 -0 0.884411 0.4667089 -0 0.884411 0.4667089 0 0.8563728 0.5163581 -0 0.825487 0.5644212 -0 0.8563728 0.5163581 0 0.825487 0.5644212 -0 0.7918856 0.6106694 -0 0.7556891 0.6549305 -0 0.7918856 0.6106694 0 0.7556891 0.6549305 -0 0.7171486 0.6969203 -0 0.7171486 0.6969203 0 0.6762292 0.7366913 0 0.6762292 0.7366913 -0 0.6329634 0.7741817 0 0.6329634 0.7741817 -0 0.5877904 0.8090133 0 0.5877904 0.8090133 -0 0.5406882 0.8412231 0 0.5406882 0.8412231 -0 0.4917101 0.870759 0 0.4917101 0.870759 -0 0.4412189 0.8973995 0 0.4412189 0.8973995 -0 0.3892614 0.9211273 -0 0.3892614 0.9211273 -0 0.3361043 0.9418249 0 0.3361043 0.9418249 -0 0.2816704 0.9595112 0 0.2816704 0.9595112 -0 0.2264815 0.9740155 0 0.2264815 0.9740155 -0 0.1705357 0.9853515 0 0.1705357 0.9853515 -0 0.1140331 0.993477 0 0.1140331 0.993477 -0 0.05702588 0.9983727 0 0.05702588 0.9983727 -0 0 1 0 0 1 -0 -0.05702588 0.9983727 0 -0.05702588 0.9983727 0 -0.1140331 0.993477 0 -0.1140331 0.993477 0 -0.1705357 0.9853515 0 -0.1705357 0.9853515 0 -0.2264815 0.9740155 0 -0.2264815 0.9740155 0 -0.2816704 0.9595112 0 -0.2816704 0.9595112 0 -0.3361043 0.9418249 0 -0.3361043 0.9418249 0 -0.3892614 0.9211273 0 -0.3892614 0.9211273 0 -0.4412189 0.8973995 0 -0.4412189 0.8973995 0 -0.4917101 0.870759 0 -0.4917101 0.870759 0 -0.5406882 0.8412231 0 -0.5406882 0.8412231 0 -0.5877904 0.8090133 0 -0.5877904 0.8090133 0 -0.6329634 0.7741817 0 -0.6329634 0.7741817 0 -0.6762292 0.7366913 0 -0.6762292 0.7366913 0 -0.7171486 0.6969203 0 -0.7171486 0.6969203 0 -0.7556891 0.6549305 0 -0.7556891 0.6549305 0 -0.7918856 0.6106694 0 -0.7918856 0.6106694 0 -0.825487 0.5644212 0 -0.825487 0.5644212 0 -0.8563728 0.5163581 0 -0.8563728 0.5163581 0 -0.884411 0.4667089 0 -0.909641 0.4153953 0 -0.884411 0.4667089 0 -0.909641 0.4153953 0 -0.93188 0.3627667 0 -0.93188 0.3627667 0 -0.9510604 0.3090049 0 -0.9671536 0.2541927 0 -0.9510604 0.3090049 0 -0.9800754 0.1986258 0 -0.9671536 0.2541927 0 -0.9800754 0.1986258 0 -0.9898255 0.1422869 0 -0.9898255 0.1422869 0 -0.9963255 0.08564796 0 -0.9963255 0.08564796 0 -0.9995924 0.02854888 0 -0.9995924 0.02854888 0 -0.9995924 -0.02854888 0 -0.9995924 -0.02854888 0 -0.9963319 -0.08557218 0 -0.9963319 -0.08557218 0 -0.9898255 -0.1422869 0 -0.9898255 -0.1422869 0 -0.9800754 -0.1986258 0 -0.9800754 -0.1986258 0 -0.9671536 -0.2541927 0 -0.9671536 -0.2541927 0 -0.951038 -0.309074 0 -0.951038 -0.309074 0 -0.93188 -0.3627667 0 -0.909641 -0.4153953 0 -0.93188 -0.3627667 0 -0.884411 -0.4667089 0 -0.909641 -0.4153953 0 -0.884411 -0.4667089 0 -0.856339 -0.5164141 0 -0.825487 -0.5644212 0 -0.856339 -0.5164141 0 -0.825487 -0.5644212 0 -0.7919226 -0.6106216 0 -0.7919226 -0.6106216 0 -0.7557268 -0.6548869 0 -0.7557268 -0.6548869 0 -0.7171486 -0.6969203 0 -0.6761531 -0.7367611 0 -0.7171486 -0.6969203 0 -0.6761531 -0.7367611 0 -0.6330008 -0.7741511 0 -0.6330008 -0.7741511 0 -0.5877904 -0.8090133 0 -0.5877904 -0.8090133 0 -0.5406534 -0.8412454 0 -0.5406534 -0.8412454 0 -0.4917428 -0.8707405 0 -0.4412189 -0.8973995 0 -0.4917428 -0.8707405 0 -0.4412189 -0.8973995 0 -0.3892341 -0.9211389 0 -0.3892341 -0.9211389 0 -0.3361043 -0.9418249 0 -0.3361043 -0.9418249 0 -0.281691 -0.9595052 0 -0.281691 -0.9595052 0 -0.2264815 -0.9740155 0 -0.2264815 -0.9740155 0 -0.1705357 -0.9853515 0 -0.1705357 -0.9853515 0 -0.1140417 -0.993476 0 -0.1140417 -0.993476 0 -0.05702153 -0.9983729 0 -0.05702153 -0.9983729 0 0 -1 0 0 -1 0 0.05702153 -0.9983729 0 0.05702153 -0.9983729 0 0.1140417 -0.993476 0 0.1140417 -0.993476 0 0.1705357 -0.9853515 0 0.1705357 -0.9853515 0 0.2264815 -0.9740155 0 0.2264815 -0.9740155 0 0.281691 -0.9595052 0 0.281691 -0.9595052 0 0.3361043 -0.9418249 0 0.3361043 -0.9418249 0 0.3892341 -0.9211389 0 0.3892341 -0.9211389 0 0.4412189 -0.8973995 0 0.4412189 -0.8973995 0 0.4917428 -0.8707405 0 0.4917428 -0.8707405 0 0.5406534 -0.8412454 0 0.5406534 -0.8412454 0 0.5877904 -0.8090133 0 0.5877904 -0.8090133 0 0.6330008 -0.7741511 0 0.6330008 -0.7741511 0 0.6761531 -0.7367611 0 0.6761531 -0.7367611 0 0.7171486 -0.6969203 0 0.7171486 -0.6969203 0 0.7557268 -0.6548869 0 0.7557268 -0.6548869 0 0.7919226 -0.6106216 0 0.7919226 -0.6106216 0 0.825487 -0.5644212 0 0.825487 -0.5644212 0 0.856339 -0.5164141 0 0.856339 -0.5164141 0 0.884411 -0.4667089 0 0.884411 -0.4667089 0 0.909641 -0.4153953 0 0.909641 -0.4153953 0 0.93188 -0.3627667 0 0.93188 -0.3627667 0 0.951038 -0.309074 0 0.951038 -0.309074 0 0.9671536 -0.2541927 0 0.9671536 -0.2541927 0 0.9800754 -0.1986258 0 0.9800754 -0.1986258 0 0.9898255 -0.1422869 0 0.9898255 -0.1422869 0 0.9963319 -0.08557218 0 0.9963319 -0.08557218 0 0.9995924 -0.02854888 0 0.9995924 -0.02854888 0 0.9995924 0.02854888 0 0.9995924 0.02854888 -0 0.9963319 0.08557218 0 0.9963319 0.08557218 -0 0.9898255 0.1422869 0 0.9898255 0.1422869 -0 0.9800754 0.1986258 -0 0.9800754 0.1986258 0 0.9671536 0.2541927 -0 0.9671536 0.2541927 -0 0.951038 0.309074 -0 0.93188 0.3627667 -0 0.951038 0.309074 0 0.909641 0.4153953 -0 0.93188 0.3627667 -0 0.909641 0.4153953 -0 0.884411 0.4667089 -0 0.884411 0.4667089 0 0.856339 0.5164141 -0 0.825487 0.5644212 -0 0.856339 0.5164141 0 0.825487 0.5644212 -0 0.7919226 0.6106216 -0 0.7557268 0.6548869 -0 0.7919226 0.6106216 0 0.7557268 0.6548869 -0 0.7171486 0.6969203 -0 0.7171486 0.6969203 0 0.6761531 0.7367611 0 0.6761531 0.7367611 -0 0.6330008 0.7741511 0 0.6330008 0.7741511 -0 0.5877904 0.8090133 0 0.5877904 0.8090133 -0 0.5406534 0.8412454 0 0.5406534 0.8412454 -0 0.4917428 0.8707405 0 0.4917428 0.8707405 -0 0.4412189 0.8973995 0 0.4412189 0.8973995 -0 0.3892341 0.9211389 -0 0.3892341 0.9211389 -0 0.3361043 0.9418249 0 0.3361043 0.9418249 -0 0.281691 0.9595052 0 0.281691 0.9595052 -0 0.2264815 0.9740155 0 0.2264815 0.9740155 -0 0.1705357 0.9853515 0 0.1705357 0.9853515 -0 0.1140417 0.993476 0 0.1140417 0.993476 -0 0.05702153 0.9983729 0 0.05702153 0.9983729 -0 0 1 0 0 1 -0 -0.05702153 0.9983729 0 -0.05702153 0.9983729 0 -0.1140417 0.993476 0 -0.1140417 0.993476 0 -0.1705357 0.9853515 0 -0.1705357 0.9853515 0 -0.2264815 0.9740155 0 -0.2264815 0.9740155 0 -0.281691 0.9595052 0 -0.281691 0.9595052 0 -0.3361043 0.9418249 0 -0.3361043 0.9418249 0 -0.3892341 0.9211389 0 -0.3892341 0.9211389 0 -0.4412189 0.8973995 0 -0.4412189 0.8973995 0 -0.4917428 0.8707405 0 -0.4917428 0.8707405 0 -0.5406534 0.8412454 0 -0.5406534 0.8412454 0 -0.5877904 0.8090133 0 -0.5877904 0.8090133 0 -0.6330008 0.7741511 0 -0.6330008 0.7741511 0 -0.6761531 0.7367611 0 -0.6761531 0.7367611 0 -0.7171486 0.6969203 0 -0.7171486 0.6969203 0 -0.7557268 0.6548869 0 -0.7557268 0.6548869 0 -0.7919226 0.6106216 0 -0.7919226 0.6106216 0 -0.825487 0.5644212 0 -0.825487 0.5644212 0 -0.856339 0.5164141 0 -0.856339 0.5164141 0 -0.884411 0.4667089 0 -0.909641 0.4153953 0 -0.884411 0.4667089 0 -0.909641 0.4153953 0 -0.93188 0.3627667 0 -0.93188 0.3627667 0 -0.951038 0.309074 0 -0.9671536 0.2541927 0 -0.951038 0.309074 0 -0.9800754 0.1986258 0 -0.9671536 0.2541927 0 -0.9800754 0.1986258 0 -0.9898255 0.1422869 0 -0.9898255 0.1422869 0 -0.9963319 0.08557218 0 -0.9963319 0.08557218 0 -0.9995924 0.02854888 0 -0.9995924 0.02854888 0 -0.9995924 -0.02854888 0 -0.9995924 -0.02854888 0 -0.9963319 -0.08557218 0 -0.9963319 -0.08557218 0 -0.98982 -0.1423243 0 -0.98982 -0.1423243 0 -0.9800828 -0.1985891 0 -0.9800828 -0.1985891 0 -0.9671442 -0.2542284 0 -0.9671442 -0.2542284 0 -0.9510604 -0.3090049 0 -0.9510604 -0.3090049 0 -0.9318541 -0.362833 0 -0.909641 -0.4153953 0 -0.9318541 -0.362833 0 -0.8844425 -0.4666491 0 -0.909641 -0.4153953 0 -0.8844425 -0.4666491 0 -0.856339 -0.5164141 0 -0.8254693 -0.5644472 0 -0.856339 -0.5164141 0 -0.8254693 -0.5644472 0 -0.7919041 -0.6106455 0 -0.7919041 -0.6106455 0 -0.7557268 -0.6548869 0 -0.7557268 -0.6548869 0 -0.7171677 -0.6969007 0 -0.6761722 -0.7367437 0 -0.7171677 -0.6969007 0 -0.6761722 -0.7367437 0 -0.6329821 -0.7741664 0 -0.6329821 -0.7741664 0 -0.5877722 -0.8090264 0 -0.5877722 -0.8090264 0 -0.5406708 -0.8412343 0 -0.5406708 -0.8412343 0 -0.4917592 -0.8707313 0 -0.4412038 -0.8974069 0 -0.4917592 -0.8707313 0 -0.4412038 -0.8974069 0 -0.3892477 -0.9211331 0 -0.3892477 -0.9211331 0 -0.3360922 -0.9418291 0 -0.3360922 -0.9418291 0 -0.2816807 -0.9595082 0 -0.2816807 -0.9595082 0 -0.2264899 -0.9740135 0 -0.2264899 -0.9740135 0 -0.1705293 -0.9853526 0 -0.1705293 -0.9853526 0 -0.114046 -0.9934754 0 -0.114046 -0.9934754 0 -0.05702153 -0.9983729 0 -0.05702153 -0.9983729 0 0 -1 0 0 -1 0 0.05702153 -0.9983729 0 0.05702153 -0.9983729 0 0.114046 -0.9934754 0 0.114046 -0.9934754 0 0.1705293 -0.9853526 0 0.1705293 -0.9853526 0 0.2264899 -0.9740135 0 0.2264899 -0.9740135 0 0.2816807 -0.9595082 0 0.2816807 -0.9595082 0 0.3360922 -0.9418291 0 0.3360922 -0.9418291 0 0.3892477 -0.9211331 0 0.3892477 -0.9211331 0 0.4412038 -0.8974069 0 0.4412038 -0.8974069 0 0.4917592 -0.8707313 0 0.4917592 -0.8707313 0 0.5406708 -0.8412343 0 0.5406708 -0.8412343 0 0.5877722 -0.8090264 0 0.5877722 -0.8090264 0 0.6329821 -0.7741664 0 0.6329821 -0.7741664 0 0.6761722 -0.7367437 0 0.6761722 -0.7367437 0 0.7171677 -0.6969007 0 0.7171677 -0.6969007 0 0.7557268 -0.6548869 0 0.7557268 -0.6548869 0 0.7919041 -0.6106455 0 0.7919041 -0.6106455 0 0.8254693 -0.5644472 0 0.8254693 -0.5644472 0 0.856339 -0.5164141 0 0.856339 -0.5164141 0 0.8844425 -0.4666491 0 0.8844425 -0.4666491 0 0.909641 -0.4153953 0 0.909641 -0.4153953 0 0.9318541 -0.362833 0 0.9318541 -0.362833 0 0.9510604 -0.3090049 0 0.9510604 -0.3090049 0 0.9671442 -0.2542284 0 0.9671442 -0.2542284 0 0.9800828 -0.1985891 0 0.9800828 -0.1985891 0 0.98982 -0.1423243 0 0.98982 -0.1423243 0 0.9963319 -0.08557218 0 0.9963319 -0.08557218 0 0.9995924 -0.02854888 0 0.9995924 -0.02854888 0 0.9995924 0.02854888 0 0.9995924 0.02854888 -0 0.9963319 0.08557218 0 0.9963319 0.08557218 -0 0.98982 0.1423243 0 0.98982 0.1423243 -0 0.9800828 0.1985891 -0 0.9800828 0.1985891 0 0.9671442 0.2542284 -0 0.9671442 0.2542284 -0 0.9510604 0.3090049 -0 0.9318541 0.362833 -0 0.9510604 0.3090049 0 0.909641 0.4153953 -0 0.9318541 0.362833 -0 0.909641 0.4153953 -0 0.8844425 0.4666491 -0 0.8844425 0.4666491 0 0.856339 0.5164141 -0 0.8254693 0.5644472 -0 0.856339 0.5164141 0 0.8254693 0.5644472 -0 0.7919041 0.6106455 -0 0.7557268 0.6548869 -0 0.7919041 0.6106455 0 0.7557268 0.6548869 -0 0.7171677 0.6969007 -0 0.7171677 0.6969007 0 0.6761722 0.7367437 0 0.6761722 0.7367437 -0 0.6329821 0.7741664 0 0.6329821 0.7741664 -0 0.5877722 0.8090264 0 0.5877722 0.8090264 -0 0.5406708 0.8412343 0 0.5406708 0.8412343 -0 0.4917592 0.8707313 0 0.4917592 0.8707313 -0 0.4412038 0.8974069 0 0.4412038 0.8974069 -0 0.3892477 0.9211331 -0 0.3892477 0.9211331 -0 0.3360922 0.9418291 0 0.3360922 0.9418291 -0 0.2816807 0.9595082 0 0.2816807 0.9595082 -0 0.2264899 0.9740135 0 0.2264899 0.9740135 -0 0.1705293 0.9853526 0 0.1705293 0.9853526 -0 0.114046 0.9934754 0 0.114046 0.9934754 -0 0.05702153 0.9983729 0 0.05702153 0.9983729 -0 0 1 0 0 1 -0 -0.05702153 0.9983729 0 -0.05702153 0.9983729 0 -0.114046 0.9934754 0 -0.114046 0.9934754 0 -0.1705293 0.9853526 0 -0.1705293 0.9853526 0 -0.2264899 0.9740135 0 -0.2264899 0.9740135 0 -0.2816807 0.9595082 0 -0.2816807 0.9595082 0 -0.3360922 0.9418291 0 -0.3360922 0.9418291 0 -0.3892477 0.9211331 0 -0.3892477 0.9211331 0 -0.4412038 0.8974069 0 -0.4412038 0.8974069 0 -0.4917592 0.8707313 0 -0.4917592 0.8707313 0 -0.5406708 0.8412343 0 -0.5406708 0.8412343 0 -0.5877722 0.8090264 0 -0.5877722 0.8090264 0 -0.6329821 0.7741664 0 -0.6329821 0.7741664 0 -0.6761722 0.7367437 0 -0.6761722 0.7367437 0 -0.7171677 0.6969007 0 -0.7171677 0.6969007 0 -0.7557268 0.6548869 0 -0.7557268 0.6548869 0 -0.7919041 0.6106455 0 -0.7919041 0.6106455 0 -0.8254693 0.5644472 0 -0.8254693 0.5644472 0 -0.856339 0.5164141 0 -0.856339 0.5164141 0 -0.8844425 0.4666491 0 -0.909641 0.4153953 0 -0.8844425 0.4666491 0 -0.909641 0.4153953 0 -0.9318541 0.362833 0 -0.9318541 0.362833 0 -0.9510604 0.3090049 0 -0.9671442 0.2542284 0 -0.9510604 0.3090049 0 -0.9800828 0.1985891 0 -0.9671442 0.2542284 0 -0.9800828 0.1985891 0 -0.98982 0.1423243 0 -0.98982 0.1423243 0 -0.9963319 0.08557218 0 -0.9963319 0.08557218 0 -0.9995924 0.02854888 0 -0.9995924 0.02854888 0 -0.9995924 -0.02854888 0 -0.9995924 -0.02854888 0 -0.9963319 -0.08557218 0 -0.9963319 -0.08557218 0 -0.98982 -0.1423243 0 -0.98982 -0.1423243 0 -0.9800828 -0.1985891 0 -0.9800828 -0.1985891 0 -0.9671442 -0.2542284 0 -0.9671442 -0.2542284 0 -0.9510604 -0.3090049 0 -0.9510604 -0.3090049 0 -0.9318541 -0.362833 0 -0.909641 -0.4153953 0 -0.9318541 -0.362833 0 -0.8844425 -0.4666491 0 -0.909641 -0.4153953 0 -0.8844425 -0.4666491 0 -0.856339 -0.5164141 0 -0.8254693 -0.5644472 0 -0.856339 -0.5164141 0 -0.8254693 -0.5644472 0 -0.7919041 -0.6106455 0 -0.7919041 -0.6106455 0 -0.7557268 -0.6548869 0 -0.7557268 -0.6548869 0 -0.7171677 -0.6969007 0 -0.6761722 -0.7367437 0 -0.7171677 -0.6969007 0 -0.6761722 -0.7367437 0 -0.6329821 -0.7741664 0 -0.6329821 -0.7741664 0 -0.5877722 -0.8090264 0 -0.5877722 -0.8090264 0 -0.5406708 -0.8412343 0 -0.5406708 -0.8412343 0 -0.4917592 -0.8707313 0 -0.4412038 -0.8974069 0 -0.4917592 -0.8707313 0 -0.4412038 -0.8974069 0 -0.3892477 -0.9211331 0 -0.3892477 -0.9211331 0 -0.3360922 -0.9418291 0 -0.3360922 -0.9418291 0 -0.2816807 -0.9595082 0 -0.2816807 -0.9595082 0 -0.2264899 -0.9740135 0 -0.2264899 -0.9740135 0 -0.1705293 -0.9853526 0 -0.1705293 -0.9853526 0 -0.114046 -0.9934754 0 -0.114046 -0.9934754 0 -0.05702153 -0.9983729 0 -0.05702153 -0.9983729 0 0 -1 0 0 -1 0 0.05702153 -0.9983729 0 0.05702153 -0.9983729 0 0.114046 -0.9934754 0 0.114046 -0.9934754 0 0.1705293 -0.9853526 0 0.1705293 -0.9853526 0 0.2264899 -0.9740135 0 0.2264899 -0.9740135 0 0.2816807 -0.9595082 0 0.2816807 -0.9595082 0 0.3360922 -0.9418291 0 0.3360922 -0.9418291 0 0.3892477 -0.9211331 0 0.3892477 -0.9211331 0 0.4412038 -0.8974069 0 0.4412038 -0.8974069 0 0.4917592 -0.8707313 0 0.4917592 -0.8707313 0 0.5406708 -0.8412343 0 0.5406708 -0.8412343 0 0.5877722 -0.8090264 0 0.5877722 -0.8090264 0 0.6329821 -0.7741664 0 0.6329821 -0.7741664 0 0.6761722 -0.7367437 0 0.6761722 -0.7367437 0 0.7171677 -0.6969007 0 0.7171677 -0.6969007 0 0.7557268 -0.6548869 0 0.7557268 -0.6548869 0 0.7919041 -0.6106455 0 0.7919041 -0.6106455 0 0.8254693 -0.5644472 0 0.8254693 -0.5644472 0 0.856339 -0.5164141 0 0.856339 -0.5164141 0 0.8844425 -0.4666491 0 0.8844425 -0.4666491 0 0.909641 -0.4153953 0 0.909641 -0.4153953 0 0.9318541 -0.362833 0 0.9318541 -0.362833 0 0.9510604 -0.3090049 0 0.9510604 -0.3090049 0 0.9671442 -0.2542284 0 0.9671442 -0.2542284 0 0.9800828 -0.1985891 0 0.9800828 -0.1985891 0 0.98982 -0.1423243 0 0.98982 -0.1423243 0 0.9963319 -0.08557218 0 0.9963319 -0.08557218 0 0.9995924 -0.02854888 0 0.9995924 -0.02854888 0 0.9995924 0.02854888 0 0.9995924 0.02854888 -0 0.9963319 0.08557218 0 0.9963319 0.08557218 -0 0.98982 0.1423243 0 0.98982 0.1423243 -0 0.9800828 0.1985891 -0 0.9800828 0.1985891 0 0.9671442 0.2542284 -0 0.9671442 0.2542284 -0 0.9510604 0.3090049 -0 0.9318541 0.362833 -0 0.9510604 0.3090049 0 0.909641 0.4153953 -0 0.9318541 0.362833 -0 0.909641 0.4153953 -0 0.8844425 0.4666491 -0 0.8844425 0.4666491 0 0.856339 0.5164141 -0 0.8254693 0.5644472 -0 0.856339 0.5164141 0 0.8254693 0.5644472 -0 0.7919041 0.6106455 -0 0.7557268 0.6548869 -0 0.7919041 0.6106455 0 0.7557268 0.6548869 -0 0.7171677 0.6969007 -0 0.7171677 0.6969007 0 0.6761722 0.7367437 0 0.6761722 0.7367437 -0 0.6329821 0.7741664 0 0.6329821 0.7741664 -0 0.5877722 0.8090264 0 0.5877722 0.8090264 -0 0.5406708 0.8412343 0 0.5406708 0.8412343 -0 0.4917592 0.8707313 0 0.4917592 0.8707313 -0 0.4412038 0.8974069 0 0.4412038 0.8974069 -0 0.3892477 0.9211331 -0 0.3892477 0.9211331 -0 0.3360922 0.9418291 0 0.3360922 0.9418291 -0 0.2816807 0.9595082 0 0.2816807 0.9595082 -0 0.2264899 0.9740135 0 0.2264899 0.9740135 -0 0.1705293 0.9853526 0 0.1705293 0.9853526 -0 0.114046 0.9934754 0 0.114046 0.9934754 -0 0.05702153 0.9983729 0 0.05702153 0.9983729 -0 0 1 0 0 1 -0 -0.05702153 0.9983729 0 -0.05702153 0.9983729 0 -0.114046 0.9934754 0 -0.114046 0.9934754 0 -0.1705293 0.9853526 0 -0.1705293 0.9853526 0 -0.2264899 0.9740135 0 -0.2264899 0.9740135 0 -0.2816807 0.9595082 0 -0.2816807 0.9595082 0 -0.3360922 0.9418291 0 -0.3360922 0.9418291 0 -0.3892477 0.9211331 0 -0.3892477 0.9211331 0 -0.4412038 0.8974069 0 -0.4412038 0.8974069 0 -0.4917592 0.8707313 0 -0.4917592 0.8707313 0 -0.5406708 0.8412343 0 -0.5406708 0.8412343 0 -0.5877722 0.8090264 0 -0.5877722 0.8090264 0 -0.6329821 0.7741664 0 -0.6329821 0.7741664 0 -0.6761722 0.7367437 0 -0.6761722 0.7367437 0 -0.7171677 0.6969007 0 -0.7171677 0.6969007 0 -0.7557268 0.6548869 0 -0.7557268 0.6548869 0 -0.7919041 0.6106455 0 -0.7919041 0.6106455 0 -0.8254693 0.5644472 0 -0.8254693 0.5644472 0 -0.856339 0.5164141 0 -0.856339 0.5164141 0 -0.8844425 0.4666491 0 -0.909641 0.4153953 0 -0.8844425 0.4666491 0 -0.909641 0.4153953 0 -0.9318541 0.362833 0 -0.9318541 0.362833 0 -0.9510604 0.3090049 0 -0.9671442 0.2542284 0 -0.9510604 0.3090049 0 -0.9800828 0.1985891 0 -0.9671442 0.2542284 0 -0.9800828 0.1985891 0 -0.98982 0.1423243 0 -0.98982 0.1423243 0 -0.9963319 0.08557218 0 -0.9963319 0.08557218 0 -0.9995924 0.02854888 0 -0.9995924 0.02854888 0 -0.9995924 -0.02854888 0 -0.9995924 -0.02854888 0 -0.9963319 -0.08557218 0 -0.9963319 -0.08557218 0 -0.9898255 -0.1422869 0 -0.9898255 -0.1422869 0 -0.9800754 -0.1986258 0 -0.9800754 -0.1986258 0 -0.9671536 -0.2541927 0 -0.9671536 -0.2541927 0 -0.951038 -0.309074 0 -0.951038 -0.309074 0 -0.93188 -0.3627667 0 -0.909641 -0.4153953 0 -0.93188 -0.3627667 0 -0.884411 -0.4667089 0 -0.909641 -0.4153953 0 -0.884411 -0.4667089 0 -0.856339 -0.5164141 0 -0.825487 -0.5644212 0 -0.856339 -0.5164141 0 -0.825487 -0.5644212 0 -0.7919226 -0.6106216 0 -0.7919226 -0.6106216 0 -0.7557268 -0.6548869 0 -0.7557268 -0.6548869 0 -0.7171486 -0.6969203 0 -0.6761531 -0.7367611 0 -0.7171486 -0.6969203 0 -0.6761531 -0.7367611 0 -0.6330008 -0.7741511 0 -0.6330008 -0.7741511 0 -0.5877904 -0.8090133 0 -0.5877904 -0.8090133 0 -0.5406534 -0.8412454 0 -0.5406534 -0.8412454 0 -0.4917428 -0.8707405 0 -0.4412189 -0.8973995 0 -0.4917428 -0.8707405 0 -0.4412189 -0.8973995 0 -0.3892341 -0.9211389 0 -0.3892341 -0.9211389 0 -0.3361043 -0.9418249 0 -0.3361043 -0.9418249 0 -0.281691 -0.9595052 0 -0.281691 -0.9595052 0 -0.2264815 -0.9740155 0 -0.2264815 -0.9740155 0 -0.1705357 -0.9853515 0 -0.1705357 -0.9853515 0 -0.1140417 -0.993476 0 -0.1140417 -0.993476 0 -0.05702153 -0.9983729 0 -0.05702153 -0.9983729 0 0 -1 0 0 -1 0 0.05702153 -0.9983729 0 0.05702153 -0.9983729 0 0.1140417 -0.993476 0 0.1140417 -0.993476 0 0.1705357 -0.9853515 0 0.1705357 -0.9853515 0 0.2264815 -0.9740155 0 0.2264815 -0.9740155 0 0.281691 -0.9595052 0 0.281691 -0.9595052 0 0.3361043 -0.9418249 0 0.3361043 -0.9418249 0 0.3892341 -0.9211389 0 0.3892341 -0.9211389 0 0.4412189 -0.8973995 0 0.4412189 -0.8973995 0 0.4917428 -0.8707405 0 0.4917428 -0.8707405 0 0.5406534 -0.8412454 0 0.5406534 -0.8412454 0 0.5877904 -0.8090133 0 0.5877904 -0.8090133 0 0.6330008 -0.7741511 0 0.6330008 -0.7741511 0 0.6761531 -0.7367611 0 0.6761531 -0.7367611 0 0.7171486 -0.6969203 0 0.7171486 -0.6969203 0 0.7557268 -0.6548869 0 0.7557268 -0.6548869 0 0.7919226 -0.6106216 0 0.7919226 -0.6106216 0 0.825487 -0.5644212 0 0.825487 -0.5644212 0 0.856339 -0.5164141 0 0.856339 -0.5164141 0 0.884411 -0.4667089 0 0.884411 -0.4667089 0 0.909641 -0.4153953 0 0.909641 -0.4153953 0 0.93188 -0.3627667 0 0.93188 -0.3627667 0 0.951038 -0.309074 0 0.951038 -0.309074 0 0.9671536 -0.2541927 0 0.9671536 -0.2541927 0 0.9800754 -0.1986258 0 0.9800754 -0.1986258 0 0.9898255 -0.1422869 0 0.9898255 -0.1422869 0 0.9963319 -0.08557218 0 0.9963319 -0.08557218 0 0.9995924 -0.02854888 0 0.9995924 -0.02854888 0 0.9995924 0.02854888 0 0.9995924 0.02854888 -0 0.9963319 0.08557218 0 0.9963319 0.08557218 -0 0.9898255 0.1422869 0 0.9898255 0.1422869 -0 0.9800754 0.1986258 -0 0.9800754 0.1986258 0 0.9671536 0.2541927 -0 0.9671536 0.2541927 -0 0.951038 0.309074 -0 0.93188 0.3627667 -0 0.951038 0.309074 0 0.909641 0.4153953 -0 0.93188 0.3627667 -0 0.909641 0.4153953 -0 0.884411 0.4667089 -0 0.884411 0.4667089 0 0.856339 0.5164141 -0 0.825487 0.5644212 -0 0.856339 0.5164141 0 0.825487 0.5644212 -0 0.7919226 0.6106216 -0 0.7557268 0.6548869 -0 0.7919226 0.6106216 0 0.7557268 0.6548869 -0 0.7171486 0.6969203 -0 0.7171486 0.6969203 0 0.6761531 0.7367611 0 0.6761531 0.7367611 -0 0.6330008 0.7741511 0 0.6330008 0.7741511 -0 0.5877904 0.8090133 0 0.5877904 0.8090133 -0 0.5406534 0.8412454 0 0.5406534 0.8412454 -0 0.4917428 0.8707405 0 0.4917428 0.8707405 -0 0.4412189 0.8973995 0 0.4412189 0.8973995 -0 0.3892341 0.9211389 -0 0.3892341 0.9211389 -0 0.3361043 0.9418249 0 0.3361043 0.9418249 -0 0.281691 0.9595052 0 0.281691 0.9595052 -0 0.2264815 0.9740155 0 0.2264815 0.9740155 -0 0.1705357 0.9853515 0 0.1705357 0.9853515 -0 0.1140417 0.993476 0 0.1140417 0.993476 -0 0.05702153 0.9983729 0 0.05702153 0.9983729 -0 0 1 0 0 1 -0 -0.05702153 0.9983729 0 -0.05702153 0.9983729 0 -0.1140417 0.993476 0 -0.1140417 0.993476 0 -0.1705357 0.9853515 0 -0.1705357 0.9853515 0 -0.2264815 0.9740155 0 -0.2264815 0.9740155 0 -0.281691 0.9595052 0 -0.281691 0.9595052 0 -0.3361043 0.9418249 0 -0.3361043 0.9418249 0 -0.3892341 0.9211389 0 -0.3892341 0.9211389 0 -0.4412189 0.8973995 0 -0.4412189 0.8973995 0 -0.4917428 0.8707405 0 -0.4917428 0.8707405 0 -0.5406534 0.8412454 0 -0.5406534 0.8412454 0 -0.5877904 0.8090133 0 -0.5877904 0.8090133 0 -0.6330008 0.7741511 0 -0.6330008 0.7741511 0 -0.6761531 0.7367611 0 -0.6761531 0.7367611 0 -0.7171486 0.6969203 0 -0.7171486 0.6969203 0 -0.7557268 0.6548869 0 -0.7557268 0.6548869 0 -0.7919226 0.6106216 0 -0.7919226 0.6106216 0 -0.825487 0.5644212 0 -0.825487 0.5644212 0 -0.856339 0.5164141 0 -0.856339 0.5164141 0 -0.884411 0.4667089 0 -0.909641 0.4153953 0 -0.884411 0.4667089 0 -0.909641 0.4153953 0 -0.93188 0.3627667 0 -0.93188 0.3627667 0 -0.951038 0.309074 0 -0.9671536 0.2541927 0 -0.951038 0.309074 0 -0.9800754 0.1986258 0 -0.9671536 0.2541927 0 -0.9800754 0.1986258 0 -0.9898255 0.1422869 0 -0.9898255 0.1422869 0 -0.9963319 0.08557218 0 -0.9963319 0.08557218 0 -0.9995924 0.02854888 0 -0.9995924 0.02854888 0 -0.9995924 -0.02854888 0 -0.9995924 -0.02854888 0 -0.9963319 -0.08557218 0 -0.9963319 -0.08557218 0 -0.98982 -0.1423243 0 -0.98982 -0.1423243 0 -0.9800828 -0.1985891 0 -0.9800828 -0.1985891 0 -0.9671442 -0.2542284 0 -0.9671442 -0.2542284 0 -0.9510604 -0.3090049 0 -0.9510604 -0.3090049 0 -0.9318541 -0.362833 0 -0.909641 -0.4153953 0 -0.9318541 -0.362833 0 -0.8844425 -0.4666491 0 -0.909641 -0.4153953 0 -0.8844425 -0.4666491 0 -0.856339 -0.5164141 0 -0.8254693 -0.5644472 0 -0.856339 -0.5164141 0 -0.8254693 -0.5644472 0 -0.7919041 -0.6106455 0 -0.7919041 -0.6106455 0 -0.7557268 -0.6548869 0 -0.7557268 -0.6548869 0 -0.7171677 -0.6969007 0 -0.6761722 -0.7367437 0 -0.7171677 -0.6969007 0 -0.6761722 -0.7367437 0 -0.6329821 -0.7741664 0 -0.6329821 -0.7741664 0 -0.5877722 -0.8090264 0 -0.5877722 -0.8090264 0 -0.5406708 -0.8412343 0 -0.5406708 -0.8412343 0 -0.4917592 -0.8707313 0 -0.4412038 -0.8974069 0 -0.4917592 -0.8707313 0 -0.4412038 -0.8974069 0 -0.3892477 -0.9211331 0 -0.3892477 -0.9211331 0 -0.3360922 -0.9418291 0 -0.3360922 -0.9418291 0 -0.2816807 -0.9595082 0 -0.2816807 -0.9595082 0 -0.2264899 -0.9740135 0 -0.2264899 -0.9740135 0 -0.1705293 -0.9853526 0 -0.1705293 -0.9853526 0 -0.114046 -0.9934754 0 -0.114046 -0.9934754 0 -0.05702153 -0.9983729 0 -0.05702153 -0.9983729 0 0 -1 0 0 -1 0 0.05702153 -0.9983729 0 0.05702153 -0.9983729 0 0.114046 -0.9934754 0 0.114046 -0.9934754 0 0.1705293 -0.9853526 0 0.1705293 -0.9853526 0 0.2264899 -0.9740135 0 0.2264899 -0.9740135 0 0.2816807 -0.9595082 0 0.2816807 -0.9595082 0 0.3360922 -0.9418291 0 0.3360922 -0.9418291 0 0.3892477 -0.9211331 0 0.3892477 -0.9211331 0 0.4412038 -0.8974069 0 0.4412038 -0.8974069 0 0.4917592 -0.8707313 0 0.4917592 -0.8707313 0 0.5406708 -0.8412343 0 0.5406708 -0.8412343 0 0.5877722 -0.8090264 0 0.5877722 -0.8090264 0 0.6329821 -0.7741664 0 0.6329821 -0.7741664 0 0.6761722 -0.7367437 0 0.6761722 -0.7367437 0 0.7171677 -0.6969007 0 0.7171677 -0.6969007 0 0.7557268 -0.6548869 0 0.7557268 -0.6548869 0 0.7919041 -0.6106455 0 0.7919041 -0.6106455 0 0.8254693 -0.5644472 0 0.8254693 -0.5644472 0 0.856339 -0.5164141 0 0.856339 -0.5164141 0 0.8844425 -0.4666491 0 0.8844425 -0.4666491 0 0.909641 -0.4153953 0 0.909641 -0.4153953 0 0.9318541 -0.362833 0 0.9318541 -0.362833 0 0.9510604 -0.3090049 0 0.9510604 -0.3090049 0 0.9671442 -0.2542284 0 0.9671442 -0.2542284 0 0.9800828 -0.1985891 0 0.9800828 -0.1985891 0 0.98982 -0.1423243 0 0.98982 -0.1423243 0 0.9963319 -0.08557218 0 0.9963319 -0.08557218 0 0.9995924 -0.02854888 0 0.9995924 -0.02854888 0 0.9995924 0.02854888 0 0.9995924 0.02854888 -0 0.9963319 0.08557218 0 0.9963319 0.08557218 -0 0.98982 0.1423243 0 0.98982 0.1423243 -0 0.9800828 0.1985891 -0 0.9800828 0.1985891 0 0.9671442 0.2542284 -0 0.9671442 0.2542284 -0 0.9510604 0.3090049 -0 0.9318541 0.362833 -0 0.9510604 0.3090049 0 0.909641 0.4153953 -0 0.9318541 0.362833 -0 0.909641 0.4153953 -0 0.8844425 0.4666491 -0 0.8844425 0.4666491 0 0.856339 0.5164141 -0 0.8254693 0.5644472 -0 0.856339 0.5164141 0 0.8254693 0.5644472 -0 0.7919041 0.6106455 -0 0.7557268 0.6548869 -0 0.7919041 0.6106455 0 0.7557268 0.6548869 -0 0.7171677 0.6969007 -0 0.7171677 0.6969007 0 0.6761722 0.7367437 0 0.6761722 0.7367437 -0 0.6329821 0.7741664 0 0.6329821 0.7741664 -0 0.5877722 0.8090264 0 0.5877722 0.8090264 -0 0.5406708 0.8412343 0 0.5406708 0.8412343 -0 0.4917592 0.8707313 0 0.4917592 0.8707313 -0 0.4412038 0.8974069 0 0.4412038 0.8974069 -0 0.3892477 0.9211331 -0 0.3892477 0.9211331 -0 0.3360922 0.9418291 0 0.3360922 0.9418291 -0 0.2816807 0.9595082 0 0.2816807 0.9595082 -0 0.2264899 0.9740135 0 0.2264899 0.9740135 -0 0.1705293 0.9853526 0 0.1705293 0.9853526 -0 0.114046 0.9934754 0 0.114046 0.9934754 -0 0.05702153 0.9983729 0 0.05702153 0.9983729 -0 0 1 0 0 1 -0 -0.05702153 0.9983729 0 -0.05702153 0.9983729 0 -0.114046 0.9934754 0 -0.114046 0.9934754 0 -0.1705293 0.9853526 0 -0.1705293 0.9853526 0 -0.2264899 0.9740135 0 -0.2264899 0.9740135 0 -0.2816807 0.9595082 0 -0.2816807 0.9595082 0 -0.3360922 0.9418291 0 -0.3360922 0.9418291 0 -0.3892477 0.9211331 0 -0.3892477 0.9211331 0 -0.4412038 0.8974069 0 -0.4412038 0.8974069 0 -0.4917592 0.8707313 0 -0.4917592 0.8707313 0 -0.5406708 0.8412343 0 -0.5406708 0.8412343 0 -0.5877722 0.8090264 0 -0.5877722 0.8090264 0 -0.6329821 0.7741664 0 -0.6329821 0.7741664 0 -0.6761722 0.7367437 0 -0.6761722 0.7367437 0 -0.7171677 0.6969007 0 -0.7171677 0.6969007 0 -0.7557268 0.6548869 0 -0.7557268 0.6548869 0 -0.7919041 0.6106455 0 -0.7919041 0.6106455 0 -0.8254693 0.5644472 0 -0.8254693 0.5644472 0 -0.856339 0.5164141 0 -0.856339 0.5164141 0 -0.8844425 0.4666491 0 -0.909641 0.4153953 0 -0.8844425 0.4666491 0 -0.909641 0.4153953 0 -0.9318541 0.362833 0 -0.9318541 0.362833 0 -0.9510604 0.3090049 0 -0.9671442 0.2542284 0 -0.9510604 0.3090049 0 -0.9800828 0.1985891 0 -0.9671442 0.2542284 0 -0.9800828 0.1985891 0 -0.98982 0.1423243 0 -0.98982 0.1423243 0 -0.9963319 0.08557218 0 -0.9963319 0.08557218 0 -0.9995924 0.02854888 0 -0.9995924 0.02854888 0 -0.9995924 -0.02854888 0 -0.9995924 -0.02854888 0 -0.9963319 -0.08557218 0 -0.9963319 -0.08557218 0 -0.98982 -0.1423243 0 -0.98982 -0.1423243 0 -0.9800828 -0.1985891 0 -0.9800828 -0.1985891 0 -0.9671442 -0.2542284 0 -0.9671442 -0.2542284 0 -0.9510604 -0.3090049 0 -0.9510604 -0.3090049 0 -0.9318541 -0.362833 0 -0.909641 -0.4153953 0 -0.9318541 -0.362833 0 -0.8844425 -0.4666491 0 -0.909641 -0.4153953 0 -0.8844425 -0.4666491 0 -0.856339 -0.5164141 0 -0.8254693 -0.5644472 0 -0.856339 -0.5164141 0 -0.8254693 -0.5644472 0 -0.7919041 -0.6106455 0 -0.7919041 -0.6106455 0 -0.7557268 -0.6548869 0 -0.7557268 -0.6548869 0 -0.7171677 -0.6969007 0 -0.6761722 -0.7367437 0 -0.7171677 -0.6969007 0 -0.6761722 -0.7367437 0 -0.6329821 -0.7741664 0 -0.6329821 -0.7741664 0 -0.5877722 -0.8090264 0 -0.5877722 -0.8090264 0 -0.5406708 -0.8412343 0 -0.5406708 -0.8412343 0 -0.4917592 -0.8707313 0 -0.4412038 -0.8974069 0 -0.4917592 -0.8707313 0 -0.4412038 -0.8974069 0 -0.3892477 -0.9211331 0 -0.3892477 -0.9211331 0 -0.3360922 -0.9418291 0 -0.3360922 -0.9418291 0 -0.2816807 -0.9595082 0 -0.2816807 -0.9595082 0 -0.2264899 -0.9740135 0 -0.2264899 -0.9740135 0 -0.1705293 -0.9853526 0 -0.1705293 -0.9853526 0 -0.114046 -0.9934754 0 -0.114046 -0.9934754 0 -0.05702153 -0.9983729 0 -0.05702153 -0.9983729 0 0 -1 0 0 -1 0 0.05702153 -0.9983729 0 0.05702153 -0.9983729 0 0.114046 -0.9934754 0 0.114046 -0.9934754 0 0.1705293 -0.9853526 0 0.1705293 -0.9853526 0 0.2264899 -0.9740135 0 0.2264899 -0.9740135 0 0.2816807 -0.9595082 0 0.2816807 -0.9595082 0 0.3360922 -0.9418291 0 0.3360922 -0.9418291 0 0.3892477 -0.9211331 0 0.3892477 -0.9211331 0 0.4412038 -0.8974069 0 0.4412038 -0.8974069 0 0.4917592 -0.8707313 0 0.4917592 -0.8707313 0 0.5406708 -0.8412343 0 0.5406708 -0.8412343 0 0.5877722 -0.8090264 0 0.5877722 -0.8090264 0 0.6329821 -0.7741664 0 0.6329821 -0.7741664 0 0.6761722 -0.7367437 0 0.6761722 -0.7367437 0 0.7171677 -0.6969007 0 0.7171677 -0.6969007 0 0.7557268 -0.6548869 0 0.7557268 -0.6548869 0 0.7919041 -0.6106455 0 0.7919041 -0.6106455 0 0.8254693 -0.5644472 0 0.8254693 -0.5644472 0 0.856339 -0.5164141 0 0.856339 -0.5164141 0 0.8844425 -0.4666491 0 0.8844425 -0.4666491 0 0.909641 -0.4153953 0 0.909641 -0.4153953 0 0.9318541 -0.362833 0 0.9318541 -0.362833 0 0.9510604 -0.3090049 0 0.9510604 -0.3090049 0 0.9671442 -0.2542284 0 0.9671442 -0.2542284 0 0.9800828 -0.1985891 0 0.9800828 -0.1985891 0 0.98982 -0.1423243 0 0.98982 -0.1423243 0 0.9963319 -0.08557218 0 0.9963319 -0.08557218 0 0.9995924 -0.02854888 0 0.9995924 -0.02854888 0 0.9995924 0.02854888 0 0.9995924 0.02854888 -0 0.9963319 0.08557218 0 0.9963319 0.08557218 -0 0.98982 0.1423243 0 0.98982 0.1423243 -0 0.9800828 0.1985891 -0 0.9800828 0.1985891 0 0.9671442 0.2542284 -0 0.9671442 0.2542284 -0 0.9510604 0.3090049 -0 0.9318541 0.362833 -0 0.9510604 0.3090049 0 0.909641 0.4153953 -0 0.9318541 0.362833 -0 0.909641 0.4153953 -0 0.8844425 0.4666491 -0 0.8844425 0.4666491 0 0.856339 0.5164141 -0 0.8254693 0.5644472 -0 0.856339 0.5164141 0 0.8254693 0.5644472 -0 0.7919041 0.6106455 -0 0.7557268 0.6548869 -0 0.7919041 0.6106455 0 0.7557268 0.6548869 -0 0.7171677 0.6969007 -0 0.7171677 0.6969007 0 0.6761722 0.7367437 0 0.6761722 0.7367437 -0 0.6329821 0.7741664 0 0.6329821 0.7741664 -0 0.5877722 0.8090264 0 0.5877722 0.8090264 -0 0.5406708 0.8412343 0 0.5406708 0.8412343 -0 0.4917592 0.8707313 0 0.4917592 0.8707313 -0 0.4412038 0.8974069 0 0.4412038 0.8974069 -0 0.3892477 0.9211331 -0 0.3892477 0.9211331 -0 0.3360922 0.9418291 0 0.3360922 0.9418291 -0 0.2816807 0.9595082 0 0.2816807 0.9595082 -0 0.2264899 0.9740135 0 0.2264899 0.9740135 -0 0.1705293 0.9853526 0 0.1705293 0.9853526 -0 0.114046 0.9934754 0 0.114046 0.9934754 -0 0.05702153 0.9983729 0 0.05702153 0.9983729 -0 0 1 0 0 1 -0 -0.05702153 0.9983729 0 -0.05702153 0.9983729 0 -0.114046 0.9934754 0 -0.114046 0.9934754 0 -0.1705293 0.9853526 0 -0.1705293 0.9853526 0 -0.2264899 0.9740135 0 -0.2264899 0.9740135 0 -0.2816807 0.9595082 0 -0.2816807 0.9595082 0 -0.3360922 0.9418291 0 -0.3360922 0.9418291 0 -0.3892477 0.9211331 0 -0.3892477 0.9211331 0 -0.4412038 0.8974069 0 -0.4412038 0.8974069 0 -0.4917592 0.8707313 0 -0.4917592 0.8707313 0 -0.5406708 0.8412343 0 -0.5406708 0.8412343 0 -0.5877722 0.8090264 0 -0.5877722 0.8090264 0 -0.6329821 0.7741664 0 -0.6329821 0.7741664 0 -0.6761722 0.7367437 0 -0.6761722 0.7367437 0 -0.7171677 0.6969007 0 -0.7171677 0.6969007 0 -0.7557268 0.6548869 0 -0.7557268 0.6548869 0 -0.7919041 0.6106455 0 -0.7919041 0.6106455 0 -0.8254693 0.5644472 0 -0.8254693 0.5644472 0 -0.856339 0.5164141 0 -0.856339 0.5164141 0 -0.8844425 0.4666491 0 -0.909641 0.4153953 0 -0.8844425 0.4666491 0 -0.909641 0.4153953 0 -0.9318541 0.362833 0 -0.9318541 0.362833 0 -0.9510604 0.3090049 0 -0.9671442 0.2542284 0 -0.9510604 0.3090049 0 -0.9800828 0.1985891 0 -0.9671442 0.2542284 0 -0.9800828 0.1985891 0 -0.98982 0.1423243 0 -0.98982 0.1423243 0 -0.9963319 0.08557218 0 -0.9963319 0.08557218 0 -0.9995924 0.02854888 0 -0.9995924 0.02854888 0 -0.9995924 -0.02854888 0 -0.9995924 -0.02854888 0 -0.9963319 -0.08557218 0 -0.9963319 -0.08557218 0 -0.9898255 -0.1422869 0 -0.9898255 -0.1422869 0 -0.9800754 -0.1986258 0 -0.9800754 -0.1986258 0 -0.9671536 -0.2541927 0 -0.9671536 -0.2541927 0 -0.951038 -0.309074 0 -0.951038 -0.309074 0 -0.93188 -0.3627667 0 -0.909641 -0.4153953 0 -0.93188 -0.3627667 0 -0.884411 -0.4667089 0 -0.909641 -0.4153953 0 -0.884411 -0.4667089 0 -0.856339 -0.5164141 0 -0.825487 -0.5644212 0 -0.856339 -0.5164141 0 -0.825487 -0.5644212 0 -0.7919226 -0.6106216 0 -0.7919226 -0.6106216 0 -0.7557268 -0.6548869 0 -0.7557268 -0.6548869 0 -0.7171486 -0.6969203 0 -0.6761531 -0.7367611 0 -0.7171486 -0.6969203 0 -0.6761531 -0.7367611 0 -0.6330008 -0.7741511 0 -0.6330008 -0.7741511 0 -0.5877904 -0.8090133 0 -0.5877904 -0.8090133 0 -0.5406534 -0.8412454 0 -0.5406534 -0.8412454 0 -0.4917428 -0.8707405 0 -0.4412189 -0.8973995 0 -0.4917428 -0.8707405 0 -0.4412189 -0.8973995 0 -0.3892341 -0.9211389 0 -0.3892341 -0.9211389 0 -0.3361043 -0.9418249 0 -0.3361043 -0.9418249 0 -0.281691 -0.9595052 0 -0.281691 -0.9595052 0 -0.2264815 -0.9740155 0 -0.2264815 -0.9740155 0 -0.1705357 -0.9853515 0 -0.1705357 -0.9853515 0 -0.1140417 -0.993476 0 -0.1140417 -0.993476 0 -0.05702153 -0.9983729 0 -0.05702153 -0.9983729 0 0 -1 0 0 -1 0 0.05702153 -0.9983729 0 0.05702153 -0.9983729 0 0.1140417 -0.993476 0 0.1140417 -0.993476 0 0.1705357 -0.9853515 0 0.1705357 -0.9853515 0 0.2264815 -0.9740155 0 0.2264815 -0.9740155 0 0.281691 -0.9595052 0 0.281691 -0.9595052 0 0.3361043 -0.9418249 0 0.3361043 -0.9418249 0 0.3892341 -0.9211389 0 0.3892341 -0.9211389 0 0.4412189 -0.8973995 0 0.4412189 -0.8973995 0 0.4917428 -0.8707405 0 0.4917428 -0.8707405 0 0.5406534 -0.8412454 0 0.5406534 -0.8412454 0 0.5877904 -0.8090133 0 0.5877904 -0.8090133 0 0.6330008 -0.7741511 0 0.6330008 -0.7741511 0 0.6761531 -0.7367611 0 0.6761531 -0.7367611 0 0.7171486 -0.6969203 0 0.7171486 -0.6969203 0 0.7557268 -0.6548869 0 0.7557268 -0.6548869 0 0.7919226 -0.6106216 0 0.7919226 -0.6106216 0 0.825487 -0.5644212 0 0.825487 -0.5644212 0 0.856339 -0.5164141 0 0.856339 -0.5164141 0 0.884411 -0.4667089 0 0.884411 -0.4667089 0 0.909641 -0.4153953 0 0.909641 -0.4153953 0 0.93188 -0.3627667 0 0.93188 -0.3627667 0 0.951038 -0.309074 0 0.951038 -0.309074 0 0.9671536 -0.2541927 0 0.9671536 -0.2541927 0 0.9800754 -0.1986258 0 0.9800754 -0.1986258 0 0.9898255 -0.1422869 0 0.9898255 -0.1422869 0 0.9963319 -0.08557218 0 0.9963319 -0.08557218 0 0.9995924 -0.02854888 0 0.9995924 -0.02854888 0 0.9995924 0.02854888 0 0.9995924 0.02854888 -0 0.9963319 0.08557218 0 0.9963319 0.08557218 -0 0.9898255 0.1422869 0 0.9898255 0.1422869 -0 0.9800754 0.1986258 -0 0.9800754 0.1986258 0 0.9671536 0.2541927 -0 0.9671536 0.2541927 -0 0.951038 0.309074 -0 0.93188 0.3627667 -0 0.951038 0.309074 0 0.909641 0.4153953 -0 0.93188 0.3627667 -0 0.909641 0.4153953 -0 0.884411 0.4667089 -0 0.884411 0.4667089 0 0.856339 0.5164141 -0 0.825487 0.5644212 -0 0.856339 0.5164141 0 0.825487 0.5644212 -0 0.7919226 0.6106216 -0 0.7557268 0.6548869 -0 0.7919226 0.6106216 0 0.7557268 0.6548869 -0 0.7171486 0.6969203 -0 0.7171486 0.6969203 0 0.6761531 0.7367611 0 0.6761531 0.7367611 -0 0.6330008 0.7741511 0 0.6330008 0.7741511 -0 0.5877904 0.8090133 0 0.5877904 0.8090133 -0 0.5406534 0.8412454 0 0.5406534 0.8412454 -0 0.4917428 0.8707405 0 0.4917428 0.8707405 -0 0.4412189 0.8973995 0 0.4412189 0.8973995 -0 0.3892341 0.9211389 -0 0.3892341 0.9211389 -0 0.3361043 0.9418249 0 0.3361043 0.9418249 -0 0.281691 0.9595052 0 0.281691 0.9595052 -0 0.2264815 0.9740155 0 0.2264815 0.9740155 -0 0.1705357 0.9853515 0 0.1705357 0.9853515 -0 0.1140417 0.993476 0 0.1140417 0.993476 -0 0.05702153 0.9983729 0 0.05702153 0.9983729 -0 0 1 0 0 1 -0 -0.05702153 0.9983729 0 -0.05702153 0.9983729 0 -0.1140417 0.993476 0 -0.1140417 0.993476 0 -0.1705357 0.9853515 0 -0.1705357 0.9853515 0 -0.2264815 0.9740155 0 -0.2264815 0.9740155 0 -0.281691 0.9595052 0 -0.281691 0.9595052 0 -0.3361043 0.9418249 0 -0.3361043 0.9418249 0 -0.3892341 0.9211389 0 -0.3892341 0.9211389 0 -0.4412189 0.8973995 0 -0.4412189 0.8973995 0 -0.4917428 0.8707405 0 -0.4917428 0.8707405 0 -0.5406534 0.8412454 0 -0.5406534 0.8412454 0 -0.5877904 0.8090133 0 -0.5877904 0.8090133 0 -0.6330008 0.7741511 0 -0.6330008 0.7741511 0 -0.6761531 0.7367611 0 -0.6761531 0.7367611 0 -0.7171486 0.6969203 0 -0.7171486 0.6969203 0 -0.7557268 0.6548869 0 -0.7557268 0.6548869 0 -0.7919226 0.6106216 0 -0.7919226 0.6106216 0 -0.825487 0.5644212 0 -0.825487 0.5644212 0 -0.856339 0.5164141 0 -0.856339 0.5164141 0 -0.884411 0.4667089 0 -0.909641 0.4153953 0 -0.884411 0.4667089 0 -0.909641 0.4153953 0 -0.93188 0.3627667 0 -0.93188 0.3627667 0 -0.951038 0.309074 0 -0.9671536 0.2541927 0 -0.951038 0.309074 0 -0.9800754 0.1986258 0 -0.9671536 0.2541927 0 -0.9800754 0.1986258 0 -0.9898255 0.1422869 0 -0.9898255 0.1422869 0 -0.9963319 0.08557218 0 -0.9963319 0.08557218 0 -0.9995924 0.02854888 0 -0.9995924 0.02854888 0 -0.9995924 -0.02854888 0 -0.9995924 -0.02854888 0 -0.9963319 -0.08557218 0 -0.9963319 -0.08557218 0 -0.9898255 -0.1422869 0 -0.9898255 -0.1422869 0 -0.9800754 -0.1986258 0 -0.9800754 -0.1986258 0 -0.9671536 -0.2541927 0 -0.9671536 -0.2541927 0 -0.951038 -0.309074 0 -0.951038 -0.309074 0 -0.93188 -0.3627667 0 -0.909641 -0.4153953 0 -0.93188 -0.3627667 0 -0.884411 -0.4667089 0 -0.909641 -0.4153953 0 -0.884411 -0.4667089 0 -0.856339 -0.5164141 0 -0.825487 -0.5644212 0 -0.856339 -0.5164141 0 -0.825487 -0.5644212 0 -0.7919226 -0.6106216 0 -0.7919226 -0.6106216 0 -0.7557268 -0.6548869 0 -0.7557268 -0.6548869 0 -0.7171486 -0.6969203 0 -0.6761531 -0.7367611 0 -0.7171486 -0.6969203 0 -0.6761531 -0.7367611 0 -0.6330008 -0.7741511 0 -0.6330008 -0.7741511 0 -0.5877904 -0.8090133 0 -0.5877904 -0.8090133 0 -0.5406534 -0.8412454 0 -0.5406534 -0.8412454 0 -0.4917428 -0.8707405 0 -0.4412189 -0.8973995 0 -0.4917428 -0.8707405 0 -0.4412189 -0.8973995 0 -0.3892341 -0.9211389 0 -0.3892341 -0.9211389 0 -0.3361043 -0.9418249 0 -0.3361043 -0.9418249 0 -0.281691 -0.9595052 0 -0.281691 -0.9595052 0 -0.2264815 -0.9740155 0 -0.2264815 -0.9740155 0 -0.1705357 -0.9853515 0 -0.1705357 -0.9853515 0 -0.1140417 -0.993476 0 -0.1140417 -0.993476 0 -0.05702153 -0.9983729 0 -0.05702153 -0.9983729 0 0 -1 0 0 -1 0 0.05702153 -0.9983729 0 0.05702153 -0.9983729 0 0.1140417 -0.993476 0 0.1140417 -0.993476 0 0.1705357 -0.9853515 0 0.1705357 -0.9853515 0 0.2264815 -0.9740155 0 0.2264815 -0.9740155 0 0.281691 -0.9595052 0 0.281691 -0.9595052 0 0.3361043 -0.9418249 0 0.3361043 -0.9418249 0 0.3892341 -0.9211389 0 0.3892341 -0.9211389 0 0.4412189 -0.8973995 0 0.4412189 -0.8973995 0 0.4917428 -0.8707405 0 0.4917428 -0.8707405 0 0.5406534 -0.8412454 0 0.5406534 -0.8412454 0 0.5877904 -0.8090133 0 0.5877904 -0.8090133 0 0.6330008 -0.7741511 0 0.6330008 -0.7741511 0 0.6761531 -0.7367611 0 0.6761531 -0.7367611 0 0.7171486 -0.6969203 0 0.7171486 -0.6969203 0 0.7557268 -0.6548869 0 0.7557268 -0.6548869 0 0.7919226 -0.6106216 0 0.7919226 -0.6106216 0 0.825487 -0.5644212 0 0.825487 -0.5644212 0 0.856339 -0.5164141 0 0.856339 -0.5164141 0 0.884411 -0.4667089 0 0.884411 -0.4667089 0 0.909641 -0.4153953 0 0.909641 -0.4153953 0 0.93188 -0.3627667 0 0.93188 -0.3627667 0 0.951038 -0.309074 0 0.951038 -0.309074 0 0.9671536 -0.2541927 0 0.9671536 -0.2541927 0 0.9800754 -0.1986258 0 0.9800754 -0.1986258 0 0.9898255 -0.1422869 0 0.9898255 -0.1422869 0 0.9963319 -0.08557218 0 0.9963319 -0.08557218 0 0.9995924 -0.02854888 0 0.9995924 -0.02854888 0 0.9995924 0.02854888 0 0.9995924 0.02854888 -0 0.9963319 0.08557218 0 0.9963319 0.08557218 -0 0.9898255 0.1422869 0 0.9898255 0.1422869 -0 0.9800754 0.1986258 -0 0.9800754 0.1986258 0 0.9671536 0.2541927 -0 0.9671536 0.2541927 -0 0.951038 0.309074 -0 0.93188 0.3627667 -0 0.951038 0.309074 0 0.909641 0.4153953 -0 0.93188 0.3627667 -0 0.909641 0.4153953 -0 0.884411 0.4667089 -0 0.884411 0.4667089 0 0.856339 0.5164141 -0 0.825487 0.5644212 -0 0.856339 0.5164141 0 0.825487 0.5644212 -0 0.7919226 0.6106216 -0 0.7557268 0.6548869 -0 0.7919226 0.6106216 0 0.7557268 0.6548869 -0 0.7171486 0.6969203 -0 0.7171486 0.6969203 0 0.6761531 0.7367611 0 0.6761531 0.7367611 -0 0.6330008 0.7741511 0 0.6330008 0.7741511 -0 0.5877904 0.8090133 0 0.5877904 0.8090133 -0 0.5406534 0.8412454 0 0.5406534 0.8412454 -0 0.4917428 0.8707405 0 0.4917428 0.8707405 -0 0.4412189 0.8973995 0 0.4412189 0.8973995 -0 0.3892341 0.9211389 -0 0.3892341 0.9211389 -0 0.3361043 0.9418249 0 0.3361043 0.9418249 -0 0.281691 0.9595052 0 0.281691 0.9595052 -0 0.2264815 0.9740155 0 0.2264815 0.9740155 -0 0.1705357 0.9853515 0 0.1705357 0.9853515 -0 0.1140417 0.993476 0 0.1140417 0.993476 -0 0.05702153 0.9983729 0 0.05702153 0.9983729 -0 0 1 0 0 1 -0 -0.05702153 0.9983729 0 -0.05702153 0.9983729 0 -0.1140417 0.993476 0 -0.1140417 0.993476 0 -0.1705357 0.9853515 0 -0.1705357 0.9853515 0 -0.2264815 0.9740155 0 -0.2264815 0.9740155 0 -0.281691 0.9595052 0 -0.281691 0.9595052 0 -0.3361043 0.9418249 0 -0.3361043 0.9418249 0 -0.3892341 0.9211389 0 -0.3892341 0.9211389 0 -0.4412189 0.8973995 0 -0.4412189 0.8973995 0 -0.4917428 0.8707405 0 -0.4917428 0.8707405 0 -0.5406534 0.8412454 0 -0.5406534 0.8412454 0 -0.5877904 0.8090133 0 -0.5877904 0.8090133 0 -0.6330008 0.7741511 0 -0.6330008 0.7741511 0 -0.6761531 0.7367611 0 -0.6761531 0.7367611 0 -0.7171486 0.6969203 0 -0.7171486 0.6969203 0 -0.7557268 0.6548869 0 -0.7557268 0.6548869 0 -0.7919226 0.6106216 0 -0.7919226 0.6106216 0 -0.825487 0.5644212 0 -0.825487 0.5644212 0 -0.856339 0.5164141 0 -0.856339 0.5164141 0 -0.884411 0.4667089 0 -0.909641 0.4153953 0 -0.884411 0.4667089 0 -0.909641 0.4153953 0 -0.93188 0.3627667 0 -0.93188 0.3627667 0 -0.951038 0.309074 0 -0.9671536 0.2541927 0 -0.951038 0.309074 0 -0.9800754 0.1986258 0 -0.9671536 0.2541927 0 -0.9800754 0.1986258 0 -0.9898255 0.1422869 0 -0.9898255 0.1422869 0 -0.9963319 0.08557218 0 -0.9963319 0.08557218 0 -0.9995924 0.02854888 0 -0.9995924 0.02854888 0 -0.9995924 -0.02854888 0 -0.9995924 -0.02854888 0 -0.9963319 -0.08557218 0 -0.9963319 -0.08557218 0 -0.9898255 -0.1422869 0 -0.9898255 -0.1422869 0 -0.9800754 -0.1986258 0 -0.9800754 -0.1986258 0 -0.9671536 -0.2541927 0 -0.9671536 -0.2541927 0 -0.951038 -0.309074 0 -0.951038 -0.309074 0 -0.93188 -0.3627667 0 -0.909641 -0.4153953 0 -0.93188 -0.3627667 0 -0.884411 -0.4667089 0 -0.909641 -0.4153953 0 -0.884411 -0.4667089 0 -0.856339 -0.5164141 0 -0.825487 -0.5644212 0 -0.856339 -0.5164141 0 -0.825487 -0.5644212 0 -0.7919226 -0.6106216 0 -0.7919226 -0.6106216 0 -0.7557268 -0.6548869 0 -0.7557268 -0.6548869 0 -0.7171486 -0.6969203 0 -0.6761531 -0.7367611 0 -0.7171486 -0.6969203 0 -0.6761531 -0.7367611 0 -0.6330008 -0.7741511 0 -0.6330008 -0.7741511 0 -0.5877904 -0.8090133 0 -0.5877904 -0.8090133 0 -0.5406534 -0.8412454 0 -0.5406534 -0.8412454 0 -0.4917428 -0.8707405 0 -0.4412189 -0.8973995 0 -0.4917428 -0.8707405 0 -0.4412189 -0.8973995 0 -0.3892341 -0.9211389 0 -0.3892341 -0.9211389 0 -0.3361043 -0.9418249 0 -0.3361043 -0.9418249 0 -0.281691 -0.9595052 0 -0.281691 -0.9595052 0 -0.2264815 -0.9740155 0 -0.2264815 -0.9740155 0 -0.1705357 -0.9853515 0 -0.1705357 -0.9853515 0 -0.1140417 -0.993476 0 -0.1140417 -0.993476 0 -0.05702153 -0.9983729 0 -0.05702153 -0.9983729 0 0 -1 0 0 -1 0 0.05702153 -0.9983729 0 0.05702153 -0.9983729 0 0.1140417 -0.993476 0 0.1140417 -0.993476 0 0.1705357 -0.9853515 0 0.1705357 -0.9853515 0 0.2264815 -0.9740155 0 0.2264815 -0.9740155 0 0.281691 -0.9595052 0 0.281691 -0.9595052 0 0.3361043 -0.9418249 0 0.3361043 -0.9418249 0 0.3892341 -0.9211389 0 0.3892341 -0.9211389 0 0.4412189 -0.8973995 0 0.4412189 -0.8973995 0 0.4917428 -0.8707405 0 0.4917428 -0.8707405 0 0.5406534 -0.8412454 0 0.5406534 -0.8412454 0 0.5877904 -0.8090133 0 0.5877904 -0.8090133 0 0.6330008 -0.7741511 0 0.6330008 -0.7741511 0 0.6761531 -0.7367611 0 0.6761531 -0.7367611 0 0.7171486 -0.6969203 0 0.7171486 -0.6969203 0 0.7557268 -0.6548869 0 0.7557268 -0.6548869 0 0.7919226 -0.6106216 0 0.7919226 -0.6106216 0 0.825487 -0.5644212 0 0.825487 -0.5644212 0 0.856339 -0.5164141 0 0.856339 -0.5164141 0 0.884411 -0.4667089 0 0.884411 -0.4667089 0 0.909641 -0.4153953 0 0.909641 -0.4153953 0 0.93188 -0.3627667 0 0.93188 -0.3627667 0 0.951038 -0.309074 0 0.951038 -0.309074 0 0.9671536 -0.2541927 0 0.9671536 -0.2541927 0 0.9800754 -0.1986258 0 0.9800754 -0.1986258 0 0.9898255 -0.1422869 0 0.9898255 -0.1422869 0 0.9963319 -0.08557218 0 0.9963319 -0.08557218 0 0.9995924 -0.02854888 0 0.9995924 -0.02854888 0 0.9995924 0.02854888 0 0.9995924 0.02854888 -0 0.9963319 0.08557218 0 0.9963319 0.08557218 -0 0.9898255 0.1422869 0 0.9898255 0.1422869 -0 0.9800754 0.1986258 -0 0.9800754 0.1986258 0 0.9671536 0.2541927 -0 0.9671536 0.2541927 -0 0.951038 0.309074 -0 0.93188 0.3627667 -0 0.951038 0.309074 0 0.909641 0.4153953 -0 0.93188 0.3627667 -0 0.909641 0.4153953 -0 0.884411 0.4667089 -0 0.884411 0.4667089 0 0.856339 0.5164141 -0 0.825487 0.5644212 -0 0.856339 0.5164141 0 0.825487 0.5644212 -0 0.7919226 0.6106216 -0 0.7557268 0.6548869 -0 0.7919226 0.6106216 0 0.7557268 0.6548869 -0 0.7171486 0.6969203 -0 0.7171486 0.6969203 0 0.6761531 0.7367611 0 0.6761531 0.7367611 -0 0.6330008 0.7741511 0 0.6330008 0.7741511 -0 0.5877904 0.8090133 0 0.5877904 0.8090133 -0 0.5406534 0.8412454 0 0.5406534 0.8412454 -0 0.4917428 0.8707405 0 0.4917428 0.8707405 -0 0.4412189 0.8973995 0 0.4412189 0.8973995 -0 0.3892341 0.9211389 -0 0.3892341 0.9211389 -0 0.3361043 0.9418249 0 0.3361043 0.9418249 -0 0.281691 0.9595052 0 0.281691 0.9595052 -0 0.2264815 0.9740155 0 0.2264815 0.9740155 -0 0.1705357 0.9853515 0 0.1705357 0.9853515 -0 0.1140417 0.993476 0 0.1140417 0.993476 -0 0.05702153 0.9983729 0 0.05702153 0.9983729 -0 0 1 0 0 1 -0 -0.05702153 0.9983729 0 -0.05702153 0.9983729 0 -0.1140417 0.993476 0 -0.1140417 0.993476 0 -0.1705357 0.9853515 0 -0.1705357 0.9853515 0 -0.2264815 0.9740155 0 -0.2264815 0.9740155 0 -0.281691 0.9595052 0 -0.281691 0.9595052 0 -0.3361043 0.9418249 0 -0.3361043 0.9418249 0 -0.3892341 0.9211389 0 -0.3892341 0.9211389 0 -0.4412189 0.8973995 0 -0.4412189 0.8973995 0 -0.4917428 0.8707405 0 -0.4917428 0.8707405 0 -0.5406534 0.8412454 0 -0.5406534 0.8412454 0 -0.5877904 0.8090133 0 -0.5877904 0.8090133 0 -0.6330008 0.7741511 0 -0.6330008 0.7741511 0 -0.6761531 0.7367611 0 -0.6761531 0.7367611 0 -0.7171486 0.6969203 0 -0.7171486 0.6969203 0 -0.7557268 0.6548869 0 -0.7557268 0.6548869 0 -0.7919226 0.6106216 0 -0.7919226 0.6106216 0 -0.825487 0.5644212 0 -0.825487 0.5644212 0 -0.856339 0.5164141 0 -0.856339 0.5164141 0 -0.884411 0.4667089 0 -0.909641 0.4153953 0 -0.884411 0.4667089 0 -0.909641 0.4153953 0 -0.93188 0.3627667 0 -0.93188 0.3627667 0 -0.951038 0.309074 0 -0.9671536 0.2541927 0 -0.951038 0.309074 0 -0.9800754 0.1986258 0 -0.9671536 0.2541927 0 -0.9800754 0.1986258 0 -0.9898255 0.1422869 0 -0.9898255 0.1422869 0 -0.9963319 0.08557218 0 -0.9963319 0.08557218 0 -0.9995924 0.02854888 0 -0.9995924 0.02854888 0 -0.9995924 -0.02854888 0 -0.9995924 -0.02854888 0 -0.9963319 -0.08557218 0 -0.9963319 -0.08557218 0 -0.9898255 -0.1422869 0 -0.9898255 -0.1422869 0 -0.9800754 -0.1986258 0 -0.9800754 -0.1986258 0 -0.9671536 -0.2541927 0 -0.9671536 -0.2541927 0 -0.951038 -0.309074 0 -0.951038 -0.309074 0 -0.93188 -0.3627667 0 -0.909641 -0.4153953 0 -0.93188 -0.3627667 0 -0.884411 -0.4667089 0 -0.909641 -0.4153953 0 -0.884411 -0.4667089 0 -0.856339 -0.5164141 0 -0.825487 -0.5644212 0 -0.856339 -0.5164141 0 -0.825487 -0.5644212 0 -0.7919226 -0.6106216 0 -0.7919226 -0.6106216 0 -0.7557268 -0.6548869 0 -0.7557268 -0.6548869 0 -0.7171486 -0.6969203 0 -0.6761531 -0.7367611 0 -0.7171486 -0.6969203 0 -0.6761531 -0.7367611 0 -0.6330008 -0.7741511 0 -0.6330008 -0.7741511 0 -0.5877904 -0.8090133 0 -0.5877904 -0.8090133 0 -0.5406534 -0.8412454 0 -0.5406534 -0.8412454 0 -0.4917428 -0.8707405 0 -0.4412189 -0.8973995 0 -0.4917428 -0.8707405 0 -0.4412189 -0.8973995 0 -0.3892341 -0.9211389 0 -0.3892341 -0.9211389 0 -0.3361043 -0.9418249 0 -0.3361043 -0.9418249 0 -0.281691 -0.9595052 0 -0.281691 -0.9595052 0 -0.2264815 -0.9740155 0 -0.2264815 -0.9740155 0 -0.1705357 -0.9853515 0 -0.1705357 -0.9853515 0 -0.1140417 -0.993476 0 -0.1140417 -0.993476 0 -0.05702153 -0.9983729 0 -0.05702153 -0.9983729 0 0 -1 0 0 -1 0 0.05702153 -0.9983729 0 0.05702153 -0.9983729 0 0.1140417 -0.993476 0 0.1140417 -0.993476 0 0.1705357 -0.9853515 0 0.1705357 -0.9853515 0 0.2264815 -0.9740155 0 0.2264815 -0.9740155 0 0.281691 -0.9595052 0 0.281691 -0.9595052 0 0.3361043 -0.9418249 0 0.3361043 -0.9418249 0 0.3892341 -0.9211389 0 0.3892341 -0.9211389 0 0.4412189 -0.8973995 0 0.4412189 -0.8973995 0 0.4917428 -0.8707405 0 0.4917428 -0.8707405 0 0.5406534 -0.8412454 0 0.5406534 -0.8412454 0 0.5877904 -0.8090133 0 0.5877904 -0.8090133 0 0.6330008 -0.7741511 0 0.6330008 -0.7741511 0 0.6761531 -0.7367611 0 0.6761531 -0.7367611 0 0.7171486 -0.6969203 0 0.7171486 -0.6969203 0 0.7557268 -0.6548869 0 0.7557268 -0.6548869 0 0.7919226 -0.6106216 0 0.7919226 -0.6106216 0 0.825487 -0.5644212 0 0.825487 -0.5644212 0 0.856339 -0.5164141 0 0.856339 -0.5164141 0 0.884411 -0.4667089 0 0.884411 -0.4667089 0 0.909641 -0.4153953 0 0.909641 -0.4153953 0 0.93188 -0.3627667 0 0.93188 -0.3627667 0 0.951038 -0.309074 0 0.951038 -0.309074 0 0.9671536 -0.2541927 0 0.9671536 -0.2541927 0 0.9800754 -0.1986258 0 0.9800754 -0.1986258 0 0.9898255 -0.1422869 0 0.9898255 -0.1422869 0 0.9963319 -0.08557218 0 0.9963319 -0.08557218 0 0.9995924 -0.02854888 0 0.9995924 -0.02854888 0 0.9995924 0.02854888 0 0.9995924 0.02854888 -0 0.9963319 0.08557218 0 0.9963319 0.08557218 -0 0.9898255 0.1422869 0 0.9898255 0.1422869 -0 0.9800754 0.1986258 -0 0.9800754 0.1986258 0 0.9671536 0.2541927 -0 0.9671536 0.2541927 -0 0.951038 0.309074 -0 0.93188 0.3627667 -0 0.951038 0.309074 0 0.909641 0.4153953 -0 0.93188 0.3627667 -0 0.909641 0.4153953 -0 0.884411 0.4667089 -0 0.884411 0.4667089 0 0.856339 0.5164141 -0 0.825487 0.5644212 -0 0.856339 0.5164141 0 0.825487 0.5644212 -0 0.7919226 0.6106216 -0 0.7557268 0.6548869 -0 0.7919226 0.6106216 0 0.7557268 0.6548869 -0 0.7171486 0.6969203 -0 0.7171486 0.6969203 0 0.6761531 0.7367611 0 0.6761531 0.7367611 -0 0.6330008 0.7741511 0 0.6330008 0.7741511 -0 0.5877904 0.8090133 0 0.5877904 0.8090133 -0 0.5406534 0.8412454 0 0.5406534 0.8412454 -0 0.4917428 0.8707405 0 0.4917428 0.8707405 -0 0.4412189 0.8973995 0 0.4412189 0.8973995 -0 0.3892341 0.9211389 -0 0.3892341 0.9211389 -0 0.3361043 0.9418249 0 0.3361043 0.9418249 -0 0.281691 0.9595052 0 0.281691 0.9595052 -0 0.2264815 0.9740155 0 0.2264815 0.9740155 -0 0.1705357 0.9853515 0 0.1705357 0.9853515 -0 0.1140417 0.993476 0 0.1140417 0.993476 -0 0.05702153 0.9983729 0 0.05702153 0.9983729 -0 0 1 0 0 1 -0 -0.05702153 0.9983729 0 -0.05702153 0.9983729 0 -0.1140417 0.993476 0 -0.1140417 0.993476 0 -0.1705357 0.9853515 0 -0.1705357 0.9853515 0 -0.2264815 0.9740155 0 -0.2264815 0.9740155 0 -0.281691 0.9595052 0 -0.281691 0.9595052 0 -0.3361043 0.9418249 0 -0.3361043 0.9418249 0 -0.3892341 0.9211389 0 -0.3892341 0.9211389 0 -0.4412189 0.8973995 0 -0.4412189 0.8973995 0 -0.4917428 0.8707405 0 -0.4917428 0.8707405 0 -0.5406534 0.8412454 0 -0.5406534 0.8412454 0 -0.5877904 0.8090133 0 -0.5877904 0.8090133 0 -0.6330008 0.7741511 0 -0.6330008 0.7741511 0 -0.6761531 0.7367611 0 -0.6761531 0.7367611 0 -0.7171486 0.6969203 0 -0.7171486 0.6969203 0 -0.7557268 0.6548869 0 -0.7557268 0.6548869 0 -0.7919226 0.6106216 0 -0.7919226 0.6106216 0 -0.825487 0.5644212 0 -0.825487 0.5644212 0 -0.856339 0.5164141 0 -0.856339 0.5164141 0 -0.884411 0.4667089 0 -0.909641 0.4153953 0 -0.884411 0.4667089 0 -0.909641 0.4153953 0 -0.93188 0.3627667 0 -0.93188 0.3627667 0 -0.951038 0.309074 0 -0.9671536 0.2541927 0 -0.951038 0.309074 0 -0.9800754 0.1986258 0 -0.9671536 0.2541927 0 -0.9800754 0.1986258 0 -0.9898255 0.1422869 0 -0.9898255 0.1422869 0 -0.9963319 0.08557218 0 -0.9963319 0.08557218 0 -0.9995924 0.02854888 0 -0.9995924 0.02854888 0 -0.9995924 -0.02854888 0 -0.9995924 -0.02854888 0 -0.9963255 -0.08564796 0 -0.9963255 -0.08564796 0 -0.9898247 -0.1422923 0 -0.9898247 -0.1422923 0 -0.9800768 -0.1986183 0 -0.9800768 -0.1986183 0 -0.9671512 -0.2542021 0 -0.9671512 -0.2542021 0 -0.9510623 -0.3089993 0 -0.9510623 -0.3089993 0 -0.931885 -0.3627538 0 -0.9096311 -0.415417 0 -0.931885 -0.3627538 0 -0.8844152 -0.466701 0 -0.9096311 -0.415417 0 -0.8844152 -0.466701 0 -0.8563778 -0.5163497 0 -0.8254809 -0.5644301 0 -0.8563778 -0.5163497 0 -0.8254809 -0.5644301 0 -0.7918856 -0.6106694 0 -0.7918856 -0.6106694 0 -0.7557054 -0.6549116 0 -0.7557054 -0.6549116 0 -0.71713 -0.6969394 0 -0.6762292 -0.7366913 0 -0.71713 -0.6969394 0 -0.6762292 -0.7366913 0 -0.6329862 -0.774163 0 -0.6329862 -0.774163 0 -0.5878028 -0.8090042 0 -0.5878028 -0.8090042 0 -0.5406612 -0.8412405 0 -0.5406612 -0.8412405 0 -0.4916957 -0.8707671 0 -0.4412189 -0.8973995 0 -0.4916957 -0.8707671 0 -0.4412189 -0.8973995 0 -0.3892938 -0.9211137 0 -0.3892938 -0.9211137 0 -0.3360535 -0.9418429 0 -0.3360535 -0.9418429 0 -0.2817231 -0.9594958 0 -0.2817231 -0.9594958 0 -0.2264996 -0.9740112 0 -0.2264996 -0.9740112 0 -0.1705172 -0.9853547 0 -0.1705172 -0.9853547 0 -0.1139766 -0.9934834 0 -0.1139766 -0.9934834 0 -0.05710197 -0.9983684 0 -0.05710197 -0.9983684 0 0 -1 0 0 -1 0 0.05710197 -0.9983684 0 0.05710197 -0.9983684 0 0.1139766 -0.9934834 0 0.1139766 -0.9934834 0 0.1705172 -0.9853547 0 0.1705172 -0.9853547 0 0.2264996 -0.9740112 0 0.2264996 -0.9740112 0 0.2817231 -0.9594958 0 0.2817231 -0.9594958 0 0.3360535 -0.9418429 0 0.3360535 -0.9418429 0 0.3892938 -0.9211137 0 0.3892938 -0.9211137 0 0.4412189 -0.8973995 0 0.4412189 -0.8973995 0 0.4916957 -0.8707671 0 0.4916957 -0.8707671 0 0.5406612 -0.8412405 0 0.5406612 -0.8412405 0 0.5878028 -0.8090042 0 0.5878028 -0.8090042 0 0.6329862 -0.774163 0 0.6329862 -0.774163 0 0.6762292 -0.7366913 0 0.6762292 -0.7366913 0 0.71713 -0.6969394 0 0.71713 -0.6969394 0 0.7557054 -0.6549116 0 0.7557054 -0.6549116 0 0.7918856 -0.6106694 0 0.7918856 -0.6106694 0 0.8254809 -0.5644301 0 0.8254809 -0.5644301 0 0.8563778 -0.5163497 0 0.8563778 -0.5163497 0 0.8844152 -0.466701 0 0.8844152 -0.466701 0 0.9096311 -0.415417 0 0.9096311 -0.415417 0 0.931885 -0.3627538 0 0.931885 -0.3627538 0 0.9510623 -0.3089993 0 0.9510623 -0.3089993 0 0.9671512 -0.2542021 0 0.9671512 -0.2542021 0 0.9800768 -0.1986183 0 0.9800768 -0.1986183 0 0.9898247 -0.1422923 0 0.9898247 -0.1422923 0 0.9963255 -0.08564796 0 0.9963255 -0.08564796 0 0.9995924 -0.02854888 0 0.9995924 -0.02854888 0 0.9995924 0.02854888 0 0.9995924 0.02854888 -0 0.9963255 0.08564796 0 0.9963255 0.08564796 -0 0.9898247 0.1422923 0 0.9898247 0.1422923 -0 0.9800768 0.1986183 -0 0.9800768 0.1986183 0 0.9671512 0.2542021 -0 0.9671512 0.2542021 -0 0.9510604 0.3090049 -0 0.931885 0.3627538 -0 0.9510604 0.3090049 0 0.9096344 0.4154097 -0 0.931885 0.3627538 -0 0.9096344 0.4154097 -0 0.884411 0.4667089 -0 0.884411 0.4667089 0 0.8563829 0.5163412 -0 0.825487 0.5644212 -0 0.8563829 0.5163412 0 0.825487 0.5644212 -0 0.7918856 0.6106694 -0 0.7557054 0.6549116 -0 0.7918856 0.6106694 0 0.7557054 0.6549116 -0 0.71713 0.6969394 -0 0.71713 0.6969394 0 0.6762292 0.7366913 0 0.6762292 0.7366913 -0 0.6329862 0.774163 0 0.6329862 0.774163 -0 0.5877904 0.8090133 0 0.5877904 0.8090133 -0 0.5406612 0.8412405 0 0.5406612 0.8412405 -0 0.4916812 0.8707753 0 0.4916812 0.8707753 -0 0.4412189 0.8973995 0 0.4412189 0.8973995 -0 0.3892938 0.9211137 -0 0.3892938 0.9211137 -0 0.3360704 0.9418369 0 0.3360704 0.9418369 -0 0.2817406 0.9594905 0 0.2817406 0.9594905 -0 0.2264815 0.9740155 0 0.2264815 0.9740155 -0 0.1705357 0.9853515 0 0.1705357 0.9853515 -0 0.1139577 0.9934856 0 0.1139577 0.9934856 -0 0.05710197 0.9983684 0 0.05710197 0.9983684 -0 0 1 0 0 1 -0 -0.05710197 0.9983684 0 -0.05710197 0.9983684 0 -0.1139577 0.9934856 0 -0.1139577 0.9934856 0 -0.1705357 0.9853515 0 -0.1705357 0.9853515 0 -0.2264815 0.9740155 0 -0.2264815 0.9740155 0 -0.2817406 0.9594905 0 -0.2817406 0.9594905 0 -0.3360704 0.9418369 0 -0.3360704 0.9418369 0 -0.3892938 0.9211137 0 -0.3892938 0.9211137 0 -0.4412189 0.8973995 0 -0.4412189 0.8973995 0 -0.4916812 0.8707753 0 -0.4916812 0.8707753 0 -0.5406612 0.8412405 0 -0.5406612 0.8412405 0 -0.5877904 0.8090133 0 -0.5877904 0.8090133 0 -0.6329862 0.774163 0 -0.6329862 0.774163 0 -0.6762292 0.7366913 0 -0.6762292 0.7366913 0 -0.71713 0.6969394 0 -0.71713 0.6969394 0 -0.7557054 0.6549116 0 -0.7557054 0.6549116 0 -0.7918856 0.6106694 0 -0.7918856 0.6106694 0 -0.825487 0.5644212 0 -0.825487 0.5644212 0 -0.8563829 0.5163412 0 -0.8563829 0.5163412 0 -0.884411 0.4667089 0 -0.9096344 0.4154097 0 -0.884411 0.4667089 0 -0.9096344 0.4154097 0 -0.931885 0.3627538 0 -0.931885 0.3627538 0 -0.9510604 0.3090049 0 -0.9671512 0.2542021 0 -0.9510604 0.3090049 0 -0.9800768 0.1986183 0 -0.9671512 0.2542021 0 -0.9800768 0.1986183 0 -0.9898247 0.1422923 0 -0.9898247 0.1422923 0 -0.9963255 0.08564796 0 -0.9963255 0.08564796 0 -0.9995924 0.02854888 0 -0.9995924 0.02854888 0 -0.9995924 -0.02854888 0 -0.9995924 -0.02854888 0 -0.9963255 -0.08564796 0 -0.9963255 -0.08564796 0 -0.9898247 -0.1422923 0 -0.9898247 -0.1422923 0 -0.9800768 -0.1986183 0 -0.9800768 -0.1986183 0 -0.9671512 -0.2542021 0 -0.9671512 -0.2542021 0 -0.9510623 -0.3089993 0 -0.9510623 -0.3089993 0 -0.931885 -0.3627538 0 -0.9096311 -0.415417 0 -0.931885 -0.3627538 0 -0.8844152 -0.466701 0 -0.9096311 -0.415417 0 -0.8844152 -0.466701 0 -0.8563778 -0.5163497 0 -0.8254809 -0.5644301 0 -0.8563778 -0.5163497 0 -0.8254809 -0.5644301 0 -0.7918856 -0.6106694 0 -0.7918856 -0.6106694 0 -0.7557054 -0.6549116 0 -0.7557054 -0.6549116 0 -0.71713 -0.6969394 0 -0.6762292 -0.7366913 0 -0.71713 -0.6969394 0 -0.6762292 -0.7366913 0 -0.6329862 -0.774163 0 -0.6329862 -0.774163 0 -0.5878028 -0.8090042 0 -0.5878028 -0.8090042 0 -0.5406612 -0.8412405 0 -0.5406612 -0.8412405 0 -0.4916957 -0.8707671 0 -0.4412189 -0.8973995 0 -0.4916957 -0.8707671 0 -0.4412189 -0.8973995 0 -0.3892938 -0.9211137 0 -0.3892938 -0.9211137 0 -0.3360535 -0.9418429 0 -0.3360535 -0.9418429 0 -0.2817231 -0.9594958 0 -0.2817231 -0.9594958 0 -0.2264996 -0.9740112 0 -0.2264996 -0.9740112 0 -0.1705172 -0.9853547 0 -0.1705172 -0.9853547 0 -0.1139766 -0.9934834 0 -0.1139766 -0.9934834 0 -0.05710197 -0.9983684 0 -0.05710197 -0.9983684 0 0 -1 0 0 -1 0 0.05710197 -0.9983684 0 0.05710197 -0.9983684 0 0.1139766 -0.9934834 0 0.1139766 -0.9934834 0 0.1705172 -0.9853547 0 0.1705172 -0.9853547 0 0.2264996 -0.9740112 0 0.2264996 -0.9740112 0 0.2817231 -0.9594958 0 0.2817231 -0.9594958 0 0.3360535 -0.9418429 0 0.3360535 -0.9418429 0 0.3892938 -0.9211137 0 0.3892938 -0.9211137 0 0.4412189 -0.8973995 0 0.4412189 -0.8973995 0 0.4916957 -0.8707671 0 0.4916957 -0.8707671 0 0.5406612 -0.8412405 0 0.5406612 -0.8412405 0 0.5878028 -0.8090042 0 0.5878028 -0.8090042 0 0.6330237 -0.7741324 0 0.6330237 -0.7741324 0 0.6761531 -0.7367611 0 0.6761531 -0.7367611 0 0.71713 -0.6969394 0 0.71713 -0.6969394 0 0.7557433 -0.6548681 0 0.7557433 -0.6548681 0 0.7919226 -0.6106216 0 0.7919226 -0.6106216 0 0.8254809 -0.5644301 0 0.8254809 -0.5644301 0 0.856344 -0.5164056 0 0.856344 -0.5164056 0 0.8844152 -0.466701 0 0.8844152 -0.466701 0 0.9096311 -0.415417 0 0.9096311 -0.415417 0 0.931885 -0.3627538 0 0.931885 -0.3627538 0 0.9510398 -0.3090684 0 0.9510398 -0.3090684 0 0.9671512 -0.2542021 0 0.9671512 -0.2542021 0 0.9800768 -0.1986183 0 0.9800768 -0.1986183 0 0.9898247 -0.1422923 0 0.9898247 -0.1422923 0 0.9963319 -0.08557218 0 0.9963319 -0.08557218 0 0.9995924 -0.02854888 0 0.9995924 -0.02854888 0 0.9995924 0.02854888 0 0.9995924 0.02854888 -0 0.9963319 0.08557218 0 0.9963319 0.08557218 -0 0.9898247 0.1422923 0 0.9898247 0.1422923 -0 0.9800768 0.1986183 -0 0.9800768 0.1986183 0 0.9671512 0.2542021 -0 0.9671512 0.2542021 -0 0.951038 0.309074 -0 0.931885 0.3627538 -0 0.951038 0.309074 0 0.9096344 0.4154097 -0 0.931885 0.3627538 -0 0.9096344 0.4154097 -0 0.884411 0.4667089 -0 0.884411 0.4667089 0 0.8563492 0.5163972 -0 0.825487 0.5644212 -0 0.8563492 0.5163972 0 0.825487 0.5644212 -0 0.7919226 0.6106216 -0 0.7557433 0.6548681 -0 0.7919226 0.6106216 0 0.7557433 0.6548681 -0 0.71713 0.6969394 -0 0.71713 0.6969394 0 0.6761531 0.7367611 0 0.6761531 0.7367611 -0 0.6330237 0.7741324 0 0.6330237 0.7741324 -0 0.5877904 0.8090133 0 0.5877904 0.8090133 -0 0.5406612 0.8412405 0 0.5406612 0.8412405 -0 0.4916812 0.8707753 0 0.4916812 0.8707753 -0 0.4412189 0.8973995 0 0.4412189 0.8973995 -0 0.3892938 0.9211137 -0 0.3892938 0.9211137 -0 0.3360704 0.9418369 0 0.3360704 0.9418369 -0 0.2817406 0.9594905 0 0.2817406 0.9594905 -0 0.2264815 0.9740155 0 0.2264815 0.9740155 -0 0.1705357 0.9853515 0 0.1705357 0.9853515 -0 0.1139577 0.9934856 0 0.1139577 0.9934856 -0 0.05710197 0.9983684 0 0.05710197 0.9983684 -0 0 1 0 0 1 -0 -0.05710197 0.9983684 0 -0.05710197 0.9983684 0 -0.1139577 0.9934856 0 -0.1139577 0.9934856 0 -0.1705357 0.9853515 0 -0.1705357 0.9853515 0 -0.2264815 0.9740155 0 -0.2264815 0.9740155 0 -0.2817406 0.9594905 0 -0.2817406 0.9594905 0 -0.3360704 0.9418369 0 -0.3360704 0.9418369 0 -0.3892938 0.9211137 0 -0.3892938 0.9211137 0 -0.4412189 0.8973995 0 -0.4412189 0.8973995 0 -0.4916812 0.8707753 0 -0.4916812 0.8707753 0 -0.5406612 0.8412405 0 -0.5406612 0.8412405 0 -0.5877904 0.8090133 0 -0.5877904 0.8090133 0 -0.6329862 0.774163 0 -0.6329862 0.774163 0 -0.6762292 0.7366913 0 -0.6762292 0.7366913 0 -0.71713 0.6969394 0 -0.71713 0.6969394 0 -0.7557054 0.6549116 0 -0.7557054 0.6549116 0 -0.7918856 0.6106694 0 -0.7918856 0.6106694 0 -0.825487 0.5644212 0 -0.825487 0.5644212 0 -0.8563829 0.5163412 0 -0.8563829 0.5163412 0 -0.884411 0.4667089 0 -0.9096344 0.4154097 0 -0.884411 0.4667089 0 -0.9096344 0.4154097 0 -0.931885 0.3627538 0 -0.931885 0.3627538 0 -0.9510604 0.3090049 0 -0.9671512 0.2542021 0 -0.9510604 0.3090049 0 -0.9800768 0.1986183 0 -0.9671512 0.2542021 0 -0.9800768 0.1986183 0 -0.9898247 0.1422923 0 -0.9898247 0.1422923 0 -0.9963255 0.08564796 0 -0.9963255 0.08564796 0 -0.9995924 0.02854888 0 -0.9995924 0.02854888 0 -0.9995924 -0.02854888 0 -0.9995924 -0.02854888 0 -0.9963255 -0.08564796 0 -0.9963255 -0.08564796 0 -0.9898247 -0.1422923 0 -0.9898247 -0.1422923 0 -0.9800768 -0.1986183 0 -0.9800768 -0.1986183 0 -0.9671512 -0.2542021 0 -0.9671512 -0.2542021 0 -0.9510604 -0.3090049 0 -0.9510604 -0.3090049 0 -0.931885 -0.3627538 0 -0.9096344 -0.4154097 0 -0.931885 -0.3627538 0 -0.884411 -0.4667089 0 -0.9096344 -0.4154097 0 -0.884411 -0.4667089 0 -0.8563829 -0.5163412 0 -0.825487 -0.5644212 0 -0.8563829 -0.5163412 0 -0.825487 -0.5644212 0 -0.7918856 -0.6106694 0 -0.7918856 -0.6106694 0 -0.7557054 -0.6549116 0 -0.7557054 -0.6549116 0 -0.71713 -0.6969394 0 -0.6762292 -0.7366913 0 -0.71713 -0.6969394 0 -0.6762292 -0.7366913 0 -0.6329862 -0.774163 0 -0.6329862 -0.774163 0 -0.5877904 -0.8090133 0 -0.5877904 -0.8090133 0 -0.5406612 -0.8412405 0 -0.5406612 -0.8412405 0 -0.4916812 -0.8707753 0 -0.4412189 -0.8973995 0 -0.4916812 -0.8707753 0 -0.4412189 -0.8973995 0 -0.3892938 -0.9211137 0 -0.3892938 -0.9211137 0 -0.3360704 -0.9418369 0 -0.3360704 -0.9418369 0 -0.2817406 -0.9594905 0 -0.2817406 -0.9594905 0 -0.2264815 -0.9740155 0 -0.2264815 -0.9740155 0 -0.1705357 -0.9853515 0 -0.1705357 -0.9853515 0 -0.1139577 -0.9934856 0 -0.1139577 -0.9934856 0 -0.05710197 -0.9983684 0 -0.05710197 -0.9983684 0 0 -1 0 0 -1 0 0.05710197 -0.9983684 0 0.05710197 -0.9983684 0 0.1139577 -0.9934856 0 0.1139577 -0.9934856 0 0.1705357 -0.9853515 0 0.1705357 -0.9853515 0 0.2264815 -0.9740155 0 0.2264815 -0.9740155 0 0.2817406 -0.9594905 0 0.2817406 -0.9594905 0 0.3360704 -0.9418369 0 0.3360704 -0.9418369 0 0.3892938 -0.9211137 0 0.3892938 -0.9211137 0 0.4412189 -0.8973995 0 0.4412189 -0.8973995 0 0.4916812 -0.8707753 0 0.4916812 -0.8707753 0 0.5406612 -0.8412405 0 0.5406612 -0.8412405 0 0.5877904 -0.8090133 0 0.5877904 -0.8090133 0 0.6329862 -0.774163 0 0.6329862 -0.774163 0 0.6762292 -0.7366913 0 0.6762292 -0.7366913 0 0.71713 -0.6969394 0 0.71713 -0.6969394 0 0.7557054 -0.6549116 0 0.7557054 -0.6549116 0 0.7918856 -0.6106694 0 0.7918856 -0.6106694 0 0.825487 -0.5644212 0 0.825487 -0.5644212 0 0.8563829 -0.5163412 0 0.8563829 -0.5163412 0 0.884411 -0.4667089 0 0.884411 -0.4667089 0 0.9096344 -0.4154097 0 0.9096344 -0.4154097 0 0.931885 -0.3627538 0 0.931885 -0.3627538 0 0.9510604 -0.3090049 0 0.9510604 -0.3090049 0 0.9671512 -0.2542021 0 0.9671512 -0.2542021 0 0.9800768 -0.1986183 0 0.9800768 -0.1986183 0 0.9898247 -0.1422923 0 0.9898247 -0.1422923 0 0.9963255 -0.08564796 0 0.9963255 -0.08564796 0 0.9995924 -0.02854888 0 0.9995924 -0.02854888 0 0.9995924 0.02854888 0 0.9995924 0.02854888 -0 0.9963255 0.08564796 0 0.9963255 0.08564796 -0 0.9898247 0.1422923 0 0.9898247 0.1422923 -0 0.9800768 0.1986183 -0 0.9800768 0.1986183 0 0.9671512 0.2542021 -0 0.9671512 0.2542021 -0 0.9510623 0.3089993 -0 0.931885 0.3627538 -0 0.9510623 0.3089993 0 0.9096311 0.415417 -0 0.931885 0.3627538 -0 0.9096311 0.415417 -0 0.8844152 0.466701 -0 0.8844152 0.466701 0 0.8563778 0.5163497 -0 0.8254809 0.5644301 -0 0.8563778 0.5163497 0 0.8254809 0.5644301 -0 0.7918856 0.6106694 -0 0.7557054 0.6549116 -0 0.7918856 0.6106694 0 0.7557054 0.6549116 -0 0.71713 0.6969394 -0 0.71713 0.6969394 0 0.6762292 0.7366913 0 0.6762292 0.7366913 -0 0.6329862 0.774163 0 0.6329862 0.774163 -0 0.5878028 0.8090042 0 0.5878028 0.8090042 -0 0.5406612 0.8412405 0 0.5406612 0.8412405 -0 0.4916957 0.8707671 0 0.4916957 0.8707671 -0 0.4412189 0.8973995 0 0.4412189 0.8973995 -0 0.3892938 0.9211137 -0 0.3892938 0.9211137 -0 0.3360535 0.9418429 0 0.3360535 0.9418429 -0 0.2817231 0.9594958 0 0.2817231 0.9594958 -0 0.2264996 0.9740112 0 0.2264996 0.9740112 -0 0.1705172 0.9853547 0 0.1705172 0.9853547 -0 0.1139766 0.9934834 0 0.1139766 0.9934834 -0 0.05710197 0.9983684 0 0.05710197 0.9983684 -0 0 1 0 0 1 -0 -0.05710197 0.9983684 0 -0.05710197 0.9983684 0 -0.1139766 0.9934834 0 -0.1139766 0.9934834 0 -0.1705172 0.9853547 0 -0.1705172 0.9853547 0 -0.2264996 0.9740112 0 -0.2264996 0.9740112 0 -0.2817231 0.9594958 0 -0.2817231 0.9594958 0 -0.3360535 0.9418429 0 -0.3360535 0.9418429 0 -0.3892938 0.9211137 0 -0.3892938 0.9211137 0 -0.4412189 0.8973995 0 -0.4412189 0.8973995 0 -0.4916957 0.8707671 0 -0.4916957 0.8707671 0 -0.5406612 0.8412405 0 -0.5406612 0.8412405 0 -0.5878028 0.8090042 0 -0.5878028 0.8090042 0 -0.6329862 0.774163 0 -0.6329862 0.774163 0 -0.6762292 0.7366913 0 -0.6762292 0.7366913 0 -0.71713 0.6969394 0 -0.71713 0.6969394 0 -0.7557054 0.6549116 0 -0.7557054 0.6549116 0 -0.7918856 0.6106694 0 -0.7918856 0.6106694 0 -0.8254809 0.5644301 0 -0.8254809 0.5644301 0 -0.8563778 0.5163497 0 -0.8563778 0.5163497 0 -0.8844152 0.466701 0 -0.9096311 0.415417 0 -0.8844152 0.466701 0 -0.9096311 0.415417 0 -0.931885 0.3627538 0 -0.931885 0.3627538 0 -0.9510623 0.3089993 0 -0.9671512 0.2542021 0 -0.9510623 0.3089993 0 -0.9800768 0.1986183 0 -0.9671512 0.2542021 0 -0.9800768 0.1986183 0 -0.9898247 0.1422923 0 -0.9898247 0.1422923 0 -0.9963255 0.08564796 0 -0.9963255 0.08564796 0 -0.9995924 0.02854888 0 -0.9995924 0.02854888 0 -0.9995924 -0.02854888 0 -0.9995924 -0.02854888 0 -0.9963255 -0.08564796 0 -0.9963255 -0.08564796 0 -0.9898247 -0.1422923 0 -0.9898247 -0.1422923 0 -0.9800768 -0.1986183 0 -0.9800768 -0.1986183 0 -0.9671512 -0.2542021 0 -0.9671512 -0.2542021 0 -0.9510604 -0.3090049 0 -0.9510604 -0.3090049 0 -0.931885 -0.3627538 0 -0.9096344 -0.4154097 0 -0.931885 -0.3627538 0 -0.884411 -0.4667089 0 -0.9096344 -0.4154097 0 -0.884411 -0.4667089 0 -0.8563829 -0.5163412 0 -0.825487 -0.5644212 0 -0.8563829 -0.5163412 0 -0.825487 -0.5644212 0 -0.7918856 -0.6106694 0 -0.7918856 -0.6106694 0 -0.7557054 -0.6549116 0 -0.7557054 -0.6549116 0 -0.71713 -0.6969394 0 -0.6762292 -0.7366913 0 -0.71713 -0.6969394 0 -0.6762292 -0.7366913 0 -0.6329862 -0.774163 0 -0.6329862 -0.774163 0 -0.5877904 -0.8090133 0 -0.5877904 -0.8090133 0 -0.5406612 -0.8412405 0 -0.5406612 -0.8412405 0 -0.4916812 -0.8707753 0 -0.4412189 -0.8973995 0 -0.4916812 -0.8707753 0 -0.4412189 -0.8973995 0 -0.3892938 -0.9211137 0 -0.3892938 -0.9211137 0 -0.3360704 -0.9418369 0 -0.3360704 -0.9418369 0 -0.2817406 -0.9594905 0 -0.2817406 -0.9594905 0 -0.2264815 -0.9740155 0 -0.2264815 -0.9740155 0 -0.1705357 -0.9853515 0 -0.1705357 -0.9853515 0 -0.1139577 -0.9934856 0 -0.1139577 -0.9934856 0 -0.05710197 -0.9983684 0 -0.05710197 -0.9983684 0 0 -1 0 0 -1 0 0.05710197 -0.9983684 0 0.05710197 -0.9983684 0 0.1139577 -0.9934856 0 0.1139577 -0.9934856 0 0.1705357 -0.9853515 0 0.1705357 -0.9853515 0 0.2264815 -0.9740155 0 0.2264815 -0.9740155 0 0.2817406 -0.9594905 0 0.2817406 -0.9594905 0 0.3360704 -0.9418369 0 0.3360704 -0.9418369 0 0.3892938 -0.9211137 0 0.3892938 -0.9211137 0 0.4412189 -0.8973995 0 0.4412189 -0.8973995 0 0.4916812 -0.8707753 0 0.4916812 -0.8707753 0 0.5406612 -0.8412405 0 0.5406612 -0.8412405 0 0.5877904 -0.8090133 0 0.5877904 -0.8090133 0 0.6330237 -0.7741324 0 0.6330237 -0.7741324 0 0.6761531 -0.7367611 0 0.6761531 -0.7367611 0 0.71713 -0.6969394 0 0.71713 -0.6969394 0 0.7557433 -0.6548681 0 0.7557433 -0.6548681 0 0.7919226 -0.6106216 0 0.7919226 -0.6106216 0 0.825487 -0.5644212 0 0.825487 -0.5644212 0 0.8563492 -0.5163972 0 0.8563492 -0.5163972 0 0.884411 -0.4667089 0 0.884411 -0.4667089 0 0.9096344 -0.4154097 0 0.9096344 -0.4154097 0 0.931885 -0.3627538 0 0.931885 -0.3627538 0 0.951038 -0.309074 0 0.951038 -0.309074 0 0.9671512 -0.2542021 0 0.9671512 -0.2542021 0 0.9800768 -0.1986183 0 0.9800768 -0.1986183 0 0.9898247 -0.1422923 0 0.9898247 -0.1422923 0 0.9963319 -0.08557218 0 0.9963319 -0.08557218 0 0.9995924 -0.02854888 0 0.9995924 -0.02854888 0 0.9995924 0.02854888 0 0.9995924 0.02854888 -0 0.9963319 0.08557218 0 0.9963319 0.08557218 -0 0.9898247 0.1422923 0 0.9898247 0.1422923 -0 0.9800768 0.1986183 -0 0.9800768 0.1986183 0 0.9671512 0.2542021 -0 0.9671512 0.2542021 -0 0.9510398 0.3090684 -0 0.931885 0.3627538 -0 0.9510398 0.3090684 0 0.9096311 0.415417 -0 0.931885 0.3627538 -0 0.9096311 0.415417 -0 0.8844152 0.466701 -0 0.8844152 0.466701 0 0.856344 0.5164056 -0 0.8254809 0.5644301 -0 0.856344 0.5164056 0 0.8254809 0.5644301 -0 0.7919226 0.6106216 -0 0.7557433 0.6548681 -0 0.7919226 0.6106216 0 0.7557433 0.6548681 -0 0.71713 0.6969394 -0 0.71713 0.6969394 0 0.6761531 0.7367611 0 0.6761531 0.7367611 -0 0.6330237 0.7741324 0 0.6330237 0.7741324 -0 0.5878028 0.8090042 0 0.5878028 0.8090042 -0 0.5406612 0.8412405 0 0.5406612 0.8412405 -0 0.4916957 0.8707671 0 0.4916957 0.8707671 -0 0.4412189 0.8973995 0 0.4412189 0.8973995 -0 0.3892938 0.9211137 -0 0.3892938 0.9211137 -0 0.3360535 0.9418429 0 0.3360535 0.9418429 -0 0.2817231 0.9594958 0 0.2817231 0.9594958 -0 0.2264996 0.9740112 0 0.2264996 0.9740112 -0 0.1705172 0.9853547 0 0.1705172 0.9853547 -0 0.1139766 0.9934834 0 0.1139766 0.9934834 -0 0.05710197 0.9983684 0 0.05710197 0.9983684 -0 0 1 0 0 1 -0 -0.05710197 0.9983684 0 -0.05710197 0.9983684 0 -0.1139766 0.9934834 0 -0.1139766 0.9934834 0 -0.1705172 0.9853547 0 -0.1705172 0.9853547 0 -0.2264996 0.9740112 0 -0.2264996 0.9740112 0 -0.2817231 0.9594958 0 -0.2817231 0.9594958 0 -0.3360535 0.9418429 0 -0.3360535 0.9418429 0 -0.3892938 0.9211137 0 -0.3892938 0.9211137 0 -0.4412189 0.8973995 0 -0.4412189 0.8973995 0 -0.4916957 0.8707671 0 -0.4916957 0.8707671 0 -0.5406612 0.8412405 0 -0.5406612 0.8412405 0 -0.5878028 0.8090042 0 -0.5878028 0.8090042 0 -0.6329862 0.774163 0 -0.6329862 0.774163 0 -0.6762292 0.7366913 0 -0.6762292 0.7366913 0 -0.71713 0.6969394 0 -0.71713 0.6969394 0 -0.7557054 0.6549116 0 -0.7557054 0.6549116 0 -0.7918856 0.6106694 0 -0.7918856 0.6106694 0 -0.8254809 0.5644301 0 -0.8254809 0.5644301 0 -0.8563778 0.5163497 0 -0.8563778 0.5163497 0 -0.8844152 0.466701 0 -0.9096311 0.415417 0 -0.8844152 0.466701 0 -0.9096311 0.415417 0 -0.931885 0.3627538 0 -0.931885 0.3627538 0 -0.9510623 0.3089993 0 -0.9671512 0.2542021 0 -0.9510623 0.3089993 0 -0.9800768 0.1986183 0 -0.9671512 0.2542021 0 -0.9800768 0.1986183 0 -0.9898247 0.1422923 0 -0.9898247 0.1422923 0 -0.9963255 0.08564796 0 -0.9963255 0.08564796 0 -0.9995924 0.02854888 0 -0.9995924 0.02854888 0 -0.9995924 -0.02854888 0 -0.9995924 -0.02854888 0 -0.9963255 -0.08564796 0 -0.9963255 -0.08564796 0 -0.9898247 -0.1422923 0 -0.9898247 -0.1422923 0 -0.9800768 -0.1986183 0 -0.9800768 -0.1986183 0 -0.9671512 -0.2542021 0 -0.9671512 -0.2542021 0 -0.9510604 -0.3090049 0 -0.9510604 -0.3090049 0 -0.931885 -0.3627538 0 -0.9096344 -0.4154097 0 -0.931885 -0.3627538 0 -0.884411 -0.4667089 0 -0.9096344 -0.4154097 0 -0.884411 -0.4667089 0 -0.8563829 -0.5163412 0 -0.825487 -0.5644212 0 -0.8563829 -0.5163412 0 -0.825487 -0.5644212 0 -0.7918856 -0.6106694 0 -0.7918856 -0.6106694 0 -0.7557054 -0.6549116 0 -0.7557054 -0.6549116 0 -0.71713 -0.6969394 0 -0.6762292 -0.7366913 0 -0.71713 -0.6969394 0 -0.6762292 -0.7366913 0 -0.6329862 -0.774163 0 -0.6329862 -0.774163 0 -0.5877904 -0.8090133 0 -0.5877904 -0.8090133 0 -0.5406612 -0.8412405 0 -0.5406612 -0.8412405 0 -0.4916812 -0.8707753 0 -0.4412189 -0.8973995 0 -0.4916812 -0.8707753 0 -0.4412189 -0.8973995 0 -0.3892938 -0.9211137 0 -0.3892938 -0.9211137 0 -0.3360704 -0.9418369 0 -0.3360704 -0.9418369 0 -0.2817406 -0.9594905 0 -0.2817406 -0.9594905 0 -0.2264815 -0.9740155 0 -0.2264815 -0.9740155 0 -0.1705357 -0.9853515 0 -0.1705357 -0.9853515 0 -0.1139577 -0.9934856 0 -0.1139577 -0.9934856 0 -0.05710197 -0.9983684 0 -0.05710197 -0.9983684 0 0 -1 0 0 -1 0 0.05710197 -0.9983684 0 0.05710197 -0.9983684 0 0.1139577 -0.9934856 0 0.1139577 -0.9934856 0 0.1705357 -0.9853515 0 0.1705357 -0.9853515 0 0.2264815 -0.9740155 0 0.2264815 -0.9740155 0 0.2817406 -0.9594905 0 0.2817406 -0.9594905 0 0.3360704 -0.9418369 0 0.3360704 -0.9418369 0 0.3892938 -0.9211137 0 0.3892938 -0.9211137 0 0.4412189 -0.8973995 0 0.4412189 -0.8973995 0 0.4916812 -0.8707753 0 0.4916812 -0.8707753 0 0.5406612 -0.8412405 0 0.5406612 -0.8412405 0 0.5877904 -0.8090133 0 0.5877904 -0.8090133 0 0.6329862 -0.774163 0 0.6329862 -0.774163 0 0.6762292 -0.7366913 0 0.6762292 -0.7366913 0 0.71713 -0.6969394 0 0.71713 -0.6969394 0 0.7557054 -0.6549116 0 0.7557054 -0.6549116 0 0.7918856 -0.6106694 0 0.7918856 -0.6106694 0 0.825487 -0.5644212 0 0.825487 -0.5644212 0 0.8563829 -0.5163412 0 0.8563829 -0.5163412 0 0.884411 -0.4667089 0 0.884411 -0.4667089 0 0.9096344 -0.4154097 0 0.9096344 -0.4154097 0 0.931885 -0.3627538 0 0.931885 -0.3627538 0 0.9510604 -0.3090049 0 0.9510604 -0.3090049 0 0.9671512 -0.2542021 0 0.9671512 -0.2542021 0 0.9800768 -0.1986183 0 0.9800768 -0.1986183 0 0.9898247 -0.1422923 0 0.9898247 -0.1422923 0 0.9963255 -0.08564796 0 0.9963255 -0.08564796 0 0.9995924 -0.02854888 0 0.9995924 -0.02854888 0 0.9995924 0.02854888 0 0.9995924 0.02854888 -0 0.9963255 0.08564796 0 0.9963255 0.08564796 -0 0.9898247 0.1422923 0 0.9898247 0.1422923 -0 0.9800768 0.1986183 -0 0.9800768 0.1986183 0 0.9671512 0.2542021 -0 0.9671512 0.2542021 -0 0.9510623 0.3089993 -0 0.931885 0.3627538 -0 0.9510623 0.3089993 0 0.9096311 0.415417 -0 0.931885 0.3627538 -0 0.9096311 0.415417 -0 0.8844152 0.466701 -0 0.8844152 0.466701 0 0.8563778 0.5163497 -0 0.8254809 0.5644301 -0 0.8563778 0.5163497 0 0.8254809 0.5644301 -0 0.7918856 0.6106694 -0 0.7557054 0.6549116 -0 0.7918856 0.6106694 0 0.7557054 0.6549116 -0 0.71713 0.6969394 -0 0.71713 0.6969394 0 0.6762292 0.7366913 0 0.6762292 0.7366913 -0 0.6329862 0.774163 0 0.6329862 0.774163 -0 0.5878028 0.8090042 0 0.5878028 0.8090042 -0 0.5406612 0.8412405 0 0.5406612 0.8412405 -0 0.4916957 0.8707671 0 0.4916957 0.8707671 -0 0.4412189 0.8973995 0 0.4412189 0.8973995 -0 0.3892938 0.9211137 -0 0.3892938 0.9211137 -0 0.3360535 0.9418429 0 0.3360535 0.9418429 -0 0.2817231 0.9594958 0 0.2817231 0.9594958 -0 0.2264996 0.9740112 0 0.2264996 0.9740112 -0 0.1705172 0.9853547 0 0.1705172 0.9853547 -0 0.1139766 0.9934834 0 0.1139766 0.9934834 -0 0.05710197 0.9983684 0 0.05710197 0.9983684 -0 0 1 0 0 1 -0 -0.05710197 0.9983684 0 -0.05710197 0.9983684 0 -0.1139766 0.9934834 0 -0.1139766 0.9934834 0 -0.1705172 0.9853547 0 -0.1705172 0.9853547 0 -0.2264996 0.9740112 0 -0.2264996 0.9740112 0 -0.2817231 0.9594958 0 -0.2817231 0.9594958 0 -0.3360535 0.9418429 0 -0.3360535 0.9418429 0 -0.3892938 0.9211137 0 -0.3892938 0.9211137 0 -0.4412189 0.8973995 0 -0.4412189 0.8973995 0 -0.4916957 0.8707671 0 -0.4916957 0.8707671 0 -0.5406612 0.8412405 0 -0.5406612 0.8412405 0 -0.5878028 0.8090042 0 -0.5878028 0.8090042 0 -0.6329862 0.774163 0 -0.6329862 0.774163 0 -0.6762292 0.7366913 0 -0.6762292 0.7366913 0 -0.71713 0.6969394 0 -0.71713 0.6969394 0 -0.7557054 0.6549116 0 -0.7557054 0.6549116 0 -0.7918856 0.6106694 0 -0.7918856 0.6106694 0 -0.8254809 0.5644301 0 -0.8254809 0.5644301 0 -0.8563778 0.5163497 0 -0.8563778 0.5163497 0 -0.8844152 0.466701 0 -0.9096311 0.415417 0 -0.8844152 0.466701 0 -0.9096311 0.415417 0 -0.931885 0.3627538 0 -0.931885 0.3627538 0 -0.9510623 0.3089993 0 -0.9671512 0.2542021 0 -0.9510623 0.3089993 0 -0.9800768 0.1986183 0 -0.9671512 0.2542021 0 -0.9800768 0.1986183 0 -0.9898247 0.1422923 0 -0.9898247 0.1422923 0 -0.9963255 0.08564796 0 -0.9963255 0.08564796 0 -0.9995924 0.02854888 0 -0.9995924 0.02854888 0 -0.9995924 -0.02854888 0 -0.9995924 -0.02854888 0 -0.9963319 -0.08557218 0 -0.9963319 -0.08557218 0 -0.9898247 -0.1422923 0 -0.9898247 -0.1422923 0 -0.9800768 -0.1986183 0 -0.9800768 -0.1986183 0 -0.9671512 -0.2542021 0 -0.9671512 -0.2542021 0 -0.951038 -0.309074 0 -0.951038 -0.309074 0 -0.931885 -0.3627538 0 -0.9096344 -0.4154097 0 -0.931885 -0.3627538 0 -0.884411 -0.4667089 0 -0.9096344 -0.4154097 0 -0.884411 -0.4667089 0 -0.8563492 -0.5163972 0 -0.825487 -0.5644212 0 -0.8563492 -0.5163972 0 -0.825487 -0.5644212 0 -0.7919226 -0.6106216 0 -0.7919226 -0.6106216 0 -0.7557433 -0.6548681 0 -0.7557433 -0.6548681 0 -0.71713 -0.6969394 0 -0.6761531 -0.7367611 0 -0.71713 -0.6969394 0 -0.6761531 -0.7367611 0 -0.6330237 -0.7741324 0 -0.6330237 -0.7741324 0 -0.5877904 -0.8090133 0 -0.5877904 -0.8090133 0 -0.5406612 -0.8412405 0 -0.5406612 -0.8412405 0 -0.4916812 -0.8707753 0 -0.4412189 -0.8973995 0 -0.4916812 -0.8707753 0 -0.4412189 -0.8973995 0 -0.3892938 -0.9211137 0 -0.3892938 -0.9211137 0 -0.3360704 -0.9418369 0 -0.3360704 -0.9418369 0 -0.2817406 -0.9594905 0 -0.2817406 -0.9594905 0 -0.2264815 -0.9740155 0 -0.2264815 -0.9740155 0 -0.1705357 -0.9853515 0 -0.1705357 -0.9853515 0 -0.1139577 -0.9934856 0 -0.1139577 -0.9934856 0 -0.05710197 -0.9983684 0 -0.05710197 -0.9983684 0 0 -1 0 0 -1 0 0.05710197 -0.9983684 0 0.05710197 -0.9983684 0 0.1139577 -0.9934856 0 0.1139577 -0.9934856 0 0.1705357 -0.9853515 0 0.1705357 -0.9853515 0 0.2264815 -0.9740155 0 0.2264815 -0.9740155 0 0.2817406 -0.9594905 0 0.2817406 -0.9594905 0 0.3360704 -0.9418369 0 0.3360704 -0.9418369 0 0.3892938 -0.9211137 0 0.3892938 -0.9211137 0 0.4412189 -0.8973995 0 0.4412189 -0.8973995 0 0.4916812 -0.8707753 0 0.4916812 -0.8707753 0 0.5406612 -0.8412405 0 0.5406612 -0.8412405 0 0.5877904 -0.8090133 0 0.5877904 -0.8090133 0 0.6329862 -0.774163 0 0.6329862 -0.774163 0 0.6762292 -0.7366913 0 0.6762292 -0.7366913 0 0.71713 -0.6969394 0 0.71713 -0.6969394 0 0.7557054 -0.6549116 0 0.7557054 -0.6549116 0 0.7918856 -0.6106694 0 0.7918856 -0.6106694 0 0.825487 -0.5644212 0 0.825487 -0.5644212 0 0.8563829 -0.5163412 0 0.8563829 -0.5163412 0 0.884411 -0.4667089 0 0.884411 -0.4667089 0 0.9096344 -0.4154097 0 0.9096344 -0.4154097 0 0.931885 -0.3627538 0 0.931885 -0.3627538 0 0.9510604 -0.3090049 0 0.9510604 -0.3090049 0 0.9671512 -0.2542021 0 0.9671512 -0.2542021 0 0.9800768 -0.1986183 0 0.9800768 -0.1986183 0 0.9898247 -0.1422923 0 0.9898247 -0.1422923 0 0.9963255 -0.08564796 0 0.9963255 -0.08564796 0 0.9995924 -0.02854888 0 0.9995924 -0.02854888 0 0.9995924 0.02854888 0 0.9995924 0.02854888 -0 0.9963255 0.08564796 0 0.9963255 0.08564796 -0 0.9898247 0.1422923 0 0.9898247 0.1422923 -0 0.9800768 0.1986183 -0 0.9800768 0.1986183 0 0.9671512 0.2542021 -0 0.9671512 0.2542021 -0 0.9510623 0.3089993 -0 0.931885 0.3627538 -0 0.9510623 0.3089993 0 0.9096311 0.415417 -0 0.931885 0.3627538 -0 0.9096311 0.415417 -0 0.8844152 0.466701 -0 0.8844152 0.466701 0 0.8563778 0.5163497 -0 0.8254809 0.5644301 -0 0.8563778 0.5163497 0 0.8254809 0.5644301 -0 0.7918856 0.6106694 -0 0.7557054 0.6549116 -0 0.7918856 0.6106694 0 0.7557054 0.6549116 -0 0.71713 0.6969394 -0 0.71713 0.6969394 0 0.6762292 0.7366913 0 0.6762292 0.7366913 -0 0.6329862 0.774163 0 0.6329862 0.774163 -0 0.5878028 0.8090042 0 0.5878028 0.8090042 -0 0.5406612 0.8412405 0 0.5406612 0.8412405 -0 0.4916957 0.8707671 0 0.4916957 0.8707671 -0 0.4412189 0.8973995 0 0.4412189 0.8973995 -0 0.3892938 0.9211137 -0 0.3892938 0.9211137 -0 0.3360535 0.9418429 0 0.3360535 0.9418429 -0 0.2817231 0.9594958 0 0.2817231 0.9594958 -0 0.2264996 0.9740112 0 0.2264996 0.9740112 -0 0.1705172 0.9853547 0 0.1705172 0.9853547 -0 0.1139766 0.9934834 0 0.1139766 0.9934834 -0 0.05710197 0.9983684 0 0.05710197 0.9983684 -0 0 1 0 0 1 -0 -0.05710197 0.9983684 0 -0.05710197 0.9983684 0 -0.1139766 0.9934834 0 -0.1139766 0.9934834 0 -0.1705172 0.9853547 0 -0.1705172 0.9853547 0 -0.2264996 0.9740112 0 -0.2264996 0.9740112 0 -0.2817231 0.9594958 0 -0.2817231 0.9594958 0 -0.3360535 0.9418429 0 -0.3360535 0.9418429 0 -0.3892938 0.9211137 0 -0.3892938 0.9211137 0 -0.4412189 0.8973995 0 -0.4412189 0.8973995 0 -0.4916957 0.8707671 0 -0.4916957 0.8707671 0 -0.5406612 0.8412405 0 -0.5406612 0.8412405 0 -0.5878028 0.8090042 0 -0.5878028 0.8090042 0 -0.6330237 0.7741324 0 -0.6330237 0.7741324 0 -0.6761531 0.7367611 0 -0.6761531 0.7367611 0 -0.71713 0.6969394 0 -0.71713 0.6969394 0 -0.7557433 0.6548681 0 -0.7557433 0.6548681 0 -0.7919226 0.6106216 0 -0.7919226 0.6106216 0 -0.8254809 0.5644301 0 -0.8254809 0.5644301 0 -0.856344 0.5164056 0 -0.856344 0.5164056 0 -0.8844152 0.466701 0 -0.9096311 0.415417 0 -0.8844152 0.466701 0 -0.9096311 0.415417 0 -0.931885 0.3627538 0 -0.931885 0.3627538 0 -0.9510398 0.3090684 0 -0.9671512 0.2542021 0 -0.9510398 0.3090684 0 -0.9800768 0.1986183 0 -0.9671512 0.2542021 0 -0.9800768 0.1986183 0 -0.9898247 0.1422923 0 -0.9898247 0.1422923 0 -0.9963319 0.08557218 0 -0.9963319 0.08557218 0 -0.9995924 0.02854888 0 -0.9995924 0.02854888 0 -0.9995924 -0.02854888 0 -0.9995924 -0.02854888 0 -0.9963255 -0.08564796 0 -0.9963255 -0.08564796 0 -0.9898247 -0.1422923 0 -0.9898247 -0.1422923 0 -0.9800768 -0.1986183 0 -0.9800768 -0.1986183 0 -0.9671512 -0.2542021 0 -0.9671512 -0.2542021 0 -0.9510623 -0.3089993 0 -0.9510623 -0.3089993 0 -0.931885 -0.3627538 0 -0.9096311 -0.415417 0 -0.931885 -0.3627538 0 -0.8844152 -0.466701 0 -0.9096311 -0.415417 0 -0.8844152 -0.466701 0 -0.8563778 -0.5163497 0 -0.8254809 -0.5644301 0 -0.8563778 -0.5163497 0 -0.8254809 -0.5644301 0 -0.7918856 -0.6106694 0 -0.7918856 -0.6106694 0 -0.7557054 -0.6549116 0 -0.7557054 -0.6549116 0 -0.71713 -0.6969394 0 -0.6762292 -0.7366913 0 -0.71713 -0.6969394 0 -0.6762292 -0.7366913 0 -0.6329862 -0.774163 0 -0.6329862 -0.774163 0 -0.5878028 -0.8090042 0 -0.5878028 -0.8090042 0 -0.5406612 -0.8412405 0 -0.5406612 -0.8412405 0 -0.4916957 -0.8707671 0 -0.4412189 -0.8973995 0 -0.4916957 -0.8707671 0 -0.4412189 -0.8973995 0 -0.3892938 -0.9211137 0 -0.3892938 -0.9211137 0 -0.3360535 -0.9418429 0 -0.3360535 -0.9418429 0 -0.2817231 -0.9594958 0 -0.2817231 -0.9594958 0 -0.2264996 -0.9740112 0 -0.2264996 -0.9740112 0 -0.1705172 -0.9853547 0 -0.1705172 -0.9853547 0 -0.1139766 -0.9934834 0 -0.1139766 -0.9934834 0 -0.05710197 -0.9983684 0 -0.05710197 -0.9983684 0 0 -1 0 0 -1 0 0.05710197 -0.9983684 0 0.05710197 -0.9983684 0 0.1139766 -0.9934834 0 0.1139766 -0.9934834 0 0.1705172 -0.9853547 0 0.1705172 -0.9853547 0 0.2264996 -0.9740112 0 0.2264996 -0.9740112 0 0.2817231 -0.9594958 0 0.2817231 -0.9594958 0 0.3360535 -0.9418429 0 0.3360535 -0.9418429 0 0.3892938 -0.9211137 0 0.3892938 -0.9211137 0 0.4412189 -0.8973995 0 0.4412189 -0.8973995 0 0.4916957 -0.8707671 0 0.4916957 -0.8707671 0 0.5406612 -0.8412405 0 0.5406612 -0.8412405 0 0.5878028 -0.8090042 0 0.5878028 -0.8090042 0 0.6329862 -0.774163 0 0.6329862 -0.774163 0 0.6762292 -0.7366913 0 0.6762292 -0.7366913 0 0.71713 -0.6969394 0 0.71713 -0.6969394 0 0.7557054 -0.6549116 0 0.7557054 -0.6549116 0 0.7918856 -0.6106694 0 0.7918856 -0.6106694 0 0.8254809 -0.5644301 0 0.8254809 -0.5644301 0 0.8563778 -0.5163497 0 0.8563778 -0.5163497 0 0.8844152 -0.466701 0 0.8844152 -0.466701 0 0.9096311 -0.415417 0 0.9096311 -0.415417 0 0.931885 -0.3627538 0 0.931885 -0.3627538 0 0.9510623 -0.3089993 0 0.9510623 -0.3089993 0 0.9671512 -0.2542021 0 0.9671512 -0.2542021 0 0.9800768 -0.1986183 0 0.9800768 -0.1986183 0 0.9898247 -0.1422923 0 0.9898247 -0.1422923 0 0.9963255 -0.08564796 0 0.9963255 -0.08564796 0 0.9995924 -0.02854888 0 0.9995924 -0.02854888 0 0.9995924 0.02854888 0 0.9995924 0.02854888 -0 0.9963255 0.08564796 0 0.9963255 0.08564796 -0 0.9898247 0.1422923 0 0.9898247 0.1422923 -0 0.9800768 0.1986183 -0 0.9800768 0.1986183 0 0.9671512 0.2542021 -0 0.9671512 0.2542021 -0 0.9510604 0.3090049 -0 0.931885 0.3627538 -0 0.9510604 0.3090049 0 0.9096344 0.4154097 -0 0.931885 0.3627538 -0 0.9096344 0.4154097 -0 0.884411 0.4667089 -0 0.884411 0.4667089 0 0.8563829 0.5163412 -0 0.825487 0.5644212 -0 0.8563829 0.5163412 0 0.825487 0.5644212 -0 0.7918856 0.6106694 -0 0.7557054 0.6549116 -0 0.7918856 0.6106694 0 0.7557054 0.6549116 -0 0.71713 0.6969394 -0 0.71713 0.6969394 0 0.6762292 0.7366913 0 0.6762292 0.7366913 -0 0.6329862 0.774163 0 0.6329862 0.774163 -0 0.5877904 0.8090133 0 0.5877904 0.8090133 -0 0.5406612 0.8412405 0 0.5406612 0.8412405 -0 0.4916812 0.8707753 0 0.4916812 0.8707753 -0 0.4412189 0.8973995 0 0.4412189 0.8973995 -0 0.3892938 0.9211137 -0 0.3892938 0.9211137 -0 0.3360704 0.9418369 0 0.3360704 0.9418369 -0 0.2817406 0.9594905 0 0.2817406 0.9594905 -0 0.2264815 0.9740155 0 0.2264815 0.9740155 -0 0.1705357 0.9853515 0 0.1705357 0.9853515 -0 0.1139577 0.9934856 0 0.1139577 0.9934856 -0 0.05710197 0.9983684 0 0.05710197 0.9983684 -0 0 1 0 0 1 -0 -0.05710197 0.9983684 0 -0.05710197 0.9983684 0 -0.1139577 0.9934856 0 -0.1139577 0.9934856 0 -0.1705357 0.9853515 0 -0.1705357 0.9853515 0 -0.2264815 0.9740155 0 -0.2264815 0.9740155 0 -0.2817406 0.9594905 0 -0.2817406 0.9594905 0 -0.3360704 0.9418369 0 -0.3360704 0.9418369 0 -0.3892938 0.9211137 0 -0.3892938 0.9211137 0 -0.4412189 0.8973995 0 -0.4412189 0.8973995 0 -0.4916812 0.8707753 0 -0.4916812 0.8707753 0 -0.5406612 0.8412405 0 -0.5406612 0.8412405 0 -0.5877904 0.8090133 0 -0.5877904 0.8090133 0 -0.6329862 0.774163 0 -0.6329862 0.774163 0 -0.6762292 0.7366913 0 -0.6762292 0.7366913 0 -0.71713 0.6969394 0 -0.71713 0.6969394 0 -0.7557054 0.6549116 0 -0.7557054 0.6549116 0 -0.7918856 0.6106694 0 -0.7918856 0.6106694 0 -0.825487 0.5644212 0 -0.825487 0.5644212 0 -0.8563829 0.5163412 0 -0.8563829 0.5163412 0 -0.884411 0.4667089 0 -0.9096344 0.4154097 0 -0.884411 0.4667089 0 -0.9096344 0.4154097 0 -0.931885 0.3627538 0 -0.931885 0.3627538 0 -0.9510604 0.3090049 0 -0.9671512 0.2542021 0 -0.9510604 0.3090049 0 -0.9800768 0.1986183 0 -0.9671512 0.2542021 0 -0.9800768 0.1986183 0 -0.9898247 0.1422923 0 -0.9898247 0.1422923 0 -0.9963255 0.08564796 0 -0.9963255 0.08564796 0 -0.9995924 0.02854888 0 -0.9995924 0.02854888 0 -0.9995924 -0.02854888 0 -0.9995924 -0.02854888 0 -0.9963319 -0.08557218 0 -0.9963319 -0.08557218 0 -0.9898247 -0.1422923 0 -0.9898247 -0.1422923 0 -0.9800768 -0.1986183 0 -0.9800768 -0.1986183 0 -0.9671512 -0.2542021 0 -0.9671512 -0.2542021 0 -0.9510398 -0.3090684 0 -0.9510398 -0.3090684 0 -0.931885 -0.3627538 0 -0.9096311 -0.415417 0 -0.931885 -0.3627538 0 -0.8844152 -0.466701 0 -0.9096311 -0.415417 0 -0.8844152 -0.466701 0 -0.856344 -0.5164056 0 -0.8254809 -0.5644301 0 -0.856344 -0.5164056 0 -0.8254809 -0.5644301 0 -0.7919226 -0.6106216 0 -0.7919226 -0.6106216 0 -0.7557433 -0.6548681 0 -0.7557433 -0.6548681 0 -0.71713 -0.6969394 0 -0.6761531 -0.7367611 0 -0.71713 -0.6969394 0 -0.6761531 -0.7367611 0 -0.6330237 -0.7741324 0 -0.6330237 -0.7741324 0 -0.5878028 -0.8090042 0 -0.5878028 -0.8090042 0 -0.5406612 -0.8412405 0 -0.5406612 -0.8412405 0 -0.4916957 -0.8707671 0 -0.4412189 -0.8973995 0 -0.4916957 -0.8707671 0 -0.4412189 -0.8973995 0 -0.3892938 -0.9211137 0 -0.3892938 -0.9211137 0 -0.3360535 -0.9418429 0 -0.3360535 -0.9418429 0 -0.2817231 -0.9594958 0 -0.2817231 -0.9594958 0 -0.2264996 -0.9740112 0 -0.2264996 -0.9740112 0 -0.1705172 -0.9853547 0 -0.1705172 -0.9853547 0 -0.1139766 -0.9934834 0 -0.1139766 -0.9934834 0 -0.05710197 -0.9983684 0 -0.05710197 -0.9983684 0 0 -1 0 0 -1 0 0.05710197 -0.9983684 0 0.05710197 -0.9983684 0 0.1139766 -0.9934834 0 0.1139766 -0.9934834 0 0.1705172 -0.9853547 0 0.1705172 -0.9853547 0 0.2264996 -0.9740112 0 0.2264996 -0.9740112 0 0.2817231 -0.9594958 0 0.2817231 -0.9594958 0 0.3360535 -0.9418429 0 0.3360535 -0.9418429 0 0.3892938 -0.9211137 0 0.3892938 -0.9211137 0 0.4412189 -0.8973995 0 0.4412189 -0.8973995 0 0.4916957 -0.8707671 0 0.4916957 -0.8707671 0 0.5406612 -0.8412405 0 0.5406612 -0.8412405 0 0.5878028 -0.8090042 0 0.5878028 -0.8090042 0 0.6329862 -0.774163 0 0.6329862 -0.774163 0 0.6762292 -0.7366913 0 0.6762292 -0.7366913 0 0.71713 -0.6969394 0 0.71713 -0.6969394 0 0.7557054 -0.6549116 0 0.7557054 -0.6549116 0 0.7918856 -0.6106694 0 0.7918856 -0.6106694 0 0.8254809 -0.5644301 0 0.8254809 -0.5644301 0 0.8563778 -0.5163497 0 0.8563778 -0.5163497 0 0.8844152 -0.466701 0 0.8844152 -0.466701 0 0.9096311 -0.415417 0 0.9096311 -0.415417 0 0.931885 -0.3627538 0 0.931885 -0.3627538 0 0.9510623 -0.3089993 0 0.9510623 -0.3089993 0 0.9671512 -0.2542021 0 0.9671512 -0.2542021 0 0.9800768 -0.1986183 0 0.9800768 -0.1986183 0 0.9898247 -0.1422923 0 0.9898247 -0.1422923 0 0.9963255 -0.08564796 0 0.9963255 -0.08564796 0 0.9995924 -0.02854888 0 0.9995924 -0.02854888 0 0.9995924 0.02854888 0 0.9995924 0.02854888 -0 0.9963255 0.08564796 0 0.9963255 0.08564796 -0 0.9898247 0.1422923 0 0.9898247 0.1422923 -0 0.9800768 0.1986183 -0 0.9800768 0.1986183 0 0.9671512 0.2542021 -0 0.9671512 0.2542021 -0 0.9510604 0.3090049 -0 0.931885 0.3627538 -0 0.9510604 0.3090049 0 0.9096344 0.4154097 -0 0.931885 0.3627538 -0 0.9096344 0.4154097 -0 0.884411 0.4667089 -0 0.884411 0.4667089 0 0.8563829 0.5163412 -0 0.825487 0.5644212 -0 0.8563829 0.5163412 0 0.825487 0.5644212 -0 0.7918856 0.6106694 -0 0.7557054 0.6549116 -0 0.7918856 0.6106694 0 0.7557054 0.6549116 -0 0.71713 0.6969394 -0 0.71713 0.6969394 0 0.6762292 0.7366913 0 0.6762292 0.7366913 -0 0.6329862 0.774163 0 0.6329862 0.774163 -0 0.5877904 0.8090133 0 0.5877904 0.8090133 -0 0.5406612 0.8412405 0 0.5406612 0.8412405 -0 0.4916812 0.8707753 0 0.4916812 0.8707753 -0 0.4412189 0.8973995 0 0.4412189 0.8973995 -0 0.3892938 0.9211137 -0 0.3892938 0.9211137 -0 0.3360704 0.9418369 0 0.3360704 0.9418369 -0 0.2817406 0.9594905 0 0.2817406 0.9594905 -0 0.2264815 0.9740155 0 0.2264815 0.9740155 -0 0.1705357 0.9853515 0 0.1705357 0.9853515 -0 0.1139577 0.9934856 0 0.1139577 0.9934856 -0 0.05710197 0.9983684 0 0.05710197 0.9983684 -0 0 1 0 0 1 -0 -0.05710197 0.9983684 0 -0.05710197 0.9983684 0 -0.1139577 0.9934856 0 -0.1139577 0.9934856 0 -0.1705357 0.9853515 0 -0.1705357 0.9853515 0 -0.2264815 0.9740155 0 -0.2264815 0.9740155 0 -0.2817406 0.9594905 0 -0.2817406 0.9594905 0 -0.3360704 0.9418369 0 -0.3360704 0.9418369 0 -0.3892938 0.9211137 0 -0.3892938 0.9211137 0 -0.4412189 0.8973995 0 -0.4412189 0.8973995 0 -0.4916812 0.8707753 0 -0.4916812 0.8707753 0 -0.5406612 0.8412405 0 -0.5406612 0.8412405 0 -0.5877904 0.8090133 0 -0.5877904 0.8090133 0 -0.6330237 0.7741324 0 -0.6330237 0.7741324 0 -0.6761531 0.7367611 0 -0.6761531 0.7367611 0 -0.71713 0.6969394 0 -0.71713 0.6969394 0 -0.7557433 0.6548681 0 -0.7557433 0.6548681 0 -0.7919226 0.6106216 0 -0.7919226 0.6106216 0 -0.825487 0.5644212 0 -0.825487 0.5644212 0 -0.8563492 0.5163972 0 -0.8563492 0.5163972 0 -0.884411 0.4667089 0 -0.9096344 0.4154097 0 -0.884411 0.4667089 0 -0.9096344 0.4154097 0 -0.931885 0.3627538 0 -0.931885 0.3627538 0 -0.951038 0.309074 0 -0.9671512 0.2542021 0 -0.951038 0.309074 0 -0.9800768 0.1986183 0 -0.9671512 0.2542021 0 -0.9800768 0.1986183 0 -0.9898247 0.1422923 0 -0.9898247 0.1422923 0 -0.9963319 0.08557218 0 -0.9963319 0.08557218 0 -0.9995924 0.02854888 0 -0.9995924 0.02854888 0</float_array>
          <technique_common>
            <accessor count="16580" source="#cubenormals-array0-array" stride="3">
              <param type="float" name="X"/>
              <param type="float" name="Y"/>
              <param type="float" name="Z"/>
            </accessor>
          </technique_common>
        </source>
        <vertices id="cubeverts-array0-vertices">
          <input semantic="POSITION" source="#cubeverts-array0"/>
        </vertices>
        <triangles count="16580" material="ref_Body">
          <input offset="0" semantic="VERTEX" source="#cubeverts-array0-vertices"/>
          <input offset="1" semantic="NORMAL" source="#cubenormals-array0"/>
          <p>0 0 1 0 2 0 2 1 1 1 3 1 4 2 5 2 6 2 6 3 7 3 4 3 4 4 8 4 5 4 7 5 9 5 4 5 4 6 10 6 8 6 9 7 11 7 4 7 4 8 12 8 10 8 11 9 13 9 4 9 4 10 14 10 12 10 13 11 15 11 4 11 4 12 16 12 14 12 15 13 17 13 4 13 4 14 18 14 16 14 17 15 19 15 4 15 4 16 20 16 18 16 19 17 21 17 4 17 4 18 22 18 20 18 21 19 23 19 4 19 4 20 24 20 22 20 23 21 25 21 4 21 4 22 26 22 24 22 25 23 27 23 4 23 4 24 28 24 26 24 27 25 29 25 4 25 4 26 30 26 28 26 29 27 31 27 4 27 4 28 32 28 30 28 4 29 33 29 34 29 31 30 33 30 4 30 4 31 35 31 32 31 33 32 36 32 34 32 4 33 37 33 35 33 34 34 38 34 39 34 36 35 38 35 34 35 4 36 40 36 37 36 39 37 41 37 42 37 38 38 41 38 39 38 4 39 43 39 40 39 41 40 44 40 42 40 42 41 44 41 45 41 4 42 46 42 43 42 45 43 47 43 48 43 44 44 47 44 45 44 4 45 49 45 46 45 48 46 50 46 51 46 47 47 50 47 48 47 4 48 52 48 49 48 51 49 53 49 54 49 50 50 53 50 51 50 4 51 55 51 52 51 54 52 56 52 57 52 57 53 56 53 58 53 53 54 56 54 54 54 4 55 59 55 55 55 56 56 60 56 58 56 58 57 60 57 61 57 4 58 62 58 59 58 60 59 63 59 61 59 61 60 63 60 64 60 64 61 63 61 65 61 65 62 66 62 67 62 67 63 66 63 68 63 68 64 66 64 69 64 63 65 66 65 65 65 69 66 70 66 71 66 71 67 70 67 72 67 66 68 70 68 69 68 72 69 73 69 74 69 74 70 73 70 75 70 75 71 73 71 76 71 76 72 73 72 77 72 70 73 73 73 72 73 77 74 78 74 79 74 79 75 78 75 80 75 80 76 78 76 81 76 81 77 78 77 82 77 73 78 78 78 77 78 82 79 83 79 84 79 84 80 83 80 85 80 85 81 83 81 86 81 86 82 83 82 87 82 87 83 83 83 88 83 78 84 83 84 82 84 88 85 89 85 90 85 90 86 89 86 91 86 83 87 89 87 88 87 89 88 92 88 91 88 92 89 93 89 91 89 91 90 94 90 95 90 95 91 96 91 91 91 91 92 97 92 94 92 96 93 98 93 91 93 91 94 99 94 97 94 98 95 100 95 91 95 91 96 101 96 99 96 100 97 102 97 91 97 91 98 103 98 101 98 102 99 104 99 91 99 91 100 105 100 103 100 104 101 106 101 91 101 91 102 107 102 105 102 106 103 108 103 91 103 91 104 109 104 107 104 108 105 110 105 91 105 91 106 111 106 109 106 110 107 112 107 91 107 91 108 113 108 111 108 112 109 114 109 91 109 91 110 115 110 113 110 114 111 116 111 91 111 91 112 117 112 115 112 116 113 118 113 91 113 91 114 119 114 117 114 118 115 120 115 91 115 91 116 121 116 119 116 120 117 122 117 91 117 91 118 123 118 121 118 122 119 124 119 91 119 91 120 125 120 123 120 91 121 126 121 125 121 91 122 127 122 126 122 91 123 128 123 127 123 91 124 129 124 128 124 130 125 131 125 132 125 133 126 131 126 130 126 132 127 134 127 130 127 135 128 134 128 136 128 130 129 134 129 135 129 133 130 137 130 131 130 138 131 137 131 133 131 134 132 139 132 136 132 136 133 139 133 140 133 138 134 141 134 137 134 142 135 141 135 138 135 140 136 143 136 144 136 139 137 143 137 140 137 142 138 145 138 141 138 146 139 145 139 142 139 143 140 147 140 144 140 146 141 148 141 145 141 149 142 148 142 146 142 144 143 150 143 151 143 147 144 150 144 144 144 149 145 152 145 148 145 153 146 152 146 149 146 154 147 155 147 156 147 151 148 155 148 154 148 150 149 155 149 151 149 157 150 158 150 153 150 153 151 158 151 152 151 155 152 159 152 156 152 157 153 160 153 158 153 91 154 160 154 129 154 129 155 160 155 157 155 159 156 161 156 156 156 162 157 161 157 163 157 156 158 161 158 162 158 91 159 164 159 160 159 161 160 165 160 163 160 163 161 165 161 166 161 91 162 167 162 164 162 165 163 168 163 166 163 91 164 169 164 167 164 168 165 170 165 166 165 166 166 170 166 171 166 91 167 172 167 169 167 170 168 173 168 171 168 171 169 173 169 174 169 91 170 175 170 172 170 173 171 176 171 174 171 177 172 176 172 178 172 174 173 176 173 177 173 91 174 179 174 175 174 176 175 180 175 178 175 91 176 181 176 179 176 180 177 182 177 178 177 178 178 182 178 183 178 91 179 184 179 181 179 93 180 184 180 91 180 182 181 185 181 183 181 186 182 185 182 187 182 183 183 185 183 186 183 188 184 189 184 93 184 93 185 189 185 184 185 185 186 190 186 187 186 188 187 191 187 189 187 192 188 191 188 188 188 190 189 193 189 187 189 194 190 193 190 195 190 187 191 193 191 194 191 196 192 197 192 192 192 192 193 197 193 191 193 193 194 198 194 195 194 195 195 198 195 199 195 200 196 201 196 196 196 196 197 201 197 197 197 198 198 202 198 199 198 199 199 202 199 203 199 204 200 205 200 200 200 200 201 205 201 201 201 202 202 206 202 203 202 207 203 208 203 204 203 204 204 208 204 205 204 206 205 209 205 203 205 203 206 209 206 210 206 211 207 212 207 207 207 207 208 212 208 208 208 209 209 213 209 210 209 210 210 213 210 214 210 215 211 216 211 211 211 211 212 216 212 212 212 214 213 217 213 218 213 213 214 217 214 214 214 219 215 220 215 215 215 215 216 220 216 216 216 218 217 221 217 222 217 217 218 221 218 218 218 223 219 224 219 219 219 219 220 224 220 220 220 221 221 225 221 222 221 226 222 225 222 227 222 222 223 225 223 226 223 228 224 229 224 223 224 223 225 229 225 224 225 225 226 230 226 227 226 228 227 231 227 229 227 232 228 233 228 234 228 227 229 233 229 232 229 230 230 233 230 227 230 233 231 235 231 234 231 236 232 237 232 238 232 234 233 237 233 236 233 235 234 237 234 234 234 237 235 239 235 238 235 240 236 241 236 242 236 238 237 241 237 240 237 239 238 241 238 238 238 241 239 243 239 242 239 244 240 245 240 246 240 242 241 245 241 244 241 243 242 245 242 242 242 245 243 247 243 246 243 247 244 248 244 246 244 246 245 248 245 249 245 250 246 251 246 252 246 253 247 251 247 250 247 254 248 251 248 253 248 255 249 251 249 254 249 256 250 251 250 255 250 257 251 251 251 256 251 258 252 251 252 257 252 259 253 251 253 258 253 260 254 251 254 259 254 261 255 251 255 260 255 262 256 251 256 261 256 263 257 251 257 262 257 264 258 251 258 263 258 265 259 251 259 264 259 266 260 251 260 265 260 267 261 251 261 266 261 268 262 251 262 267 262 269 263 251 263 268 263 270 264 251 264 269 264 271 265 251 265 270 265 272 266 251 266 271 266 273 267 274 267 275 267 276 268 277 268 273 268 273 269 277 269 274 269 275 270 278 270 279 270 274 271 278 271 275 271 276 272 280 272 277 272 281 273 280 273 276 273 279 274 282 274 283 274 278 275 282 275 279 275 281 276 284 276 280 276 252 277 284 277 281 277 251 278 284 278 252 278 282 279 285 279 283 279 283 280 285 280 286 280 251 281 287 281 284 281 286 282 288 282 289 282 285 283 288 283 286 283 251 284 290 284 287 284 289 285 291 285 292 285 288 286 291 286 289 286 251 287 293 287 290 287 292 288 294 288 295 288 291 289 294 289 292 289 251 290 296 290 293 290 294 291 297 291 295 291 295 292 297 292 298 292 251 293 299 293 296 293 298 294 300 294 301 294 297 295 300 295 298 295 251 296 302 296 299 296 301 297 303 297 304 297 300 298 303 298 301 298 251 299 305 299 302 299 304 300 306 300 307 300 303 301 306 301 304 301 251 302 308 302 305 302 307 303 309 303 310 303 306 304 309 304 307 304 251 305 311 305 308 305 310 306 312 306 313 306 309 307 312 307 310 307 251 308 314 308 311 308 312 309 315 309 313 309 313 310 315 310 316 310 251 311 317 311 314 311 316 312 318 312 228 312 315 313 318 313 316 313 251 314 319 314 317 314 231 315 320 315 321 315 318 316 320 316 228 316 228 317 320 317 231 317 251 318 322 318 319 318 321 319 323 319 324 319 320 320 323 320 321 320 251 321 325 321 322 321 323 322 326 322 324 322 251 323 327 323 325 323 251 324 328 324 327 324 251 325 329 325 328 325 251 326 330 326 329 326 251 327 331 327 330 327 251 328 332 328 331 328 251 329 333 329 332 329 251 330 334 330 333 330 251 331 335 331 334 331 251 332 336 332 335 332 251 333 337 333 336 333 251 334 338 334 337 334 251 335 339 335 338 335 251 336 340 336 339 336 251 337 341 337 340 337 251 338 342 338 341 338 251 339 343 339 342 339 251 340 344 340 343 340 251 341 345 341 344 341 251 342 346 342 345 342 251 343 347 343 346 343 251 344 348 344 347 344 251 345 349 345 348 345 251 346 350 346 349 346 251 347 351 347 350 347 251 348 352 348 351 348 251 349 353 349 352 349 251 350 354 350 353 350 251 351 355 351 354 351 124 352 356 352 91 352 357 353 356 353 124 353 358 354 356 354 357 354 359 355 356 355 358 355 360 356 356 356 359 356 361 357 356 357 360 357 362 358 356 358 361 358 363 359 356 359 362 359 364 360 356 360 363 360 365 361 356 361 364 361 366 362 356 362 365 362 367 363 356 363 366 363 368 364 369 364 370 364 371 365 372 365 368 365 368 366 372 366 369 366 370 367 373 367 374 367 369 368 373 368 370 368 375 369 376 369 371 369 371 370 376 370 372 370 374 371 377 371 367 371 373 372 377 372 374 372 367 373 377 373 356 373 375 374 378 374 376 374 379 375 378 375 375 375 377 376 380 376 356 376 379 377 381 377 378 377 382 378 381 378 379 378 380 379 383 379 356 379 382 380 384 380 381 380 385 381 384 381 382 381 383 382 386 382 356 382 385 383 387 383 384 383 388 384 387 384 385 384 386 385 389 385 356 385 388 386 390 386 387 386 391 387 390 387 388 387 389 388 392 388 356 388 391 389 393 389 390 389 394 390 393 390 391 390 392 391 395 391 356 391 396 392 397 392 394 392 394 393 397 393 393 393 395 394 398 394 356 394 396 395 399 395 397 395 400 396 399 396 396 396 398 397 401 397 356 397 400 398 402 398 399 398 403 399 402 399 400 399 401 400 404 400 356 400 403 401 405 401 402 401 406 402 405 402 403 402 404 403 407 403 356 403 408 404 409 404 406 404 406 405 409 405 405 405 407 406 410 406 356 406 411 407 412 407 408 407 408 408 412 408 409 408 410 409 413 409 356 409 414 410 415 410 411 410 411 411 415 411 412 411 413 412 416 412 356 412 417 413 418 413 414 413 414 414 418 414 415 414 416 415 419 415 356 415 419 416 420 416 356 416 420 417 421 417 356 417 421 418 422 418 356 418 422 419 423 419 356 419 423 420 424 420 356 420 424 421 425 421 356 421 425 422 426 422 356 422 426 423 427 423 356 423 427 424 428 424 356 424 428 425 429 425 356 425 429 426 430 426 356 426 430 427 431 427 356 427 431 428 432 428 356 428 432 429 433 429 356 429 433 430 434 430 356 430 434 431 435 431 356 431 435 432 436 432 356 432 436 433 437 433 356 433 437 434 438 434 356 434 438 435 439 435 356 435 439 436 440 436 356 436 440 437 441 437 356 437 441 438 442 438 356 438 442 439 443 439 356 439 443 440 444 440 356 440 444 441 445 441 356 441 446 442 447 442 448 442 448 443 447 443 449 443 448 444 450 444 451 444 449 445 450 445 448 445 446 446 452 446 447 446 453 447 452 447 446 447 451 448 454 448 455 448 450 449 454 449 451 449 456 450 457 450 453 450 453 451 457 451 452 451 455 452 458 452 459 452 454 453 458 453 455 453 456 454 460 454 457 454 461 455 460 455 456 455 459 456 462 456 463 456 458 457 462 457 459 457 461 458 464 458 460 458 465 459 464 459 461 459 466 460 464 460 465 460 462 461 467 461 463 461 463 462 467 462 468 462 466 463 469 463 464 463 467 464 470 464 468 464 468 465 470 465 471 465 472 466 473 466 466 466 466 467 473 467 469 467 474 468 475 468 476 468 471 469 475 469 474 469 470 470 475 470 471 470 472 471 477 471 473 471 478 472 477 472 472 472 479 473 477 473 478 473 475 474 480 474 476 474 479 475 481 475 477 475 476 476 482 476 483 476 480 477 482 477 476 477 484 478 485 478 479 478 479 479 485 479 481 479 483 480 486 480 326 480 326 481 486 481 324 481 482 482 486 482 483 482 324 483 486 483 487 483 488 484 489 484 484 484 490 485 489 485 488 485 484 486 489 486 485 486 486 487 491 487 487 487 487 488 491 488 492 488 490 489 493 489 489 489 491 490 494 490 492 490 492 491 494 491 495 491 490 492 496 492 493 492 497 493 496 493 490 493 498 494 496 494 497 494 494 495 499 495 495 495 495 496 499 496 500 496 498 497 501 497 496 497 499 498 502 498 500 498 500 499 502 499 503 499 498 500 504 500 501 500 505 501 504 501 498 501 506 502 504 502 505 502 502 503 507 503 503 503 503 504 507 504 508 504 506 505 509 505 504 505 508 506 510 506 511 506 507 507 510 507 508 507 512 508 513 508 506 508 506 509 513 509 509 509 511 510 514 510 515 510 510 511 514 511 511 511 516 512 517 512 512 512 512 513 517 513 513 513 514 514 518 514 515 514 515 515 518 515 519 515 520 516 521 516 516 516 516 517 521 517 517 517 518 518 522 518 519 518 519 519 522 519 523 519 520 520 524 520 521 520 525 521 524 521 520 521 522 522 526 522 523 522 523 523 526 523 527 523 528 524 529 524 530 524 531 525 529 525 528 525 531 526 532 526 529 526 529 527 533 527 530 527 530 528 533 528 534 528 531 529 535 529 532 529 536 530 535 530 531 530 533 531 537 531 534 531 536 532 538 532 535 532 539 533 538 533 536 533 537 534 540 534 534 534 541 535 540 535 542 535 534 536 540 536 541 536 525 537 543 537 524 537 544 538 543 538 525 538 539 539 545 539 538 539 546 540 545 540 539 540 540 541 547 541 542 541 546 542 548 542 545 542 549 543 548 543 546 543 526 544 550 544 527 544 527 545 550 545 551 545 547 546 552 546 542 546 553 547 552 547 554 547 542 548 552 548 553 548 555 549 556 549 549 549 549 550 556 550 548 550 552 551 557 551 554 551 554 552 557 552 558 552 559 553 560 553 544 553 544 554 560 554 543 554 561 555 562 555 555 555 555 556 562 556 556 556 557 557 563 557 558 557 558 558 563 558 564 558 565 559 566 559 561 559 561 560 566 560 562 560 550 561 567 561 551 561 551 562 567 562 568 562 563 563 569 563 564 563 570 564 571 564 565 564 565 565 571 565 566 565 559 566 572 566 560 566 573 567 572 567 559 567 569 568 574 568 564 568 575 569 574 569 576 569 564 570 574 570 575 570 577 571 578 571 570 571 570 572 578 572 571 572 567 573 579 573 568 573 568 574 579 574 580 574 574 575 581 575 576 575 573 576 582 576 572 576 583 577 582 577 573 577 584 578 585 578 577 578 418 579 585 579 584 579 577 580 585 580 578 580 581 581 586 581 576 581 576 582 586 582 587 582 579 583 588 583 580 583 580 584 588 584 589 584 417 585 590 585 418 585 249 586 590 586 417 586 418 587 590 587 585 587 586 588 591 588 587 588 592 589 591 589 593 589 587 590 591 590 592 590 583 591 594 591 582 591 595 592 594 592 583 592 248 593 596 593 249 593 249 594 596 594 590 594 597 595 596 595 248 595 588 596 598 596 589 596 589 597 598 597 599 597 591 598 600 598 593 598 601 599 602 599 597 599 597 600 602 600 596 600 595 601 603 601 594 601 604 602 603 602 595 602 605 603 603 603 604 603 600 604 606 604 593 604 593 605 606 605 607 605 599 606 608 606 609 606 598 607 608 607 599 607 601 608 610 608 602 608 611 609 610 609 601 609 605 610 612 610 603 610 613 611 614 611 615 611 607 612 614 612 613 612 606 613 614 613 607 613 616 614 617 614 611 614 611 615 617 615 610 615 609 616 618 616 619 616 608 617 618 617 609 617 615 618 620 618 621 618 614 619 620 619 615 619 605 620 622 620 612 620 623 621 622 621 605 621 616 622 624 622 617 622 625 623 624 623 616 623 618 624 626 624 619 624 619 625 626 625 627 625 620 626 628 626 621 626 623 627 629 627 622 627 630 628 629 628 623 628 631 629 629 629 630 629 625 630 632 630 624 630 633 631 632 631 625 631 626 632 634 632 627 632 627 633 634 633 635 633 628 634 636 634 621 634 637 635 636 635 638 635 621 636 636 636 637 636 633 637 639 637 632 637 640 638 639 638 633 638 631 639 641 639 629 639 636 640 642 640 638 640 640 641 643 641 639 641 644 642 643 642 640 642 631 643 645 643 641 643 646 644 645 644 631 644 647 645 645 645 646 645 642 646 648 646 638 646 649 647 648 647 650 647 638 648 648 648 649 648 644 649 651 649 643 649 652 650 651 650 644 650 647 651 653 651 645 651 648 652 654 652 650 652 652 653 655 653 651 653 656 654 655 654 652 654 647 655 657 655 653 655 658 656 657 656 647 656 654 657 659 657 650 657 650 658 659 658 660 658 656 659 661 659 655 659 662 660 661 660 656 660 658 661 663 661 657 661 664 662 663 662 658 662 659 663 665 663 660 663 660 664 665 664 666 664 662 665 667 665 661 665 668 666 667 666 662 666 669 667 670 667 664 667 664 668 670 668 663 668 665 669 671 669 666 669 666 670 671 670 672 670 668 671 673 671 667 671 674 672 673 672 668 672 669 673 675 673 670 673 676 674 675 674 669 674 671 675 677 675 672 675 678 676 677 676 679 676 672 677 677 677 678 677 355 678 680 678 676 678 676 679 680 679 675 679 251 680 680 680 355 680 674 681 681 681 673 681 682 682 681 682 674 682 677 683 683 683 679 683 684 684 685 684 682 684 682 685 685 685 681 685 679 686 686 686 687 686 683 687 686 687 679 687 688 688 689 688 684 688 684 689 689 689 685 689 690 690 691 690 692 690 687 691 691 691 690 691 686 692 691 692 687 692 693 693 694 693 688 693 688 694 694 694 689 694 691 695 695 695 692 695 693 696 696 696 694 696 697 697 696 697 693 697 695 698 698 698 692 698 692 699 698 699 699 699 697 700 700 700 696 700 698 701 701 701 699 701 699 702 701 702 702 702 701 703 703 703 702 703 702 704 703 704 704 704 703 705 705 705 704 705 706 706 705 706 707 706 704 707 705 707 706 707 705 708 708 708 707 708 707 709 708 709 709 709 708 710 710 710 709 710 634 711 711 711 635 711 712 712 711 712 634 712 713 713 711 713 712 713 714 714 711 714 713 714 251 715 711 715 680 715 715 716 711 716 714 716 716 717 711 717 717 717 718 718 711 718 715 718 719 719 711 719 716 719 720 720 711 720 718 720 721 721 711 721 719 721 722 722 711 722 720 722 723 723 711 723 721 723 724 724 711 724 722 724 725 725 711 725 723 725 726 726 711 726 724 726 727 727 711 727 725 727 728 728 711 728 726 728 729 729 711 729 727 729 730 730 711 730 728 730 731 731 711 731 729 731 717 732 711 732 730 732 732 733 711 733 731 733 733 734 711 734 732 734 734 735 711 735 733 735 735 736 711 736 734 736 736 737 711 737 735 737 737 738 711 738 736 738 738 739 711 739 737 739 739 740 711 740 738 740 740 741 711 741 739 741 741 742 711 742 740 742 742 743 711 743 741 743 743 744 711 744 744 744 745 745 711 745 742 745 635 746 711 746 743 746 746 747 711 747 745 747 747 748 711 748 746 748 748 749 711 749 747 749 749 750 711 750 748 750 750 751 711 751 749 751 751 752 711 752 750 752 752 753 711 753 751 753 753 754 711 754 752 754 754 755 711 755 753 755 755 756 711 756 754 756 756 757 711 757 755 757 680 758 711 758 756 758 757 759 758 759 445 759 759 760 758 760 757 760 760 761 758 761 759 761 761 762 758 762 760 762 709 763 758 763 761 763 762 764 758 764 763 764 764 765 758 765 762 765 765 766 758 766 764 766 766 767 758 767 710 767 767 768 758 768 765 768 768 769 758 769 766 769 769 770 758 770 767 770 770 771 758 771 768 771 771 772 758 772 769 772 772 773 758 773 770 773 773 774 758 774 771 774 774 775 758 775 772 775 775 776 758 776 773 776 763 777 758 777 774 777 776 778 758 778 775 778 777 779 758 779 776 779 778 780 758 780 777 780 779 781 758 781 778 781 780 782 758 782 779 782 781 783 758 783 780 783 445 784 758 784 356 784 782 785 758 785 781 785 783 786 758 786 782 786 784 787 758 787 783 787 785 788 758 788 784 788 786 789 758 789 785 789 787 790 758 790 786 790 788 791 758 791 787 791 789 792 758 792 788 792 790 793 758 793 789 793 791 794 758 794 790 794 792 795 758 795 791 795 793 796 758 796 792 796 710 797 758 797 709 797 794 798 758 798 793 798 795 799 758 799 794 799 796 800 758 800 795 800 797 801 758 801 796 801 272 802 798 802 251 802 758 803 799 803 800 803 800 804 801 804 758 804 758 805 802 805 799 805 801 806 803 806 758 806 758 807 804 807 802 807 803 808 805 808 758 808 758 809 806 809 804 809 805 810 807 810 758 810 758 811 808 811 806 811 807 812 809 812 758 812 758 813 810 813 808 813 809 814 811 814 758 814 758 815 812 815 810 815 811 816 813 816 758 816 758 817 814 817 812 817 813 818 815 818 758 818 758 819 816 819 814 819 815 820 817 820 758 820 758 821 818 821 816 821 817 822 819 822 758 822 797 823 820 823 758 823 758 824 820 824 818 824 819 825 821 825 758 825 797 826 822 826 820 826 823 827 822 827 797 827 821 828 824 828 758 828 823 829 825 829 822 829 826 830 825 830 823 830 824 831 827 831 758 831 826 832 828 832 825 832 829 833 828 833 826 833 827 834 830 834 758 834 829 835 831 835 828 835 832 836 831 836 829 836 830 837 833 837 758 837 832 838 834 838 831 838 835 839 834 839 832 839 833 840 836 840 758 840 835 841 837 841 834 841 838 842 837 842 835 842 836 843 839 843 758 843 838 844 840 844 837 844 841 845 840 845 838 845 839 846 842 846 758 846 700 847 843 847 841 847 841 848 843 848 840 848 842 849 844 849 758 849 844 850 845 850 758 850 845 851 846 851 758 851 846 852 847 852 758 852 847 853 848 853 758 853 848 854 849 854 758 854 849 855 850 855 758 855 850 856 851 856 758 856 851 857 852 857 758 857 852 858 853 858 758 858 798 859 854 859 855 859 855 860 856 860 798 860 798 861 857 861 854 861 856 862 858 862 798 862 798 863 859 863 857 863 858 864 860 864 798 864 798 865 861 865 859 865 860 866 862 866 798 866 798 867 863 867 861 867 862 868 864 868 798 868 798 869 865 869 863 869 864 870 866 870 798 870 798 871 867 871 865 871 866 872 868 872 798 872 798 873 869 873 867 873 868 874 870 874 798 874 798 875 871 875 869 875 870 876 872 876 798 876 798 877 873 877 871 877 872 878 874 878 798 878 798 879 875 879 873 879 874 880 876 880 798 880 798 881 877 881 875 881 876 882 878 882 798 882 798 883 879 883 877 883 878 884 880 884 798 884 798 885 881 885 879 885 880 886 882 886 798 886 798 887 883 887 881 887 882 888 884 888 798 888 798 889 885 889 883 889 884 890 886 890 798 890 798 891 887 891 885 891 886 892 888 892 798 892 798 893 889 893 887 893 888 894 890 894 798 894 798 895 891 895 889 895 798 896 892 896 891 896 798 897 893 897 892 897 798 898 894 898 893 898 798 899 895 899 894 899 798 900 896 900 895 900 798 901 897 901 896 901 272 902 898 902 798 902 899 903 900 903 272 903 901 904 900 904 899 904 272 905 900 905 898 905 898 906 902 906 798 906 901 907 903 907 900 907 904 908 903 908 901 908 902 909 905 909 798 909 904 910 906 910 903 910 905 911 907 911 798 911 904 912 908 912 906 912 62 913 908 913 904 913 907 914 909 914 798 914 909 915 910 915 798 915 910 916 911 916 798 916 911 917 912 917 798 917 912 918 913 918 798 918 913 919 914 919 798 919 914 920 915 920 798 920 915 921 916 921 798 921 916 922 917 922 798 922 917 923 918 923 798 923 918 924 919 924 798 924 919 925 920 925 798 925 920 926 921 926 798 926 921 927 922 927 798 927 922 928 923 928 798 928 923 929 924 929 798 929 924 930 925 930 798 930 798 931 926 931 897 931 925 932 926 932 798 932 926 933 927 933 897 933 897 934 927 934 928 934 928 935 929 935 930 935 927 936 929 936 928 936 930 937 931 937 932 937 929 938 931 938 930 938 931 939 933 939 932 939 932 940 933 940 934 940 933 941 935 941 934 941 934 942 935 942 936 942 935 943 937 943 936 943 936 944 937 944 938 944 937 945 939 945 938 945 938 946 939 946 940 946 939 947 941 947 940 947 940 948 941 948 942 948 941 949 943 949 942 949 942 950 943 950 944 950 943 951 945 951 944 951 944 952 945 952 946 952 945 953 947 953 946 953 946 954 947 954 948 954 947 955 949 955 948 955 948 956 949 956 950 956 949 957 951 957 950 957 950 958 951 958 952 958 951 959 953 959 952 959 952 960 953 960 954 960 953 961 955 961 954 961 954 962 955 962 956 962 955 963 957 963 956 963 956 964 957 964 958 964 957 965 959 965 958 965 958 966 959 966 960 966 960 967 961 967 962 967 959 968 961 968 960 968 62 969 963 969 908 969 4 970 963 970 62 970 964 971 963 971 965 971 966 972 963 972 964 972 967 973 963 973 966 973 968 974 963 974 967 974 969 975 963 975 968 975 970 976 963 976 969 976 971 977 963 977 970 977 972 978 963 978 971 978 973 979 963 979 972 979 974 980 963 980 973 980 975 981 963 981 974 981 976 982 963 982 975 982 977 983 963 983 976 983 978 984 963 984 977 984 979 985 963 985 978 985 980 986 963 986 979 986 981 987 963 987 980 987 982 988 963 988 981 988 983 989 963 989 982 989 984 990 963 990 983 990 985 991 963 991 984 991 986 992 963 992 985 992 987 993 963 993 986 993 988 994 963 994 987 994 989 995 963 995 988 995 990 996 963 996 989 996 991 997 963 997 990 997 992 998 963 998 991 998 993 999 963 999 992 999 994 1000 963 1000 993 1000 995 1001 963 1001 994 1001 996 1002 963 1002 995 1002 997 1003 963 1003 996 1003 998 1004 963 1004 997 1004 999 1005 963 1005 998 1005 1000 1006 963 1006 999 1006 908 1007 963 1007 1000 1007 963 1008 1001 1008 965 1008 963 1009 1002 1009 1001 1009 1003 1010 1002 1010 1004 1010 1001 1011 1002 1011 1003 1011 1005 1012 1006 1012 1007 1012 1005 1013 1008 1013 1006 1013 1009 1014 1008 1014 1005 1014 1010 1015 1008 1015 1009 1015 1006 1016 1011 1016 1007 1016 1010 1017 1012 1017 1008 1017 1007 1018 1013 1018 1014 1018 1011 1019 1013 1019 1007 1019 1010 1020 1015 1020 1012 1020 1016 1021 1015 1021 1010 1021 1017 1022 1015 1022 1016 1022 1018 1023 1019 1023 1020 1023 1014 1024 1019 1024 1018 1024 1013 1025 1019 1025 1014 1025 1017 1026 1021 1026 1015 1026 1020 1027 1022 1027 1023 1027 1019 1028 1022 1028 1020 1028 1024 1029 1025 1029 1017 1029 1017 1030 1025 1030 1021 1030 1022 1031 1026 1031 1023 1031 1027 1032 1028 1032 1024 1032 1024 1033 1028 1033 1025 1033 1026 1034 1029 1034 1023 1034 1023 1035 1029 1035 1030 1035 1027 1036 1031 1036 1028 1036 1032 1037 1031 1037 1027 1037 1033 1038 1031 1038 1032 1038 1034 1039 1035 1039 1036 1039 1030 1040 1035 1040 1034 1040 1029 1041 1035 1041 1030 1041 1033 1042 1037 1042 1031 1042 1038 1043 1037 1043 1033 1043 1035 1044 1039 1044 1036 1044 1038 1045 1040 1045 1037 1045 1036 1046 1041 1046 890 1046 1039 1047 1041 1047 1036 1047 1042 1048 1043 1048 1038 1048 1044 1049 1043 1049 1042 1049 1038 1050 1043 1050 1040 1050 1044 1051 1045 1051 1043 1051 1046 1052 1045 1052 1044 1052 1046 1053 1047 1053 1045 1053 1002 1054 1048 1054 1004 1054 1004 1055 1048 1055 1049 1055 1050 1056 1051 1056 1046 1056 1052 1057 1051 1057 1050 1057 1046 1058 1051 1058 1047 1058 1052 1059 1053 1059 1051 1059 1054 1060 1055 1060 1052 1060 1052 1061 1055 1061 1053 1061 1056 1062 1057 1062 1054 1062 1058 1063 1057 1063 1056 1063 1054 1064 1057 1064 1055 1064 1058 1065 1059 1065 1057 1065 1060 1066 1061 1066 1058 1066 1058 1067 1061 1067 1059 1067 1062 1068 1063 1068 1060 1068 1060 1069 1063 1069 1061 1069 1064 1070 1065 1070 1062 1070 1062 1071 1065 1071 1063 1071 1066 1072 1067 1072 1064 1072 1064 1073 1067 1073 1065 1073 1066 1074 1068 1074 1067 1074 1069 1075 1068 1075 1066 1075 1070 1076 1071 1076 1069 1076 1069 1077 1071 1077 1068 1077 1070 1078 1072 1078 1071 1078 1073 1079 1072 1079 1070 1079 1074 1080 1075 1080 1073 1080 1076 1081 1075 1081 1074 1081 1073 1082 1075 1082 1072 1082 1076 1083 1077 1083 1075 1083 1078 1084 1079 1084 1076 1084 1076 1085 1079 1085 1077 1085 1080 1086 1081 1086 1078 1086 1082 1087 1081 1087 1080 1087 1078 1088 1081 1088 1079 1088 1082 1089 1083 1089 1081 1089 1049 1090 1084 1090 1085 1090 1048 1091 1084 1091 1049 1091 1082 1092 1086 1092 1083 1092 1087 1093 1086 1093 1082 1093 1088 1094 1089 1094 1087 1094 1087 1095 1089 1095 1086 1095 1090 1096 1091 1096 1088 1096 1088 1097 1091 1097 1089 1097 1092 1098 1093 1098 1090 1098 1094 1099 1093 1099 1092 1099 1090 1100 1093 1100 1091 1100 1095 1101 1096 1101 1094 1101 1094 1102 1096 1102 1093 1102 1097 1103 1098 1103 1095 1103 1095 1104 1098 1104 1096 1104 1099 1105 1100 1105 1097 1105 1097 1106 1100 1106 1098 1106 1099 1107 1101 1107 1100 1107 1102 1108 1101 1108 1099 1108 1102 1109 1103 1109 1101 1109 1104 1110 1105 1110 1106 1110 1106 1111 1105 1111 1107 1111 1106 1112 1108 1112 1109 1112 1107 1113 1108 1113 1106 1113 1104 1114 1110 1114 1105 1114 1111 1115 1110 1115 1104 1115 1109 1116 1112 1116 1113 1116 1108 1117 1112 1117 1109 1117 1114 1118 1115 1118 1111 1118 1116 1119 1115 1119 1114 1119 1111 1120 1115 1120 1110 1120 1113 1121 1117 1121 1118 1121 1112 1122 1117 1122 1113 1122 1116 1123 1119 1123 1115 1123 1120 1124 1121 1124 1122 1124 1118 1125 1121 1125 1120 1125 1117 1126 1121 1126 1118 1126 1123 1127 1124 1127 1116 1127 1116 1128 1124 1128 1119 1128 1121 1129 1125 1129 1122 1129 1126 1130 1127 1130 1123 1130 1123 1131 1127 1131 1124 1131 1122 1132 1128 1132 1129 1132 1125 1133 1128 1133 1122 1133 1130 1134 1131 1134 1126 1134 1126 1135 1131 1135 1127 1135 1128 1136 1132 1136 1129 1136 1129 1137 1132 1137 1133 1137 1134 1138 1135 1138 1130 1138 1130 1139 1135 1139 1131 1139 1132 1140 1136 1140 1133 1140 1133 1141 1136 1141 1137 1141 843 1142 1138 1142 1134 1142 700 1143 1138 1143 843 1143 1134 1144 1138 1144 1135 1144 1136 1145 1139 1145 1137 1145 1137 1146 1139 1146 1140 1146 697 1147 1141 1147 700 1147 700 1148 1141 1148 1138 1148 1085 1149 1142 1149 1143 1149 1084 1150 1142 1150 1085 1150 1139 1151 1144 1151 1140 1151 1145 1152 1144 1152 1146 1152 1140 1153 1144 1153 1145 1153 697 1154 1147 1154 1141 1154 1148 1155 1147 1155 697 1155 1146 1156 1149 1156 1150 1156 1144 1157 1149 1157 1146 1157 1148 1158 1151 1158 1147 1158 1152 1159 1151 1159 1148 1159 1149 1160 1153 1160 1150 1160 1152 1161 1154 1161 1151 1161 1155 1162 1154 1162 1152 1162 1153 1163 1156 1163 1150 1163 1150 1164 1156 1164 1157 1164 1155 1165 1158 1165 1154 1165 711 1166 1158 1166 744 1166 744 1167 1158 1167 1155 1167 1156 1168 1159 1168 1157 1168 1160 1169 1159 1169 1161 1169 1157 1170 1159 1170 1160 1170 1162 1171 1163 1171 1041 1171 1164 1172 1163 1172 1162 1172 1165 1173 1163 1173 1164 1173 1166 1174 1163 1174 1165 1174 1167 1175 1163 1175 1166 1175 890 1176 1163 1176 798 1176 1168 1177 1163 1177 1167 1177 1169 1178 1163 1178 1168 1178 1170 1179 1163 1179 1169 1179 1171 1180 1163 1180 1170 1180 1172 1181 1163 1181 1171 1181 1173 1182 1163 1182 1172 1182 1174 1183 1163 1183 1173 1183 1175 1184 1163 1184 1174 1184 1176 1185 1163 1185 1175 1185 1177 1186 1163 1186 1176 1186 1178 1187 1163 1187 1177 1187 1179 1188 1163 1188 1178 1188 1180 1189 1163 1189 1179 1189 1181 1190 1163 1190 1180 1190 1182 1191 1163 1191 1181 1191 1183 1192 1163 1192 1182 1192 1184 1193 1163 1193 1183 1193 1185 1194 1163 1194 1184 1194 1186 1195 1163 1195 1185 1195 1187 1196 1163 1196 1188 1196 1189 1197 1163 1197 1186 1197 1190 1198 1163 1198 1187 1198 1041 1199 1163 1199 890 1199 1191 1200 1163 1200 1189 1200 1192 1201 1163 1201 1190 1201 1193 1202 1163 1202 1191 1202 1194 1203 1163 1203 1192 1203 1195 1204 1163 1204 1193 1204 1196 1205 1163 1205 1194 1205 1197 1206 1163 1206 1195 1206 1198 1207 1163 1207 1196 1207 1199 1208 1163 1208 1197 1208 1200 1209 1163 1209 1198 1209 1201 1210 1163 1210 1199 1210 1202 1211 1163 1211 1200 1211 1188 1212 1163 1212 1201 1212 1203 1213 1163 1213 1202 1213 1204 1214 1163 1214 1203 1214 1205 1215 1163 1215 1204 1215 1206 1216 1163 1216 1205 1216 711 1217 1207 1217 1158 1217 1159 1218 1208 1218 1161 1218 711 1219 1209 1219 1207 1219 1208 1220 1210 1220 1161 1220 1211 1221 1210 1221 1212 1221 1161 1222 1210 1222 1211 1222 711 1223 1213 1223 1209 1223 1210 1224 1214 1224 1212 1224 1212 1225 1214 1225 1215 1225 711 1226 1216 1226 1213 1226 1214 1227 1217 1227 1215 1227 711 1228 1218 1228 1216 1228 1219 1229 1220 1229 1221 1229 1215 1230 1220 1230 1219 1230 1217 1231 1220 1231 1215 1231 711 1232 1222 1232 1218 1232 1220 1233 1223 1233 1221 1233 711 1234 1224 1234 1222 1234 1223 1235 1225 1235 1221 1235 1221 1236 1225 1236 1226 1236 711 1237 1227 1237 1224 1237 1225 1238 1228 1238 1226 1238 1229 1239 1228 1239 1230 1239 1226 1240 1228 1240 1229 1240 711 1241 1231 1241 1227 1241 1228 1242 1232 1242 1230 1242 711 1243 1233 1243 1231 1243 1232 1244 1234 1244 1230 1244 1230 1245 1234 1245 1235 1245 711 1246 1236 1246 1233 1246 1234 1247 1237 1247 1235 1247 1235 1248 1237 1248 1238 1248 711 1249 1239 1249 1236 1249 1237 1250 1240 1250 1238 1250 1241 1251 1240 1251 1242 1251 1238 1252 1240 1252 1241 1252 711 1253 1243 1253 1239 1253 1240 1254 1244 1254 1242 1254 1242 1255 1244 1255 1245 1255 711 1256 1246 1256 1243 1256 1244 1257 1247 1257 1245 1257 711 1258 1248 1258 1246 1258 1247 1259 1249 1259 1245 1259 1245 1260 1249 1260 1250 1260 1143 1261 1251 1261 1252 1261 1142 1262 1251 1262 1143 1262 711 1263 1253 1263 1248 1263 1249 1264 1254 1264 1250 1264 1255 1265 1254 1265 1256 1265 1250 1266 1254 1266 1255 1266 711 1267 1257 1267 1253 1267 1256 1268 1258 1268 1259 1268 1254 1269 1258 1269 1256 1269 711 1270 1260 1270 1257 1270 1258 1271 1261 1271 1259 1271 711 1272 1262 1272 1260 1272 1259 1273 1263 1273 1264 1273 1261 1274 1263 1274 1259 1274 1163 1275 1265 1275 711 1275 711 1276 1265 1276 1262 1276 1264 1277 1266 1277 1267 1277 1263 1278 1266 1278 1264 1278 1266 1279 1268 1279 1267 1279 1267 1280 1268 1280 1269 1280 1252 1281 1270 1281 1271 1281 1251 1282 1270 1282 1252 1282 1271 1283 1272 1283 1273 1283 1270 1284 1272 1284 1271 1284 1272 1285 1274 1285 1273 1285 1273 1286 1275 1286 1276 1286 1274 1287 1275 1287 1273 1287 1276 1288 1277 1288 1278 1288 1275 1289 1277 1289 1276 1289 1277 1290 1279 1290 1278 1290 1278 1291 1280 1291 1281 1291 1279 1292 1280 1292 1278 1292 1280 1293 1282 1293 1281 1293 0 1294 1283 1294 1284 1294 1284 1295 1285 1295 0 1295 0 1296 1286 1296 1283 1296 1285 1297 1287 1297 0 1297 0 1298 1288 1298 1286 1298 1287 1299 1289 1299 0 1299 0 1300 1290 1300 1288 1300 1289 1301 1291 1301 0 1301 0 1302 1292 1302 1290 1302 1291 1303 1293 1303 0 1303 0 1304 1294 1304 1292 1304 1293 1305 1295 1305 0 1305 0 1306 1296 1306 1294 1306 1295 1307 1297 1307 0 1307 0 1308 1298 1308 1296 1308 1297 1309 1299 1309 0 1309 0 1310 1300 1310 1298 1310 1299 1311 1301 1311 0 1311 0 1312 1302 1312 1300 1312 1301 1313 1303 1313 0 1313 0 1314 1304 1314 1302 1314 1303 1315 1305 1315 0 1315 0 1316 1306 1316 1304 1316 1305 1317 1307 1317 0 1317 0 1318 1308 1318 1306 1318 1307 1319 1309 1319 0 1319 0 1320 1310 1320 1308 1320 1309 1321 1311 1321 0 1321 0 1322 1312 1322 1310 1322 1311 1323 1313 1323 0 1323 1313 1324 1314 1324 0 1324 1314 1325 1315 1325 0 1325 1315 1326 1316 1326 0 1326 1316 1327 1317 1327 0 1327 1317 1328 1318 1328 0 1328 1318 1329 1319 1329 0 1329 1319 1330 1320 1330 0 1330 1320 1331 1321 1331 0 1331 1321 1332 1322 1332 0 1332 1322 1333 1323 1333 0 1333 1282 1334 1324 1334 1281 1334 1281 1335 1325 1335 1326 1335 1324 1336 1325 1336 1281 1336 0 1337 1327 1337 1312 1337 1328 1338 1327 1338 1329 1338 1330 1339 1327 1339 1328 1339 1331 1340 1327 1340 1330 1340 1332 1341 1327 1341 1331 1341 1312 1342 1327 1342 1332 1342 1325 1343 1333 1343 1326 1343 1334 1344 1335 1344 1336 1344 1336 1345 1335 1345 1337 1345 1336 1346 1338 1346 1339 1346 1337 1347 1338 1347 1336 1347 1334 1348 1340 1348 1335 1348 1341 1349 1340 1349 1334 1349 1338 1350 1342 1350 1339 1350 1339 1351 1342 1351 1343 1351 1341 1352 1344 1352 1340 1352 1345 1353 1344 1353 1341 1353 1342 1354 1346 1354 1343 1354 1343 1355 1346 1355 1347 1355 1348 1356 1349 1356 1345 1356 1345 1357 1349 1357 1344 1357 1346 1358 1350 1358 1347 1358 1347 1359 1350 1359 1351 1359 1348 1360 1352 1360 1349 1360 1353 1361 1352 1361 1348 1361 1350 1362 1354 1362 1351 1362 1355 1363 1354 1363 1356 1363 1351 1364 1354 1364 1355 1364 1357 1365 1358 1365 1353 1365 1359 1366 1358 1366 1357 1366 1353 1367 1358 1367 1352 1367 1354 1368 1360 1368 1356 1368 1359 1369 1361 1369 1358 1369 1360 1370 1362 1370 1356 1370 1363 1371 1362 1371 1364 1371 1356 1372 1362 1372 1363 1372 1327 1373 1365 1373 1329 1373 1329 1374 1365 1374 1359 1374 1359 1375 1365 1375 1361 1375 1362 1376 1366 1376 1364 1376 1327 1377 1367 1377 1365 1377 1366 1378 1368 1378 1364 1378 1364 1379 1368 1379 1369 1379 1327 1380 1370 1380 1367 1380 1368 1381 1371 1381 1369 1381 1369 1382 1371 1382 1372 1382 1327 1383 1373 1383 1370 1383 1371 1384 1374 1384 1372 1384 1375 1385 1374 1385 1376 1385 1372 1386 1374 1386 1375 1386 1327 1387 1377 1387 1373 1387 1374 1388 1378 1388 1376 1388 1327 1389 1379 1389 1377 1389 1376 1390 1380 1390 1381 1390 1378 1391 1380 1391 1376 1391 1327 1392 1382 1392 1379 1392 1380 1393 1383 1393 1381 1393 1384 1394 1383 1394 1385 1394 1381 1395 1383 1395 1384 1395 1327 1396 1386 1396 1382 1396 1383 1397 1387 1397 1385 1397 1327 1398 1388 1398 1386 1398 1387 1399 1389 1399 1385 1399 1390 1400 1389 1400 1391 1400 1385 1401 1389 1401 1390 1401 1327 1402 1392 1402 1388 1402 1389 1403 1393 1403 1391 1403 1327 1404 1394 1404 1392 1404 1391 1405 1395 1405 1396 1405 1393 1406 1395 1406 1391 1406 1327 1407 1397 1407 1394 1407 1395 1408 1398 1408 1396 1408 1396 1409 1398 1409 1399 1409 1327 1410 1400 1410 1397 1410 1398 1411 1401 1411 1399 1411 1399 1412 1401 1412 1402 1412 1327 1413 1403 1413 1400 1413 1401 1414 1404 1414 1402 1414 1402 1415 1404 1415 1405 1415 1327 1416 1406 1416 1403 1416 1404 1417 1407 1417 1405 1417 1408 1418 1407 1418 1409 1418 1405 1419 1407 1419 1408 1419 1333 1420 1410 1420 1326 1420 1326 1421 1410 1421 1411 1421 1327 1422 1412 1422 1406 1422 1409 1423 1413 1423 1414 1423 1407 1424 1413 1424 1409 1424 1327 1425 1415 1425 1412 1425 1413 1426 1416 1426 1414 1426 1327 1427 1417 1427 1415 1427 1414 1428 1418 1428 1419 1428 1416 1429 1418 1429 1414 1429 1327 1430 1420 1430 1417 1430 1418 1431 1421 1431 1419 1431 1419 1432 1421 1432 1422 1432 1327 1433 1423 1433 1420 1433 1421 1434 1424 1434 1422 1434 1425 1435 1424 1435 1426 1435 1422 1436 1424 1436 1425 1436 1327 1437 1427 1437 1423 1437 1424 1438 1428 1438 1426 1438 1426 1439 1428 1439 1429 1439 1327 1440 1430 1440 1427 1440 1428 1441 1431 1441 1429 1441 1327 1442 1432 1442 1430 1442 1431 1443 1433 1443 1429 1443 1429 1444 1433 1444 1434 1444 1327 1445 1435 1445 1432 1445 1433 1446 1436 1446 1434 1446 1434 1447 1436 1447 1437 1447 1327 1448 1438 1448 1435 1448 1436 1449 1439 1449 1437 1449 1440 1450 1439 1450 1441 1450 1437 1451 1439 1451 1440 1451 1327 1452 1442 1452 1438 1452 1439 1453 1443 1453 1441 1453 1441 1454 1443 1454 1444 1454 1327 1455 1445 1455 1442 1455 1443 1456 1446 1456 1444 1456 1327 1457 1447 1457 1445 1457 1446 1458 1448 1458 1444 1458 1444 1459 1448 1459 1449 1459 1327 1460 1450 1460 1447 1460 1451 1461 1452 1461 1453 1461 1449 1462 1452 1462 1451 1462 1448 1463 1452 1463 1449 1463 1327 1464 1454 1464 1450 1464 1452 1465 1455 1465 1453 1465 1453 1466 1455 1466 1456 1466 1327 1467 1457 1467 1454 1467 1456 1468 1458 1468 1459 1468 1455 1469 1458 1469 1456 1469 1327 1470 1460 1470 1457 1470 1458 1471 1461 1471 1459 1471 1327 1472 1462 1472 1460 1472 1327 1473 1463 1473 1462 1473 1327 1474 1464 1474 1463 1474 1327 1475 1465 1475 1464 1475 1327 1476 1466 1476 1465 1476 1410 1477 1467 1477 1411 1477 758 1478 1468 1478 1327 1478 853 1479 1468 1479 758 1479 1327 1480 1468 1480 1469 1480 1469 1481 1470 1481 1327 1481 853 1482 1471 1482 1468 1482 1472 1483 1471 1483 853 1483 1473 1484 1471 1484 1472 1484 1470 1485 1474 1485 1327 1485 1473 1486 1475 1486 1471 1486 1474 1487 1476 1487 1327 1487 1477 1488 1478 1488 1473 1488 1473 1489 1478 1489 1475 1489 1479 1490 1478 1490 1477 1490 1476 1491 1480 1491 1327 1491 1479 1492 1481 1492 1478 1492 1480 1493 1482 1493 1327 1493 1479 1494 1483 1494 1481 1494 1484 1495 1483 1495 1479 1495 1482 1496 1485 1496 1327 1496 1484 1497 1486 1497 1483 1497 1487 1498 1486 1498 1484 1498 1485 1499 1488 1499 1327 1499 1487 1500 1489 1500 1486 1500 1490 1501 1489 1501 1487 1501 1488 1502 1491 1502 1327 1502 1490 1503 1492 1503 1489 1503 1493 1504 1492 1504 1490 1504 1494 1505 1492 1505 1493 1505 1467 1506 1495 1506 1411 1506 1491 1507 1496 1507 1327 1507 1494 1508 1497 1508 1492 1508 1498 1509 1497 1509 1494 1509 1496 1510 1499 1510 1327 1510 1498 1511 1500 1511 1497 1511 1499 1512 1501 1512 1327 1512 1498 1513 1502 1513 1500 1513 1503 1514 1502 1514 1498 1514 1504 1515 1502 1515 1503 1515 1501 1516 1505 1516 1327 1516 1504 1517 1506 1517 1502 1517 1505 1518 1507 1518 1327 1518 1508 1519 1509 1519 1504 1519 1504 1520 1509 1520 1506 1520 1507 1521 1510 1521 1327 1521 1511 1522 1512 1522 1508 1522 1513 1523 1512 1523 1511 1523 1508 1524 1512 1524 1509 1524 1510 1525 1514 1525 1327 1525 1513 1526 1515 1526 1512 1526 1514 1527 1516 1527 1327 1527 1517 1528 1518 1528 1513 1528 1519 1529 1518 1529 1517 1529 1513 1530 1518 1530 1515 1530 1516 1531 1520 1531 1327 1531 1519 1532 1521 1532 1518 1532 1520 1533 1522 1533 1327 1533 1519 1534 1523 1534 1521 1534 1524 1535 1523 1535 1519 1535 1269 1536 1523 1536 1524 1536 1522 1537 1525 1537 1327 1537 1269 1538 1526 1538 1523 1538 1525 1539 1527 1539 1327 1539 1527 1540 1528 1540 1327 1540 1528 1541 1529 1541 1327 1541 1529 1542 1530 1542 1327 1542 1530 1543 1531 1543 1327 1543 1531 1544 1532 1544 1327 1544 1532 1545 1533 1545 1327 1545 1533 1546 1534 1546 1327 1546 1534 1547 1535 1547 1327 1547 1535 1548 1536 1548 1327 1548 1536 1549 1537 1549 1327 1549 1537 1550 1538 1550 1327 1550 1495 1551 1539 1551 1411 1551 1538 1552 1540 1552 1327 1552 1540 1553 1541 1553 1327 1553 1541 1554 1542 1554 1327 1554 1542 1555 1543 1555 1327 1555 1543 1556 1544 1556 1327 1556 1544 1557 1545 1557 1327 1557 1545 1558 1546 1558 1327 1558 1327 1559 1546 1559 1466 1559 1466 1560 1547 1560 1548 1560 1546 1561 1547 1561 1466 1561 1547 1562 1549 1562 1548 1562 1548 1563 1549 1563 1550 1563 1550 1564 1551 1564 1552 1564 1549 1565 1551 1565 1550 1565 1552 1566 1553 1566 1554 1566 1551 1567 1553 1567 1552 1567 1553 1568 1555 1568 1554 1568 1554 1569 1555 1569 1556 1569 1555 1570 1557 1570 1556 1570 1556 1571 1557 1571 1558 1571 1558 1572 1559 1572 1560 1572 1557 1573 1559 1573 1558 1573 1560 1574 1561 1574 1562 1574 1559 1575 1561 1575 1560 1575 1411 1576 1563 1576 1564 1576 1539 1577 1563 1577 1411 1577 1563 1578 1565 1578 1564 1578 1565 1579 1566 1579 1564 1579 1566 1580 1567 1580 1564 1580 1564 1581 1568 1581 1569 1581 1567 1582 1568 1582 1564 1582 1568 1583 1570 1583 1569 1583 1570 1584 1571 1584 1569 1584 1571 1585 1572 1585 1569 1585 1573 1586 1574 1586 1575 1586 1575 1587 1574 1587 1576 1587 1575 1588 1577 1588 1578 1588 1576 1589 1577 1589 1575 1589 1579 1590 1580 1590 1573 1590 1573 1591 1580 1591 1574 1591 1578 1592 1581 1592 1582 1592 1577 1593 1581 1593 1578 1593 1583 1594 1584 1594 1579 1594 1579 1595 1584 1595 1580 1595 1582 1596 1585 1596 1586 1596 1581 1597 1585 1597 1582 1597 1587 1598 1588 1598 1583 1598 1583 1599 1588 1599 1584 1599 1589 1600 1590 1600 1591 1600 1586 1601 1590 1601 1589 1601 1585 1602 1590 1602 1586 1602 1592 1603 1593 1603 1587 1603 1587 1604 1593 1604 1588 1604 1591 1605 1594 1605 1595 1605 1590 1606 1594 1606 1591 1606 1596 1607 1597 1607 1592 1607 1592 1608 1597 1608 1593 1608 1594 1609 1598 1609 1595 1609 1599 1610 1600 1610 1596 1610 1596 1611 1600 1611 1597 1611 1601 1612 1602 1612 1603 1612 1595 1613 1602 1613 1601 1613 1598 1614 1602 1614 1595 1614 1269 1615 1604 1615 1526 1615 1526 1616 1604 1616 1599 1616 1599 1617 1604 1617 1600 1617 1268 1618 1604 1618 1269 1618 1603 1619 1605 1619 1606 1619 1602 1620 1605 1620 1603 1620 1607 1621 1608 1621 1268 1621 1609 1622 1608 1622 1607 1622 1268 1623 1608 1623 1604 1623 1605 1624 1610 1624 1606 1624 1609 1625 1611 1625 1608 1625 1606 1626 1612 1626 1613 1626 1610 1627 1612 1627 1606 1627 1614 1628 1615 1628 1609 1628 1609 1629 1615 1629 1611 1629 1613 1630 1616 1630 1617 1630 1612 1631 1616 1631 1613 1631 1618 1632 1619 1632 1614 1632 1620 1633 1619 1633 1618 1633 1614 1634 1619 1634 1615 1634 1617 1635 1621 1635 1622 1635 1616 1636 1621 1636 1617 1636 1620 1637 1623 1637 1619 1637 1622 1638 1624 1638 1625 1638 1621 1639 1624 1639 1622 1639 1620 1640 1626 1640 1623 1640 1627 1641 1626 1641 1628 1641 1628 1642 1626 1642 1620 1642 1625 1643 1629 1643 1630 1643 1624 1644 1629 1644 1625 1644 1627 1645 1631 1645 1626 1645 1630 1646 1632 1646 1633 1646 1629 1647 1632 1647 1630 1647 1627 1648 1634 1648 1631 1648 1635 1649 1634 1649 1627 1649 1632 1650 1636 1650 1633 1650 1633 1651 1636 1651 1637 1651 1638 1652 1639 1652 1635 1652 1635 1653 1639 1653 1634 1653 1636 1654 1640 1654 1637 1654 1637 1655 1640 1655 1641 1655 1638 1656 1642 1656 1639 1656 1643 1657 1642 1657 1638 1657 1644 1658 1642 1658 1643 1658 1640 1659 1645 1659 1641 1659 1641 1660 1645 1660 1646 1660 1644 1661 1647 1661 1642 1661 1645 1662 1648 1662 1646 1662 1649 1663 1648 1663 1650 1663 1646 1664 1648 1664 1649 1664 1644 1665 1651 1665 1647 1665 1652 1666 1651 1666 1644 1666 1648 1667 1653 1667 1650 1667 1572 1668 1654 1668 1569 1668 1652 1669 1655 1669 1651 1669 1656 1670 1655 1670 1652 1670 1657 1671 1655 1671 1656 1671 1653 1672 1658 1672 1650 1672 1650 1673 1658 1673 1659 1673 1657 1674 1660 1674 1655 1674 1658 1675 1661 1675 1659 1675 1662 1676 1661 1676 1663 1676 1659 1677 1661 1677 1662 1677 1664 1678 1665 1678 1657 1678 1657 1679 1665 1679 1660 1679 1661 1680 1666 1680 1663 1680 1667 1681 1668 1681 1664 1681 1669 1682 1668 1682 1667 1682 1664 1683 1668 1683 1665 1683 1666 1684 1670 1684 1663 1684 1671 1685 1670 1685 1672 1685 1663 1686 1670 1686 1671 1686 1669 1687 1673 1687 1668 1687 1670 1688 1674 1688 1672 1688 1675 1689 1676 1689 1669 1689 1669 1690 1676 1690 1673 1690 1674 1691 1677 1691 1672 1691 1672 1692 1677 1692 1678 1692 1679 1693 1680 1693 1675 1693 1681 1694 1680 1694 1679 1694 1675 1695 1680 1695 1676 1695 1677 1696 1682 1696 1678 1696 1678 1697 1682 1697 1683 1697 1681 1698 1684 1698 1680 1698 1685 1699 1686 1699 1687 1699 1683 1700 1686 1700 1685 1700 1682 1701 1686 1701 1683 1701 1688 1702 1689 1702 1681 1702 1681 1703 1689 1703 1684 1703 1690 1704 1689 1704 1688 1704 1686 1705 1691 1705 1687 1705 1690 1706 1692 1706 1689 1706 1691 1707 1693 1707 1687 1707 1694 1708 1693 1708 1695 1708 1687 1709 1693 1709 1694 1709 1690 1710 1696 1710 1692 1710 1697 1711 1696 1711 1690 1711 1693 1712 1698 1712 1695 1712 1697 1713 1699 1713 1696 1713 1700 1714 1699 1714 1697 1714 1698 1715 1701 1715 1695 1715 1695 1716 1701 1716 1702 1716 1700 1717 1703 1717 1699 1717 1704 1718 1703 1718 1700 1718 1701 1719 1705 1719 1702 1719 1702 1720 1705 1720 1706 1720 1705 1721 1707 1721 1706 1721 1708 1722 1707 1722 1709 1722 1706 1723 1707 1723 1708 1723 1707 1724 1710 1724 1709 1724 1709 1725 1710 1725 1561 1725 1710 1726 1711 1726 1561 1726 1561 1727 1711 1727 1562 1727 1569 1728 1712 1728 1713 1728 1654 1729 1712 1729 1569 1729 1711 1730 1714 1730 1562 1730 1712 1731 1715 1731 1713 1731 1716 1732 1717 1732 1718 1732 1713 1733 1717 1733 1716 1733 1715 1734 1717 1734 1713 1734 961 1735 1719 1735 962 1735 1720 1736 1721 1736 961 1736 961 1737 1721 1737 1719 1737 1719 1738 1722 1738 962 1738 962 1739 1722 1739 1723 1739 1724 1740 1725 1740 1720 1740 1720 1741 1725 1741 1721 1741 1722 1742 1726 1742 1723 1742 1723 1743 1726 1743 1102 1743 1102 1744 1726 1744 1103 1744 1727 1745 1728 1745 1724 1745 1724 1746 1728 1746 1725 1746 1726 1747 1729 1747 1103 1747 1103 1748 1729 1748 1730 1748 1727 1749 1731 1749 1728 1749 1732 1750 1731 1750 1727 1750 1730 1751 1733 1751 1734 1751 1729 1752 1733 1752 1730 1752 1732 1753 1735 1753 1731 1753 1736 1754 1735 1754 1732 1754 1733 1755 1737 1755 1734 1755 1734 1756 1737 1756 1738 1756 1736 1757 1739 1757 1735 1757 1740 1758 1739 1758 1736 1758 1737 1759 1741 1759 1738 1759 1738 1760 1741 1760 1742 1760 1743 1761 1744 1761 1740 1761 1740 1762 1744 1762 1739 1762 1742 1763 1745 1763 1746 1763 1741 1764 1745 1764 1742 1764 1743 1765 1747 1765 1744 1765 1748 1766 1747 1766 1743 1766 1745 1767 1749 1767 1746 1767 1746 1768 1749 1768 1750 1768 1748 1769 1751 1769 1747 1769 1752 1770 1751 1770 1748 1770 1749 1771 1753 1771 1750 1771 1750 1772 1753 1772 1754 1772 1752 1773 1755 1773 1751 1773 1756 1774 1755 1774 1752 1774 1753 1775 1757 1775 1754 1775 1754 1776 1757 1776 1758 1776 1718 1777 1759 1777 1756 1777 1756 1778 1759 1778 1755 1778 1757 1779 1760 1779 1758 1779 1758 1780 1760 1780 1761 1780 1718 1781 1762 1781 1759 1781 1717 1782 1762 1782 1718 1782 1760 1783 1763 1783 1761 1783 1761 1784 1763 1784 1764 1784 1717 1785 1765 1785 1762 1785 1763 1786 1766 1786 1764 1786 1764 1787 1766 1787 1767 1787 1717 1788 1768 1788 1765 1788 1767 1789 1769 1789 1770 1789 1766 1790 1769 1790 1767 1790 1717 1791 1771 1791 1768 1791 1769 1792 1772 1792 1770 1792 1770 1793 1772 1793 1773 1793 1717 1794 1774 1794 1771 1794 1773 1795 1775 1795 1776 1795 1772 1796 1775 1796 1773 1796 1717 1797 1777 1797 1774 1797 1775 1798 1778 1798 1776 1798 1776 1799 1778 1799 1779 1799 1717 1800 1780 1800 1777 1800 1779 1801 1781 1801 1782 1801 1778 1802 1781 1802 1779 1802 1717 1803 1783 1803 1780 1803 1781 1804 1784 1804 1782 1804 1782 1805 1784 1805 1785 1805 1717 1806 1786 1806 1783 1806 1784 1807 1787 1807 1785 1807 1785 1808 1787 1808 1788 1808 1787 1809 1789 1809 1788 1809 1788 1810 1789 1810 1206 1810 1206 1811 1790 1811 1163 1811 1789 1812 1790 1812 1206 1812 1790 1813 1791 1813 1163 1813 1791 1814 1792 1814 1163 1814 1793 1815 1794 1815 1323 1815 1795 1816 1796 1816 1793 1816 1793 1817 1796 1817 1794 1817 1794 1818 1797 1818 1323 1818 1323 1819 1797 1819 0 1819 1798 1820 1799 1820 1795 1820 1795 1821 1799 1821 1796 1821 1797 1822 1800 1822 0 1822 1801 1823 1802 1823 1798 1823 1798 1824 1802 1824 1799 1824 1800 1825 1803 1825 0 1825 1801 1826 1804 1826 1802 1826 1805 1827 1804 1827 1801 1827 1803 1828 1806 1828 0 1828 1807 1829 1808 1829 1805 1829 1805 1830 1808 1830 1804 1830 1806 1831 1809 1831 0 1831 1810 1832 1811 1832 1807 1832 1807 1833 1811 1833 1808 1833 1809 1834 1812 1834 0 1834 1813 1835 1814 1835 1810 1835 1810 1836 1814 1836 1811 1836 1812 1837 1815 1837 0 1837 1816 1838 1817 1838 1813 1838 1813 1839 1817 1839 1814 1839 1815 1840 1818 1840 0 1840 1819 1841 1820 1841 1816 1841 1816 1842 1820 1842 1817 1842 1818 1843 1821 1843 0 1843 1822 1844 1823 1844 1819 1844 1819 1845 1823 1845 1820 1845 1821 1846 1824 1846 0 1846 1825 1847 1826 1847 1822 1847 1822 1848 1826 1848 1823 1848 1824 1849 1827 1849 0 1849 1828 1850 1829 1850 1825 1850 1825 1851 1829 1851 1826 1851 1827 1852 1830 1852 0 1852 1831 1853 1832 1853 1828 1853 1828 1854 1832 1854 1829 1854 1831 1855 1833 1855 1832 1855 1834 1856 1833 1856 1831 1856 1834 1857 1835 1857 1833 1857 1836 1858 1835 1858 1834 1858 1837 1859 1838 1859 1836 1859 1836 1860 1838 1860 1835 1860 1459 1861 1839 1861 1837 1861 1837 1862 1839 1862 1838 1862 1459 1863 1840 1863 1839 1863 1461 1864 1840 1864 1459 1864 1841 1865 1842 1865 1461 1865 1461 1866 1842 1866 1840 1866 1843 1867 1844 1867 1845 1867 1846 1868 1844 1868 1843 1868 1846 1869 1847 1869 1844 1869 1844 1870 1848 1870 1845 1870 1849 1871 1850 1871 1846 1871 1846 1872 1850 1872 1847 1872 1845 1873 1851 1873 1852 1873 1848 1874 1851 1874 1845 1874 1853 1875 1854 1875 1849 1875 1855 1876 1854 1876 1853 1876 1849 1877 1854 1877 1850 1877 1852 1878 1856 1878 1857 1878 1851 1879 1856 1879 1852 1879 1855 1880 1858 1880 1854 1880 1857 1881 1859 1881 1860 1881 1856 1882 1859 1882 1857 1882 1861 1883 1862 1883 1855 1883 1855 1884 1862 1884 1858 1884 1860 1885 1863 1885 1864 1885 1859 1886 1863 1886 1860 1886 1865 1887 1866 1887 1861 1887 1861 1888 1866 1888 1862 1888 1864 1889 1867 1889 1868 1889 1863 1890 1867 1890 1864 1890 1869 1891 1870 1891 1865 1891 1786 1892 1870 1892 1869 1892 1865 1893 1870 1893 1866 1893 1868 1894 1871 1894 1872 1894 1867 1895 1871 1895 1868 1895 1786 1896 1873 1896 1870 1896 1717 1897 1873 1897 1786 1897 1872 1898 1874 1898 1875 1898 1871 1899 1874 1899 1872 1899 1717 1900 1876 1900 1873 1900 1877 1901 1878 1901 1879 1901 1875 1902 1878 1902 1877 1902 1874 1903 1878 1903 1875 1903 1717 1904 1880 1904 1876 1904 1878 1905 1881 1905 1879 1905 1717 1906 1882 1906 1880 1906 1879 1907 1883 1907 1884 1907 1881 1908 1883 1908 1879 1908 1717 1909 1885 1909 1882 1909 1883 1910 1886 1910 1884 1910 1884 1911 1886 1911 1887 1911 1717 1912 1888 1912 1885 1912 1886 1913 1889 1913 1887 1913 1887 1914 1889 1914 1890 1914 1717 1915 1891 1915 1888 1915 1889 1916 1892 1916 1890 1916 1893 1917 1892 1917 1894 1917 1890 1918 1892 1918 1893 1918 1717 1919 1895 1919 1891 1919 1892 1920 1896 1920 1894 1920 1717 1921 1897 1921 1895 1921 1896 1922 1898 1922 1894 1922 1899 1923 1898 1923 1900 1923 1894 1924 1898 1924 1899 1924 1717 1925 1901 1925 1897 1925 1898 1926 1902 1926 1900 1926 1717 1927 1903 1927 1901 1927 1904 1928 1905 1928 1906 1928 1900 1929 1905 1929 1904 1929 1902 1930 1905 1930 1900 1930 1717 1931 1907 1931 1903 1931 1905 1932 1908 1932 1906 1932 1717 1933 1909 1933 1907 1933 1908 1934 1910 1934 1906 1934 1906 1935 1910 1935 1911 1935 1717 1936 1912 1936 1909 1936 1910 1937 1913 1937 1911 1937 1911 1938 1913 1938 1914 1938 1717 1939 1915 1939 1912 1939 1913 1940 1916 1940 1914 1940 1914 1941 1916 1941 1917 1941 1717 1942 1918 1942 1915 1942 1916 1943 1919 1943 1917 1943 1920 1944 1919 1944 1921 1944 1917 1945 1919 1945 1920 1945 1717 1946 1922 1946 1918 1946 1919 1947 1923 1947 1921 1947 1717 1948 1924 1948 1922 1948 1925 1949 1926 1949 1927 1949 1921 1950 1926 1950 1925 1950 1923 1951 1926 1951 1921 1951 1717 1952 1928 1952 1924 1952 1926 1953 1929 1953 1927 1953 1717 1954 1930 1954 1928 1954 1929 1955 1931 1955 1927 1955 1927 1956 1931 1956 1932 1956 1717 1957 1933 1957 1930 1957 1931 1958 1934 1958 1932 1958 1935 1959 1934 1959 1936 1959 1932 1960 1934 1960 1935 1960 1717 1961 1937 1961 1933 1961 1934 1962 1938 1962 1936 1962 1717 1963 1939 1963 1937 1963 1938 1964 1940 1964 1936 1964 1941 1965 1940 1965 1942 1965 1936 1966 1940 1966 1941 1966 1717 1967 1943 1967 1939 1967 1940 1968 1944 1968 1942 1968 1717 1969 1945 1969 1943 1969 1944 1970 1946 1970 1942 1970 1942 1971 1946 1971 1947 1971 1717 1972 1948 1972 1945 1972 1946 1973 1949 1973 1947 1973 1947 1974 1949 1974 1950 1974 1717 1975 1951 1975 1948 1975 1949 1976 1952 1976 1950 1976 1953 1977 1952 1977 1954 1977 1950 1978 1952 1978 1953 1978 1717 1979 1955 1979 1951 1979 1952 1980 1956 1980 1954 1980 1954 1981 1956 1981 1957 1981 1717 1982 1958 1982 1955 1982 1956 1983 1959 1983 1957 1983 1717 1984 1960 1984 1958 1984 1717 1985 1961 1985 1960 1985 1717 1986 1962 1986 1961 1986 1717 1987 1963 1987 1962 1987 1717 1988 1964 1988 1963 1988 1717 1989 1965 1989 1964 1989 1717 1990 1966 1990 1965 1990 1967 1991 1968 1991 1969 1991 1970 1992 1968 1992 1967 1992 1969 1993 1971 1993 1967 1993 1972 1994 1971 1994 1973 1994 1967 1995 1971 1995 1972 1995 1970 1996 1974 1996 1968 1996 1975 1997 1974 1997 1970 1997 1976 1998 1974 1998 1975 1998 1971 1999 1977 1999 1973 1999 1976 2000 1978 2000 1974 2000 1977 2001 1979 2001 1973 2001 1973 2002 1979 2002 1980 2002 1976 2003 1981 2003 1978 2003 1982 2004 1981 2004 1976 2004 1979 2005 1983 2005 1980 2005 1980 2006 1983 2006 1984 2006 1982 2007 1985 2007 1981 2007 1986 2008 1985 2008 1982 2008 1983 2009 1987 2009 1984 2009 1984 2010 1987 2010 1988 2010 1986 2011 1989 2011 1985 2011 1990 2012 1989 2012 1986 2012 1987 2013 1991 2013 1988 2013 1992 2014 1991 2014 1993 2014 1988 2015 1991 2015 1992 2015 1994 2016 1995 2016 1990 2016 1990 2017 1995 2017 1989 2017 1991 2018 1996 2018 1993 2018 1993 2019 1996 2019 1997 2019 1994 2020 1998 2020 1995 2020 1999 2021 1998 2021 1994 2021 1996 2022 2000 2022 1997 2022 1999 2023 2001 2023 1998 2023 1842 2024 2001 2024 1999 2024 1841 2025 2001 2025 1842 2025 1997 2026 2002 2026 2003 2026 2000 2027 2002 2027 1997 2027 2004 2028 2005 2028 1841 2028 1841 2029 2005 2029 2001 2029 2003 2030 2006 2030 2007 2030 2002 2031 2006 2031 2003 2031 2008 2032 2009 2032 2004 2032 2004 2033 2009 2033 2005 2033 2006 2034 2010 2034 2007 2034 2011 2035 2010 2035 2012 2035 2007 2036 2010 2036 2011 2036 2013 2037 2014 2037 2008 2037 2008 2038 2014 2038 2009 2038 2010 2039 2015 2039 2012 2039 2016 2040 2017 2040 2013 2040 2013 2041 2017 2041 2014 2041 2018 2042 2019 2042 2020 2042 2012 2043 2019 2043 2018 2043 2015 2044 2019 2044 2012 2044 2016 2045 2021 2045 2017 2045 2022 2046 2021 2046 2016 2046 2019 2047 2023 2047 2020 2047 2020 2048 2023 2048 2024 2048 2022 2049 2025 2049 2021 2049 2026 2050 2025 2050 2022 2050 2023 2051 2027 2051 2024 2051 2028 2052 2029 2052 2026 2052 2026 2053 2029 2053 2025 2053 2024 2054 2030 2054 2031 2054 2027 2055 2030 2055 2024 2055 2028 2056 2032 2056 2029 2056 2033 2057 2032 2057 2028 2057 2030 2058 2034 2058 2031 2058 2035 2059 2034 2059 2036 2059 2031 2060 2034 2060 2035 2060 2033 2061 2037 2061 2032 2061 2038 2062 2037 2062 2033 2062 2034 2063 2039 2063 2036 2063 2036 2064 2039 2064 2040 2064 2041 2065 2042 2065 2038 2065 2038 2066 2042 2066 2037 2066 2039 2067 2043 2067 2040 2067 2044 2068 2045 2068 2041 2068 2041 2069 2045 2069 2042 2069 2043 2070 2046 2070 2040 2070 2040 2071 2046 2071 2047 2071 2044 2072 2048 2072 2045 2072 2049 2073 2048 2073 2044 2073 2046 2074 2050 2074 2047 2074 2047 2075 2050 2075 2051 2075 2049 2076 2052 2076 2048 2076 2053 2077 2052 2077 2049 2077 2050 2078 2054 2078 2051 2078 2055 2079 2054 2079 2056 2079 2051 2080 2054 2080 2055 2080 2053 2081 2057 2081 2052 2081 2058 2082 2057 2082 2053 2082 2054 2083 2059 2083 2056 2083 2056 2084 2059 2084 2060 2084 2061 2085 2062 2085 2058 2085 2058 2086 2062 2086 2057 2086 2059 2087 2063 2087 2060 2087 2060 2088 2063 2088 2064 2088 2061 2089 2065 2089 2062 2089 2066 2090 2065 2090 2061 2090 2063 2091 2067 2091 2064 2091 2068 2092 2069 2092 2066 2092 2066 2093 2069 2093 2065 2093 2067 2094 2070 2094 2064 2094 2064 2095 2070 2095 2071 2095 2068 2096 2072 2096 2069 2096 1714 2097 2072 2097 1562 2097 2073 2098 2072 2098 1714 2098 1562 2099 2072 2099 2068 2099 2074 2100 2075 2100 2076 2100 2071 2101 2075 2101 2074 2101 2070 2102 2075 2102 2071 2102 2073 2103 2077 2103 2072 2103 2078 2104 2077 2104 2073 2104 2075 2105 2079 2105 2076 2105 2076 2106 2079 2106 2080 2106 2078 2107 2081 2107 2077 2107 2082 2108 2081 2108 2078 2108 2079 2109 2083 2109 2080 2109 2082 2110 2084 2110 2081 2110 2085 2111 2084 2111 2082 2111 2080 2112 2086 2112 2087 2112 2083 2113 2086 2113 2080 2113 2085 2114 2088 2114 2084 2114 2087 2115 2089 2115 2090 2115 2086 2116 2089 2116 2087 2116 2091 2117 2092 2117 2093 2117 2090 2118 2092 2118 2091 2118 2089 2119 2092 2119 2090 2119 2092 2120 2094 2120 2093 2120 2094 2121 2095 2121 2093 2121 2096 2122 2095 2122 2097 2122 2093 2123 2095 2123 2096 2123 2095 2124 2098 2124 2097 2124 2099 2125 1 2125 1830 2125 2100 2126 1 2126 2099 2126 2101 2127 1 2127 2100 2127 2102 2128 1 2128 2101 2128 2103 2129 1 2129 2102 2129 2104 2130 1 2130 2103 2130 2105 2131 1 2131 2104 2131 2106 2132 1 2132 2105 2132 2107 2133 1 2133 2106 2133 2108 2134 1 2134 2107 2134 2109 2135 1 2135 2108 2135 2110 2136 1 2136 2109 2136 2111 2137 1 2137 2110 2137 2112 2138 1 2138 2111 2138 2113 2139 1 2139 2112 2139 2114 2140 1 2140 2113 2140 2115 2141 1 2141 2114 2141 2116 2142 1 2142 2115 2142 2117 2143 1 2143 2116 2143 2118 2144 1 2144 2117 2144 2119 2145 1 2145 2118 2145 2120 2146 1 2146 2121 2146 2122 2147 1 2147 2119 2147 2123 2148 1 2148 2120 2148 2124 2149 1 2149 2122 2149 2125 2150 1 2150 2123 2150 2126 2151 1 2151 2124 2151 2127 2152 1 2152 2125 2152 2128 2153 1 2153 2126 2153 2129 2154 1 2154 2127 2154 2130 2155 1 2155 2128 2155 2097 2156 1 2156 2129 2156 2131 2157 1 2157 2130 2157 2132 2158 1 2158 2131 2158 2121 2159 1 2159 2132 2159 1830 2160 1 2160 0 2160 2133 2161 1 2161 2134 2161 2135 2162 1 2162 2133 2162 2136 2163 1 2163 2098 2163 2137 2164 1 2164 2136 2164 2138 2165 1 2165 2137 2165 2139 2166 1 2166 2138 2166 2098 2167 1 2167 2097 2167 2140 2168 1 2168 2139 2168 2134 2169 1 2169 2140 2169 1163 2170 2141 2170 2142 2170 2142 2171 2143 2171 1163 2171 1163 2172 2144 2172 2141 2172 2143 2173 2145 2173 1163 2173 1163 2174 2146 2174 2144 2174 2145 2175 2147 2175 1163 2175 1163 2176 2148 2176 2146 2176 2147 2177 2149 2177 1163 2177 1163 2178 2150 2178 2148 2178 2149 2179 2151 2179 1163 2179 1163 2180 2152 2180 2150 2180 1163 2181 2153 2181 1265 2181 1265 2182 2153 2182 2154 2182 2151 2183 2153 2183 1163 2183 1163 2184 2155 2184 2152 2184 2154 2185 2156 2185 2157 2185 2153 2186 2156 2186 2154 2186 1163 2187 2158 2187 2155 2187 2156 2188 2159 2188 2157 2188 1163 2189 2160 2189 2158 2189 2159 2190 2161 2190 2157 2190 2162 2191 2161 2191 2163 2191 2157 2192 2161 2192 2162 2192 1163 2193 2164 2193 2160 2193 2161 2194 2165 2194 2163 2194 2163 2195 2165 2195 2166 2195 1163 2196 2167 2196 2164 2196 2165 2197 2168 2197 2166 2197 2166 2198 2168 2198 2169 2198 1163 2199 2170 2199 2167 2199 2169 2200 2171 2200 2172 2200 2168 2201 2171 2201 2169 2201 1163 2202 2173 2202 2170 2202 2171 2203 2174 2203 2172 2203 1792 2204 2175 2204 1163 2204 2176 2205 2175 2205 1792 2205 1163 2206 2175 2206 2173 2206 2174 2207 2177 2207 2172 2207 2178 2208 2177 2208 2179 2208 2172 2209 2177 2209 2178 2209 2176 2210 2180 2210 2175 2210 2181 2211 2180 2211 2176 2211 2177 2212 2182 2212 2179 2212 2183 2213 2184 2213 2181 2213 2181 2214 2184 2214 2180 2214 2182 2215 2185 2215 2179 2215 2186 2216 2185 2216 2187 2216 2179 2217 2185 2217 2186 2217 2188 2218 2189 2218 2183 2218 2183 2219 2189 2219 2184 2219 2185 2220 2190 2220 2187 2220 2188 2221 2191 2221 2189 2221 2192 2222 2193 2222 2194 2222 2187 2223 2193 2223 2192 2223 2190 2224 2193 2224 2187 2224 2193 2225 2195 2225 2194 2225 2196 2226 2197 2226 2198 2226 2194 2227 2197 2227 2196 2227 2195 2228 2197 2228 2194 2228 2197 2229 2199 2229 2198 2229 2199 2230 2200 2230 2198 2230 2198 2231 2200 2231 1704 2231 2201 2232 2202 2232 2203 2232 2204 2233 2205 2233 2201 2233 2201 2234 2205 2234 2202 2234 2202 2235 2206 2235 2203 2235 2204 2236 2207 2236 2205 2236 2208 2237 2207 2237 2204 2237 2203 2238 2209 2238 2210 2238 2206 2239 2209 2239 2203 2239 2211 2240 2212 2240 2208 2240 2213 2241 2212 2241 2211 2241 2208 2242 2212 2242 2207 2242 2210 2243 2214 2243 2215 2243 2209 2244 2214 2244 2210 2244 2216 2245 2217 2245 2213 2245 2213 2246 2217 2246 2212 2246 2218 2247 2219 2247 2220 2247 2215 2248 2219 2248 2218 2248 2214 2249 2219 2249 2215 2249 2216 2250 2221 2250 2217 2250 2219 2251 2222 2251 2220 2251 2223 2252 2224 2252 2216 2252 2216 2253 2224 2253 2221 2253 2220 2254 2225 2254 2226 2254 2222 2255 2225 2255 2220 2255 2223 2256 2227 2256 2224 2256 2228 2257 2227 2257 2223 2257 2226 2258 2229 2258 2230 2258 2225 2259 2229 2259 2226 2259 2231 2260 2232 2260 2228 2260 2228 2261 2232 2261 2227 2261 2230 2262 2233 2262 2234 2262 2229 2263 2233 2263 2230 2263 2235 2264 2236 2264 2231 2264 2231 2265 2236 2265 2232 2265 2234 2266 2237 2266 2238 2266 2233 2267 2237 2267 2234 2267 2239 2268 2240 2268 2241 2268 2238 2269 2240 2269 2239 2269 2237 2270 2240 2270 2238 2270 2240 2271 2242 2271 2241 2271 2241 2272 2243 2272 2244 2272 2242 2273 2243 2273 2241 2273 2244 2274 2245 2274 2246 2274 2243 2275 2245 2275 2244 2275 2247 2276 2248 2276 2249 2276 2246 2277 2248 2277 2247 2277 2245 2278 2248 2278 2246 2278 2248 2279 2250 2279 2249 2279 2251 2280 2252 2280 2253 2280 2249 2281 2252 2281 2251 2281 2250 2282 2252 2282 2249 2282 2252 2283 2254 2283 2253 2283 2253 2284 2255 2284 2256 2284 2254 2285 2255 2285 2253 2285 2257 2286 2258 2286 2259 2286 2256 2287 2258 2287 2257 2287 2255 2288 2258 2288 2256 2288 2258 2289 2260 2289 2259 2289 2261 2290 2262 2290 2263 2290 2259 2291 2262 2291 2261 2291 2260 2292 2262 2292 2259 2292 2263 2293 2264 2293 2265 2293 2262 2294 2264 2294 2263 2294 2264 2295 2266 2295 2265 2295 2265 2296 2267 2296 2268 2296 2266 2297 2267 2297 2265 2297 2268 2298 2267 2298 2269 2298 2267 2299 2270 2299 2269 2299 2270 2300 2271 2300 2269 2300 2272 2301 2271 2301 2273 2301 2269 2302 2271 2302 2272 2302 2271 2303 2274 2303 2273 2303 2273 2304 2274 2304 2275 2304 2274 2305 2276 2305 2275 2305 2277 2306 2278 2306 2279 2306 2275 2307 2278 2307 2277 2307 2276 2308 2278 2308 2275 2308 2278 2309 2280 2309 2279 2309 2280 2310 2281 2310 2279 2310 2282 2311 2281 2311 2283 2311 2279 2312 2281 2312 2282 2312 2281 2313 2284 2313 2283 2313 2283 2314 2284 2314 2285 2314 2284 2315 2286 2315 2285 2315 2285 2316 2286 2316 2287 2316 2286 2317 2288 2317 2287 2317 2287 2318 2289 2318 2290 2318 2288 2319 2289 2319 2287 2319 2291 2320 2292 2320 2293 2320 2294 2321 2295 2321 2291 2321 2291 2322 2295 2322 2292 2322 2292 2323 2296 2323 2293 2323 2293 2324 2296 2324 2297 2324 2298 2325 2299 2325 2294 2325 2294 2326 2299 2326 2295 2326 2296 2327 2300 2327 2297 2327 2297 2328 2300 2328 2188 2328 2301 2329 2302 2329 2298 2329 2298 2330 2302 2330 2299 2330 2191 2331 2303 2331 2235 2331 2188 2332 2303 2332 2191 2332 2235 2333 2303 2333 2236 2333 2300 2334 2303 2334 2188 2334 2301 2335 2304 2335 2302 2335 2305 2336 2304 2336 2301 2336 2303 2337 2306 2337 2236 2337 2236 2338 2306 2338 2307 2338 2308 2339 2309 2339 2305 2339 2305 2340 2309 2340 2304 2340 2306 2341 2310 2341 2307 2341 2307 2342 2310 2342 2311 2342 2312 2343 2313 2343 2308 2343 2308 2344 2313 2344 2309 2344 2311 2345 2314 2345 2315 2345 2310 2346 2314 2346 2311 2346 2312 2347 2316 2347 2313 2347 2317 2348 2316 2348 2312 2348 2315 2349 2318 2349 2319 2349 2314 2350 2318 2350 2315 2350 2317 2351 2320 2351 2316 2351 2321 2352 2320 2352 2317 2352 2319 2353 2322 2353 2323 2353 2318 2354 2322 2354 2319 2354 2321 2355 2324 2355 2320 2355 2325 2356 2324 2356 2321 2356 2322 2357 2326 2357 2323 2357 2323 2358 2326 2358 2327 2358 2325 2359 2328 2359 2324 2359 2329 2360 2328 2360 2325 2360 2327 2361 2330 2361 2331 2361 2326 2362 2330 2362 2327 2362 2329 2363 2332 2363 2328 2363 2333 2364 2332 2364 2329 2364 2330 2365 2334 2365 2331 2365 2331 2366 2334 2366 2335 2366 2333 2367 2336 2367 2332 2367 2337 2368 2336 2368 2333 2368 2338 2369 2339 2369 2337 2369 2337 2370 2339 2370 2336 2370 2340 2371 2341 2371 2338 2371 2338 2372 2341 2372 2339 2372 1957 2373 2342 2373 2340 2373 1959 2374 2342 2374 1957 2374 2340 2375 2342 2375 2341 2375 2343 2376 2344 2376 1959 2376 1959 2377 2344 2377 2342 2377 2345 2378 2346 2378 2347 2378 2348 2379 2346 2379 2345 2379 2349 2380 2346 2380 2348 2380 2350 2381 2346 2381 2349 2381 2351 2382 2346 2382 2350 2382 2352 2383 2346 2383 2351 2383 2353 2384 2346 2384 2352 2384 2354 2385 2346 2385 2353 2385 2355 2386 2346 2386 2354 2386 2356 2387 2346 2387 2355 2387 2357 2388 2346 2388 2356 2388 2358 2389 2346 2389 2357 2389 2359 2390 2346 2390 2358 2390 2360 2391 2346 2391 2359 2391 2361 2392 2346 2392 2360 2392 2362 2393 2346 2393 2361 2393 2363 2394 2346 2394 2362 2394 2364 2395 2346 2395 2363 2395 2365 2396 2346 2396 2364 2396 2366 2397 2346 2397 2365 2397 2367 2398 2346 2398 2366 2398 2368 2399 2346 2399 2367 2399 2369 2400 2346 2400 2368 2400 2370 2401 2346 2401 2369 2401 2371 2402 2346 2402 2370 2402 2372 2403 2346 2403 2371 2403 2373 2404 2346 2404 2372 2404 2374 2405 2346 2405 2373 2405 2375 2406 2346 2406 2374 2406 2376 2407 2346 2407 2375 2407 2377 2408 2346 2408 2376 2408 2378 2409 2346 2409 2377 2409 2379 2410 2346 2410 2378 2410 2380 2411 2346 2411 2379 2411 2381 2412 2346 2412 2380 2412 2382 2413 2346 2413 2381 2413 2383 2414 2346 2414 2382 2414 2384 2415 2346 2415 2383 2415 2335 2416 2346 2416 2384 2416 2385 2417 2346 2417 2334 2417 2386 2418 2346 2418 2385 2418 2387 2419 2346 2419 2386 2419 2388 2420 2346 2420 2387 2420 2389 2421 2346 2421 2388 2421 2390 2422 2346 2422 2389 2422 2391 2423 2346 2423 2390 2423 2392 2424 2346 2424 2391 2424 2393 2425 2346 2425 2392 2425 2394 2426 2346 2426 2393 2426 2395 2427 2346 2427 2394 2427 2396 2428 2346 2428 2395 2428 2397 2429 2346 2429 2396 2429 2398 2430 2346 2430 2397 2430 2399 2431 2346 2431 2398 2431 2400 2432 2346 2432 2399 2432 2401 2433 2346 2433 2400 2433 2402 2434 2346 2434 2401 2434 2403 2435 2346 2435 2402 2435 2404 2436 2346 2436 2403 2436 2405 2437 2346 2437 2404 2437 2406 2438 2346 2438 2405 2438 2407 2439 2346 2439 2408 2439 2409 2440 2346 2440 2406 2440 2410 2441 2346 2441 2407 2441 2411 2442 2346 2442 2409 2442 2412 2443 2346 2443 2410 2443 2413 2444 2346 2444 2411 2444 2414 2445 2346 2445 2412 2445 2415 2446 2346 2446 2413 2446 2416 2447 2346 2447 2414 2447 2334 2448 2346 2448 2335 2448 2417 2449 2346 2449 2415 2449 2418 2450 2346 2450 2416 2450 2419 2451 2346 2451 2417 2451 2420 2452 2346 2452 2419 2452 2408 2453 2346 2453 2420 2453 2421 2454 2422 2454 2423 2454 2424 2455 2422 2455 2421 2455 2423 2456 2422 2456 2425 2456 2423 2457 2426 2457 2427 2457 2425 2458 2426 2458 2423 2458 2428 2459 2429 2459 2424 2459 2424 2460 2429 2460 2422 2460 2427 2461 2430 2461 2431 2461 2426 2462 2430 2462 2427 2462 2432 2463 2433 2463 2428 2463 2428 2464 2433 2464 2429 2464 2434 2465 2435 2465 2436 2465 2431 2466 2435 2466 2434 2466 2430 2467 2435 2467 2431 2467 2432 2468 2437 2468 2433 2468 2435 2469 2438 2469 2436 2469 2439 2470 2440 2470 2432 2470 2432 2471 2440 2471 2437 2471 2436 2472 2441 2472 2442 2472 2438 2473 2441 2473 2436 2473 2443 2474 2444 2474 2439 2474 2445 2475 2444 2475 2443 2475 2439 2476 2444 2476 2440 2476 2441 2477 2446 2477 2442 2477 2442 2478 2446 2478 2447 2478 2445 2479 2448 2479 2444 2479 2447 2480 2449 2480 2450 2480 2446 2481 2449 2481 2447 2481 2451 2482 2452 2482 2445 2482 2445 2483 2452 2483 2448 2483 2450 2484 2453 2484 2454 2484 2449 2485 2453 2485 2450 2485 2455 2486 2456 2486 2451 2486 2451 2487 2456 2487 2452 2487 2454 2488 2457 2488 2458 2488 2453 2489 2457 2489 2454 2489 2459 2490 2460 2490 2455 2490 2455 2491 2460 2491 2456 2491 2458 2492 2461 2492 2462 2492 2457 2493 2461 2493 2458 2493 2463 2494 2464 2494 2459 2494 2344 2495 2464 2495 2463 2495 2459 2496 2464 2496 2460 2496 2461 2497 2465 2497 2462 2497 2466 2498 2465 2498 2467 2498 2462 2499 2465 2499 2466 2499 2468 2500 2469 2500 2343 2500 2343 2501 2469 2501 2344 2501 2344 2502 2469 2502 2464 2502 2465 2503 2470 2503 2467 2503 2471 2504 2472 2504 2468 2504 2468 2505 2472 2505 2469 2505 2467 2506 2473 2506 2474 2506 2470 2507 2473 2507 2467 2507 2475 2508 2476 2508 2471 2508 2471 2509 2476 2509 2472 2509 2474 2510 2477 2510 2478 2510 2473 2511 2477 2511 2474 2511 2479 2512 2480 2512 2475 2512 2475 2513 2480 2513 2476 2513 2481 2514 2482 2514 2483 2514 2478 2515 2482 2515 2481 2515 2477 2516 2482 2516 2478 2516 2479 2517 2484 2517 2480 2517 2485 2518 2484 2518 2479 2518 2482 2519 2486 2519 2483 2519 2487 2520 2488 2520 2485 2520 2485 2521 2488 2521 2484 2521 2489 2522 2490 2522 2491 2522 2483 2523 2490 2523 2489 2523 2486 2524 2490 2524 2483 2524 2487 2525 2492 2525 2488 2525 2493 2526 2492 2526 2487 2526 2491 2527 2494 2527 2495 2527 2490 2528 2494 2528 2491 2528 2496 2529 2497 2529 2493 2529 2493 2530 2497 2530 2492 2530 2494 2531 2498 2531 2495 2531 2496 2532 2499 2532 2497 2532 2500 2533 2499 2533 2496 2533 2495 2534 2501 2534 2502 2534 2498 2535 2501 2535 2495 2535 2503 2536 2504 2536 2500 2536 2500 2537 2504 2537 2499 2537 2502 2538 2505 2538 2506 2538 2501 2539 2505 2539 2502 2539 2507 2540 2508 2540 2503 2540 2503 2541 2508 2541 2504 2541 2506 2542 2509 2542 2510 2542 2505 2543 2509 2543 2506 2543 2511 2544 2512 2544 2507 2544 2507 2545 2512 2545 2508 2545 2509 2546 2513 2546 2510 2546 2510 2547 2513 2547 2514 2547 2515 2548 2516 2548 2511 2548 2511 2549 2516 2549 2512 2549 2513 2550 2517 2550 2514 2550 2518 2551 2517 2551 2519 2551 2514 2552 2517 2552 2518 2552 2520 2553 2521 2553 2515 2553 2515 2554 2521 2554 2516 2554 2517 2555 2522 2555 2519 2555 2519 2556 2522 2556 2523 2556 2524 2557 2525 2557 2520 2557 2520 2558 2525 2558 2521 2558 2522 2559 2526 2559 2523 2559 2523 2560 2526 2560 2527 2560 2528 2561 2529 2561 2524 2561 2524 2562 2529 2562 2525 2562 2526 2563 2530 2563 2527 2563 2531 2564 2532 2564 2528 2564 2528 2565 2532 2565 2529 2565 2530 2566 2533 2566 2527 2566 2527 2567 2533 2567 2534 2567 2535 2568 2536 2568 2531 2568 2531 2569 2536 2569 2532 2569 2533 2570 2537 2570 2534 2570 2538 2571 2537 2571 2539 2571 2534 2572 2537 2572 2538 2572 2540 2573 2541 2573 2535 2573 2535 2574 2541 2574 2536 2574 2537 2575 2542 2575 2539 2575 2542 2576 2543 2576 2539 2576 2539 2577 2543 2577 2544 2577 2545 2578 2546 2578 2547 2578 2544 2579 2546 2579 2545 2579 2543 2580 2546 2580 2544 2580 2547 2581 2548 2581 2549 2581 2546 2582 2548 2582 2547 2582 2548 2583 2550 2583 2549 2583 2549 2584 2550 2584 2418 2584 2550 2585 2551 2585 2418 2585 2418 2586 2551 2586 2346 2586 2551 2587 2552 2587 2346 2587 2552 2588 2553 2588 2346 2588 2553 2589 2554 2589 2346 2589 2554 2590 2555 2590 2346 2590 2555 2591 2556 2591 2346 2591 2557 2592 2558 2592 2559 2592 2560 2593 2558 2593 2557 2593 2560 2594 2561 2594 2558 2594 2558 2595 2562 2595 2559 2595 2559 2596 2562 2596 2563 2596 2564 2597 2565 2597 2560 2597 2566 2598 2565 2598 2564 2598 2560 2599 2565 2599 2561 2599 2562 2600 2567 2600 2563 2600 2568 2601 2569 2601 2566 2601 2566 2602 2569 2602 2565 2602 2567 2603 2570 2603 2563 2603 2571 2604 2570 2604 2572 2604 2563 2605 2570 2605 2571 2605 2568 2606 2573 2606 2569 2606 2570 2607 2574 2607 2572 2607 2572 2608 2574 2608 2200 2608 2568 2609 2575 2609 2573 2609 2576 2610 2575 2610 2568 2610 1704 2611 2577 2611 1703 2611 2574 2612 2577 2612 2200 2612 2200 2613 2577 2613 1704 2613 2576 2614 2578 2614 2575 2614 2579 2615 2578 2615 2576 2615 2577 2616 2580 2616 1703 2616 1703 2617 2580 2617 2581 2617 2579 2618 2582 2618 2578 2618 2583 2619 2582 2619 2579 2619 2580 2620 2584 2620 2581 2620 2585 2621 2584 2621 2586 2621 2581 2622 2584 2622 2585 2622 2583 2623 2587 2623 2582 2623 2588 2624 2587 2624 2583 2624 2584 2625 2589 2625 2586 2625 2588 2626 2590 2626 2587 2626 2591 2627 2590 2627 2588 2627 2589 2628 2592 2628 2586 2628 2593 2629 2592 2629 2594 2629 2586 2630 2592 2630 2593 2630 2591 2631 2595 2631 2590 2631 2596 2632 2595 2632 2591 2632 2592 2633 2597 2633 2594 2633 2596 2634 2598 2634 2595 2634 2599 2635 2598 2635 2596 2635 2597 2636 2600 2636 2594 2636 2594 2637 2600 2637 2601 2637 2599 2638 2602 2638 2598 2638 2603 2639 2602 2639 2599 2639 2600 2640 2604 2640 2601 2640 2601 2641 2604 2641 2605 2641 2603 2642 2606 2642 2602 2642 2607 2643 2606 2643 2603 2643 2608 2644 2606 2644 2607 2644 2604 2645 2609 2645 2605 2645 2605 2646 2609 2646 2610 2646 2608 2647 2611 2647 2606 2647 2612 2648 2611 2648 2608 2648 2609 2649 2613 2649 2610 2649 2610 2650 2613 2650 2614 2650 2612 2651 2615 2651 2611 2651 2613 2652 2616 2652 2614 2652 2617 2653 2616 2653 2618 2653 2614 2654 2616 2654 2617 2654 2612 2655 2619 2655 2615 2655 2620 2656 2619 2656 2612 2656 2616 2657 2621 2657 2618 2657 2620 2658 2622 2658 2619 2658 2623 2659 2622 2659 2620 2659 2618 2660 2624 2660 2625 2660 2621 2661 2624 2661 2618 2661 2626 2662 2627 2662 2623 2662 2623 2663 2627 2663 2622 2663 2624 2664 2628 2664 2625 2664 2629 2665 2628 2665 2630 2665 2625 2666 2628 2666 2629 2666 2626 2667 2631 2667 2627 2667 2632 2668 2631 2668 2626 2668 2290 2669 2631 2669 2632 2669 2628 2670 2633 2670 2630 2670 2290 2671 2634 2671 2631 2671 2633 2672 2635 2672 2630 2672 2630 2673 2635 2673 2636 2673 2636 2674 2637 2674 2638 2674 2635 2675 2637 2675 2636 2675 2639 2676 2640 2676 2641 2676 2642 2677 2640 2677 2639 2677 1717 2678 2640 2678 1966 2678 2643 2679 2640 2679 2642 2679 2644 2680 2640 2680 2643 2680 2645 2681 2640 2681 2644 2681 2646 2682 2640 2682 2645 2682 2647 2683 2640 2683 2646 2683 2648 2684 2640 2684 2647 2684 2649 2685 2640 2685 2648 2685 2650 2686 2640 2686 2649 2686 2541 2687 2640 2687 2650 2687 2556 2688 2640 2688 2346 2688 2540 2689 2640 2689 2541 2689 2651 2690 2640 2690 2540 2690 2652 2691 2640 2691 2651 2691 2653 2692 2640 2692 2652 2692 2654 2693 2640 2693 2653 2693 2655 2694 2640 2694 2654 2694 2656 2695 2640 2695 2655 2695 2657 2696 2640 2696 2656 2696 2658 2697 2640 2697 2657 2697 2659 2698 2640 2698 2658 2698 2660 2699 2640 2699 2659 2699 1966 2700 2640 2700 2660 2700 2661 2701 2640 2701 2662 2701 2663 2702 2640 2702 2661 2702 2664 2703 2640 2703 2663 2703 2665 2704 2640 2704 2664 2704 2666 2705 2640 2705 2665 2705 2667 2706 2640 2706 2666 2706 2668 2707 2640 2707 2667 2707 2669 2708 2640 2708 2668 2708 2662 2709 2640 2709 2556 2709 2670 2710 2640 2710 2669 2710 2671 2711 2640 2711 2670 2711 2672 2712 2640 2712 2671 2712 2673 2713 2640 2713 2672 2713 2674 2714 2640 2714 2673 2714 2675 2715 2640 2715 2674 2715 2676 2716 2640 2716 2675 2716 2677 2717 2640 2717 2676 2717 2678 2718 2640 2718 2677 2718 2679 2719 2640 2719 2678 2719 2680 2720 2640 2720 2679 2720 2681 2721 2640 2721 2680 2721 2682 2722 2640 2722 2681 2722 2683 2723 2640 2723 2682 2723 2684 2724 2640 2724 2683 2724 2685 2725 2640 2725 2684 2725 2686 2726 2640 2726 2685 2726 2687 2727 2640 2727 2686 2727 2688 2728 2640 2728 2687 2728 2641 2729 2640 2729 2688 2729 2689 2730 2690 2730 2691 2730 2088 2731 2690 2731 2689 2731 2692 2732 2690 2732 2085 2732 2693 2733 2690 2733 2692 2733 2694 2734 2690 2734 2693 2734 2695 2735 2690 2735 2694 2735 2696 2736 2690 2736 2695 2736 2697 2737 2690 2737 2696 2737 2698 2738 2690 2738 2697 2738 2699 2739 2690 2739 2698 2739 2700 2740 2690 2740 2699 2740 2701 2741 2690 2741 2700 2741 2702 2742 2690 2742 2701 2742 2703 2743 2690 2743 2702 2743 2704 2744 2690 2744 2703 2744 2705 2745 2690 2745 2704 2745 2085 2746 2690 2746 2088 2746 2706 2747 2690 2747 2705 2747 2707 2748 2690 2748 2706 2748 2708 2749 2690 2749 2707 2749 2709 2750 2690 2750 2708 2750 2710 2751 2690 2751 2709 2751 2638 2752 2690 2752 2710 2752 2711 2753 2712 2753 2713 2753 2714 2754 2715 2754 2711 2754 2711 2755 2715 2755 2712 2755 2713 2756 2716 2756 2717 2756 2712 2757 2716 2757 2713 2757 2691 2758 2718 2758 2714 2758 2690 2759 2718 2759 2691 2759 2714 2760 2718 2760 2715 2760 2717 2761 2719 2761 2720 2761 2716 2762 2719 2762 2717 2762 2690 2763 2721 2763 2718 2763 2719 2764 2722 2764 2720 2764 2720 2765 2722 2765 2723 2765 2690 2766 2724 2766 2721 2766 2723 2767 2725 2767 2726 2767 2722 2768 2725 2768 2723 2768 2690 2769 2727 2769 2724 2769 2726 2770 2728 2770 2729 2770 2725 2771 2728 2771 2726 2771 2690 2772 2730 2772 2727 2772 2729 2773 2731 2773 2732 2773 2728 2774 2731 2774 2729 2774 2690 2775 2733 2775 2730 2775 2732 2776 2734 2776 2735 2776 2731 2777 2734 2777 2732 2777 2690 2778 2736 2778 2733 2778 2735 2779 2737 2779 2738 2779 2734 2780 2737 2780 2735 2780 2690 2781 2739 2781 2736 2781 2738 2782 2740 2782 2741 2782 2737 2783 2740 2783 2738 2783 2690 2784 2742 2784 2739 2784 2741 2785 2743 2785 2744 2785 2740 2786 2743 2786 2741 2786 2690 2787 2745 2787 2742 2787 2744 2788 2746 2788 2747 2788 2743 2789 2746 2789 2744 2789 2690 2790 2748 2790 2745 2790 2747 2791 2749 2791 2750 2791 2746 2792 2749 2792 2747 2792 2690 2793 2751 2793 2748 2793 2749 2794 2752 2794 2750 2794 2750 2795 2752 2795 2753 2795 2690 2796 2754 2796 2751 2796 2752 2797 2755 2797 2753 2797 2753 2798 2755 2798 2756 2798 2690 2799 2757 2799 2754 2799 2755 2800 2758 2800 2756 2800 2756 2801 2758 2801 2759 2801 2690 2802 2760 2802 2757 2802 2758 2803 2761 2803 2759 2803 2759 2804 2761 2804 2762 2804 2690 2805 2763 2805 2760 2805 2761 2806 2764 2806 2762 2806 2762 2807 2764 2807 2765 2807 2690 2808 2766 2808 2763 2808 2690 2809 2767 2809 2766 2809 2690 2810 2768 2810 2767 2810 2690 2811 2769 2811 2768 2811 2690 2812 2770 2812 2769 2812 2690 2813 2771 2813 2770 2813 2690 2814 2772 2814 2771 2814 2690 2815 2773 2815 2772 2815 2690 2816 2774 2816 2773 2816 2690 2817 2775 2817 2774 2817 2690 2818 2776 2818 2775 2818 2690 2819 2777 2819 2776 2819 2690 2820 2778 2820 2777 2820 2690 2821 2779 2821 2778 2821 2690 2822 2780 2822 2779 2822 2690 2823 2781 2823 2780 2823 2690 2824 2782 2824 2781 2824 2690 2825 2783 2825 2782 2825 2690 2826 2784 2826 2783 2826 2690 2827 2785 2827 2784 2827 2690 2828 2786 2828 2785 2828 2690 2829 2787 2829 2786 2829 2690 2830 2788 2830 2787 2830 2690 2831 2789 2831 2788 2831 2690 2832 2790 2832 2789 2832 2690 2833 2791 2833 2790 2833 2690 2834 2792 2834 2791 2834 2690 2835 2793 2835 2792 2835 2690 2836 2794 2836 2793 2836 2795 2837 2796 2837 2797 2837 2797 2838 2796 2838 2798 2838 2798 2839 2796 2839 2799 2839 2799 2840 2796 2840 2800 2840 2795 2841 2801 2841 2796 2841 2802 2842 2801 2842 2803 2842 2803 2843 2801 2843 2804 2843 2804 2844 2801 2844 2805 2844 2805 2845 2801 2845 2795 2845 2800 2846 2806 2846 2807 2846 2796 2847 2806 2847 2800 2847 2807 2848 2806 2848 2808 2848 2809 2849 2810 2849 2811 2849 2811 2850 2810 2850 2812 2850 2812 2851 2810 2851 2813 2851 2813 2852 2810 2852 2814 2852 2814 2853 2810 2853 2802 2853 2802 2854 2810 2854 2801 2854 2808 2855 2815 2855 2816 2855 2816 2856 2815 2856 2817 2856 2817 2857 2815 2857 2818 2857 2806 2858 2815 2858 2808 2858 1 2859 2819 2859 2820 2859 2820 2860 2819 2860 2809 2860 2809 2861 2819 2861 2810 2861 2815 2862 2821 2862 2818 2862 2818 2863 2821 2863 2822 2863 2822 2864 2821 2864 2823 2864 1 2865 2824 2865 2819 2865 2823 2866 2825 2866 2826 2866 2821 2867 2825 2867 2823 2867 2135 2868 2827 2868 1 2868 2828 2869 2827 2869 2135 2869 1 2870 2827 2870 2824 2870 2826 2871 2829 2871 2830 2871 2830 2872 2829 2872 2831 2872 2825 2873 2829 2873 2826 2873 2828 2874 2832 2874 2827 2874 2833 2875 2832 2875 2828 2875 2831 2876 2834 2876 2835 2876 2829 2877 2834 2877 2831 2877 2833 2878 2836 2878 2832 2878 2837 2879 2836 2879 2833 2879 2835 2880 2838 2880 2839 2880 2834 2881 2838 2881 2835 2881 2837 2882 2840 2882 2836 2882 2841 2883 2840 2883 2837 2883 2839 2884 2842 2884 2843 2884 2838 2885 2842 2885 2839 2885 2841 2886 2844 2886 2840 2886 2845 2887 2844 2887 2841 2887 2843 2888 2846 2888 2847 2888 2842 2889 2846 2889 2843 2889 2845 2890 2848 2890 2844 2890 2849 2891 2848 2891 2845 2891 2847 2892 2850 2892 2851 2892 2846 2893 2850 2893 2847 2893 2849 2894 2852 2894 2848 2894 2853 2895 2852 2895 2849 2895 2851 2896 2854 2896 2855 2896 2850 2897 2854 2897 2851 2897 2853 2898 2856 2898 2852 2898 2857 2899 2856 2899 2853 2899 2854 2900 2858 2900 2855 2900 2857 2901 2859 2901 2856 2901 2860 2902 2859 2902 2857 2902 2858 2903 2861 2903 2855 2903 2860 2904 2862 2904 2859 2904 2863 2905 2862 2905 2860 2905 2861 2906 2864 2906 2855 2906 2861 2907 2865 2907 2864 2907 2863 2908 2866 2908 2862 2908 2867 2909 2866 2909 2863 2909 2865 2910 2868 2910 2864 2910 2869 2911 2870 2911 2867 2911 2867 2912 2870 2912 2866 2912 2868 2913 2871 2913 2864 2913 2871 2914 2872 2914 2864 2914 2872 2915 2873 2915 2864 2915 2873 2916 2874 2916 2864 2916 2874 2917 2875 2917 2864 2917 2875 2918 2876 2918 2864 2918 2876 2919 2877 2919 2864 2919 2877 2920 2878 2920 2864 2920 2878 2921 2879 2921 2864 2921 2879 2922 2880 2922 2864 2922 2880 2923 2881 2923 2864 2923 2881 2924 2882 2924 2864 2924 2882 2925 2883 2925 2864 2925 2883 2926 2884 2926 2864 2926 2884 2927 2885 2927 2864 2927 2885 2928 2886 2928 2864 2928 2886 2929 2887 2929 2864 2929 2887 2930 2888 2930 2864 2930 2888 2931 2889 2931 2864 2931 2889 2932 2890 2932 2864 2932 2890 2933 2891 2933 2864 2933 2891 2934 2892 2934 2864 2934 2892 2935 2893 2935 2864 2935 2893 2936 2894 2936 2864 2936 2894 2937 2895 2937 2864 2937 2895 2938 2896 2938 2864 2938 2896 2939 2897 2939 2864 2939 2897 2940 2898 2940 2864 2940 2898 2941 2899 2941 2864 2941 2899 2942 2900 2942 2864 2942 2900 2943 2901 2943 2864 2943 2901 2944 2902 2944 2864 2944 2902 2945 2903 2945 2864 2945 2903 2946 2904 2946 2864 2946 2904 2947 2905 2947 2864 2947 2905 2948 2906 2948 2864 2948 2907 2949 2908 2949 2909 2949 2907 2950 2910 2950 2908 2950 2909 2951 2911 2951 2912 2951 2908 2952 2911 2952 2909 2952 2913 2953 2914 2953 2907 2953 2915 2954 2914 2954 2913 2954 2907 2955 2914 2955 2910 2955 2911 2956 2916 2956 2912 2956 2912 2957 2916 2957 2917 2957 2915 2958 2918 2958 2914 2958 2916 2959 2919 2959 2917 2959 2920 2960 2919 2960 2921 2960 2917 2961 2919 2961 2920 2961 2922 2962 2923 2962 2915 2962 2915 2963 2923 2963 2918 2963 2919 2964 2924 2964 2921 2964 2925 2965 2926 2965 2922 2965 2922 2966 2926 2966 2923 2966 2924 2967 2927 2967 2921 2967 2928 2968 2927 2968 2929 2968 2921 2969 2927 2969 2928 2969 2930 2970 2931 2970 2925 2970 2925 2971 2931 2971 2926 2971 2927 2972 2932 2972 2929 2972 2933 2973 2934 2973 2930 2973 2935 2974 2934 2974 2933 2974 2930 2975 2934 2975 2931 2975 2932 2976 2936 2976 2929 2976 2929 2977 2936 2977 2937 2977 2935 2978 2938 2978 2934 2978 2936 2979 2939 2979 2937 2979 2937 2980 2939 2980 2940 2980 2941 2981 2942 2981 2935 2981 2935 2982 2942 2982 2938 2982 2940 2983 2943 2983 2944 2983 2939 2984 2943 2984 2940 2984 2945 2985 2946 2985 2941 2985 2947 2986 2946 2986 2945 2986 2941 2987 2946 2987 2942 2987 2944 2988 2948 2988 2764 2988 2943 2989 2948 2989 2944 2989 2764 2990 2948 2990 2765 2990 2947 2991 2949 2991 2946 2991 2948 2992 2950 2992 2765 2992 2765 2993 2950 2993 2951 2993 2952 2994 2953 2994 2947 2994 2947 2995 2953 2995 2949 2995 2950 2996 2954 2996 2951 2996 2951 2997 2954 2997 2869 2997 2869 2998 2954 2998 2870 2998 2955 2999 2956 2999 2952 2999 2952 3000 2956 3000 2953 3000 2870 3001 2957 3001 2958 3001 2954 3002 2957 3002 2870 3002 2959 3003 2960 3003 2955 3003 2955 3004 2960 3004 2956 3004 2957 3005 2961 3005 2958 3005 2958 3006 2961 3006 2962 3006 2963 3007 2964 3007 2959 3007 2965 3008 2964 3008 2963 3008 2959 3009 2964 3009 2960 3009 2961 3010 2966 3010 2962 3010 2962 3011 2966 3011 2967 3011 2965 3012 2968 3012 2964 3012 2967 3013 2969 3013 2970 3013 2966 3014 2969 3014 2967 3014 2971 3015 2972 3015 2965 3015 2965 3016 2972 3016 2968 3016 2969 3017 2973 3017 2970 3017 2970 3018 2973 3018 2974 3018 2975 3019 2976 3019 2971 3019 2971 3020 2976 3020 2972 3020 2973 3021 2977 3021 2974 3021 2974 3022 2977 3022 2978 3022 2979 3023 2980 3023 2975 3023 2975 3024 2980 3024 2976 3024 2978 3025 2981 3025 2982 3025 2977 3026 2981 3026 2978 3026 2983 3027 2984 3027 2979 3027 2979 3028 2984 3028 2980 3028 2982 3029 2985 3029 2986 3029 2981 3030 2985 3030 2982 3030 2987 3031 2988 3031 2983 3031 2983 3032 2988 3032 2984 3032 2986 3033 2989 3033 2990 3033 2985 3034 2989 3034 2986 3034 2991 3035 2992 3035 2987 3035 2993 3036 2992 3036 2991 3036 2987 3037 2992 3037 2988 3037 2990 3038 2994 3038 2995 3038 2989 3039 2994 3039 2990 3039 2993 3040 2996 3040 2992 3040 2995 3041 2997 3041 2998 3041 2994 3042 2997 3042 2995 3042 2999 3043 3000 3043 2993 3043 2993 3044 3000 3044 2996 3044 2997 3045 3001 3045 2998 3045 2998 3046 3001 3046 3002 3046 3003 3047 3004 3047 2999 3047 3005 3048 3004 3048 3003 3048 2999 3049 3004 3049 3000 3049 3001 3050 3006 3050 3002 3050 3002 3051 3006 3051 3007 3051 3008 3052 3009 3052 3005 3052 3005 3053 3009 3053 3004 3053 3007 3054 3010 3054 3011 3054 3006 3055 3010 3055 3007 3055 3008 3056 3012 3056 3009 3056 3010 3057 3013 3057 3011 3057 3011 3058 3013 3058 3014 3058 3015 3059 3016 3059 3008 3059 3008 3060 3016 3060 3012 3060 3014 3061 3017 3061 3018 3061 3013 3062 3017 3062 3014 3062 3019 3063 3020 3063 3015 3063 3021 3064 3020 3064 3019 3064 3015 3065 3020 3065 3016 3065 3018 3066 3022 3066 3023 3066 3017 3067 3022 3067 3018 3067 3024 3068 3025 3068 3021 3068 3021 3069 3025 3069 3020 3069 3023 3070 3026 3070 3027 3070 3022 3071 3026 3071 3023 3071 3028 3072 3029 3072 3024 3072 3024 3073 3029 3073 3025 3073 3028 3074 3030 3074 3029 3074 3031 3075 3032 3075 3028 3075 3028 3076 3032 3076 3030 3076 3033 3077 3034 3077 3031 3077 3031 3078 3034 3078 3032 3078 3033 3079 3035 3079 3034 3079 3036 3080 3035 3080 3033 3080 3037 3081 3035 3081 3036 3081 3038 3082 3039 3082 3040 3082 3040 3083 3039 3083 3041 3083 3040 3084 3042 3084 3043 3084 3041 3085 3042 3085 3040 3085 3044 3086 3045 3086 3038 3086 3038 3087 3045 3087 3039 3087 3043 3088 3046 3088 3047 3088 3042 3089 3046 3089 3043 3089 3048 3090 3049 3090 3044 3090 3044 3091 3049 3091 3045 3091 3046 3092 3050 3092 3047 3092 3051 3093 3050 3093 3052 3093 3047 3094 3050 3094 3051 3094 3037 3095 3053 3095 3035 3095 3054 3096 3055 3096 3048 3096 3048 3097 3055 3097 3049 3097 3052 3098 3056 3098 3057 3098 3050 3099 3056 3099 3052 3099 3054 3100 3058 3100 3055 3100 3059 3101 3058 3101 3054 3101 3060 3102 3058 3102 3059 3102 3057 3103 3061 3103 3062 3103 3056 3104 3061 3104 3057 3104 3060 3105 3063 3105 3058 3105 3064 3106 3063 3106 3060 3106 3061 3107 3065 3107 3062 3107 2794 3108 3066 3108 3037 3108 3037 3109 3066 3109 3053 3109 3064 3110 3067 3110 3063 3110 3065 3111 3068 3111 3062 3111 3069 3112 3068 3112 3070 3112 3062 3113 3068 3113 3069 3113 3064 3114 3071 3114 3067 3114 2634 3115 3071 3115 3064 3115 2290 3116 3071 3116 2634 3116 2289 3117 3071 3117 2290 3117 3070 3118 3072 3118 3073 3118 3068 3119 3072 3119 3070 3119 3074 3120 3075 3120 2289 3120 3076 3121 3075 3121 3074 3121 2289 3122 3075 3122 3071 3122 3072 3123 3077 3123 3073 3123 3073 3124 3077 3124 3078 3124 3076 3125 3079 3125 3075 3125 3077 3126 3080 3126 3078 3126 3081 3127 3082 3127 3076 3127 3076 3128 3082 3128 3079 3128 3078 3129 3083 3129 3084 3129 3080 3130 3083 3130 3078 3130 3085 3131 3086 3131 3081 3131 3081 3132 3086 3132 3082 3132 3084 3133 3087 3133 3088 3133 3083 3134 3087 3134 3084 3134 3089 3135 3090 3135 3085 3135 3085 3136 3090 3136 3086 3136 3091 3137 3092 3137 3093 3137 3088 3138 3092 3138 3091 3138 3087 3139 3092 3139 3088 3139 3094 3140 3095 3140 3096 3140 3096 3141 3095 3141 3089 3141 3089 3142 3095 3142 3090 3142 3092 3143 3097 3143 3093 3143 3094 3144 3098 3144 3095 3144 3093 3145 3099 3145 3100 3145 3097 3146 3099 3146 3093 3146 3101 3147 3102 3147 3094 3147 3094 3148 3102 3148 3098 3148 3100 3149 3103 3149 3104 3149 3099 3150 3103 3150 3100 3150 3105 3151 3106 3151 3101 3151 3101 3152 3106 3152 3102 3152 3104 3153 3107 3153 3108 3153 3103 3154 3107 3154 3104 3154 3109 3155 3110 3155 3105 3155 3105 3156 3110 3156 3106 3156 3108 3157 3111 3157 3112 3157 3107 3158 3111 3158 3108 3158 3113 3159 3114 3159 3109 3159 3109 3160 3114 3160 3110 3160 3115 3161 3116 3161 3117 3161 3112 3162 3116 3162 3115 3162 3111 3163 3116 3163 3112 3163 3118 3164 3119 3164 3113 3164 3113 3165 3119 3165 3114 3165 3116 3166 3120 3166 3117 3166 3121 3167 3122 3167 3118 3167 3123 3168 3122 3168 3121 3168 3118 3169 3122 3169 3119 3169 3117 3170 3124 3170 3125 3170 3120 3171 3124 3171 3117 3171 3123 3172 3126 3172 3122 3172 3127 3173 3128 3173 3129 3173 3125 3174 3128 3174 3127 3174 3124 3175 3128 3175 3125 3175 3130 3176 3131 3176 3123 3176 3123 3177 3131 3177 3126 3177 3129 3178 3132 3178 3133 3178 3128 3179 3132 3179 3129 3179 3134 3180 3135 3180 3130 3180 3136 3181 3135 3181 3134 3181 3130 3182 3135 3182 3131 3182 3132 3183 3137 3183 3133 3183 3136 3184 3138 3184 3135 3184 3139 3185 3140 3185 3141 3185 3133 3186 3140 3186 3139 3186 3137 3187 3140 3187 3133 3187 3136 3188 3142 3188 3138 3188 3143 3189 3142 3189 3136 3189 3140 3190 3144 3190 3141 3190 2347 3191 3145 3191 3143 3191 3143 3192 3145 3192 3142 3192 3146 3193 3147 3193 3148 3193 3141 3194 3147 3194 3146 3194 3144 3195 3147 3195 3141 3195 3148 3196 3149 3196 3150 3196 3147 3197 3149 3197 3148 3197 3149 3198 3151 3198 3150 3198 3152 3199 3153 3199 3154 3199 3150 3200 3153 3200 3152 3200 3151 3201 3153 3201 3150 3201 3153 3202 3155 3202 3154 3202 3156 3203 3157 3203 3158 3203 3154 3204 3157 3204 3156 3204 3155 3205 3157 3205 3154 3205 3157 3206 3159 3206 3158 3206 3159 3207 3160 3207 3158 3207 3158 3208 3160 3208 3161 3208 3160 3209 3162 3209 3161 3209 3163 3210 3162 3210 3164 3210 3161 3211 3162 3211 3163 3211 3162 3212 3165 3212 3164 3212 3166 3213 3167 3213 3168 3213 3169 3214 3167 3214 3170 3214 3171 3215 3167 3215 3166 3215 3172 3216 3167 3216 3169 3216 3173 3217 3167 3217 3171 3217 3174 3218 3167 3218 3172 3218 3175 3219 3167 3219 3173 3219 3176 3220 3167 3220 3174 3220 3177 3221 3167 3221 3175 3221 3178 3222 3167 3222 3176 3222 3179 3223 3167 3223 3177 3223 3180 3224 3167 3224 3178 3224 3181 3225 3167 3225 3180 3225 3182 3226 3167 3226 3181 3226 3183 3227 3167 3227 3182 3227 3184 3228 3167 3228 3183 3228 3185 3229 3167 3229 3184 3229 3186 3230 3167 3230 3185 3230 3187 3231 3167 3231 3186 3231 2690 3232 3167 3232 2794 3232 3188 3233 3167 3233 3189 3233 3190 3234 3167 3234 3187 3234 3191 3235 3167 3235 3188 3235 3192 3236 3167 3236 3190 3236 3193 3237 3167 3237 3191 3237 3194 3238 3167 3238 3192 3238 3195 3239 3167 3239 3193 3239 3196 3240 3167 3240 3194 3240 3197 3241 3167 3241 3195 3241 3198 3242 3167 3242 3196 3242 3199 3243 3167 3243 3197 3243 3200 3244 3167 3244 3198 3244 3201 3245 3167 3245 3199 3245 3202 3246 3167 3246 3200 3246 3203 3247 3167 3247 3201 3247 3204 3248 3167 3248 3202 3248 3205 3249 3167 3249 3203 3249 3206 3250 3167 3250 3204 3250 3207 3251 3167 3251 3205 3251 3208 3252 3167 3252 3206 3252 3209 3253 3167 3253 3207 3253 3210 3254 3167 3254 3208 3254 3211 3255 3167 3255 3209 3255 3212 3256 3167 3256 3210 3256 3213 3257 3167 3257 3211 3257 3214 3258 3167 3258 3212 3258 3215 3259 3167 3259 3213 3259 3216 3260 3167 3260 3214 3260 3217 3261 3167 3261 3215 3261 3218 3262 3167 3262 3216 3262 3219 3263 3167 3263 3217 3263 3066 3264 3167 3264 3218 3264 3220 3265 3167 3265 3219 3265 3221 3266 3167 3266 3220 3266 3222 3267 3167 3267 3221 3267 3026 3268 3167 3268 3027 3268 3223 3269 3167 3269 3222 3269 3027 3270 3167 3270 3223 3270 2794 3271 3167 3271 3066 3271 3224 3272 3167 3272 3026 3272 3225 3273 3167 3273 3224 3273 3226 3274 3167 3274 3225 3274 3227 3275 3167 3275 3179 3275 3228 3276 3167 3276 3226 3276 3229 3277 3167 3277 3227 3277 3168 3278 3167 3278 3228 3278 3170 3279 3167 3279 3229 3279 3230 3280 3231 3280 3232 3280 3233 3281 3231 3281 3230 3281 3234 3282 3231 3282 3233 3282 3235 3283 3231 3283 3234 3283 3236 3284 3231 3284 3235 3284 2346 3285 3231 3285 2347 3285 3237 3286 3231 3286 3236 3286 3238 3287 3231 3287 3237 3287 3239 3288 3231 3288 3238 3288 3240 3289 3231 3289 3239 3289 3241 3290 3231 3290 3240 3290 3242 3291 3231 3291 3241 3291 3243 3292 3231 3292 3242 3292 3244 3293 3231 3293 3243 3293 3245 3294 3231 3294 3244 3294 3246 3295 3231 3295 3245 3295 3247 3296 3231 3296 3246 3296 3248 3297 3231 3297 3247 3297 3249 3298 3231 3298 3248 3298 3250 3299 3231 3299 3249 3299 3251 3300 3231 3300 3250 3300 3252 3301 3231 3301 3251 3301 3253 3302 3231 3302 3252 3302 3254 3303 3231 3303 3253 3303 3255 3304 3231 3304 3254 3304 3256 3305 3231 3305 3255 3305 3257 3306 3231 3306 3256 3306 3258 3307 3231 3307 3257 3307 3259 3308 3231 3308 3258 3308 3260 3309 3231 3309 3259 3309 3261 3310 3231 3310 3260 3310 3262 3311 3231 3311 3261 3311 3263 3312 3231 3312 3262 3312 3264 3313 3231 3313 3263 3313 3265 3314 3231 3314 3264 3314 3266 3315 3231 3315 3265 3315 3267 3316 3231 3316 3266 3316 3268 3317 3231 3317 3267 3317 3269 3318 3231 3318 3268 3318 3145 3319 3231 3319 3269 3319 2347 3320 3231 3320 3145 3320 3270 3321 3271 3321 3272 3321 2638 3322 3271 3322 2690 3322 3273 3323 3271 3323 2637 3323 3274 3324 3271 3324 3273 3324 2637 3325 3271 3325 2638 3325 3275 3326 3271 3326 3274 3326 3276 3327 3271 3327 3275 3327 3277 3328 3271 3328 3276 3328 3278 3329 3271 3329 3277 3329 3279 3330 3271 3330 3278 3330 3280 3331 3271 3331 3279 3331 3281 3332 3271 3332 3280 3332 3282 3333 3271 3333 3281 3333 3283 3334 3271 3334 3282 3334 3284 3335 3271 3335 3283 3335 3285 3336 3271 3336 3284 3336 3286 3337 3271 3337 3285 3337 3287 3338 3271 3338 3286 3338 3288 3339 3271 3339 3287 3339 3289 3340 3271 3340 3288 3340 3290 3341 3271 3341 3289 3341 3272 3342 3271 3342 3290 3342 3231 3343 3291 3343 3292 3343 3292 3344 3293 3344 3231 3344 3231 3345 3294 3345 3291 3345 3293 3346 3295 3346 3231 3346 3231 3347 3296 3347 3294 3347 3295 3348 3297 3348 3231 3348 3231 3349 3298 3349 3296 3349 3297 3350 3299 3350 3231 3350 3231 3351 3300 3351 3298 3351 3299 3352 3301 3352 3231 3352 3231 3353 3302 3353 3300 3353 3301 3354 3303 3354 3231 3354 3231 3355 3304 3355 3302 3355 3303 3356 3305 3356 3231 3356 3231 3357 3306 3357 3304 3357 3305 3358 3307 3358 3231 3358 3231 3359 3308 3359 3306 3359 3307 3360 3309 3360 3231 3360 3231 3361 3310 3361 3308 3361 3309 3362 3311 3362 3231 3362 3231 3363 3312 3363 3310 3363 3311 3364 3313 3364 3231 3364 3231 3365 3314 3365 3312 3365 3313 3366 3315 3366 3231 3366 3231 3367 3316 3367 3314 3367 3315 3368 3317 3368 3231 3368 3231 3369 3318 3369 3316 3369 3317 3370 3319 3370 3231 3370 3231 3371 3320 3371 3318 3371 3319 3372 3321 3372 3231 3372 3231 3373 3322 3373 3320 3373 3232 3374 3323 3374 3324 3374 3321 3375 3323 3375 3231 3375 3231 3376 3323 3376 3232 3376 3231 3377 3325 3377 3322 3377 3324 3378 3326 3378 3327 3378 3323 3379 3326 3379 3324 3379 3231 3380 3328 3380 3325 3380 3327 3381 3329 3381 3330 3381 3326 3382 3329 3382 3327 3382 3231 3383 3331 3383 3328 3383 3330 3384 3332 3384 3333 3384 3329 3385 3332 3385 3330 3385 3231 3386 3334 3386 3331 3386 3333 3387 3335 3387 3336 3387 3332 3388 3335 3388 3333 3388 3271 3389 3337 3389 3338 3389 3338 3390 3339 3390 3271 3390 3271 3391 3340 3391 3337 3391 3339 3392 3341 3392 3271 3392 3271 3393 3342 3393 3340 3393 3341 3394 3343 3394 3271 3394 3271 3395 3344 3395 3342 3395 3343 3396 3345 3396 3271 3396 3271 3397 3346 3397 3344 3397 3336 3398 3347 3398 3348 3398 3335 3399 3347 3399 3336 3399 3345 3400 3349 3400 3271 3400 3271 3401 3350 3401 3346 3401 3349 3402 3351 3402 3271 3402 3271 3403 3352 3403 3350 3403 3351 3404 3353 3404 3271 3404 3271 3405 3354 3405 3352 3405 3348 3406 3355 3406 3356 3406 3347 3407 3355 3407 3348 3407 3353 3408 3357 3408 3271 3408 3271 3409 3358 3409 3354 3409 3357 3410 3359 3410 3271 3410 3271 3411 3360 3411 3358 3411 3356 3412 3361 3412 3165 3412 3355 3413 3361 3413 3356 3413 3359 3414 3362 3414 3271 3414 3271 3415 3363 3415 3360 3415 3362 3416 3364 3416 3271 3416 3165 3417 3365 3417 3164 3417 3361 3418 3365 3418 3165 3418 3164 3419 3365 3419 3366 3419 3271 3420 3367 3420 3363 3420 3364 3421 3368 3421 3271 3421 3271 3422 3369 3422 3367 3422 3368 3423 3370 3423 3271 3423 3271 3424 3371 3424 3369 3424 3370 3425 3372 3425 3271 3425 3271 3426 3373 3426 3371 3426 3372 3427 3374 3427 3271 3427 3271 3428 3375 3428 3373 3428 3374 3429 3376 3429 3271 3429 3271 3430 3377 3430 3375 3430 3376 3431 3378 3431 3271 3431 3271 3432 3379 3432 3377 3432 3378 3433 3380 3433 3271 3433 3271 3434 3381 3434 3379 3434 3271 3435 3382 3435 3381 3435 3271 3436 3383 3436 3382 3436 3271 3437 3384 3437 3383 3437 3271 3438 3385 3438 3384 3438 3271 3439 3386 3439 3385 3439 3271 3440 3387 3440 3386 3440 3271 3441 3388 3441 3387 3441 3389 3442 3390 3442 3391 3442 3391 3443 3390 3443 3392 3443 3391 3444 3393 3444 3394 3444 3392 3445 3393 3445 3391 3445 3389 3446 3395 3446 3390 3446 3396 3447 3395 3447 3389 3447 3397 3448 3395 3448 3396 3448 3394 3449 3398 3449 3399 3449 3393 3450 3398 3450 3394 3450 3397 3451 3400 3451 3395 3451 3399 3452 3401 3452 3402 3452 3398 3453 3401 3453 3399 3453 3397 3454 3403 3454 3400 3454 3404 3455 3403 3455 3397 3455 3401 3456 3405 3456 3402 3456 3402 3457 3405 3457 3406 3457 3404 3458 3407 3458 3403 3458 3408 3459 3407 3459 3404 3459 3409 3460 3407 3460 3408 3460 3406 3461 3410 3461 3411 3461 3405 3462 3410 3462 3406 3462 3409 3463 3412 3463 3407 3463 3410 3464 3413 3464 3411 3464 3411 3465 3413 3465 3414 3465 3409 3466 3415 3466 3412 3466 3416 3467 3415 3467 3409 3467 3413 3468 3417 3468 3414 3468 3414 3469 3417 3469 3418 3469 3416 3470 3419 3470 3415 3470 3334 3471 3419 3471 3416 3471 3231 3472 3419 3472 3334 3472 3418 3473 3420 3473 3421 3473 3417 3474 3420 3474 3418 3474 3231 3475 3422 3475 3419 3475 3421 3476 3423 3476 3424 3476 3420 3477 3423 3477 3421 3477 3231 3478 3425 3478 3422 3478 3423 3479 3426 3479 3424 3479 3424 3480 3426 3480 3427 3480 3231 3481 3428 3481 3425 3481 3426 3482 3429 3482 3427 3482 3427 3483 3429 3483 3430 3483 3231 3484 3431 3484 3428 3484 3429 3485 3432 3485 3430 3485 3433 3486 3432 3486 3434 3486 3430 3487 3432 3487 3433 3487 3231 3488 3435 3488 3431 3488 3432 3489 3436 3489 3434 3489 3436 3490 3437 3490 3434 3490 3434 3491 3437 3491 3438 3491 3437 3492 3439 3492 3438 3492 3438 3493 3439 3493 3440 3493 3440 3494 3441 3494 3442 3494 3439 3495 3441 3495 3440 3495 3441 3496 3443 3496 3442 3496 3442 3497 3443 3497 3444 3497 3443 3498 3445 3498 3444 3498 3444 3499 3445 3499 3446 3499 3445 3500 3447 3500 3446 3500 3446 3501 3447 3501 3448 3501 3447 3502 3449 3502 3448 3502 3448 3503 3449 3503 3450 3503 3450 3504 3451 3504 3452 3504 3449 3505 3451 3505 3450 3505 3451 3506 3453 3506 3452 3506 3452 3507 3453 3507 3454 3507 3454 3508 3455 3508 3456 3508 3453 3509 3455 3509 3454 3509 3455 3510 3457 3510 3456 3510 3458 3511 3457 3511 3459 3511 3456 3512 3457 3512 3458 3512 3457 3513 3460 3513 3459 3513 3460 3514 3461 3514 3459 3514 3462 3515 3461 3515 3463 3515 3459 3516 3461 3516 3462 3516 3461 3517 3464 3517 3463 3517 3465 3518 3466 3518 3467 3518 3463 3519 3466 3519 3465 3519 3464 3520 3466 3520 3463 3520 3466 3521 3468 3521 3467 3521 3467 3522 3469 3522 3470 3522 3468 3523 3469 3523 3467 3523 3470 3524 3471 3524 3472 3524 3469 3525 3471 3525 3470 3525 3471 3526 3473 3526 3472 3526 3474 3527 3473 3527 3475 3527 3472 3528 3473 3528 3474 3528 3475 3529 3476 3529 3477 3529 3473 3530 3476 3530 3475 3530 3476 3531 3478 3531 3477 3531 3477 3532 3479 3532 3480 3532 3478 3533 3479 3533 3477 3533 3480 3534 3481 3534 3482 3534 3479 3535 3481 3535 3480 3535 3482 3536 3483 3536 3484 3536 3481 3537 3483 3537 3482 3537 3483 3538 3485 3538 3484 3538 3486 3539 3485 3539 3487 3539 3484 3540 3485 3540 3486 3540 3485 3541 3488 3541 3487 3541 3231 3542 3489 3542 3435 3542 3490 3543 3489 3543 3491 3543 3492 3544 3489 3544 3490 3544 3493 3545 3489 3545 3492 3545 3494 3546 3489 3546 3493 3546 3495 3547 3489 3547 3494 3547 3496 3548 3489 3548 3495 3548 3497 3549 3489 3549 3496 3549 3498 3550 3489 3550 3497 3550 3499 3551 3489 3551 3498 3551 3500 3552 3489 3552 3499 3552 3501 3553 3489 3553 3500 3553 3502 3554 3489 3554 3501 3554 3503 3555 3489 3555 3502 3555 3504 3556 3489 3556 3503 3556 3505 3557 3489 3557 3504 3557 3506 3558 3489 3558 3505 3558 3507 3559 3489 3559 3506 3559 3508 3560 3489 3560 3507 3560 3509 3561 3489 3561 3508 3561 3510 3562 3489 3562 3509 3562 3511 3563 3489 3563 3510 3563 3512 3564 3489 3564 3511 3564 3513 3565 3489 3565 3512 3565 3514 3566 3489 3566 3513 3566 3515 3567 3489 3567 3514 3567 3516 3568 3489 3568 3515 3568 3517 3569 3489 3569 3516 3569 3518 3570 3489 3570 3517 3570 3519 3571 3489 3571 3518 3571 3520 3572 3489 3572 3519 3572 3521 3573 3489 3573 3520 3573 3522 3574 3489 3574 3521 3574 3523 3575 3489 3575 3522 3575 3524 3576 3489 3576 3523 3576 3525 3577 3489 3577 3524 3577 3526 3578 3489 3578 3525 3578 3527 3579 3489 3579 3526 3579 3528 3580 3489 3580 3527 3580 3529 3581 3489 3581 3528 3581 3435 3582 3489 3582 3529 3582 3530 3583 3531 3583 3532 3583 3533 3584 3531 3584 3530 3584 3532 3585 3531 3585 3534 3585 3532 3586 3535 3586 3536 3586 3534 3587 3535 3587 3532 3587 3533 3588 3537 3588 3531 3588 3536 3589 3538 3589 3539 3589 3535 3590 3538 3590 3536 3590 3540 3591 3541 3591 3533 3591 3533 3592 3541 3592 3537 3592 3539 3593 3542 3593 3543 3593 3538 3594 3542 3594 3539 3594 3544 3595 3545 3595 3540 3595 3540 3596 3545 3596 3541 3596 3546 3597 3547 3597 3548 3597 3543 3598 3547 3598 3546 3598 3542 3599 3547 3599 3543 3599 3549 3600 3550 3600 3544 3600 3544 3601 3550 3601 3545 3601 3548 3602 3551 3602 3552 3602 3547 3603 3551 3603 3548 3603 3553 3604 3554 3604 3549 3604 3549 3605 3554 3605 3550 3605 3551 3606 3555 3606 3552 3606 3553 3607 3556 3607 3554 3607 3557 3608 3556 3608 3553 3608 3558 3609 3556 3609 3557 3609 3552 3610 3559 3610 3560 3610 3555 3611 3559 3611 3552 3611 3558 3612 3561 3612 3556 3612 3560 3613 3562 3613 3563 3613 3559 3614 3562 3614 3560 3614 3564 3615 3565 3615 3558 3615 3558 3616 3565 3616 3561 3616 3563 3617 3566 3617 3380 3617 3562 3618 3566 3618 3563 3618 3380 3619 3566 3619 3271 3619 3564 3620 3567 3620 3565 3620 3568 3621 3567 3621 3564 3621 3569 3622 3570 3622 3568 3622 3571 3623 3570 3623 3569 3623 3568 3624 3570 3624 3567 3624 3571 3625 3572 3625 3570 3625 3571 3626 3573 3626 3572 3626 3574 3627 3573 3627 3571 3627 3575 3628 3573 3628 3574 3628 3575 3629 3576 3629 3573 3629 3575 3630 3577 3630 3576 3630 3578 3631 3577 3631 3575 3631 3579 3632 3577 3632 3578 3632 3580 3633 3581 3633 3579 3633 3579 3634 3581 3634 3577 3634 3580 3635 3582 3635 3581 3635 3583 3636 3582 3636 3580 3636 3583 3637 3584 3637 3582 3637 3585 3638 3586 3638 3583 3638 3583 3639 3586 3639 3584 3639 3587 3640 3588 3640 3585 3640 3589 3641 3588 3641 3587 3641 3585 3642 3588 3642 3586 3642 3590 3643 3591 3643 3589 3643 3589 3644 3591 3644 3588 3644 3590 3645 3592 3645 3591 3645 3593 3646 3592 3646 3590 3646 3593 3647 3594 3647 3592 3647 3595 3648 3596 3648 3593 3648 3593 3649 3596 3649 3594 3649 3597 3650 3598 3650 3595 3650 3599 3651 3598 3651 3597 3651 3595 3652 3598 3652 3596 3652 3599 3653 3600 3653 3598 3653 3599 3654 3601 3654 3600 3654 3602 3655 3601 3655 3599 3655 3603 3656 3604 3656 3602 3656 3605 3657 3604 3657 3603 3657 3602 3658 3604 3658 3601 3658 3605 3659 3606 3659 3604 3659 3607 3660 3608 3660 3605 3660 3605 3661 3608 3661 3606 3661 3609 3662 3610 3662 3607 3662 3611 3663 3610 3663 3609 3663 3607 3664 3610 3664 3608 3664 3611 3665 3612 3665 3610 3665 3613 3666 3614 3666 3611 3666 3611 3667 3614 3667 3612 3667 3615 3668 3616 3668 3613 3668 3617 3669 3616 3669 3615 3669 3613 3670 3616 3670 3614 3670 3618 3671 3619 3671 3617 3671 3617 3672 3619 3672 3616 3672 3618 3673 3620 3673 3619 3673 3621 3674 3622 3674 3618 3674 3618 3675 3622 3675 3620 3675 3621 3676 3623 3676 3622 3676 3624 3677 3623 3677 3621 3677 3625 3678 3626 3678 3627 3678 3628 3679 3626 3679 3625 3679 3629 3680 3626 3680 3628 3680 3630 3681 3626 3681 3629 3681 3631 3682 3626 3682 3630 3682 3632 3683 3626 3683 3631 3683 3633 3684 3626 3684 3632 3684 3634 3685 3626 3685 3633 3685 3635 3686 3626 3686 3634 3686 3636 3687 3626 3687 3635 3687 3637 3688 3626 3688 3636 3688 3638 3689 3626 3689 3637 3689 3639 3690 3626 3690 3638 3690 3640 3691 3626 3691 3639 3691 3641 3692 3626 3692 3640 3692 3642 3693 3626 3693 3641 3693 3643 3694 3626 3694 3644 3694 3645 3695 3626 3695 3642 3695 3646 3696 3626 3696 3643 3696 3647 3697 3626 3697 3645 3697 3648 3698 3626 3698 3646 3698 3649 3699 3626 3699 3647 3699 3650 3700 3626 3700 3648 3700 3651 3701 3626 3701 3649 3701 3652 3702 3626 3702 3650 3702 3653 3703 3626 3703 3651 3703 3654 3704 3626 3704 3652 3704 3655 3705 3626 3705 3653 3705 3656 3706 3626 3706 3654 3706 3657 3707 3626 3707 3655 3707 3658 3708 3626 3708 3656 3708 3644 3709 3626 3709 3657 3709 3659 3710 3626 3710 3658 3710 3660 3711 3626 3711 3659 3711 3661 3712 3626 3712 3660 3712 3167 3713 3626 3713 3189 3713 3566 3714 3626 3714 3271 3714 3662 3715 3626 3715 3566 3715 3663 3716 3626 3716 3662 3716 3664 3717 3626 3717 3663 3717 3665 3718 3626 3718 3664 3718 3666 3719 3626 3719 3665 3719 3667 3720 3626 3720 3666 3720 3668 3721 3626 3721 3667 3721 3627 3722 3626 3722 3668 3722 3669 3723 3670 3723 3671 3723 3672 3724 3673 3724 3365 3724 3365 3725 3673 3725 3366 3725 3669 3726 3673 3726 3670 3726 3366 3727 3673 3727 3669 3727 3670 3728 3674 3728 3671 3728 3671 3729 3674 3729 3675 3729 3672 3730 3676 3730 3673 3730 3677 3731 3676 3731 3672 3731 3675 3732 3678 3732 3270 3732 3674 3733 3678 3733 3675 3733 3679 3734 3680 3734 3677 3734 3677 3735 3680 3735 3676 3735 3678 3736 3681 3736 3270 3736 3270 3737 3681 3737 3271 3737 3679 3738 3682 3738 3680 3738 3683 3739 3682 3739 3679 3739 3681 3740 3684 3740 3271 3740 3683 3741 3685 3741 3682 3741 3686 3742 3685 3742 3683 3742 3271 3743 3687 3743 3388 3743 3684 3744 3687 3744 3271 3744 3686 3745 3688 3745 3685 3745 3689 3746 3688 3746 3686 3746 3388 3747 3690 3747 3691 3747 3687 3748 3690 3748 3388 3748 3692 3749 3693 3749 3689 3749 3689 3750 3693 3750 3688 3750 3690 3751 3694 3751 3691 3751 3691 3752 3694 3752 3695 3752 3696 3753 3697 3753 3692 3753 3692 3754 3697 3754 3693 3754 3694 3755 3698 3755 3695 3755 3695 3756 3698 3756 3699 3756 3700 3757 3701 3757 3696 3757 3696 3758 3701 3758 3697 3758 3698 3759 3702 3759 3699 3759 3699 3760 3702 3760 3703 3760 3704 3761 3705 3761 3700 3761 3700 3762 3705 3762 3701 3762 3702 3763 3706 3763 3703 3763 3703 3764 3706 3764 3707 3764 3704 3765 3708 3765 3705 3765 3709 3766 3708 3766 3704 3766 3706 3767 3710 3767 3707 3767 3707 3768 3710 3768 3711 3768 3712 3769 3713 3769 3709 3769 3709 3770 3713 3770 3708 3770 3710 3771 3714 3771 3711 3771 3711 3772 3714 3772 3715 3772 3712 3773 3716 3773 3713 3773 3717 3774 3716 3774 3712 3774 3714 3775 3718 3775 3715 3775 3715 3776 3718 3776 3719 3776 3717 3777 3720 3777 3716 3777 3721 3778 3720 3778 3717 3778 3718 3779 3722 3779 3719 3779 3719 3780 3722 3780 3723 3780 3721 3781 3724 3781 3720 3781 3725 3782 3724 3782 3721 3782 3722 3783 3726 3783 3723 3783 3723 3784 3726 3784 3727 3784 3728 3785 3729 3785 3725 3785 3725 3786 3729 3786 3724 3786 3726 3787 3730 3787 3727 3787 3727 3788 3730 3788 3731 3788 3732 3789 3733 3789 3728 3789 3728 3790 3733 3790 3729 3790 3731 3791 3734 3791 3735 3791 3730 3792 3734 3792 3731 3792 3736 3793 3737 3793 3732 3793 3732 3794 3737 3794 3733 3794 3734 3795 3738 3795 3735 3795 3735 3796 3738 3796 3739 3796 3736 3797 3740 3797 3737 3797 3738 3798 3741 3798 3739 3798 3739 3799 3741 3799 3742 3799 3741 3800 3743 3800 3742 3800 3742 3801 3743 3801 3744 3801 3743 3802 3745 3802 3744 3802 3744 3803 3745 3803 3746 3803 3746 3804 3747 3804 3748 3804 3745 3805 3747 3805 3746 3805 3747 3806 3749 3806 3748 3806 3748 3807 3749 3807 3750 3807 3750 3808 3751 3808 3624 3808 3749 3809 3751 3809 3750 3809 3624 3810 3752 3810 3623 3810 3623 3811 3752 3811 3753 3811 3751 3812 3752 3812 3624 3812 3753 3813 3754 3813 3755 3813 3752 3814 3754 3814 3753 3814 3754 3815 3756 3815 3755 3815 3757 3816 3758 3816 3759 3816 3759 3817 3758 3817 3760 3817 3761 3818 3762 3818 3763 3818 3759 3819 3762 3819 3761 3819 3760 3820 3762 3820 3759 3820 3764 3821 3765 3821 3757 3821 3757 3822 3765 3822 3758 3822 3763 3823 3766 3823 3767 3823 3762 3824 3766 3824 3763 3824 3764 3825 3768 3825 3765 3825 3769 3826 3768 3826 3764 3826 3766 3827 3770 3827 3767 3827 3771 3828 3772 3828 3769 3828 3769 3829 3772 3829 3768 3829 3767 3830 3773 3830 3774 3830 3770 3831 3773 3831 3767 3831 3775 3832 3776 3832 3771 3832 3777 3833 3776 3833 3775 3833 3771 3834 3776 3834 3772 3834 3773 3835 3778 3835 3774 3835 3774 3836 3778 3836 3779 3836 3777 3837 3780 3837 3776 3837 3781 3838 3782 3838 3783 3838 3779 3839 3782 3839 3781 3839 3778 3840 3782 3840 3779 3840 3777 3841 3784 3841 3780 3841 3785 3842 3784 3842 3777 3842 3786 3843 3784 3843 3785 3843 3782 3844 3787 3844 3783 3844 3786 3845 3788 3845 3784 3845 3783 3846 3789 3846 3790 3846 3787 3847 3789 3847 3783 3847 3487 3848 3791 3848 3736 3848 3786 3849 3791 3849 3788 3849 3740 3850 3791 3850 3786 3850 3736 3851 3791 3851 3740 3851 3789 3852 3792 3852 3790 3852 3790 3853 3792 3853 3793 3853 3487 3854 3794 3854 3791 3854 3488 3855 3794 3855 3487 3855 3793 3856 3795 3856 3796 3856 3792 3857 3795 3857 3793 3857 3797 3858 3798 3858 3488 3858 3488 3859 3798 3859 3794 3859 3799 3860 3800 3860 3801 3860 3796 3861 3800 3861 3799 3861 3795 3862 3800 3862 3796 3862 3797 3863 3802 3863 3798 3863 3803 3864 3802 3864 3797 3864 3800 3865 3804 3865 3801 3865 3805 3866 3806 3866 3803 3866 3803 3867 3806 3867 3802 3867 3801 3868 3807 3868 3808 3868 3804 3869 3807 3869 3801 3869 3805 3870 3809 3870 3806 3870 3810 3871 3809 3871 3805 3871 3808 3872 3811 3872 3812 3872 3807 3873 3811 3873 3808 3873 3810 3874 3813 3874 3809 3874 3814 3875 3813 3875 3810 3875 3812 3876 3815 3876 3816 3876 3811 3877 3815 3877 3812 3877 3817 3878 3818 3878 3814 3878 3814 3879 3818 3879 3813 3879 3816 3880 3819 3880 3820 3880 3815 3881 3819 3881 3816 3881 3821 3882 3822 3882 3817 3882 3817 3883 3822 3883 3818 3883 3820 3884 3823 3884 3824 3884 3819 3885 3823 3885 3820 3885 3825 3886 3826 3886 3821 3886 3821 3887 3826 3887 3822 3887 3827 3888 3828 3888 3829 3888 3824 3889 3828 3889 3827 3889 3823 3890 3828 3890 3824 3890 3830 3891 3831 3891 3825 3891 3825 3892 3831 3892 3826 3892 3828 3893 3832 3893 3829 3893 3833 3894 3834 3894 3830 3894 3830 3895 3834 3895 3831 3895 3829 3896 3835 3896 3836 3896 3832 3897 3835 3897 3829 3897 3837 3898 3838 3898 3833 3898 3833 3899 3838 3899 3834 3899 3836 3900 3839 3900 3840 3900 3835 3901 3839 3901 3836 3901 3841 3902 3842 3902 3837 3902 3837 3903 3842 3903 3838 3903 3839 3904 3843 3904 3840 3904 3844 3905 3843 3905 3845 3905 3840 3906 3843 3906 3844 3906 3846 3907 3847 3907 3841 3907 3841 3908 3847 3908 3842 3908 3843 3909 3848 3909 3845 3909 3849 3910 3850 3910 3846 3910 3846 3911 3850 3911 3847 3911 3851 3912 3852 3912 3853 3912 3845 3913 3852 3913 3851 3913 3848 3914 3852 3914 3845 3914 3854 3915 3855 3915 3849 3915 3849 3916 3855 3916 3850 3916 3852 3917 3856 3917 3853 3917 3857 3918 3858 3918 3854 3918 3854 3919 3858 3919 3855 3919 3853 3920 3859 3920 3860 3920 3856 3921 3859 3921 3853 3921 3857 3922 3861 3922 3858 3922 3862 3923 3861 3923 3857 3923 3860 3924 3863 3924 3864 3924 3859 3925 3863 3925 3860 3925 3862 3926 3865 3926 3861 3926 3491 3927 3865 3927 3862 3927 3866 3928 3867 3928 3868 3928 3864 3929 3867 3929 3866 3929 3863 3930 3867 3930 3864 3930 3491 3931 3869 3931 3865 3931 3489 3932 3869 3932 3491 3932 3867 3933 3870 3933 3868 3933 3489 3934 3871 3934 3869 3934 3870 3935 3872 3935 3868 3935 3868 3936 3872 3936 3873 3936 3489 3937 3874 3937 3871 3937 3872 3938 3875 3938 3873 3938 3873 3939 3875 3939 3876 3939 3489 3940 3877 3940 3874 3940 3875 3941 3878 3941 3876 3941 3876 3942 3878 3942 3879 3942 3489 3943 3880 3943 3877 3943 3878 3944 3881 3944 3879 3944 3879 3945 3881 3945 3882 3945 3489 3946 3883 3946 3880 3946 3881 3947 3884 3947 3882 3947 3885 3948 3884 3948 3886 3948 3882 3949 3884 3949 3885 3949 3489 3950 3887 3950 3883 3950 3884 3951 3888 3951 3886 3951 3489 3952 3889 3952 3887 3952 3489 3953 3890 3953 3889 3953 3489 3954 3891 3954 3890 3954 3489 3955 3892 3955 3891 3955 3489 3956 3893 3956 3892 3956 3894 3957 3895 3957 3896 3957 3894 3958 3897 3958 3895 3958 3898 3959 3897 3959 3894 3959 3896 3960 3899 3960 3900 3960 3895 3961 3899 3961 3896 3961 3901 3962 3902 3962 3898 3962 3898 3963 3902 3963 3897 3963 3900 3964 3903 3964 3904 3964 3899 3965 3903 3965 3900 3965 3905 3966 3906 3966 3901 3966 3901 3967 3906 3967 3902 3967 3904 3968 3907 3968 3908 3968 3903 3969 3907 3969 3904 3969 3905 3970 3909 3970 3906 3970 3910 3971 3909 3971 3905 3971 3908 3972 3911 3972 3912 3972 3907 3973 3911 3973 3908 3973 3910 3974 3913 3974 3909 3974 3914 3975 3913 3975 3910 3975 3911 3976 3915 3976 3912 3976 3912 3977 3915 3977 3661 3977 3914 3978 3916 3978 3913 3978 3917 3979 3916 3979 3914 3979 3915 3980 3918 3980 3661 3980 3661 3981 3918 3981 3626 3981 3917 3982 3919 3982 3916 3982 3920 3983 3919 3983 3917 3983 3918 3984 3921 3984 3626 3984 3920 3985 3922 3985 3919 3985 3923 3986 3922 3986 3920 3986 3921 3987 3924 3987 3626 3987 3923 3988 3925 3988 3922 3988 3926 3989 3925 3989 3923 3989 3924 3990 3927 3990 3626 3990 3928 3991 3929 3991 3926 3991 3926 3992 3929 3992 3925 3992 3927 3993 3930 3993 3626 3993 3928 3994 3931 3994 3929 3994 3932 3995 3931 3995 3928 3995 3930 3996 3933 3996 3626 3996 3755 3997 3934 3997 3932 3997 3932 3998 3934 3998 3931 3998 3935 3999 3934 3999 3756 3999 3756 4000 3934 4000 3755 4000 3933 4001 3936 4001 3626 4001 3937 4002 3938 4002 3935 4002 3935 4003 3938 4003 3934 4003 3936 4004 3939 4004 3626 4004 3937 4005 3940 4005 3938 4005 3941 4006 3940 4006 3937 4006 3939 4007 3942 4007 3626 4007 3941 4008 3943 4008 3940 4008 3944 4009 3943 4009 3941 4009 3942 4010 3945 4010 3626 4010 3944 4011 3946 4011 3943 4011 3947 4012 3946 4012 3944 4012 3945 4013 3948 4013 3626 4013 3947 4014 3949 4014 3946 4014 3950 4015 3949 4015 3947 4015 3948 4016 3951 4016 3626 4016 3950 4017 3952 4017 3949 4017 3953 4018 3952 4018 3950 4018 3951 4019 3954 4019 3626 4019 3955 4020 3956 4020 3953 4020 3953 4021 3956 4021 3952 4021 3954 4022 3957 4022 3626 4022 3958 4023 3959 4023 3955 4023 3955 4024 3959 4024 3956 4024 3957 4025 3960 4025 3626 4025 3961 4026 3962 4026 3958 4026 3958 4027 3962 4027 3959 4027 3960 4028 3963 4028 3626 4028 3961 4029 3964 4029 3962 4029 3965 4030 3964 4030 3961 4030 3963 4031 3966 4031 3626 4031 3965 4032 3967 4032 3964 4032 3968 4033 3967 4033 3965 4033 3966 4034 3969 4034 3626 4034 3969 4035 3970 4035 3626 4035 3970 4036 3971 4036 3626 4036 3971 4037 3972 4037 3626 4037 3626 4038 3973 4038 3189 4038 3189 4039 3973 4039 3974 4039 3972 4040 3973 4040 3626 4040 3974 4041 3975 4041 3976 4041 3973 4042 3975 4042 3974 4042 3976 4043 3977 4043 3978 4043 3975 4044 3977 4044 3976 4044 3977 4045 3979 4045 3978 4045 3978 4046 3980 4046 2906 4046 3979 4047 3980 4047 3978 4047 2906 4048 3980 4048 2864 4048 3981 4049 3982 4049 3983 4049 3984 4050 3982 4050 3981 4050 3985 4051 3982 4051 3984 4051 3986 4052 3982 4052 3888 4052 3987 4053 3982 4053 3985 4053 3988 4054 3982 4054 3986 4054 3989 4055 3982 4055 3987 4055 3990 4056 3982 4056 3988 4056 3991 4057 3982 4057 3989 4057 3968 4058 3982 4058 3967 4058 3992 4059 3982 4059 3990 4059 3993 4060 3982 4060 3991 4060 3994 4061 3982 4061 3992 4061 3995 4062 3982 4062 3993 4062 3983 4063 3982 4063 3994 4063 3996 4064 3982 4064 3995 4064 3997 4065 3982 4065 3996 4065 3998 4066 3982 4066 3997 4066 3999 4067 3982 4067 3998 4067 4000 4068 3982 4068 3999 4068 4001 4069 3982 4069 4000 4069 4002 4070 3982 4070 4001 4070 4003 4071 3982 4071 4002 4071 4004 4072 3982 4072 4003 4072 4005 4073 3982 4073 4004 4073 4006 4074 3982 4074 4005 4074 4007 4075 3982 4075 4006 4075 4008 4076 3982 4076 4007 4076 4009 4077 3982 4077 4008 4077 4010 4078 3982 4078 4009 4078 4011 4079 3982 4079 4010 4079 4012 4080 3982 4080 4011 4080 4013 4081 3982 4081 4012 4081 3888 4082 3982 4082 3886 4082 4014 4083 3982 4083 4013 4083 4015 4084 3982 4084 4016 4084 4017 4085 3982 4085 4014 4085 3967 4086 3982 4086 4015 4086 3893 4087 3982 4087 4017 4087 3489 4088 3982 4088 3893 4088 4018 4089 3982 4089 4019 4089 4020 4090 3982 4090 4018 4090 4021 4091 3982 4091 4020 4091 4022 4092 3982 4092 4021 4092 4023 4093 3982 4093 4022 4093 3886 4094 3982 4094 4023 4094 4024 4095 3982 4095 3968 4095 4019 4096 3982 4096 4024 4096 4025 4097 4026 4097 4027 4097 4028 4098 4026 4098 4025 4098 4029 4099 4026 4099 4028 4099 4030 4100 4026 4100 4029 4100 4031 4101 4026 4101 4030 4101 4032 4102 4026 4102 4031 4102 4033 4103 4026 4103 4032 4103 4034 4104 4026 4104 4033 4104 4035 4105 4026 4105 4034 4105 4036 4106 4026 4106 4035 4106 4037 4107 4026 4107 4036 4107 4038 4108 4026 4108 4037 4108 4039 4109 4026 4109 4038 4109 4040 4110 4026 4110 4039 4110 4041 4111 4026 4111 4040 4111 4042 4112 4026 4112 4041 4112 4043 4113 4026 4113 4042 4113 4044 4114 4026 4114 4043 4114 3980 4115 4026 4115 2864 4115 4045 4116 4026 4116 3980 4116 4046 4117 4026 4117 4045 4117 4047 4118 4026 4118 4048 4118 4049 4119 4026 4119 4046 4119 4050 4120 4026 4120 4047 4120 4051 4121 4026 4121 4049 4121 4052 4122 4026 4122 4050 4122 4053 4123 4026 4123 4051 4123 4054 4124 4026 4124 4052 4124 4055 4125 4026 4125 4053 4125 4056 4126 4026 4126 4054 4126 4057 4127 4026 4127 4055 4127 4058 4128 4026 4128 4056 4128 4059 4129 4026 4129 4057 4129 4060 4130 4026 4130 4058 4130 4061 4131 4026 4131 4059 4131 4062 4132 4026 4132 4060 4132 4048 4133 4026 4133 4061 4133 4063 4134 4026 4134 4062 4134 4027 4135 4026 4135 4063 4135 4064 4136 4065 4136 4044 4136 4066 4137 4065 4137 4064 4137 4044 4138 4065 4138 4026 4138 3982 4139 4067 4139 4016 4139 4068 4140 4069 4140 4066 4140 4066 4141 4069 4141 4065 4141 4067 4142 4070 4142 4016 4142 4016 4143 4070 4143 4071 4143 4072 4144 4073 4144 4068 4144 4068 4145 4073 4145 4069 4145 4070 4146 4074 4146 4071 4146 4075 4147 4076 4147 4072 4147 4072 4148 4076 4148 4073 4148 4074 4149 4077 4149 4071 4149 4078 4150 4079 4150 4075 4150 4075 4151 4079 4151 4076 4151 4077 4152 4080 4152 4071 4152 4081 4153 4082 4153 4078 4153 4078 4154 4082 4154 4079 4154 4080 4155 4083 4155 4071 4155 4084 4156 4085 4156 4081 4156 4081 4157 4085 4157 4082 4157 4071 4158 4086 4158 4087 4158 4083 4159 4086 4159 4071 4159 4084 4160 4088 4160 4085 4160 4086 4161 4089 4161 4087 4161 4090 4162 4091 4162 4084 4162 4084 4163 4091 4163 4088 4163 4089 4164 4092 4164 4087 4164 4093 4165 4094 4165 4090 4165 4090 4166 4094 4166 4091 4166 4092 4167 4095 4167 4087 4167 4093 4168 4096 4168 4094 4168 4095 4169 4097 4169 4087 4169 4087 4170 4097 4170 4098 4170 4099 4171 4100 4171 4093 4171 4093 4172 4100 4172 4096 4172 4097 4173 4101 4173 4098 4173 4101 4174 4102 4174 4098 4174 4099 4175 4103 4175 4100 4175 4099 4176 4104 4176 4103 4176 4102 4177 4105 4177 4098 4177 4106 4178 4107 4178 4099 4178 4099 4179 4107 4179 4104 4179 4098 4180 4108 4180 4106 4180 4105 4181 4108 4181 4098 4181 4106 4182 4109 4182 4107 4182 4108 4183 4109 4183 4106 4183 4110 4184 1 4184 2820 4184 4110 4185 3 4185 1 4185 4111 4186 2820 4186 2809 4186 4111 4187 4110 4187 2820 4187 4112 4188 2809 4188 2811 4188 4112 4189 4111 4189 2809 4189 4113 4190 2811 4190 2812 4190 4113 4191 4112 4191 2811 4191 4114 4192 2812 4192 2813 4192 4114 4193 4113 4193 2812 4193 4115 4194 2813 4194 2814 4194 4115 4195 4114 4195 2813 4195 4116 4196 2814 4196 2802 4196 4116 4197 4115 4197 2814 4197 4117 4198 2802 4198 2803 4198 4117 4199 4116 4199 2802 4199 4118 4200 4117 4200 2803 4200 4118 4201 2803 4201 2804 4201 4119 4202 2804 4202 2805 4202 4119 4203 4118 4203 2804 4203 4120 4204 2805 4204 2795 4204 4120 4205 4119 4205 2805 4205 4121 4206 2795 4206 2797 4206 4121 4207 4120 4207 2795 4207 4122 4208 2797 4208 2798 4208 4122 4209 4121 4209 2797 4209 4123 4210 2798 4210 2799 4210 4123 4211 4122 4211 2798 4211 4124 4212 2799 4212 2800 4212 4124 4213 4123 4213 2799 4213 4125 4214 2800 4214 2807 4214 4125 4215 4124 4215 2800 4215 4126 4216 2807 4216 2808 4216 4126 4217 4125 4217 2807 4217 4127 4218 2808 4218 2816 4218 4127 4219 4126 4219 2808 4219 4128 4220 2816 4220 2817 4220 4128 4221 2817 4221 2818 4221 4128 4222 4127 4222 2816 4222 4129 4223 4128 4223 2818 4223 4130 4224 2818 4224 2822 4224 4130 4225 4129 4225 2818 4225 4131 4226 2822 4226 2823 4226 4131 4227 4130 4227 2822 4227 4132 4228 2823 4228 2826 4228 4132 4229 4131 4229 2823 4229 4133 4230 2826 4230 2830 4230 4133 4231 2830 4231 2831 4231 4133 4232 4132 4232 2826 4232 4134 4233 4133 4233 2831 4233 4135 4234 2831 4234 2835 4234 4135 4235 2835 4235 2839 4235 4135 4236 4134 4236 2831 4236 4136 4237 4135 4237 2839 4237 4137 4238 2839 4238 2843 4238 4137 4239 4136 4239 2839 4239 4138 4240 2843 4240 2847 4240 4138 4241 4137 4241 2843 4241 4139 4242 2847 4242 2851 4242 4139 4243 2851 4243 2855 4243 4139 4244 4138 4244 2847 4244 4140 4245 4139 4245 2855 4245 4141 4246 2855 4246 2864 4246 4141 4247 4140 4247 2855 4247 1327 4248 0 4248 2 4248 1327 4249 2 4249 4142 4249 4143 4250 4144 4250 4145 4250 4146 4251 4145 4251 4144 4251 4147 4252 4144 4252 4143 4252 4148 4253 4146 4253 4144 4253 4149 4254 4144 4254 4147 4254 4150 4255 4148 4255 4144 4255 4151 4256 4144 4256 4149 4256 4152 4257 4150 4257 4144 4257 4153 4258 4144 4258 4151 4258 4154 4259 4152 4259 4144 4259 4155 4260 4144 4260 4153 4260 4156 4261 4154 4261 4144 4261 4157 4262 4144 4262 4155 4262 4158 4263 4156 4263 4144 4263 4159 4264 4144 4264 4157 4264 4160 4265 4158 4265 4144 4265 4161 4266 4144 4266 4159 4266 4162 4267 4160 4267 4144 4267 4163 4268 4144 4268 4161 4268 4164 4269 4162 4269 4144 4269 4165 4270 4144 4270 4163 4270 4166 4271 4164 4271 4144 4271 4167 4272 4144 4272 4165 4272 4168 4273 4166 4273 4144 4273 4169 4274 4144 4274 4167 4274 4170 4275 4168 4275 4144 4275 4171 4276 4144 4276 4169 4276 4172 4277 4144 4277 4173 4277 4172 4278 4170 4278 4144 4278 4174 4279 4144 4279 4171 4279 4175 4280 4172 4280 4173 4280 4176 4281 4144 4281 4174 4281 4177 4282 4173 4282 4178 4282 4177 4283 4175 4283 4173 4283 4179 4284 4144 4284 4176 4284 4180 4285 4178 4285 4181 4285 4180 4286 4177 4286 4178 4286 4182 4287 4144 4287 4179 4287 4183 4288 4180 4288 4181 4288 4183 4289 4181 4289 4184 4289 4185 4290 4144 4290 4182 4290 4186 4291 4184 4291 4187 4291 4186 4292 4183 4292 4184 4292 4188 4293 4144 4293 4185 4293 4189 4294 4187 4294 4190 4294 4189 4295 4186 4295 4187 4295 4191 4296 4144 4296 4188 4296 4192 4297 4190 4297 4193 4297 4192 4298 4189 4298 4190 4298 4194 4299 4144 4299 4191 4299 4195 4300 4193 4300 4196 4300 4195 4301 4196 4301 4197 4301 4195 4302 4192 4302 4193 4302 4198 4303 4144 4303 4194 4303 4199 4304 4195 4304 4197 4304 4199 4305 4197 4305 4200 4305 4201 4306 4144 4306 4198 4306 4202 4307 4199 4307 4200 4307 4202 4308 4200 4308 4203 4308 4202 4309 4203 4309 4204 4309 4205 4310 4204 4310 4206 4310 4205 4311 4206 4311 4207 4311 4205 4312 4207 4312 4208 4312 4205 4313 4202 4313 4204 4313 4209 4314 4208 4314 4210 4314 4209 4315 4210 4315 4211 4315 4209 4316 4205 4316 4208 4316 4212 4317 4211 4317 4213 4317 4212 4318 4213 4318 4214 4318 4212 4319 4214 4319 4215 4319 4212 4320 4215 4320 4216 4320 4212 4321 4209 4321 4211 4321 4217 4322 4216 4322 4218 4322 4217 4323 4218 4323 4219 4323 4217 4324 4219 4324 4220 4324 4217 4325 4220 4325 4221 4325 4217 4326 4212 4326 4216 4326 4222 4327 4221 4327 4223 4327 4222 4328 4223 4328 4224 4328 4222 4329 4224 4329 4225 4329 4222 4330 4225 4330 4226 4330 4222 4331 4226 4331 4227 4331 4222 4332 4217 4332 4221 4332 4228 4333 4227 4333 4229 4333 4228 4334 4229 4334 4230 4334 4228 4335 4222 4335 4227 4335 4231 4336 4228 4336 4230 4336 4232 4337 4231 4337 4230 4337 4233 4338 4230 4338 4234 4338 4235 4339 4234 4339 4230 4339 4236 4340 4230 4340 4233 4340 4237 4341 4235 4341 4230 4341 4238 4342 4230 4342 4236 4342 4239 4343 4237 4343 4230 4343 4240 4344 4230 4344 4238 4344 4241 4345 4239 4345 4230 4345 4242 4346 4230 4346 4240 4346 4243 4347 4241 4347 4230 4347 4244 4348 4230 4348 4242 4348 4245 4349 4243 4349 4230 4349 4246 4350 4230 4350 4244 4350 4247 4351 4245 4351 4230 4351 4248 4352 4230 4352 4246 4352 4249 4353 4247 4353 4230 4353 4250 4354 4230 4354 4248 4354 4251 4355 4249 4355 4230 4355 4252 4356 4230 4356 4250 4356 4253 4357 4251 4357 4230 4357 4254 4358 4230 4358 4252 4358 4255 4359 4253 4359 4230 4359 4256 4360 4230 4360 4254 4360 4257 4361 4255 4361 4230 4361 4258 4362 4230 4362 4256 4362 4259 4363 4257 4363 4230 4363 4260 4364 4230 4364 4258 4364 4261 4365 4259 4365 4230 4365 4262 4366 4230 4366 4260 4366 4263 4367 4261 4367 4230 4367 4264 4368 4230 4368 4262 4368 4265 4369 4230 4369 4264 4369 4266 4370 4230 4370 4265 4370 4267 4371 4230 4371 4266 4371 4268 4372 4230 4372 4267 4372 4269 4373 4270 4373 4271 4373 4269 4374 4272 4374 4270 4374 4273 4375 4271 4375 4270 4375 4273 4376 4274 4376 4275 4376 4273 4377 4270 4377 4274 4377 4276 4378 4272 4378 4269 4378 4276 4379 4277 4379 4272 4379 4278 4380 4273 4380 4275 4380 4278 4381 4275 4381 4279 4381 4280 4382 4277 4382 4276 4382 4280 4383 4281 4383 4277 4383 4282 4384 4279 4384 4283 4384 4282 4385 4278 4385 4279 4385 4284 4386 4281 4386 4280 4386 4284 4387 4285 4387 4281 4387 4286 4388 4282 4388 4283 4388 4287 4389 4285 4389 4284 4389 4287 4390 4288 4390 4285 4390 4289 4391 4283 4391 4290 4391 4289 4392 4286 4392 4283 4392 4291 4393 4288 4393 4287 4393 4291 4394 4292 4394 4288 4394 4293 4395 4294 4395 4295 4395 4293 4396 4290 4396 4294 4396 4293 4397 4289 4397 4290 4397 4296 4398 4297 4398 4292 4398 4296 4399 4292 4399 4291 4399 4298 4400 4293 4400 4295 4400 4299 4401 4297 4401 4296 4401 4299 4402 4230 4402 4268 4402 4299 4403 4268 4403 4297 4403 4300 4404 4298 4404 4295 4404 4300 4405 4301 4405 4302 4405 4300 4406 4295 4406 4301 4406 4303 4407 4230 4407 4299 4407 4304 4408 4300 4408 4302 4408 4304 4409 4302 4409 4305 4409 4306 4410 4230 4410 4303 4410 4307 4411 4304 4411 4305 4411 4308 4412 4230 4412 4306 4412 4309 4413 4307 4413 4305 4413 4309 4414 4305 4414 4310 4414 4311 4415 4230 4415 4308 4415 4312 4416 4309 4416 4310 4416 4312 4417 4310 4417 4313 4417 4314 4418 4230 4418 4311 4418 4315 4419 4312 4419 4313 4419 4315 4420 4316 4420 4317 4420 4315 4421 4313 4421 4316 4421 4318 4422 4230 4422 4314 4422 4319 4423 4315 4423 4317 4423 4320 4424 4230 4424 4318 4424 4321 4425 4319 4425 4317 4425 4321 4426 4317 4426 4322 4426 4323 4427 4230 4427 4320 4427 4323 4428 4232 4428 4230 4428 4324 4429 4321 4429 4322 4429 4324 4430 4325 4430 4326 4430 4324 4431 4322 4431 4325 4431 4327 4432 4328 4432 4232 4432 4327 4433 4232 4433 4323 4433 4329 4434 4324 4434 4326 4434 4330 4435 4328 4435 4327 4435 4330 4436 4331 4436 4328 4436 4332 4437 4329 4437 4326 4437 4332 4438 4333 4438 4334 4438 4332 4439 4326 4439 4333 4439 4335 4440 4336 4440 4331 4440 4335 4441 4331 4441 4330 4441 4337 4442 4332 4442 4334 4442 4337 4443 4334 4443 4338 4443 4339 4444 4340 4444 4336 4444 4339 4445 4336 4445 4335 4445 4341 4446 4337 4446 4338 4446 4341 4447 4338 4447 4342 4447 4343 4448 4344 4448 4340 4448 4343 4449 4340 4449 4339 4449 4345 4450 4341 4450 4342 4450 4346 4451 4347 4451 4344 4451 4346 4452 4344 4452 4343 4452 4348 4453 4345 4453 4342 4453 4348 4454 4342 4454 4349 4454 4350 4455 4351 4455 4347 4455 4350 4456 4347 4456 4346 4456 4352 4457 4348 4457 4349 4457 4352 4458 4349 4458 4353 4458 4354 4459 4355 4459 4351 4459 4354 4460 4351 4460 4350 4460 4356 4461 4353 4461 4357 4461 4356 4462 4352 4462 4353 4462 4358 4463 4359 4463 4355 4463 4358 4464 4355 4464 4354 4464 4360 4465 4357 4465 4361 4465 4360 4466 4356 4466 4357 4466 4362 4467 4363 4467 4359 4467 4362 4468 4359 4468 4358 4468 4364 4469 4360 4469 4361 4469 4364 4470 4365 4470 4366 4470 4364 4471 4361 4471 4365 4471 4367 4472 4368 4472 4363 4472 4367 4473 4363 4473 4362 4473 4369 4474 4364 4474 4366 4474 4370 4475 4368 4475 4367 4475 4371 4476 4372 4476 4373 4476 4371 4477 4366 4477 4372 4477 4371 4478 4369 4478 4366 4478 4374 4479 4371 4479 4373 4479 4375 4480 4376 4480 4377 4480 4375 4481 4373 4481 4376 4481 4375 4482 4374 4482 4373 4482 4378 4483 4375 4483 4377 4483 4379 4484 4380 4484 4381 4484 4379 4485 4377 4485 4380 4485 4379 4486 4378 4486 4377 4486 4382 4487 4379 4487 4381 4487 4383 4488 4384 4488 4385 4488 4383 4489 4381 4489 4384 4489 4383 4490 4382 4490 4381 4490 4386 4491 4383 4491 4385 4491 4387 4492 4386 4492 4385 4492 4387 4493 4385 4493 4388 4493 4389 4494 4390 4494 4391 4494 4389 4495 4392 4495 4390 4495 4389 4496 4393 4496 4392 4496 4389 4497 4394 4497 4393 4497 4389 4498 4395 4498 4394 4498 4389 4499 4396 4499 4395 4499 4389 4500 4397 4500 4396 4500 4389 4501 4398 4501 4397 4501 4389 4502 4399 4502 4398 4502 4389 4503 4400 4503 4399 4503 4389 4504 4401 4504 4400 4504 4389 4505 4402 4505 4401 4505 4389 4506 4403 4506 4402 4506 4389 4507 4404 4507 4403 4507 4389 4508 4405 4508 4404 4508 4389 4509 4406 4509 4405 4509 4389 4510 4407 4510 4406 4510 4389 4511 4408 4511 4407 4511 4389 4512 4409 4512 4408 4512 4389 4513 4410 4513 4409 4513 4389 4514 4411 4514 4410 4514 4412 4515 4413 4515 4414 4515 4415 4516 4416 4516 4413 4516 4415 4517 4413 4517 4412 4517 4417 4518 4414 4518 4418 4518 4417 4519 4412 4519 4414 4519 4419 4520 4416 4520 4415 4520 4419 4521 4420 4521 4416 4521 4421 4522 4418 4522 4422 4522 4421 4523 4417 4523 4418 4523 4423 4524 4420 4524 4419 4524 4423 4525 4391 4525 4420 4525 4423 4526 4389 4526 4391 4526 4424 4527 4421 4527 4422 4527 4424 4528 4422 4528 4425 4528 4426 4529 4389 4529 4423 4529 4427 4530 4425 4530 4428 4530 4427 4531 4424 4531 4425 4531 4429 4532 4389 4532 4426 4532 4430 4533 4428 4533 4431 4533 4430 4534 4427 4534 4428 4534 4432 4535 4389 4535 4429 4535 4433 4536 4431 4536 4434 4536 4433 4537 4430 4537 4431 4537 4435 4538 4389 4538 4432 4538 4436 4539 4433 4539 4434 4539 4436 4540 4434 4540 4437 4540 4438 4541 4389 4541 4435 4541 4439 4542 4437 4542 4440 4542 4439 4543 4436 4543 4437 4543 4441 4544 4389 4544 4438 4544 4442 4545 4440 4545 4443 4545 4442 4546 4439 4546 4440 4546 4444 4547 4389 4547 4441 4547 4445 4548 4443 4548 4446 4548 4445 4549 4442 4549 4443 4549 4447 4550 4389 4550 4444 4550 4448 4551 4446 4551 4449 4551 4448 4552 4445 4552 4446 4552 4450 4553 4389 4553 4447 4553 4451 4554 4449 4554 4452 4554 4451 4555 4448 4555 4449 4555 4453 4556 4389 4556 4450 4556 4454 4557 4451 4557 4452 4557 4454 4558 4452 4558 4455 4558 4456 4559 4389 4559 4453 4559 4457 4560 4455 4560 4368 4560 4457 4561 4454 4561 4455 4561 4458 4562 4389 4562 4456 4562 4459 4563 4370 4563 4460 4563 4459 4564 4457 4564 4368 4564 4459 4565 4368 4565 4370 4565 4461 4566 4389 4566 4458 4566 4462 4567 4460 4567 4463 4567 4462 4568 4459 4568 4460 4568 4464 4569 4389 4569 4461 4569 4465 4570 4462 4570 4463 4570 4466 4571 4389 4571 4464 4571 4467 4572 4389 4572 4466 4572 4468 4573 4389 4573 4467 4573 4469 4574 4389 4574 4468 4574 4470 4575 4389 4575 4469 4575 4471 4576 4389 4576 4470 4576 4472 4577 4389 4577 4471 4577 4473 4578 4389 4578 4472 4578 4474 4579 4389 4579 4473 4579 4475 4580 4389 4580 4474 4580 4476 4581 4389 4581 4475 4581 4477 4582 4389 4582 4476 4582 4478 4583 4389 4583 4477 4583 4479 4584 4389 4584 4478 4584 4480 4585 4389 4585 4479 4585 4481 4586 4389 4586 4480 4586 4482 4587 4389 4587 4481 4587 4483 4588 4389 4588 4482 4588 4484 4589 4389 4589 4483 4589 4485 4590 4389 4590 4484 4590 4486 4591 4389 4591 4485 4591 4487 4592 4389 4592 4486 4592 4488 4593 4389 4593 4487 4593 4489 4594 4389 4594 4488 4594 4490 4595 4389 4595 4489 4595 4491 4596 4389 4596 4490 4596 4492 4597 4389 4597 4491 4597 4493 4598 4389 4598 4492 4598 4494 4599 4389 4599 4493 4599 4495 4600 4263 4600 4230 4600 4495 4601 4496 4601 4263 4601 4495 4602 4497 4602 4496 4602 4495 4603 4498 4603 4497 4603 4495 4604 4499 4604 4498 4604 4495 4605 4500 4605 4499 4605 4495 4606 4501 4606 4500 4606 4495 4607 4502 4607 4501 4607 4495 4608 4503 4608 4502 4608 4495 4609 4504 4609 4503 4609 4495 4610 4505 4610 4504 4610 4495 4611 4506 4611 4505 4611 4507 4612 4508 4612 4509 4612 4510 4613 4511 4613 4508 4613 4510 4614 4508 4614 4507 4614 4512 4615 4509 4615 4513 4615 4512 4616 4507 4616 4509 4616 4514 4617 4515 4617 4511 4617 4514 4618 4511 4618 4510 4618 4516 4619 4513 4619 4506 4619 4516 4620 4512 4620 4513 4620 4516 4621 4506 4621 4495 4621 4517 4622 4515 4622 4514 4622 4517 4623 4518 4623 4515 4623 4519 4624 4516 4624 4495 4624 4520 4625 4518 4625 4517 4625 4520 4626 4521 4626 4518 4626 4522 4627 4519 4627 4495 4627 4523 4628 4521 4628 4520 4628 4523 4629 4524 4629 4521 4629 4525 4630 4522 4630 4495 4630 4526 4631 4524 4631 4523 4631 4526 4632 4527 4632 4524 4632 4528 4633 4525 4633 4495 4633 4529 4634 4527 4634 4526 4634 4529 4635 4530 4635 4527 4635 4531 4636 4528 4636 4495 4636 4532 4637 4530 4637 4529 4637 4532 4638 4533 4638 4530 4638 4534 4639 4531 4639 4495 4639 4535 4640 4536 4640 4533 4640 4535 4641 4533 4641 4532 4641 4537 4642 4534 4642 4495 4642 4538 4643 4536 4643 4535 4643 4538 4644 4539 4644 4536 4644 4540 4645 4537 4645 4495 4645 4541 4646 4539 4646 4538 4646 4541 4647 4542 4647 4539 4647 4543 4648 4540 4648 4495 4648 4544 4649 4542 4649 4541 4649 4544 4650 4545 4650 4542 4650 4546 4651 4543 4651 4495 4651 4547 4652 4548 4652 4545 4652 4547 4653 4545 4653 4544 4653 4549 4654 4546 4654 4495 4654 4550 4655 4551 4655 4548 4655 4550 4656 4548 4656 4547 4656 4552 4657 4549 4657 4495 4657 4553 4658 4554 4658 4551 4658 4553 4659 4551 4659 4550 4659 4555 4660 4552 4660 4495 4660 4556 4661 4557 4661 4554 4661 4556 4662 4554 4662 4553 4662 4558 4663 4555 4663 4495 4663 4559 4664 4558 4664 4495 4664 4560 4665 4559 4665 4495 4665 4561 4666 4560 4666 4495 4666 4562 4667 4561 4667 4495 4667 4563 4668 4562 4668 4495 4668 4564 4669 4563 4669 4495 4669 4565 4670 4564 4670 4495 4670 4566 4671 4565 4671 4495 4671 4567 4672 4566 4672 4495 4672 4568 4673 4567 4673 4495 4673 4569 4674 4568 4674 4495 4674 4570 4675 4569 4675 4495 4675 4571 4676 4570 4676 4495 4676 4572 4677 4571 4677 4495 4677 4573 4678 4572 4678 4495 4678 4574 4679 4573 4679 4495 4679 4575 4680 4574 4680 4495 4680 4576 4681 4575 4681 4495 4681 4577 4682 4576 4682 4495 4682 4578 4683 4577 4683 4495 4683 4579 4684 4578 4684 4495 4684 4580 4685 4579 4685 4495 4685 4581 4686 4580 4686 4495 4686 4582 4687 4581 4687 4495 4687 4583 4688 4582 4688 4495 4688 4584 4689 4583 4689 4495 4689 4585 4690 4586 4690 4587 4690 4585 4691 4587 4691 4588 4691 4589 4692 4587 4692 4590 4692 4589 4693 4588 4693 4587 4693 4591 4694 4586 4694 4585 4694 4591 4695 4592 4695 4586 4695 4593 4696 4590 4696 4594 4696 4593 4697 4589 4697 4590 4697 4595 4698 4596 4698 4592 4698 4595 4699 4592 4699 4591 4699 4597 4700 4594 4700 4598 4700 4597 4701 4593 4701 4594 4701 4599 4702 4596 4702 4595 4702 4599 4703 4600 4703 4596 4703 4601 4704 4598 4704 4602 4704 4601 4705 4597 4705 4598 4705 4603 4706 4600 4706 4599 4706 4603 4707 4604 4707 4600 4707 4603 4708 4605 4708 4604 4708 4606 4709 4601 4709 4602 4709 4606 4710 4602 4710 4607 4710 4608 4711 4605 4711 4603 4711 4609 4712 4606 4712 4607 4712 4609 4713 4607 4713 4610 4713 4611 4714 4612 4714 4605 4714 4611 4715 4605 4715 4608 4715 4613 4716 4614 4716 4615 4716 4613 4717 4610 4717 4614 4717 4613 4718 4609 4718 4610 4718 4616 4719 4612 4719 4611 4719 4616 4720 4617 4720 4612 4720 4616 4721 4618 4721 4617 4721 4619 4722 4613 4722 4615 4722 4620 4723 4618 4723 4616 4723 4621 4724 4615 4724 4622 4724 4621 4725 4619 4725 4615 4725 4623 4726 4624 4726 4618 4726 4623 4727 4618 4727 4620 4727 4625 4728 4622 4728 4465 4728 4625 4729 4465 4729 4463 4729 4625 4730 4621 4730 4622 4730 4625 4731 4463 4731 4626 4731 4627 4732 4628 4732 4624 4732 4627 4733 4629 4733 4628 4733 4627 4734 4624 4734 4623 4734 4630 4735 4625 4735 4626 4735 4630 4736 4626 4736 4631 4736 4632 4737 4629 4737 4627 4737 4633 4738 4630 4738 4631 4738 4633 4739 4631 4739 4634 4739 4635 4740 4629 4740 4632 4740 4635 4741 4636 4741 4629 4741 4635 4742 4637 4742 4636 4742 4638 4743 4633 4743 4634 4743 4638 4744 4634 4744 4639 4744 4640 4745 4637 4745 4635 4745 4641 4746 4638 4746 4639 4746 4641 4747 4639 4747 4642 4747 4643 4748 4637 4748 4640 4748 4643 4749 4644 4749 4637 4749 4643 4750 4645 4750 4644 4750 4646 4751 4641 4751 4642 4751 4646 4752 4642 4752 4647 4752 4648 4753 4645 4753 4643 4753 4649 4754 4647 4754 4650 4754 4649 4755 4646 4755 4647 4755 4651 4756 4652 4756 4645 4756 4651 4757 4645 4757 4648 4757 4653 4758 4650 4758 4654 4758 4653 4759 4649 4759 4650 4759 4655 4760 4656 4760 4652 4760 4655 4761 4652 4761 4651 4761 4657 4762 4653 4762 4654 4762 4657 4763 4654 4763 4658 4763 4659 4764 4660 4764 4656 4764 4659 4765 4656 4765 4655 4765 4661 4766 4657 4766 4658 4766 4661 4767 4658 4767 4662 4767 4663 4768 4660 4768 4659 4768 4663 4769 4664 4769 4660 4769 4665 4770 4661 4770 4662 4770 4665 4771 4662 4771 4666 4771 4667 4772 4668 4772 4669 4772 4667 4773 4670 4773 4668 4773 4671 4774 4670 4774 4667 4774 4672 4775 4667 4775 4669 4775 4672 4776 4669 4776 4673 4776 4674 4777 4670 4777 4671 4777 4674 4778 4675 4778 4670 4778 4676 4779 4672 4779 4673 4779 4677 4780 4675 4780 4674 4780 4677 4781 4678 4781 4675 4781 4679 4782 4676 4782 4673 4782 4679 4783 4680 4783 4681 4783 4679 4784 4673 4784 4680 4784 4682 4785 4664 4785 4663 4785 4682 4786 4683 4786 4664 4786 4684 4787 4678 4787 4677 4787 4684 4788 4685 4788 4678 4788 4686 4789 4679 4789 4681 4789 4687 4790 4685 4790 4684 4790 4687 4791 4688 4791 4685 4791 4689 4792 4665 4792 4666 4792 4689 4793 4666 4793 4690 4793 4691 4794 4686 4794 4681 4794 4691 4795 4692 4795 4693 4795 4691 4796 4681 4796 4692 4796 4694 4797 4695 4797 4688 4797 4694 4798 4688 4798 4687 4798 4696 4799 4691 4799 4693 4799 4696 4800 4693 4800 4697 4800 4698 4801 4699 4801 4683 4801 4698 4802 4683 4802 4682 4802 4700 4803 4701 4803 4695 4803 4700 4804 4695 4804 4694 4804 4702 4805 4696 4805 4697 4805 4702 4806 4697 4806 4703 4806 4704 4807 4705 4807 4701 4807 4704 4808 4701 4808 4700 4808 4706 4809 4689 4809 4690 4809 4706 4810 4690 4810 4707 4810 4708 4811 4702 4811 4703 4811 4709 4812 4710 4812 4705 4812 4709 4813 4705 4813 4704 4813 4711 4814 4699 4814 4698 4814 4711 4815 4712 4815 4699 4815 4713 4816 4708 4816 4703 4816 4713 4817 4714 4817 4715 4817 4713 4818 4703 4818 4714 4818 4716 4819 4717 4819 4710 4819 4716 4820 4710 4820 4709 4820 4718 4821 4706 4821 4707 4821 4718 4822 4707 4822 4719 4822 4720 4823 4713 4823 4715 4823 4721 4824 4712 4824 4711 4824 4721 4825 4722 4825 4712 4825 4723 4826 4724 4826 4717 4826 4723 4827 4556 4827 4724 4827 4723 4828 4717 4828 4716 4828 4725 4829 4720 4829 4715 4829 4725 4830 4715 4830 4726 4830 4727 4831 4718 4831 4719 4831 4727 4832 4719 4832 4728 4832 4729 4833 4557 4833 4556 4833 4729 4834 4388 4834 4557 4834 4729 4835 4556 4835 4723 4835 4730 4836 4725 4836 4726 4836 4730 4837 4731 4837 4732 4837 4730 4838 4726 4838 4731 4838 4733 4839 4722 4839 4721 4839 4733 4840 4734 4840 4722 4840 4735 4841 4387 4841 4388 4841 4735 4842 4388 4842 4729 4842 4735 4843 4736 4843 4387 4843 4737 4844 4727 4844 4728 4844 4737 4845 4728 4845 4738 4845 4739 4846 4730 4846 4732 4846 4740 4847 4741 4847 4736 4847 4740 4848 4736 4848 4735 4848 4742 4849 4734 4849 4733 4849 4742 4850 4743 4850 4734 4850 4742 4851 4744 4851 4743 4851 4745 4852 4739 4852 4732 4852 4745 4853 4732 4853 4746 4853 4747 4854 4738 4854 4748 4854 4747 4855 4737 4855 4738 4855 4749 4856 4741 4856 4740 4856 4749 4857 4750 4857 4741 4857 4751 4858 4744 4858 4742 4858 4752 4859 4753 4859 4754 4859 4752 4860 4746 4860 4753 4860 4752 4861 4745 4861 4746 4861 4755 4862 4756 4862 4750 4862 4755 4863 4750 4863 4749 4863 4757 4864 4748 4864 4758 4864 4757 4865 4747 4865 4748 4865 4759 4866 4754 4866 4760 4866 4759 4867 4752 4867 4754 4867 4761 4868 4744 4868 4751 4868 4761 4869 4762 4869 4744 4869 4763 4870 4756 4870 4755 4870 4763 4871 4764 4871 4756 4871 4765 4872 4757 4872 4758 4872 4765 4873 4758 4873 4766 4873 4767 4874 4759 4874 4760 4874 4768 4875 4762 4875 4761 4875 4768 4876 4769 4876 4762 4876 4768 4877 4770 4877 4769 4877 4771 4878 4764 4878 4763 4878 4771 4879 4772 4879 4764 4879 4773 4880 4765 4880 4766 4880 4773 4881 4766 4881 4774 4881 4775 4882 4767 4882 4760 4882 4775 4883 4776 4883 4777 4883 4775 4884 4760 4884 4776 4884 4778 4885 4772 4885 4771 4885 4778 4886 4779 4886 4772 4886 4780 4887 4770 4887 4768 4887 4781 4888 4775 4888 4777 4888 4782 4889 4779 4889 4778 4889 4782 4890 4783 4890 4779 4890 4784 4891 4770 4891 4780 4891 4784 4892 4785 4892 4770 4892 4784 4893 4786 4893 4785 4893 4787 4894 4781 4894 4777 4894 4787 4895 4788 4895 4789 4895 4787 4896 4777 4896 4788 4896 4790 4897 4783 4897 4782 4897 4790 4898 4791 4898 4783 4898 4792 4899 4786 4899 4784 4899 4793 4900 4787 4900 4789 4900 4794 4901 4791 4901 4790 4901 4794 4902 4795 4902 4791 4902 4796 4903 4786 4903 4792 4903 4796 4904 4797 4904 4786 4904 4798 4905 4793 4905 4789 4905 4798 4906 4789 4906 4799 4906 4800 4907 4795 4907 4794 4907 4800 4908 4801 4908 4795 4908 4802 4909 4797 4909 4796 4909 4802 4910 4803 4910 4797 4910 4804 4911 4798 4911 4799 4911 4804 4912 4799 4912 4805 4912 4806 4913 4801 4913 4800 4913 4806 4914 4807 4914 4801 4914 4808 4915 4809 4915 4803 4915 4808 4916 4803 4916 4802 4916 4810 4917 4804 4917 4805 4917 4810 4918 4805 4918 4811 4918 4812 4919 4807 4919 4806 4919 4812 4920 4813 4920 4807 4920 4814 4921 4809 4921 4808 4921 4814 4922 4815 4922 4809 4922 4816 4923 4810 4923 4811 4923 4816 4924 4817 4924 4818 4924 4816 4925 4811 4925 4817 4925 4819 4926 4494 4926 4815 4926 4819 4927 4815 4927 4814 4927 4819 4928 4389 4928 4494 4928 4820 4929 4813 4929 4812 4929 4820 4930 4821 4930 4813 4930 4822 4931 4816 4931 4818 4931 4823 4932 4824 4932 4821 4932 4823 4933 4821 4933 4820 4933 4825 4934 4818 4934 4826 4934 4825 4935 4822 4935 4818 4935 4827 4936 4828 4936 4824 4936 4827 4937 4824 4937 4823 4937 4829 4938 4830 4938 4831 4938 4829 4939 4826 4939 4830 4939 4829 4940 4825 4940 4826 4940 4832 4941 4833 4941 4828 4941 4832 4942 4828 4942 4827 4942 4834 4943 4829 4943 4831 4943 4835 4944 4833 4944 4832 4944 4835 4945 4836 4945 4833 4945 4837 4946 4834 4946 4831 4946 4837 4947 4831 4947 4838 4947 4839 4948 4836 4948 4835 4948 4840 4949 4837 4949 4838 4949 4840 4950 4838 4950 4841 4950 4842 4951 4840 4951 4841 4951 4842 4952 4841 4952 4843 4952 4844 4953 4842 4953 4843 4953 4844 4954 4845 4954 4846 4954 4844 4955 4843 4955 4845 4955 4847 4956 4844 4956 4846 4956 4847 4957 4846 4957 4848 4957 4849 4958 4847 4958 4848 4958 4850 4959 4773 4959 4774 4959 4850 4960 4851 4960 4773 4960 4850 4961 4852 4961 4851 4961 4850 4962 4853 4962 4852 4962 4850 4963 4389 4963 4819 4963 4850 4964 4854 4964 4853 4964 4850 4965 4855 4965 4856 4965 4850 4966 4857 4966 4854 4966 4850 4967 4858 4967 4855 4967 4850 4968 4859 4968 4857 4968 4850 4969 4860 4969 4858 4969 4850 4970 4861 4970 4859 4970 4850 4971 4862 4971 4860 4971 4850 4972 4863 4972 4861 4972 4850 4973 4864 4973 4862 4973 4850 4974 4865 4974 4863 4974 4850 4975 4866 4975 4864 4975 4850 4976 4867 4976 4865 4976 4850 4977 4868 4977 4866 4977 4850 4978 4869 4978 4867 4978 4850 4979 4870 4979 4868 4979 4850 4980 4856 4980 4869 4980 4850 4981 4871 4981 4870 4981 4850 4982 4872 4982 4871 4982 4850 4983 4873 4983 4872 4983 4850 4984 4874 4984 4873 4984 4850 4985 4875 4985 4874 4985 4850 4986 4876 4986 4875 4986 4850 4987 4877 4987 4876 4987 4850 4988 4878 4988 4877 4988 4850 4989 4879 4989 4878 4989 4850 4990 4880 4990 4879 4990 4850 4991 4881 4991 4880 4991 4850 4992 4882 4992 4883 4992 4850 4993 4884 4993 4881 4993 4850 4994 4774 4994 4882 4994 4850 4995 4885 4995 4884 4995 4850 4996 4886 4996 4885 4996 4850 4997 4887 4997 4886 4997 4850 4998 4888 4998 4887 4998 4850 4999 4889 4999 4888 4999 4850 5000 4890 5000 4889 5000 4850 5001 4891 5001 4890 5001 4850 5002 4892 5002 4891 5002 4850 5003 4893 5003 4892 5003 4850 5004 4894 5004 4893 5004 4850 5005 4895 5005 4894 5005 4850 5006 4819 5006 4895 5006 4896 5007 4897 5007 4584 5007 4896 5008 4898 5008 4897 5008 4896 5009 4899 5009 4898 5009 4896 5010 4900 5010 4899 5010 4896 5011 4848 5011 4900 5011 4896 5012 4901 5012 4902 5012 4896 5013 4903 5013 4901 5013 4896 5014 4904 5014 4903 5014 4896 5015 4905 5015 4849 5015 4896 5016 4906 5016 4904 5016 4896 5017 4907 5017 4905 5017 4896 5018 4908 5018 4906 5018 4896 5019 4909 5019 4907 5019 4896 5020 4910 5020 4908 5020 4896 5021 4911 5021 4909 5021 4896 5022 4912 5022 4910 5022 4896 5023 4913 5023 4911 5023 4896 5024 4914 5024 4912 5024 4896 5025 4902 5025 4913 5025 4896 5026 4915 5026 4914 5026 4896 5027 4916 5027 4915 5027 4896 5028 4917 5028 4916 5028 4896 5029 4918 5029 4917 5029 4896 5030 4919 5030 4918 5030 4896 5031 4920 5031 4919 5031 4896 5032 4584 5032 4495 5032 4896 5033 4921 5033 4920 5033 4896 5034 4922 5034 4921 5034 4896 5035 4923 5035 4922 5035 4896 5036 4924 5036 4923 5036 4896 5037 4925 5037 4924 5037 4896 5038 4926 5038 4925 5038 4896 5039 4927 5039 4926 5039 4896 5040 4928 5040 4927 5040 4896 5041 4929 5041 4928 5041 4896 5042 4930 5042 4929 5042 4896 5043 4931 5043 4930 5043 4896 5044 4932 5044 4931 5044 4896 5045 4849 5045 4848 5045 4896 5046 4933 5046 4932 5046 4896 5047 4934 5047 4933 5047 4896 5048 4935 5048 4934 5048 4896 5049 4936 5049 4935 5049 4937 5050 4411 5050 4389 5050 4938 5051 4896 5051 4939 5051 4940 5052 4939 5052 4896 5052 4941 5053 4896 5053 4938 5053 4942 5054 4940 5054 4896 5054 4943 5055 4896 5055 4941 5055 4944 5056 4942 5056 4896 5056 4945 5057 4896 5057 4943 5057 4946 5058 4944 5058 4896 5058 4947 5059 4896 5059 4945 5059 4948 5060 4946 5060 4896 5060 4949 5061 4896 5061 4947 5061 4950 5062 4948 5062 4896 5062 4951 5063 4896 5063 4949 5063 4952 5064 4950 5064 4896 5064 4953 5065 4896 5065 4951 5065 4954 5066 4952 5066 4896 5066 4955 5067 4896 5067 4953 5067 4956 5068 4954 5068 4896 5068 4957 5069 4896 5069 4955 5069 4958 5070 4956 5070 4896 5070 4959 5071 4936 5071 4896 5071 4959 5072 4896 5072 4957 5072 4960 5073 4958 5073 4896 5073 4961 5074 4936 5074 4959 5074 4961 5075 4962 5075 4936 5075 4963 5076 4960 5076 4896 5076 4964 5077 4962 5077 4961 5077 4964 5078 4965 5078 4962 5078 4966 5079 4963 5079 4896 5079 4967 5080 4965 5080 4964 5080 4967 5081 4968 5081 4965 5081 4969 5082 4966 5082 4896 5082 4970 5083 4968 5083 4967 5083 4970 5084 4971 5084 4968 5084 4972 5085 4969 5085 4896 5085 4973 5086 4971 5086 4970 5086 4973 5087 4974 5087 4971 5087 4975 5088 4972 5088 4896 5088 4976 5089 4974 5089 4973 5089 4976 5090 4977 5090 4974 5090 4978 5091 4975 5091 4896 5091 4979 5092 4977 5092 4976 5092 4979 5093 4980 5093 4977 5093 4981 5094 4978 5094 4896 5094 4982 5095 4839 5095 4980 5095 4982 5096 4980 5096 4979 5096 4983 5097 4981 5097 4896 5097 4984 5098 4983 5098 4896 5098 4985 5099 4984 5099 4896 5099 4986 5100 4985 5100 4896 5100 4987 5101 4986 5101 4896 5101 4988 5102 4987 5102 4896 5102 4989 5103 4988 5103 4896 5103 4990 5104 4989 5104 4896 5104 4991 5105 4990 5105 4896 5105 4992 5106 4991 5106 4896 5106 4993 5107 4937 5107 4994 5107 4995 5108 4994 5108 4937 5108 4996 5109 4937 5109 4993 5109 4997 5110 4995 5110 4937 5110 4998 5111 4937 5111 4996 5111 4999 5112 4997 5112 4937 5112 5000 5113 4937 5113 4998 5113 5001 5114 4999 5114 4937 5114 5002 5115 4937 5115 5000 5115 5003 5116 5001 5116 4937 5116 5004 5117 4937 5117 5002 5117 5005 5118 5003 5118 4937 5118 5006 5119 4937 5119 5004 5119 5007 5120 5005 5120 4937 5120 5008 5121 4937 5121 5006 5121 5009 5122 5007 5122 4937 5122 5010 5123 4937 5123 5008 5123 5011 5124 5009 5124 4937 5124 5012 5125 4937 5125 5010 5125 5013 5126 5011 5126 4937 5126 5014 5127 4937 5127 5012 5127 5015 5128 5013 5128 4937 5128 5016 5129 4937 5129 5014 5129 5017 5130 5015 5130 4937 5130 5018 5131 4937 5131 5016 5131 5019 5132 5017 5132 4937 5132 5020 5133 4937 5133 5018 5133 5021 5134 5019 5134 4937 5134 5022 5135 4937 5135 5020 5135 5023 5136 5021 5136 4937 5136 5024 5137 4937 5137 5022 5137 5025 5138 5023 5138 4937 5138 5026 5139 4937 5139 5024 5139 5027 5140 5025 5140 4937 5140 5028 5141 4937 5141 5026 5141 5029 5142 5027 5142 4937 5142 5030 5143 4937 5143 5028 5143 5031 5144 4937 5144 5030 5144 5032 5145 4937 5145 5031 5145 5033 5146 4937 5146 5032 5146 5034 5147 4937 5147 5033 5147 5035 5148 4937 5148 5034 5148 5036 5149 4937 5149 5035 5149 5037 5150 4411 5150 4937 5150 5038 5151 5039 5151 4411 5151 5038 5152 5040 5152 5039 5152 5038 5153 4411 5153 5037 5153 5041 5154 5037 5154 4937 5154 5042 5155 5040 5155 5038 5155 5042 5156 5043 5156 5040 5156 5044 5157 5041 5157 4937 5157 5045 5158 5043 5158 5042 5158 5046 5159 5044 5159 4937 5159 5047 5160 5043 5160 5045 5160 5047 5161 4201 5161 5043 5161 5048 5162 5046 5162 4937 5162 5049 5163 5048 5163 4937 5163 5050 5164 5049 5164 4937 5164 5051 5165 5050 5165 4937 5165 5052 5166 5051 5166 4937 5166 5053 5167 5052 5167 4937 5167 5054 5168 5053 5168 4937 5168 5055 5169 5054 5169 4937 5169 5056 5170 5055 5170 4937 5170 5057 5171 5056 5171 4937 5171 5058 5172 5057 5172 4937 5172 5059 5173 5058 5173 4937 5173 5060 5174 5059 5174 4937 5174 5061 5175 5060 5175 4937 5175 5062 5176 5061 5176 4937 5176 5063 5177 5062 5177 4937 5177 5064 5178 5063 5178 4937 5178 5065 5179 4937 5179 5036 5179 5065 5180 5064 5180 4937 5180 5066 5181 5065 5181 5036 5181 5066 5182 5036 5182 5067 5182 5068 5183 5067 5183 5069 5183 5068 5184 5066 5184 5067 5184 5070 5185 5069 5185 5071 5185 5070 5186 5068 5186 5069 5186 5072 5187 5070 5187 5071 5187 5072 5188 5071 5188 5073 5188 5074 5189 5072 5189 5073 5189 5074 5190 5073 5190 5075 5190 5076 5191 5074 5191 5075 5191 5076 5192 5075 5192 5077 5192 5078 5193 5076 5193 5077 5193 5078 5194 5077 5194 5079 5194 5080 5195 5078 5195 5079 5195 5080 5196 5079 5196 5081 5196 5082 5197 5080 5197 5081 5197 5082 5198 5081 5198 5083 5198 5084 5199 5082 5199 5083 5199 5084 5200 5083 5200 5085 5200 5086 5201 5084 5201 5085 5201 5086 5202 5085 5202 5087 5202 5088 5203 5086 5203 5087 5203 5088 5204 5087 5204 5089 5204 5090 5205 5088 5205 5089 5205 5090 5206 5089 5206 5091 5206 5092 5207 5090 5207 5091 5207 5092 5208 5091 5208 5093 5208 5094 5209 5092 5209 5093 5209 5094 5210 5093 5210 5095 5210 5096 5211 5094 5211 5095 5211 5096 5212 5095 5212 5097 5212 5098 5213 5096 5213 5097 5213 5098 5214 5097 5214 5099 5214 5100 5215 5099 5215 5101 5215 5100 5216 5098 5216 5099 5216 5102 5217 4201 5217 5047 5217 5102 5218 4144 5218 4201 5218 5102 5219 5103 5219 5104 5219 5102 5220 5105 5220 5103 5220 5102 5221 5106 5221 5105 5221 5102 5222 5107 5222 5106 5222 5102 5223 5108 5223 5107 5223 5102 5224 5109 5224 5108 5224 5102 5225 5110 5225 5109 5225 5102 5226 5111 5226 5110 5226 5102 5227 5112 5227 5111 5227 5102 5228 5113 5228 5112 5228 5102 5229 5114 5229 5113 5229 5102 5230 5115 5230 5114 5230 5102 5231 5116 5231 5115 5231 5102 5232 5117 5232 5116 5232 5102 5233 5118 5233 5117 5233 5102 5234 5119 5234 5118 5234 5102 5235 5120 5235 5119 5235 5102 5236 5121 5236 5120 5236 5102 5237 5122 5237 5121 5237 5102 5238 5123 5238 5122 5238 5102 5239 5124 5239 5123 5239 5102 5240 5125 5240 5124 5240 5102 5241 5126 5241 5125 5241 5102 5242 5127 5242 5126 5242 5102 5243 5128 5243 5127 5243 5102 5244 5129 5244 5128 5244 5102 5245 5130 5245 5129 5245 5102 5246 5131 5246 5130 5246 5102 5247 5132 5247 5131 5247 5102 5248 5133 5248 5132 5248 5102 5249 5134 5249 5133 5249 5102 5250 5135 5250 5134 5250 5102 5251 5136 5251 5135 5251 5102 5252 5137 5252 5136 5252 5102 5253 5138 5253 5137 5253 5102 5254 5139 5254 5138 5254 5102 5255 5047 5255 5139 5255 5140 5256 5102 5256 5104 5256 5141 5257 5102 5257 5140 5257 5141 5258 5142 5258 5143 5258 5141 5259 5140 5259 5142 5259 5144 5260 5145 5260 5146 5260 5147 5261 5145 5261 5144 5261 5147 5262 5148 5262 5145 5262 5147 5263 5149 5263 5148 5263 5150 5264 5144 5264 5146 5264 5151 5265 5149 5265 5147 5265 5152 5266 5146 5266 5153 5266 5152 5267 5150 5267 5146 5267 5154 5268 5149 5268 5151 5268 5154 5269 5155 5269 5149 5269 5154 5270 5156 5270 5155 5270 5157 5271 5158 5271 5159 5271 5157 5272 5153 5272 5158 5272 5157 5273 5152 5273 5153 5273 5160 5274 5156 5274 5154 5274 5161 5275 5159 5275 5162 5275 5161 5276 5157 5276 5159 5276 5163 5277 5164 5277 5156 5277 5163 5278 5156 5278 5160 5278 5165 5279 5161 5279 5162 5279 5166 5280 5167 5280 5164 5280 5166 5281 5164 5281 5163 5281 5168 5282 5165 5282 5162 5282 5168 5283 5162 5283 5169 5283 5170 5284 5167 5284 5166 5284 5170 5285 5171 5285 5167 5285 5170 5286 5172 5286 5171 5286 5173 5287 5174 5287 5175 5287 5173 5288 5169 5288 5174 5288 5173 5289 5168 5289 5169 5289 5176 5290 5172 5290 5170 5290 5176 5291 5177 5291 5172 5291 5178 5292 5173 5292 5175 5292 5179 5293 5177 5293 5176 5293 5180 5294 5175 5294 5029 5294 5180 5295 5178 5295 5175 5295 5181 5296 5182 5296 5177 5296 5181 5297 5183 5297 5182 5297 5181 5298 5177 5298 5179 5298 5184 5299 5183 5299 5181 5299 5184 5300 5185 5300 5183 5300 5186 5301 5185 5301 5184 5301 5187 5302 5141 5302 5143 5302 5187 5303 5143 5303 5188 5303 5189 5304 5190 5304 5185 5304 5189 5305 5191 5305 5190 5305 5189 5306 5185 5306 5186 5306 5192 5307 5191 5307 5189 5307 5193 5308 5194 5308 5191 5308 5193 5309 5191 5309 5192 5309 5195 5310 5196 5310 5194 5310 5195 5311 5197 5311 5196 5311 5195 5312 5194 5312 5193 5312 5198 5313 5197 5313 5195 5313 5199 5314 5200 5314 5197 5314 5199 5315 5197 5315 5198 5315 5201 5316 5202 5316 5200 5316 5201 5317 5200 5317 5199 5317 5203 5318 5204 5318 5202 5318 5203 5319 5202 5319 5201 5319 5205 5320 5206 5320 5204 5320 5205 5321 5204 5321 5203 5321 5207 5322 5206 5322 5205 5322 5207 5323 5208 5323 5206 5323 5209 5324 5210 5324 5208 5324 5209 5325 5208 5325 5207 5325 5211 5326 5210 5326 5209 5326 5211 5327 5212 5327 5210 5327 5213 5328 5214 5328 5212 5328 5213 5329 5215 5329 5214 5329 5213 5330 5212 5330 5211 5330 5216 5331 5215 5331 5213 5331 5217 5332 5218 5332 5215 5332 5217 5333 5215 5333 5216 5333 5219 5334 5220 5334 5218 5334 5219 5335 5221 5335 5220 5335 5219 5336 5218 5336 5217 5336 5222 5337 5221 5337 5219 5337 5223 5338 5188 5338 5224 5338 5223 5339 5187 5339 5188 5339 5225 5340 5221 5340 5222 5340 5225 5341 5226 5341 5221 5341 5227 5342 5228 5342 5226 5342 5227 5343 5226 5343 5225 5343 5229 5344 5230 5344 5228 5344 5229 5345 5228 5345 5227 5345 5231 5346 5232 5346 5230 5346 5231 5347 5233 5347 5232 5347 5231 5348 5230 5348 5229 5348 5234 5349 5235 5349 5233 5349 5234 5350 5233 5350 5231 5350 5236 5351 5237 5351 5235 5351 5236 5352 5235 5352 5234 5352 5238 5353 5239 5353 5237 5353 5238 5354 5237 5354 5236 5354 5240 5355 5239 5355 5238 5355 5240 5356 5241 5356 5239 5356 5242 5357 5241 5357 5240 5357 5243 5358 5244 5358 5245 5358 5243 5359 5245 5359 5246 5359 5247 5360 5245 5360 5248 5360 5247 5361 5246 5361 5245 5361 5249 5362 5244 5362 5243 5362 5249 5363 5250 5363 5244 5363 5251 5364 5248 5364 5252 5364 5251 5365 5247 5365 5248 5365 5253 5366 5254 5366 5250 5366 5253 5367 5255 5367 5254 5367 5253 5368 5250 5368 5249 5368 5256 5369 5252 5369 5257 5369 5256 5370 5251 5370 5252 5370 5258 5371 5255 5371 5253 5371 5259 5372 5260 5372 5261 5372 5259 5373 5257 5373 5260 5373 5259 5374 5256 5374 5257 5374 5262 5375 5263 5375 5255 5375 5262 5376 5255 5376 5258 5376 5264 5377 5259 5377 5261 5377 5265 5378 5266 5378 5263 5378 5265 5379 5263 5379 5262 5379 5267 5380 5261 5380 5268 5380 5267 5381 5264 5381 5261 5381 5269 5382 5270 5382 5266 5382 5269 5383 5266 5383 5265 5383 5271 5384 5267 5384 5268 5384 5271 5385 5268 5385 5272 5385 5273 5386 5274 5386 5270 5386 5273 5387 5270 5387 5269 5387 5275 5388 5271 5388 5272 5388 5275 5389 5272 5389 5276 5389 5277 5390 4982 5390 5274 5390 5277 5391 4839 5391 4982 5391 5277 5392 5274 5392 5273 5392 5278 5393 5275 5393 5276 5393 5278 5394 5276 5394 5279 5394 5280 5395 4836 5395 4839 5395 5280 5396 4839 5396 5277 5396 5281 5397 5224 5397 5282 5397 5281 5398 5223 5398 5224 5398 5283 5399 5278 5399 5279 5399 5283 5400 5284 5400 5285 5400 5283 5401 5279 5401 5284 5401 5286 5402 4836 5402 5280 5402 5286 5403 5287 5403 4836 5403 5288 5404 5285 5404 5289 5404 5288 5405 5283 5405 5285 5405 5290 5406 5287 5406 5286 5406 5290 5407 5291 5407 5287 5407 5292 5408 5288 5408 5289 5408 5293 5409 5291 5409 5290 5409 5293 5410 5294 5410 5291 5410 5295 5411 5292 5411 5289 5411 5295 5412 5289 5412 5296 5412 5297 5413 5294 5413 5293 5413 5297 5414 4850 5414 4883 5414 5297 5415 4883 5415 5294 5415 5298 5416 5295 5416 5296 5416 5298 5417 5299 5417 5300 5417 5298 5418 5296 5418 5299 5418 5301 5419 5302 5419 5180 5419 5301 5420 5303 5420 5302 5420 5301 5421 5304 5421 5303 5421 5301 5422 5305 5422 5304 5422 5301 5423 5306 5423 5305 5423 5301 5424 5029 5424 4937 5424 5301 5425 5307 5425 5306 5425 5301 5426 5308 5426 5307 5426 5301 5427 5309 5427 5308 5427 5301 5428 5310 5428 5309 5428 5301 5429 5311 5429 5310 5429 5301 5430 5312 5430 5311 5430 5301 5431 5313 5431 5312 5431 5301 5432 5314 5432 5313 5432 5301 5433 5315 5433 5314 5433 5301 5434 5316 5434 5315 5434 5301 5435 5317 5435 5316 5435 5301 5436 5318 5436 5317 5436 5301 5437 5319 5437 5318 5437 5301 5438 5320 5438 5319 5438 5301 5439 5321 5439 5320 5439 5301 5440 5322 5440 5321 5440 5301 5441 5323 5441 5322 5441 5301 5442 5324 5442 5323 5442 5301 5443 5325 5443 5324 5443 5301 5444 5326 5444 5327 5444 5301 5445 5328 5445 5325 5445 5301 5446 5329 5446 5326 5446 5301 5447 5180 5447 5029 5447 5301 5448 5330 5448 5328 5448 5301 5449 5331 5449 5329 5449 5301 5450 5332 5450 5330 5450 5301 5451 5333 5451 5331 5451 5301 5452 5334 5452 5332 5452 5301 5453 5335 5453 5333 5453 5301 5454 5336 5454 5334 5454 5301 5455 5337 5455 5335 5455 5301 5456 5338 5456 5336 5456 5301 5457 5339 5457 5337 5457 5301 5458 5340 5458 5338 5458 5301 5459 5341 5459 5339 5459 5301 5460 5327 5460 5340 5460 5301 5461 5342 5461 5341 5461 5301 5462 5343 5462 5342 5462 5301 5463 5344 5463 5343 5463 5301 5464 5345 5464 5344 5464 5346 5465 4850 5465 5297 5465 5347 5466 5298 5466 5300 5466 5348 5467 4850 5467 5346 5467 5349 5468 5347 5468 5300 5468 5349 5469 5350 5469 5351 5469 5349 5470 5300 5470 5350 5470 5352 5471 4850 5471 5348 5471 5353 5472 5349 5472 5351 5472 5353 5473 5351 5473 5354 5473 5355 5474 4850 5474 5352 5474 5356 5475 5353 5475 5354 5475 5357 5476 4850 5476 5355 5476 5358 5477 5359 5477 5360 5477 5358 5478 5354 5478 5359 5478 5358 5479 5356 5479 5354 5479 5361 5480 4850 5480 5357 5480 5362 5481 5358 5481 5360 5481 5363 5482 4850 5482 5361 5482 5364 5483 5362 5483 5360 5483 5364 5484 5360 5484 5365 5484 5366 5485 4850 5485 5363 5485 5367 5486 5364 5486 5365 5486 5367 5487 5368 5487 5369 5487 5367 5488 5365 5488 5368 5488 5370 5489 4850 5489 5366 5489 5371 5490 5367 5490 5369 5490 5372 5491 4850 5491 5370 5491 5373 5492 5371 5492 5369 5492 5373 5493 5369 5493 5374 5493 5375 5494 4850 5494 5372 5494 5376 5495 5373 5495 5374 5495 5376 5496 5374 5496 5377 5496 5378 5497 4850 5497 5375 5497 5379 5498 5376 5498 5377 5498 5379 5499 5380 5499 5381 5499 5379 5500 5377 5500 5380 5500 5382 5501 4850 5501 5378 5501 5383 5502 5379 5502 5381 5502 5383 5503 5381 5503 5384 5503 5385 5504 4850 5504 5382 5504 5386 5505 5383 5505 5384 5505 5387 5506 4850 5506 5385 5506 5388 5507 5386 5507 5384 5507 5388 5508 5384 5508 5389 5508 5390 5509 5282 5509 5391 5509 5390 5510 5281 5510 5282 5510 5392 5511 4850 5511 5387 5511 5393 5512 5388 5512 5389 5512 5393 5513 5394 5513 5395 5513 5393 5514 5389 5514 5394 5514 5396 5515 4850 5515 5392 5515 5397 5516 5395 5516 5398 5516 5397 5517 5393 5517 5395 5517 5399 5518 4850 5518 5396 5518 5400 5519 5397 5519 5398 5519 5401 5520 4850 5520 5399 5520 5402 5521 5398 5521 5403 5521 5402 5522 5400 5522 5398 5522 5404 5523 5301 5523 4850 5523 5404 5524 4850 5524 5401 5524 5405 5525 5403 5525 5406 5525 5405 5526 5402 5526 5403 5526 5407 5527 5405 5527 5406 5527 5407 5528 5406 5528 5408 5528 5409 5529 5391 5529 5410 5529 5409 5530 5390 5530 5391 5530 5411 5531 5410 5531 5412 5531 5411 5532 5409 5532 5410 5532 5413 5533 5411 5533 5412 5533 5414 5534 5412 5534 5415 5534 5414 5535 5413 5535 5412 5535 5416 5536 5415 5536 5417 5536 5416 5537 5414 5537 5415 5537 5418 5538 5416 5538 5417 5538 5419 5539 5417 5539 5420 5539 5419 5540 5418 5540 5417 5540 5421 5541 5419 5541 5420 5541 5422 5542 2 5542 5423 5542 5424 5543 5423 5543 2 5543 5425 5544 2 5544 5422 5544 5426 5545 5424 5545 2 5545 5427 5546 2 5546 5425 5546 5428 5547 5426 5547 2 5547 5429 5548 2 5548 5427 5548 5430 5549 5428 5549 2 5549 5431 5550 2 5550 5429 5550 5432 5551 5430 5551 2 5551 5433 5552 2 5552 5431 5552 5434 5553 5432 5553 2 5553 5435 5554 2 5554 5433 5554 5436 5555 5434 5555 2 5555 5437 5556 2 5556 5435 5556 5438 5557 5436 5557 2 5557 5439 5558 2 5558 5437 5558 5440 5559 5438 5559 2 5559 5441 5560 2 5560 5439 5560 5442 5561 5440 5561 2 5561 5443 5562 2 5562 5441 5562 5444 5563 5442 5563 2 5563 5445 5564 2 5564 5443 5564 5446 5565 5444 5565 2 5565 5447 5566 2 5566 5445 5566 5448 5567 5446 5567 2 5567 5449 5568 2 5568 5447 5568 5450 5569 5448 5569 2 5569 5451 5570 2 5570 5449 5570 5452 5571 5450 5571 2 5571 5453 5572 5452 5572 2 5572 5454 5573 5453 5573 2 5573 5455 5574 5454 5574 2 5574 5456 5575 5455 5575 2 5575 5457 5576 5456 5576 2 5576 5458 5577 5457 5577 2 5577 5459 5578 5458 5578 2 5578 5460 5579 5459 5579 2 5579 5461 5580 5460 5580 2 5580 5462 5581 5461 5581 2 5581 5463 5582 5421 5582 5420 5582 5464 5583 5420 5583 5465 5583 5464 5584 5463 5584 5420 5584 4142 5585 2 5585 5451 5585 4142 5586 5466 5586 5467 5586 4142 5587 5468 5587 5466 5587 4142 5588 5469 5588 5468 5588 4142 5589 5470 5589 5469 5589 4142 5590 5451 5590 5470 5590 5471 5591 5464 5591 5465 5591 5472 5592 5473 5592 5474 5592 5472 5593 5474 5593 5475 5593 5476 5594 5474 5594 5477 5594 5476 5595 5475 5595 5474 5595 5478 5596 5473 5596 5472 5596 5478 5597 5479 5597 5473 5597 5480 5598 5476 5598 5477 5598 5480 5599 5477 5599 5481 5599 5482 5600 5479 5600 5478 5600 5482 5601 5483 5601 5479 5601 5484 5602 5480 5602 5481 5602 5484 5603 5481 5603 5485 5603 5486 5604 5487 5604 5483 5604 5486 5605 5483 5605 5482 5605 5488 5606 5484 5606 5485 5606 5488 5607 5485 5607 5489 5607 5490 5608 5487 5608 5486 5608 5490 5609 5491 5609 5487 5609 5492 5610 5488 5610 5489 5610 5492 5611 5493 5611 5494 5611 5492 5612 5489 5612 5493 5612 5495 5613 5496 5613 5491 5613 5495 5614 5497 5614 5496 5614 5495 5615 5491 5615 5490 5615 5498 5616 5492 5616 5494 5616 5499 5617 5497 5617 5495 5617 5500 5618 5498 5618 5494 5618 5500 5619 5501 5619 5502 5619 5500 5620 5494 5620 5501 5620 5503 5621 4142 5621 5467 5621 5503 5622 5467 5622 5497 5622 5503 5623 5497 5623 5499 5623 5504 5624 5500 5624 5502 5624 5505 5625 4142 5625 5503 5625 5506 5626 5504 5626 5502 5626 5506 5627 5502 5627 5507 5627 5508 5628 4142 5628 5505 5628 5509 5629 5506 5629 5507 5629 5509 5630 5507 5630 5510 5630 5511 5631 4142 5631 5508 5631 5512 5632 5509 5632 5510 5632 5512 5633 5513 5633 5514 5633 5512 5634 5510 5634 5513 5634 5515 5635 4142 5635 5511 5635 5516 5636 5512 5636 5514 5636 5517 5637 4142 5637 5515 5637 5518 5638 5514 5638 5519 5638 5518 5639 5516 5639 5514 5639 5520 5640 4142 5640 5517 5640 5521 5641 5518 5641 5519 5641 5521 5642 5522 5642 5523 5642 5521 5643 5519 5643 5522 5643 5524 5644 4142 5644 5520 5644 5525 5645 5521 5645 5523 5645 5526 5646 4142 5646 5524 5646 5527 5647 5525 5647 5523 5647 5527 5648 5528 5648 5529 5648 5527 5649 5523 5649 5528 5649 5530 5650 4142 5650 5526 5650 5531 5651 5527 5651 5529 5651 5532 5652 4142 5652 5530 5652 5533 5653 5529 5653 5534 5653 5533 5654 5531 5654 5529 5654 5535 5655 4142 5655 5532 5655 5536 5656 5533 5656 5534 5656 5536 5657 5534 5657 5537 5657 5538 5658 4142 5658 5535 5658 5539 5659 5536 5659 5537 5659 5539 5660 5537 5660 5540 5660 5541 5661 4142 5661 5538 5661 5542 5662 5539 5662 5540 5662 5542 5663 5540 5663 5543 5663 5544 5664 4142 5664 5541 5664 5545 5665 5542 5665 5543 5665 5545 5666 5546 5666 5547 5666 5545 5667 5543 5667 5546 5667 5548 5668 5471 5668 5465 5668 5548 5669 5465 5669 5549 5669 5550 5670 4142 5670 5544 5670 5551 5671 5547 5671 5552 5671 5551 5672 5545 5672 5547 5672 5553 5673 4142 5673 5550 5673 5554 5674 5551 5674 5552 5674 5555 5675 4142 5675 5553 5675 5556 5676 5552 5676 5557 5676 5556 5677 5554 5677 5552 5677 5558 5678 4142 5678 5555 5678 5559 5679 5556 5679 5557 5679 5559 5680 5557 5680 5560 5680 5561 5681 4142 5681 5558 5681 5562 5682 5559 5682 5560 5682 5562 5683 5563 5683 5564 5683 5562 5684 5560 5684 5563 5684 5565 5685 4142 5685 5561 5685 5566 5686 5562 5686 5564 5686 5566 5687 5564 5687 5567 5687 5568 5688 4142 5688 5565 5688 5569 5689 5566 5689 5567 5689 5570 5690 4142 5690 5568 5690 5571 5691 5569 5691 5567 5691 5571 5692 5567 5692 5572 5692 5573 5693 4142 5693 5570 5693 5574 5694 5571 5694 5572 5694 5574 5695 5572 5695 5575 5695 5576 5696 4142 5696 5573 5696 5577 5697 5574 5697 5575 5697 5577 5698 5578 5698 5579 5698 5577 5699 5575 5699 5578 5699 5580 5700 4142 5700 5576 5700 5581 5701 5577 5701 5579 5701 5581 5702 5579 5702 5582 5702 5583 5703 4142 5703 5580 5703 5584 5704 5581 5704 5582 5704 5585 5705 4142 5705 5583 5705 5586 5706 5584 5706 5582 5706 5586 5707 5582 5707 5587 5707 5588 5708 4142 5708 5585 5708 5589 5709 5590 5709 5591 5709 5589 5710 5587 5710 5590 5710 5589 5711 5586 5711 5587 5711 5592 5712 4142 5712 5588 5712 5593 5713 5589 5713 5591 5713 5593 5714 5591 5714 5594 5714 5595 5715 4142 5715 5592 5715 5596 5716 5594 5716 5597 5716 5596 5717 5593 5717 5594 5717 5598 5718 4142 5718 5595 5718 5599 5719 5596 5719 5597 5719 5600 5720 4142 5720 5598 5720 5601 5721 4142 5721 5600 5721 5602 5722 4142 5722 5601 5722 5603 5723 4142 5723 5602 5723 5604 5724 4142 5724 5603 5724 5605 5725 5548 5725 5549 5725 5606 5726 4896 5726 4142 5726 5606 5727 4992 5727 4896 5727 5606 5728 4142 5728 5607 5728 5608 5729 5607 5729 4142 5729 5609 5730 4992 5730 5606 5730 5609 5731 5610 5731 4992 5731 5609 5732 5611 5732 5610 5732 5612 5733 5608 5733 4142 5733 5613 5734 5611 5734 5609 5734 5614 5735 5612 5735 4142 5735 5615 5736 5616 5736 5611 5736 5615 5737 5611 5737 5613 5737 5615 5738 5617 5738 5616 5738 5618 5739 5614 5739 4142 5739 5619 5740 5617 5740 5615 5740 5620 5741 5618 5741 4142 5741 5621 5742 5617 5742 5619 5742 5621 5743 5622 5743 5617 5743 5623 5744 5620 5744 4142 5744 5624 5745 5622 5745 5621 5745 5624 5746 5625 5746 5622 5746 5626 5747 5623 5747 4142 5747 5627 5748 5625 5748 5624 5748 5627 5749 5628 5749 5625 5749 5629 5750 5626 5750 4142 5750 5630 5751 5628 5751 5627 5751 5630 5752 5631 5752 5628 5752 5630 5753 5632 5753 5631 5753 5633 5754 5605 5754 5549 5754 5634 5755 5629 5755 4142 5755 5635 5756 5632 5756 5630 5756 5635 5757 5636 5757 5632 5757 5637 5758 5634 5758 4142 5758 5638 5759 5636 5759 5635 5759 5639 5760 5637 5760 4142 5760 5640 5761 5636 5761 5638 5761 5640 5762 5641 5762 5636 5762 5640 5763 5642 5763 5641 5763 5643 5764 5639 5764 4142 5764 5644 5765 5642 5765 5640 5765 5645 5766 5643 5766 4142 5766 5646 5767 5647 5767 5642 5767 5646 5768 5642 5768 5644 5768 5648 5769 5645 5769 4142 5769 5649 5770 5650 5770 5647 5770 5649 5771 5651 5771 5650 5771 5649 5772 5647 5772 5646 5772 5652 5773 5648 5773 4142 5773 5653 5774 5651 5774 5649 5774 5654 5775 5652 5775 4142 5775 5655 5776 5656 5776 5651 5776 5655 5777 5657 5777 5656 5777 5655 5778 5651 5778 5653 5778 5658 5779 5654 5779 4142 5779 5659 5780 5657 5780 5655 5780 5660 5781 5658 5781 4142 5781 5661 5782 5657 5782 5659 5782 5661 5783 5662 5783 5657 5783 5661 5784 5408 5784 5662 5784 5663 5785 5660 5785 4142 5785 5664 5786 5408 5786 5661 5786 5665 5787 5663 5787 4142 5787 5666 5788 5665 5788 4142 5788 5667 5789 5666 5789 4142 5789 5668 5790 5667 5790 4142 5790 5669 5791 5668 5791 4142 5791 5670 5792 5669 5792 4142 5792 5671 5793 5670 5793 4142 5793 5672 5794 5671 5794 4142 5794 5673 5795 5672 5795 4142 5795 5674 5796 5673 5796 4142 5796 5675 5797 5674 5797 4142 5797 5676 5798 5675 5798 4142 5798 5677 5799 5633 5799 5549 5799 5678 5800 5676 5800 4142 5800 5679 5801 5678 5801 4142 5801 5680 5802 5679 5802 4142 5802 5681 5803 5680 5803 4142 5803 5682 5804 5681 5804 4142 5804 5683 5805 5682 5805 4142 5805 5684 5806 5683 5806 4142 5806 5684 5807 4142 5807 5604 5807 5685 5808 5604 5808 5686 5808 5685 5809 5684 5809 5604 5809 5687 5810 5685 5810 5686 5810 5687 5811 5686 5811 5688 5811 5689 5812 5688 5812 5690 5812 5689 5813 5687 5813 5688 5813 5691 5814 5690 5814 5692 5814 5691 5815 5689 5815 5690 5815 5693 5816 5691 5816 5692 5816 5693 5817 5692 5817 5694 5817 5695 5818 5693 5818 5694 5818 5695 5819 5694 5819 5696 5819 5697 5820 5696 5820 5698 5820 5697 5821 5695 5821 5696 5821 5699 5822 5698 5822 5700 5822 5699 5823 5697 5823 5698 5823 5701 5824 5549 5824 5702 5824 5701 5825 5677 5825 5549 5825 5703 5826 5701 5826 5702 5826 5704 5827 5703 5827 5702 5827 5705 5828 5704 5828 5702 5828 5706 5829 5702 5829 5707 5829 5706 5830 5705 5830 5702 5830 5708 5831 5706 5831 5707 5831 5709 5832 5708 5832 5707 5832 5710 5833 5709 5833 5707 5833 5711 5834 5712 5834 5713 5834 5711 5835 5713 5835 5714 5835 5715 5836 5713 5836 5716 5836 5715 5837 5714 5837 5713 5837 5717 5838 5718 5838 5712 5838 5717 5839 5712 5839 5711 5839 5719 5840 5716 5840 5720 5840 5719 5841 5715 5841 5716 5841 5721 5842 5722 5842 5718 5842 5721 5843 5718 5843 5717 5843 5723 5844 5720 5844 5724 5844 5723 5845 5719 5845 5720 5845 5725 5846 5726 5846 5722 5846 5725 5847 5722 5847 5721 5847 5727 5848 5728 5848 5729 5848 5727 5849 5724 5849 5728 5849 5727 5850 5723 5850 5724 5850 5730 5851 5731 5851 5726 5851 5730 5852 5726 5852 5725 5852 5732 5853 5729 5853 5733 5853 5732 5854 5727 5854 5729 5854 5734 5855 5735 5855 5731 5855 5734 5856 5731 5856 5730 5856 5736 5857 5732 5857 5733 5857 5737 5858 5738 5858 5735 5858 5737 5859 5735 5859 5734 5859 5739 5860 5740 5860 5741 5860 5739 5861 5733 5861 5740 5861 5739 5862 5736 5862 5733 5862 5742 5863 5408 5863 5664 5863 5742 5864 5664 5864 5738 5864 5742 5865 5738 5865 5737 5865 5742 5866 5407 5866 5408 5866 5743 5867 5741 5867 5744 5867 5743 5868 5739 5868 5741 5868 5745 5869 5746 5869 5407 5869 5745 5870 5747 5870 5746 5870 5745 5871 5407 5871 5742 5871 5748 5872 5743 5872 5744 5872 5749 5873 5747 5873 5745 5873 5750 5874 5744 5874 5751 5874 5750 5875 5748 5875 5744 5875 5752 5876 5753 5876 5747 5876 5752 5877 5747 5877 5749 5877 5754 5878 5751 5878 5755 5878 5754 5879 5750 5879 5751 5879 5756 5880 5757 5880 5753 5880 5756 5881 5758 5881 5757 5881 5756 5882 5753 5882 5752 5882 5759 5883 5755 5883 5760 5883 5759 5884 5754 5884 5755 5884 5761 5885 5758 5885 5756 5885 5762 5886 5760 5886 5763 5886 5762 5887 5759 5887 5760 5887 5764 5888 5758 5888 5761 5888 5764 5889 5765 5889 5766 5889 5764 5890 5766 5890 5758 5890 5767 5891 5763 5891 5768 5891 5767 5892 5762 5892 5763 5892 5769 5893 5765 5893 5764 5893 5770 5894 5768 5894 5771 5894 5770 5895 5767 5895 5768 5895 5772 5896 5765 5896 5769 5896 5772 5897 5773 5897 5765 5897 5774 5898 5770 5898 5771 5898 5774 5899 5771 5899 5775 5899 5776 5900 5777 5900 5773 5900 5776 5901 5773 5901 5772 5901 5778 5902 5774 5902 5775 5902 5778 5903 5775 5903 5779 5903 5780 5904 5777 5904 5776 5904 5780 5905 5781 5905 5777 5905 5780 5906 5782 5906 5781 5906 5783 5907 5778 5907 5779 5907 5783 5908 5779 5908 5784 5908 5785 5909 5782 5909 5780 5909 5786 5910 5783 5910 5784 5910 5786 5911 5787 5911 5788 5911 5786 5912 5784 5912 5787 5912 5789 5913 5782 5913 5785 5913 5789 5914 5790 5914 5782 5914 5791 5915 5786 5915 5788 5915 5792 5916 5710 5916 5707 5916 5793 5917 5790 5917 5789 5917 5793 5918 5794 5918 5790 5918 5793 5919 5795 5919 5794 5919 5796 5920 5791 5920 5788 5920 5796 5921 5788 5921 5797 5921 5798 5922 5795 5922 5793 5922 5799 5923 5796 5923 5797 5923 5799 5924 5800 5924 5801 5924 5799 5925 5797 5925 5800 5925 5802 5926 5803 5926 5795 5926 5802 5927 5795 5927 5798 5927 5804 5928 5799 5928 5801 5928 5805 5929 5806 5929 5803 5929 5805 5930 5807 5930 5806 5930 5805 5931 5803 5931 5802 5931 5808 5932 5804 5932 5801 5932 5808 5933 5809 5933 5810 5933 5808 5934 5801 5934 5809 5934 5811 5935 5807 5935 5805 5935 5812 5936 5808 5936 5810 5936 5813 5937 5814 5937 5807 5937 5813 5938 5807 5938 5811 5938 5815 5939 5812 5939 5810 5939 5815 5940 5810 5940 5816 5940 5817 5941 5818 5941 5814 5941 5817 5942 5819 5942 5818 5942 5817 5943 5814 5943 5813 5943 5820 5944 5815 5944 5816 5944 5820 5945 5816 5945 5821 5945 5822 5946 5819 5946 5817 5946 5823 5947 5824 5947 5825 5947 5823 5948 5821 5948 5824 5948 5823 5949 5820 5949 5821 5949 5826 5950 5827 5950 5819 5950 5826 5951 5819 5951 5822 5951 5826 5952 5828 5952 5827 5952 5829 5953 5823 5953 5825 5953 5830 5954 5828 5954 5826 5954 5831 5955 5829 5955 5825 5955 5831 5956 5832 5956 5833 5956 5831 5957 5825 5957 5832 5957 5834 5958 5828 5958 5830 5958 5834 5959 5835 5959 5828 5959 5836 5960 5831 5960 5833 5960 5837 5961 5835 5961 5834 5961 5837 5962 5838 5962 5835 5962 5839 5963 5836 5963 5833 5963 5839 5964 5833 5964 5840 5964 5841 5965 5838 5965 5837 5965 5841 5966 5842 5966 5838 5966 5843 5967 5839 5967 5840 5967 5843 5968 5840 5968 5844 5968 5845 5969 5843 5969 5844 5969 5845 5970 5846 5970 5847 5970 5845 5971 5844 5971 5846 5971 5848 5972 5845 5972 5847 5972 5848 5973 5847 5973 5699 5973 5849 5974 5848 5974 5699 5974 5849 5975 5699 5975 5700 5975 5850 5976 5707 5976 5851 5976 5850 5977 5792 5977 5707 5977 5852 5978 5849 5978 5700 5978 5853 5979 5850 5979 5851 5979 5854 5980 5855 5980 5856 5980 5854 5981 5851 5981 5855 5981 5854 5982 5853 5982 5851 5982 5857 5983 5100 5983 5101 5983 5858 5984 5859 5984 5100 5984 5858 5985 5100 5985 5857 5985 5860 5986 5857 5986 5101 5986 5860 5987 5101 5987 5861 5987 5862 5988 5863 5988 5859 5988 5862 5989 5859 5989 5858 5989 5864 5990 5860 5990 5861 5990 5864 5991 5861 5991 5241 5991 5864 5992 5241 5992 5242 5992 5865 5993 5866 5993 5863 5993 5865 5994 5863 5994 5862 5994 5867 5995 5864 5995 5242 5995 5867 5996 5242 5996 5868 5996 5869 5997 5866 5997 5865 5997 5869 5998 5870 5998 5866 5998 5871 5999 5868 5999 5872 5999 5871 6000 5867 6000 5868 6000 5873 6001 5870 6001 5869 6001 5873 6002 5874 6002 5870 6002 5875 6003 5871 6003 5872 6003 5875 6004 5872 6004 5876 6004 5877 6005 5874 6005 5873 6005 5877 6006 5878 6006 5874 6006 5879 6007 5875 6007 5876 6007 5879 6008 5876 6008 5880 6008 5881 6009 5882 6009 5878 6009 5881 6010 5878 6010 5877 6010 5883 6011 5880 6011 5884 6011 5883 6012 5879 6012 5880 6012 5885 6013 5882 6013 5881 6013 5885 6014 5886 6014 5882 6014 5887 6015 5883 6015 5884 6015 5887 6016 5884 6016 5888 6016 5889 6017 5886 6017 5885 6017 5889 6018 5890 6018 5886 6018 5891 6019 5887 6019 5888 6019 5891 6020 5888 6020 5892 6020 5893 6021 5890 6021 5889 6021 5893 6022 5894 6022 5890 6022 5895 6023 5891 6023 5892 6023 5895 6024 5892 6024 5896 6024 5897 6025 5856 6025 5894 6025 5897 6026 5894 6026 5893 6026 5898 6027 5895 6027 5896 6027 5898 6028 5896 6028 5899 6028 5900 6029 5856 6029 5897 6029 5900 6030 5854 6030 5856 6030 5901 6031 5898 6031 5899 6031 5901 6032 5899 6032 5902 6032 5903 6033 5854 6033 5900 6033 5904 6034 5901 6034 5902 6034 5904 6035 5902 6035 5905 6035 5906 6036 5854 6036 5903 6036 5907 6037 5905 6037 5908 6037 5907 6038 5904 6038 5905 6038 5909 6039 5854 6039 5906 6039 5910 6040 5907 6040 5908 6040 5910 6041 5908 6041 5911 6041 5912 6042 5854 6042 5909 6042 5913 6043 5911 6043 5914 6043 5913 6044 5910 6044 5911 6044 5915 6045 5854 6045 5912 6045 5916 6046 5913 6046 5914 6046 5916 6047 5914 6047 5917 6047 5918 6048 5854 6048 5915 6048 5919 6049 5917 6049 5920 6049 5919 6050 5916 6050 5917 6050 5921 6051 5854 6051 5918 6051 5922 6052 5919 6052 5920 6052 5922 6053 5920 6053 5923 6053 5924 6054 5854 6054 5921 6054 5925 6055 5922 6055 5923 6055 5925 6056 5923 6056 5926 6056 5927 6057 5925 6057 5926 6057 5927 6058 5926 6058 5345 6058 5928 6059 5345 6059 5301 6059 5928 6060 5927 6060 5345 6060 5929 6061 5928 6061 5301 6061 5930 6062 5929 6062 5301 6062 5931 6063 5932 6063 5462 6063 5933 6064 5934 6064 5932 6064 5933 6065 5932 6065 5931 6065 5935 6066 5931 6066 5462 6066 5935 6067 5462 6067 2 6067 5936 6068 5937 6068 5934 6068 5936 6069 5934 6069 5933 6069 5938 6070 5935 6070 2 6070 5939 6071 5940 6071 5937 6071 5939 6072 5937 6072 5936 6072 5941 6073 5938 6073 2 6073 5942 6074 5940 6074 5939 6074 5942 6075 5943 6075 5940 6075 5944 6076 5941 6076 2 6076 5945 6077 5946 6077 5943 6077 5945 6078 5943 6078 5942 6078 5947 6079 5944 6079 2 6079 5948 6080 5949 6080 5946 6080 5948 6081 5946 6081 5945 6081 5950 6082 5947 6082 2 6082 5951 6083 5952 6083 5949 6083 5951 6084 5949 6084 5948 6084 5953 6085 5950 6085 2 6085 5954 6086 5955 6086 5952 6086 5954 6087 5952 6087 5951 6087 5956 6088 5953 6088 2 6088 5957 6089 5958 6089 5955 6089 5957 6090 5955 6090 5954 6090 5959 6091 5956 6091 2 6091 5960 6092 5961 6092 5958 6092 5960 6093 5958 6093 5957 6093 5962 6094 5959 6094 2 6094 5963 6095 5964 6095 5961 6095 5963 6096 5961 6096 5960 6096 5965 6097 5962 6097 2 6097 5966 6098 5967 6098 5964 6098 5966 6099 5964 6099 5963 6099 5968 6100 5965 6100 2 6100 5969 6101 5970 6101 5967 6101 5969 6102 5967 6102 5966 6102 5971 6103 5970 6103 5969 6103 5971 6104 5972 6104 5970 6104 5973 6105 5972 6105 5971 6105 5973 6106 5974 6106 5972 6106 5975 6107 5976 6107 5974 6107 5975 6108 5974 6108 5973 6108 5977 6109 5597 6109 5976 6109 5977 6110 5976 6110 5975 6110 5978 6111 5597 6111 5977 6111 5978 6112 5599 6112 5597 6112 5979 6113 5980 6113 5599 6113 5979 6114 5599 6114 5978 6114 5981 6115 5982 6115 5983 6115 5981 6116 5984 6116 5982 6116 5985 6117 5984 6117 5981 6117 5986 6118 5981 6118 5983 6118 5987 6119 5988 6119 5984 6119 5987 6120 5984 6120 5985 6120 5989 6121 5983 6121 5990 6121 5989 6122 5986 6122 5983 6122 5991 6123 5992 6123 5988 6123 5991 6124 5993 6124 5992 6124 5991 6125 5988 6125 5987 6125 5994 6126 5990 6126 5995 6126 5994 6127 5989 6127 5990 6127 5996 6128 5993 6128 5991 6128 5997 6129 5995 6129 5998 6129 5997 6130 5994 6130 5995 6130 5999 6131 6000 6131 5993 6131 5999 6132 5993 6132 5996 6132 6001 6133 5998 6133 6002 6133 6001 6134 5997 6134 5998 6134 6003 6135 6004 6135 6000 6135 6003 6136 6000 6136 5999 6136 6005 6137 6002 6137 6006 6137 6005 6138 6001 6138 6002 6138 6007 6139 6008 6139 6004 6139 6007 6140 5924 6140 6008 6140 6007 6141 6004 6141 6003 6141 6009 6142 6006 6142 6010 6142 6009 6143 6005 6143 6006 6143 6011 6144 5924 6144 6007 6144 6011 6145 5854 6145 5924 6145 6012 6146 6010 6146 6013 6146 6012 6147 6009 6147 6010 6147 6014 6148 5854 6148 6011 6148 6015 6149 6016 6149 6017 6149 6015 6150 6013 6150 6016 6150 6015 6151 6012 6151 6013 6151 6018 6152 5854 6152 6014 6152 6019 6153 6015 6153 6017 6153 6020 6154 5854 6154 6018 6154 6021 6155 6017 6155 6022 6155 6021 6156 6019 6156 6017 6156 6023 6157 5854 6157 6020 6157 6024 6158 6021 6158 6022 6158 6024 6159 6022 6159 6025 6159 6026 6160 5854 6160 6023 6160 6027 6161 6024 6161 6025 6161 6027 6162 6025 6162 6028 6162 6029 6163 5854 6163 6026 6163 6030 6164 6027 6164 6028 6164 6030 6165 6031 6165 6032 6165 6030 6166 6028 6166 6031 6166 6033 6167 5854 6167 6029 6167 6034 6168 6030 6168 6032 6168 6035 6169 5854 6169 6033 6169 6036 6170 6034 6170 6032 6170 6036 6171 6037 6171 6038 6171 6036 6172 6032 6172 6037 6172 6039 6173 5854 6173 6035 6173 6040 6174 6036 6174 6038 6174 6041 6175 5854 6175 6039 6175 6042 6176 6043 6176 6044 6176 6042 6177 6038 6177 6043 6177 6042 6178 6040 6178 6038 6178 6045 6179 5854 6179 6041 6179 6046 6180 6042 6180 6044 6180 6047 6181 5854 6181 6045 6181 6048 6182 6046 6182 6044 6182 6048 6183 6044 6183 6049 6183 6050 6184 5854 6184 6047 6184 6051 6185 6048 6185 6049 6185 6051 6186 6049 6186 6052 6186 6053 6187 5854 6187 6050 6187 6054 6188 6051 6188 6052 6188 6054 6189 6052 6189 6055 6189 6056 6190 5854 6190 6053 6190 6057 6191 6054 6191 6055 6191 6057 6192 6058 6192 6059 6192 6057 6193 6055 6193 6058 6193 6060 6194 5854 6194 6056 6194 6061 6195 6057 6195 6059 6195 6062 6196 5854 6196 6060 6196 6063 6197 6064 6197 6065 6197 6063 6198 6059 6198 6064 6198 6063 6199 6061 6199 6059 6199 6066 6200 5854 6200 6062 6200 6067 6201 6063 6201 6065 6201 6068 6202 5854 6202 6066 6202 6069 6203 6067 6203 6065 6203 6069 6204 6065 6204 6070 6204 6071 6205 5854 6205 6068 6205 6072 6206 6069 6206 6070 6206 6072 6207 6073 6207 6074 6207 6072 6208 6070 6208 6073 6208 6075 6209 5854 6209 6071 6209 6076 6210 6072 6210 6074 6210 6077 6211 5854 6211 6075 6211 6078 6212 6076 6212 6074 6212 6078 6213 6079 6213 6080 6213 6078 6214 6074 6214 6079 6214 6081 6215 5854 6215 6077 6215 6082 6216 6078 6216 6080 6216 6083 6217 5854 6217 6081 6217 6084 6218 6082 6218 6080 6218 6084 6219 6080 6219 6085 6219 6086 6220 5854 6220 6083 6220 6087 6221 6084 6221 6085 6221 6087 6222 6085 6222 6088 6222 6089 6223 5854 6223 6086 6223 6090 6224 6087 6224 6088 6224 6090 6225 6091 6225 6092 6225 6090 6226 6088 6226 6091 6226 6093 6227 5854 6227 6089 6227 6094 6228 6090 6228 6092 6228 6094 6229 6092 6229 6095 6229 6096 6230 5854 6230 6093 6230 6097 6231 6094 6231 6095 6231 6098 6232 5854 6232 6096 6232 6099 6233 5854 6233 6098 6233 6100 6234 5854 6234 6099 6234 6101 6235 5854 6235 6100 6235 6102 6236 5854 6236 6101 6236 6103 6237 5854 6237 6102 6237 6104 6238 5854 6238 6103 6238 6105 6239 6106 6239 6107 6239 6105 6240 6108 6240 6106 6240 6109 6241 6107 6241 6106 6241 6109 6242 6110 6242 6111 6242 6109 6243 6106 6243 6110 6243 6112 6244 6108 6244 6105 6244 6112 6245 6113 6245 6108 6245 6112 6246 6114 6246 6113 6246 6115 6247 6109 6247 6111 6247 6116 6248 6114 6248 6112 6248 6117 6249 6115 6249 6111 6249 6117 6250 6111 6250 6118 6250 6119 6251 6114 6251 6116 6251 6119 6252 6120 6252 6114 6252 6121 6253 6117 6253 6118 6253 6121 6254 6118 6254 6122 6254 6123 6255 6120 6255 6119 6255 6123 6256 6124 6256 6120 6256 6125 6257 6121 6257 6122 6257 6125 6258 6122 6258 6126 6258 6127 6259 6124 6259 6123 6259 6127 6260 6128 6260 6124 6260 6129 6261 6125 6261 6126 6261 6129 6262 6130 6262 6131 6262 6129 6263 6126 6263 6130 6263 6132 6264 6133 6264 6128 6264 6132 6265 6128 6265 6127 6265 6134 6266 6129 6266 6131 6266 6134 6267 6131 6267 6135 6267 6136 6268 6133 6268 6132 6268 6136 6269 6137 6269 6133 6269 6138 6270 6134 6270 6135 6270 6139 6271 6137 6271 6136 6271 6139 6272 5979 6272 6137 6272 6139 6273 5980 6273 5979 6273 6140 6274 6135 6274 6141 6274 6140 6275 6138 6275 6135 6275 6142 6276 6143 6276 5980 6276 6142 6277 5980 6277 6139 6277 6144 6278 6141 6278 6145 6278 6144 6279 6140 6279 6141 6279 6146 6280 6147 6280 6143 6280 6146 6281 6143 6281 6142 6281 6148 6282 6144 6282 6145 6282 6148 6283 6149 6283 6150 6283 6148 6284 6145 6284 6149 6284 6151 6285 6152 6285 6147 6285 6151 6286 6147 6286 6146 6286 6153 6287 6148 6287 6150 6287 6154 6288 6155 6288 6152 6288 6154 6289 6152 6289 6151 6289 6156 6290 6157 6290 6158 6290 6156 6291 6150 6291 6157 6291 6156 6292 6153 6292 6150 6292 6159 6293 6155 6293 6154 6293 6159 6294 6160 6294 6155 6294 6161 6295 6156 6295 6158 6295 6161 6296 6158 6296 6162 6296 6163 6297 6160 6297 6159 6297 6163 6298 6164 6298 6160 6298 6165 6299 6161 6299 6162 6299 6166 6300 6167 6300 6164 6300 6166 6301 6164 6301 6163 6301 6168 6302 6162 6302 6169 6302 6168 6303 6165 6303 6162 6303 6170 6304 6167 6304 6166 6304 6170 6305 6171 6305 6167 6305 6172 6306 6168 6306 6169 6306 6172 6307 6173 6307 6174 6307 6172 6308 6169 6308 6173 6308 6175 6309 6171 6309 6170 6309 6175 6310 6176 6310 6171 6310 6177 6311 6172 6311 6174 6311 6177 6312 6174 6312 6178 6312 6179 6313 6180 6313 6176 6313 6179 6314 6176 6314 6175 6314 6181 6315 6177 6315 6178 6315 6182 6316 6183 6316 6180 6316 6182 6317 6180 6317 6179 6317 6184 6318 6181 6318 6178 6318 6184 6319 6178 6319 6185 6319 6186 6320 6183 6320 6182 6320 6186 6321 6187 6321 6183 6321 6188 6322 6184 6322 6185 6322 6188 6323 6185 6323 6189 6323 6190 6324 6187 6324 6186 6324 6190 6325 6191 6325 6187 6325 6192 6326 6188 6326 6189 6326 6192 6327 6193 6327 6194 6327 6192 6328 6189 6328 6193 6328 6195 6329 6191 6329 6190 6329 6195 6330 6196 6330 6191 6330 6197 6331 6192 6331 6194 6331 6197 6332 6194 6332 6198 6332 6199 6333 6200 6333 6196 6333 6199 6334 6196 6334 6195 6334 6201 6335 6197 6335 6198 6335 6201 6336 6198 6336 6202 6336 6203 6337 6200 6337 6199 6337 6203 6338 6204 6338 6200 6338 6205 6339 6201 6339 6202 6339 6206 6340 6207 6340 6204 6340 6206 6341 6204 6341 6203 6341 6208 6342 6205 6342 6202 6342 6208 6343 6202 6343 6209 6343 6210 6344 6207 6344 6206 6344 6210 6345 5852 6345 5700 6345 6210 6346 6211 6346 5852 6346 6210 6347 5700 6347 6207 6347 6212 6348 6213 6348 6214 6348 6212 6349 6209 6349 6213 6349 6212 6350 6208 6350 6209 6350 6215 6351 6211 6351 6210 6351 6215 6352 6216 6352 6211 6352 6217 6353 6212 6353 6214 6353 6217 6354 6214 6354 6218 6354 6219 6355 6216 6355 6215 6355 6219 6356 6220 6356 6216 6356 6221 6357 6217 6357 6218 6357 6222 6358 6220 6358 6219 6358 6222 6359 6223 6359 6220 6359 6224 6360 6218 6360 6225 6360 6224 6361 6221 6361 6218 6361 6226 6362 6223 6362 6222 6362 6227 6363 6225 6363 6228 6363 6227 6364 6224 6364 6225 6364 6229 6365 6230 6365 6231 6365 6229 6366 6228 6366 6230 6366 6229 6367 6227 6367 6228 6367 6232 6368 6229 6368 6231 6368 6233 6369 6232 6369 6231 6369 6233 6370 6234 6370 6235 6370 6233 6371 6231 6371 6234 6371 6236 6372 6233 6372 6235 6372 3 6373 6237 6373 5968 6373 3 6374 6238 6374 6237 6374 3 6375 6239 6375 6238 6375 3 6376 6240 6376 6239 6376 3 6377 6241 6377 6240 6377 3 6378 6242 6378 6241 6378 3 6379 6243 6379 6242 6379 3 6380 6244 6380 6243 6380 3 6381 6245 6381 6244 6381 3 6382 6246 6382 6245 6382 3 6383 6247 6383 6246 6383 3 6384 6248 6384 6247 6384 3 6385 6249 6385 6248 6385 3 6386 6250 6386 6249 6386 3 6387 6251 6387 6250 6387 3 6388 6252 6388 6251 6388 3 6389 6253 6389 6252 6389 3 6390 6254 6390 6253 6390 3 6391 6255 6391 6254 6391 3 6392 6256 6392 6255 6392 3 6393 6257 6393 6256 6393 3 6394 6258 6394 6259 6394 3 6395 6260 6395 6257 6395 3 6396 6261 6396 6258 6396 3 6397 6262 6397 6260 6397 3 6398 6263 6398 6261 6398 3 6399 6264 6399 6262 6399 3 6400 6265 6400 6263 6400 3 6401 6266 6401 6264 6401 3 6402 6267 6402 6265 6402 3 6403 6268 6403 6266 6403 3 6404 6235 6404 6267 6404 3 6405 6269 6405 6268 6405 3 6406 6270 6406 6269 6406 3 6407 6259 6407 6270 6407 3 6408 5968 6408 2 6408 3 6409 6271 6409 6272 6409 3 6410 6273 6410 6271 6410 3 6411 6274 6411 6236 6411 3 6412 6275 6412 6274 6412 3 6413 6276 6413 6275 6413 3 6414 6277 6414 6276 6414 3 6415 6236 6415 6235 6415 3 6416 6278 6416 6277 6416 3 6417 6272 6417 6278 6417 6279 6418 5301 6418 6280 6418 6281 6419 6280 6419 5301 6419 6282 6420 5301 6420 6279 6420 6283 6421 6281 6421 5301 6421 6284 6422 5301 6422 6282 6422 6285 6423 6283 6423 5301 6423 6286 6424 5301 6424 6284 6424 6287 6425 6285 6425 5301 6425 6288 6426 5301 6426 6286 6426 6289 6427 6287 6427 5301 6427 6290 6428 5301 6428 6288 6428 6291 6429 5301 6429 5404 6429 6291 6430 5404 6430 6292 6430 6291 6431 6289 6431 5301 6431 6293 6432 5301 6432 6290 6432 6294 6433 6292 6433 6295 6433 6294 6434 6291 6434 6292 6434 6296 6435 5301 6435 6293 6435 6297 6436 6294 6436 6295 6436 6298 6437 5301 6437 6296 6437 6299 6438 6297 6438 6295 6438 6299 6439 6300 6439 6301 6439 6299 6440 6295 6440 6300 6440 6302 6441 5301 6441 6298 6441 6303 6442 6299 6442 6301 6442 6303 6443 6301 6443 6304 6443 6305 6444 5301 6444 6302 6444 6306 6445 6303 6445 6304 6445 6306 6446 6304 6446 6307 6446 6308 6447 5301 6447 6305 6447 6309 6448 6307 6448 6310 6448 6309 6449 6306 6449 6307 6449 6311 6450 5301 6450 6308 6450 6312 6451 6309 6451 6310 6451 6313 6452 5930 6452 5301 6452 6313 6453 6314 6453 5930 6453 6313 6454 5301 6454 6311 6454 6315 6455 6312 6455 6310 6455 6315 6456 6316 6456 6317 6456 6315 6457 6310 6457 6316 6457 6318 6458 6314 6458 6313 6458 6318 6459 6319 6459 6314 6459 6320 6460 6315 6460 6317 6460 6321 6461 6322 6461 6319 6461 6321 6462 6319 6462 6318 6462 6323 6463 6320 6463 6317 6463 6323 6464 6324 6464 6325 6464 6323 6465 6317 6465 6324 6465 6326 6466 6327 6466 6322 6466 6326 6467 6322 6467 6321 6467 6328 6468 6323 6468 6325 6468 6329 6469 6327 6469 6326 6469 6330 6470 6331 6470 6332 6470 6330 6471 6325 6471 6331 6471 6330 6472 6328 6472 6325 6472 6333 6473 6330 6473 6332 6473 6334 6474 6335 6474 6336 6474 6334 6475 6332 6475 6335 6475 6334 6476 6333 6476 6332 6476 6337 6477 6334 6477 6336 6477 6338 6478 6337 6478 6336 6478 6338 6479 6336 6479 5842 6479 6339 6480 6340 6480 6341 6480 6342 6481 6343 6481 6340 6481 6342 6482 6340 6482 6339 6482 6344 6483 6339 6483 6341 6483 6345 6484 6343 6484 6342 6484 6345 6485 6346 6485 6343 6485 6347 6486 6341 6486 6348 6486 6347 6487 6344 6487 6341 6487 6349 6488 6350 6488 6346 6488 6349 6489 6351 6489 6350 6489 6349 6490 6346 6490 6345 6490 6352 6491 6348 6491 6353 6491 6352 6492 6347 6492 6348 6492 6354 6493 6355 6493 6351 6493 6354 6494 6351 6494 6349 6494 6356 6495 6357 6495 6358 6495 6356 6496 6353 6496 6357 6496 6356 6497 6352 6497 6353 6497 6359 6498 6355 6498 6354 6498 6360 6499 6356 6499 6358 6499 6361 6500 6362 6500 6355 6500 6361 6501 6355 6501 6359 6501 6363 6502 6358 6502 6364 6502 6363 6503 6360 6503 6358 6503 6365 6504 6362 6504 6361 6504 6365 6505 6366 6505 6362 6505 6367 6506 6364 6506 6368 6506 6367 6507 6363 6507 6364 6507 6369 6508 6370 6508 6366 6508 6369 6509 6366 6509 6365 6509 6371 6510 6368 6510 6372 6510 6371 6511 6367 6511 6368 6511 6373 6512 6374 6512 6370 6512 6373 6513 6370 6513 6369 6513 6375 6514 6372 6514 6376 6514 6375 6515 6371 6515 6372 6515 6377 6516 6378 6516 6379 6516 6377 6517 6376 6517 6378 6517 6377 6518 6375 6518 6376 6518 6380 6519 6377 6519 6379 6519 6381 6520 6379 6520 6382 6520 6381 6521 6380 6521 6379 6521 6383 6522 6382 6522 6384 6522 6383 6523 6381 6523 6382 6523 6385 6524 6386 6524 6387 6524 6385 6525 6384 6525 6386 6525 6385 6526 6383 6526 6384 6526 6388 6527 6385 6527 6387 6527 6389 6528 6390 6528 6391 6528 6389 6529 6387 6529 6390 6529 6389 6530 6388 6530 6387 6530 6392 6531 6389 6531 6391 6531 6393 6532 6391 6532 6394 6532 6393 6533 6392 6533 6391 6533 6395 6534 6396 6534 6397 6534 6395 6535 6394 6535 6396 6535 6395 6536 6393 6536 6394 6536 6398 6537 6395 6537 6397 6537 6399 6538 6400 6538 6401 6538 6399 6539 6397 6539 6400 6539 6399 6540 6398 6540 6397 6540 6402 6541 6401 6541 6403 6541 6402 6542 6399 6542 6401 6542 6404 6543 6402 6543 6403 6543 6405 6544 6403 6544 6406 6544 6405 6545 6404 6545 6403 6545 6405 6546 6406 6546 6407 6546 6408 6547 6405 6547 6407 6547 6409 6548 6408 6548 6407 6548 6409 6549 6410 6549 6411 6549 6409 6550 6407 6550 6410 6550 6412 6551 6409 6551 6411 6551 6412 6552 6411 6552 6413 6552 6414 6553 6412 6553 6413 6553 6415 6554 6416 6554 6417 6554 6415 6555 6413 6555 6416 6555 6415 6556 6414 6556 6413 6556 6418 6557 6415 6557 6417 6557 6419 6558 6418 6558 6417 6558 6419 6559 6420 6559 6421 6559 6419 6560 6417 6560 6420 6560 6422 6561 6419 6561 6421 6561 6422 6562 6421 6562 6423 6562 6424 6563 6422 6563 6423 6563 6424 6564 6423 6564 6425 6564 6426 6565 6424 6565 6425 6565 6427 6566 6425 6566 6428 6566 6427 6567 6426 6567 6425 6567 6429 6568 6430 6568 6431 6568 6432 6569 6433 6569 6430 6569 6432 6570 6430 6570 6429 6570 6434 6571 6429 6571 6431 6571 6434 6572 6431 6572 6435 6572 6436 6573 6437 6573 6433 6573 6436 6574 6433 6574 6432 6574 6438 6575 6434 6575 6435 6575 6438 6576 6435 6576 6327 6576 6439 6577 6440 6577 6437 6577 6439 6578 6437 6578 6436 6578 6441 6579 6329 6579 6374 6579 6441 6580 6327 6580 6329 6580 6441 6581 6374 6581 6373 6581 6441 6582 6438 6582 6327 6582 6442 6583 6440 6583 6439 6583 6442 6584 6443 6584 6440 6584 6444 6585 6441 6585 6373 6585 6444 6586 6373 6586 6445 6586 6446 6587 6447 6587 6443 6587 6446 6588 6443 6588 6442 6588 6448 6589 6444 6589 6445 6589 6448 6590 6445 6590 6449 6590 6450 6591 6451 6591 6447 6591 6450 6592 6447 6592 6446 6592 6452 6593 6449 6593 6453 6593 6452 6594 6448 6594 6449 6594 6454 6595 6451 6595 6450 6595 6454 6596 6455 6596 6451 6596 6456 6597 6453 6597 6457 6597 6456 6598 6452 6598 6453 6598 6458 6599 6455 6599 6454 6599 6458 6600 6459 6600 6455 6600 6460 6601 6457 6601 6461 6601 6460 6602 6456 6602 6457 6602 6462 6603 6459 6603 6458 6603 6462 6604 6463 6604 6459 6604 6464 6605 6460 6605 6461 6605 6464 6606 6461 6606 6465 6606 6466 6607 6463 6607 6462 6607 6466 6608 6467 6608 6463 6608 6468 6609 6465 6609 6469 6609 6468 6610 6464 6610 6465 6610 6470 6611 6467 6611 6466 6611 6470 6612 6471 6612 6467 6612 6472 6613 6468 6613 6469 6613 6472 6614 6469 6614 6473 6614 6474 6615 6471 6615 6470 6615 6474 6616 6475 6616 6471 6616 6476 6617 6477 6617 6475 6617 6476 6618 6475 6618 6474 6618 6478 6619 6479 6619 6477 6619 6478 6620 6477 6620 6476 6620 6480 6621 6095 6621 6479 6621 6480 6622 6097 6622 6095 6622 6480 6623 6479 6623 6478 6623 6481 6624 6482 6624 6097 6624 6481 6625 6097 6625 6480 6625 6483 6626 6484 6626 6485 6626 6483 6627 6486 6627 6484 6627 6483 6628 6487 6628 6486 6628 6483 6629 6488 6629 6487 6629 6483 6630 6489 6630 6488 6630 6483 6631 6490 6631 6489 6631 6483 6632 6491 6632 6490 6632 6483 6633 6492 6633 6491 6633 6483 6634 6493 6634 6492 6634 6483 6635 6494 6635 6493 6635 6483 6636 6495 6636 6494 6636 6483 6637 6496 6637 6495 6637 6483 6638 6497 6638 6496 6638 6483 6639 6498 6639 6497 6639 6483 6640 6499 6640 6498 6640 6483 6641 6500 6641 6499 6641 6483 6642 6501 6642 6500 6642 6483 6643 6502 6643 6501 6643 6483 6644 6503 6644 6502 6644 6483 6645 6504 6645 6503 6645 6483 6646 6505 6646 6504 6646 6483 6647 6506 6647 6505 6647 6483 6648 6507 6648 6506 6648 6483 6649 6508 6649 6507 6649 6483 6650 6509 6650 6508 6650 6483 6651 6510 6651 6509 6651 6483 6652 6511 6652 6510 6652 6483 6653 6512 6653 6511 6653 6483 6654 6513 6654 6512 6654 6483 6655 6514 6655 6513 6655 6483 6656 6515 6656 6514 6656 6483 6657 6516 6657 6515 6657 6483 6658 6517 6658 6516 6658 6483 6659 6518 6659 6517 6659 6483 6660 6519 6660 6518 6660 6483 6661 6520 6661 6519 6661 6483 6662 6521 6662 6520 6662 6483 6663 6522 6663 6521 6663 6483 6664 6473 6664 6522 6664 6483 6665 6523 6665 6472 6665 6483 6666 6524 6666 6523 6666 6483 6667 6525 6667 6524 6667 6483 6668 6526 6668 6525 6668 6483 6669 6527 6669 6526 6669 6483 6670 6528 6670 6527 6670 6483 6671 6529 6671 6528 6671 6483 6672 6530 6672 6529 6672 6483 6673 6531 6673 6530 6673 6483 6674 6532 6674 6531 6674 6483 6675 6533 6675 6532 6675 6483 6676 6534 6676 6533 6676 6483 6677 6535 6677 6534 6677 6483 6678 6536 6678 6535 6678 6483 6679 6537 6679 6536 6679 6483 6680 6538 6680 6537 6680 6483 6681 6539 6681 6538 6681 6483 6682 6540 6682 6539 6682 6483 6683 6541 6683 6540 6683 6483 6684 6542 6684 6541 6684 6483 6685 6543 6685 6542 6685 6483 6686 6544 6686 6543 6686 6483 6687 6545 6687 6546 6687 6483 6688 6547 6688 6544 6688 6483 6689 6548 6689 6545 6689 6483 6690 6549 6690 6547 6690 6483 6691 6550 6691 6548 6691 6483 6692 6551 6692 6549 6692 6483 6693 6552 6693 6550 6693 6483 6694 6553 6694 6551 6694 6483 6695 6554 6695 6552 6695 6483 6696 6472 6696 6473 6696 6483 6697 6555 6697 6553 6697 6483 6698 6556 6698 6554 6698 6483 6699 6557 6699 6555 6699 6483 6700 6558 6700 6557 6700 6483 6701 6546 6701 6558 6701 6559 6702 6560 6702 6561 6702 6559 6703 6562 6703 6560 6703 6559 6704 6561 6704 6563 6704 6564 6705 6561 6705 6565 6705 6564 6706 6563 6706 6561 6706 6566 6707 6567 6707 6562 6707 6566 6708 6562 6708 6559 6708 6568 6709 6565 6709 6569 6709 6568 6710 6564 6710 6565 6710 6570 6711 6571 6711 6567 6711 6570 6712 6567 6712 6566 6712 6572 6713 6573 6713 6574 6713 6572 6714 6569 6714 6573 6714 6572 6715 6568 6715 6569 6715 6575 6716 6571 6716 6570 6716 6576 6717 6572 6717 6574 6717 6577 6718 6578 6718 6571 6718 6577 6719 6571 6719 6575 6719 6579 6720 6574 6720 6580 6720 6579 6721 6576 6721 6574 6721 6581 6722 6582 6722 6578 6722 6581 6723 6583 6723 6582 6723 6581 6724 6578 6724 6577 6724 6584 6725 6579 6725 6580 6725 6584 6726 6580 6726 6585 6726 6586 6727 6583 6727 6581 6727 6587 6728 6585 6728 6588 6728 6587 6729 6584 6729 6585 6729 6589 6730 6590 6730 6583 6730 6589 6731 6583 6731 6586 6731 6591 6732 6588 6732 6592 6732 6591 6733 6587 6733 6588 6733 6593 6734 6594 6734 6590 6734 6593 6735 6590 6735 6589 6735 6595 6736 6592 6736 6596 6736 6595 6737 6591 6737 6592 6737 6597 6738 6598 6738 6594 6738 6597 6739 6594 6739 6593 6739 6599 6740 6596 6740 6600 6740 6599 6741 6595 6741 6596 6741 6601 6742 6602 6742 6598 6742 6601 6743 6481 6743 6602 6743 6601 6744 6598 6744 6597 6744 6603 6745 6599 6745 6600 6745 6603 6746 6604 6746 6605 6746 6603 6747 6600 6747 6604 6747 6606 6748 6607 6748 6482 6748 6606 6749 6482 6749 6481 6749 6606 6750 6481 6750 6601 6750 6608 6751 6603 6751 6605 6751 6609 6752 6610 6752 6607 6752 6609 6753 6607 6753 6606 6753 6611 6754 6605 6754 6612 6754 6611 6755 6608 6755 6605 6755 6613 6756 6614 6756 6610 6756 6613 6757 6610 6757 6609 6757 6615 6758 6612 6758 6616 6758 6615 6759 6611 6759 6612 6759 6617 6760 6618 6760 6614 6760 6617 6761 6614 6761 6613 6761 6619 6762 6620 6762 6621 6762 6619 6763 6616 6763 6620 6763 6619 6764 6615 6764 6616 6764 6622 6765 6618 6765 6617 6765 6622 6766 6623 6766 6618 6766 6624 6767 6619 6767 6621 6767 6625 6768 6626 6768 6623 6768 6625 6769 6623 6769 6622 6769 6627 6770 6628 6770 6629 6770 6627 6771 6621 6771 6628 6771 6627 6772 6624 6772 6621 6772 6630 6773 6626 6773 6625 6773 6630 6774 6631 6774 6626 6774 6632 6775 6629 6775 6633 6775 6632 6776 6627 6776 6629 6776 6634 6777 6635 6777 6631 6777 6634 6778 6631 6778 6630 6778 6636 6779 6632 6779 6633 6779 6637 6780 6635 6780 6634 6780 6637 6781 6638 6781 6635 6781 6639 6782 6633 6782 6640 6782 6639 6783 6636 6783 6633 6783 6641 6784 6642 6784 6638 6784 6641 6785 6638 6785 6637 6785 6643 6786 6640 6786 6644 6786 6643 6787 6639 6787 6640 6787 6645 6788 6646 6788 6642 6788 6645 6789 6642 6789 6641 6789 6647 6790 6644 6790 6648 6790 6647 6791 6643 6791 6644 6791 6649 6792 6650 6792 6646 6792 6649 6793 6646 6793 6645 6793 6651 6794 6647 6794 6648 6794 6651 6795 6648 6795 6652 6795 6653 6796 6654 6796 6650 6796 6653 6797 6650 6797 6649 6797 6655 6798 6651 6798 6652 6798 6655 6799 6656 6799 6657 6799 6655 6800 6652 6800 6656 6800 6658 6801 6659 6801 6654 6801 6658 6802 6654 6802 6653 6802 6660 6803 6655 6803 6657 6803 6660 6804 6657 6804 6661 6804 6662 6805 6663 6805 6659 6805 6662 6806 6659 6806 6658 6806 6664 6807 6660 6807 6661 6807 6664 6808 6661 6808 6665 6808 6666 6809 6667 6809 6663 6809 6666 6810 6663 6810 6662 6810 6668 6811 6664 6811 6665 6811 6669 6812 6670 6812 6667 6812 6669 6813 6667 6813 6666 6813 6671 6814 6668 6814 6665 6814 6671 6815 6665 6815 6672 6815 6673 6816 6674 6816 6670 6816 6673 6817 6670 6817 6669 6817 6675 6818 6671 6818 6672 6818 6675 6819 6676 6819 6677 6819 6675 6820 6672 6820 6676 6820 6678 6821 6679 6821 6674 6821 6678 6822 6674 6822 6673 6822 6680 6823 6675 6823 6677 6823 6681 6824 6680 6824 6677 6824 6681 6825 6677 6825 6682 6825 6683 6826 6684 6826 6685 6826 6683 6827 6682 6827 6684 6827 6683 6828 6681 6828 6682 6828 6686 6829 6685 6829 6687 6829 6686 6830 6683 6830 6685 6830 6688 6831 6686 6831 6687 6831 6688 6832 6687 6832 6556 6832 6689 6833 6688 6833 6556 6833 6689 6834 6556 6834 6483 6834 6690 6835 6689 6835 6483 6835 6691 6836 6690 6836 6483 6836 6692 6837 6691 6837 6483 6837 6693 6838 6692 6838 6483 6838 6694 6839 6693 6839 6483 6839 6695 6840 6696 6840 6697 6840 6695 6841 6698 6841 6696 6841 6699 6842 6698 6842 6695 6842 6700 6843 6695 6843 6697 6843 6700 6844 6697 6844 6701 6844 6702 6845 6703 6845 6698 6845 6702 6846 6704 6846 6703 6846 6702 6847 6698 6847 6699 6847 6705 6848 6700 6848 6701 6848 6706 6849 6707 6849 6704 6849 6706 6850 6704 6850 6702 6850 6708 6851 6705 6851 6701 6851 6708 6852 6709 6852 6710 6852 6708 6853 6701 6853 6709 6853 6711 6854 6707 6854 6706 6854 6712 6855 6708 6855 6710 6855 6712 6856 6710 6856 6338 6856 6713 6857 6707 6857 6711 6857 6713 6858 6714 6858 6707 6858 6715 6859 5842 6859 5841 6859 6715 6860 6712 6860 6338 6860 6715 6861 6338 6861 5842 6861 6716 6862 6714 6862 6713 6862 6716 6863 6717 6863 6714 6863 6718 6864 6715 6864 5841 6864 6718 6865 5841 6865 6719 6865 6720 6866 6717 6866 6716 6866 6720 6867 6721 6867 6717 6867 6722 6868 6718 6868 6719 6868 6722 6869 6723 6869 6724 6869 6722 6870 6719 6870 6723 6870 6725 6871 6721 6871 6720 6871 6725 6872 6726 6872 6721 6872 6727 6873 6722 6873 6724 6873 6728 6874 6726 6874 6725 6874 6728 6875 6729 6875 6726 6875 6730 6876 6727 6876 6724 6876 6730 6877 6731 6877 6732 6877 6730 6878 6724 6878 6731 6878 6733 6879 6729 6879 6728 6879 6733 6880 6734 6880 6729 6880 6735 6881 6730 6881 6732 6881 6736 6882 6734 6882 6733 6882 6736 6883 6737 6883 6734 6883 6738 6884 6735 6884 6732 6884 6738 6885 6732 6885 6739 6885 6740 6886 6737 6886 6736 6886 6740 6887 6741 6887 6737 6887 6742 6888 6738 6888 6739 6888 6742 6889 6739 6889 6743 6889 6744 6890 6741 6890 6740 6890 6744 6891 6745 6891 6741 6891 6744 6892 6746 6892 6745 6892 6747 6893 6742 6893 6743 6893 6747 6894 6743 6894 6748 6894 6749 6895 6746 6895 6744 6895 6749 6896 6750 6896 6746 6896 6751 6897 6747 6897 6748 6897 6751 6898 6748 6898 6752 6898 6753 6899 6750 6899 6749 6899 6754 6900 6751 6900 6752 6900 6754 6901 6755 6901 6756 6901 6754 6902 6752 6902 6755 6902 6757 6903 6750 6903 6753 6903 6757 6904 6758 6904 6750 6904 6759 6905 6754 6905 6756 6905 6760 6906 6758 6906 6757 6906 6760 6907 6761 6907 6758 6907 6762 6908 6756 6908 6763 6908 6762 6909 6759 6909 6756 6909 6764 6910 6765 6910 6761 6910 6764 6911 6761 6911 6760 6911 6766 6912 6762 6912 6763 6912 6766 6913 6767 6913 6768 6913 6766 6914 6763 6914 6767 6914 6769 6915 6765 6915 6764 6915 6769 6916 6770 6916 6765 6916 6769 6917 6428 6917 6770 6917 6771 6918 6766 6918 6768 6918 6772 6919 6428 6919 6769 6919 6773 6920 6771 6920 6768 6920 6773 6921 6768 6921 6774 6921 6775 6922 6774 6922 6776 6922 6775 6923 6773 6923 6774 6923 6777 6924 6778 6924 6779 6924 6777 6925 6780 6925 6778 6925 6777 6926 5854 6926 6104 6926 6777 6927 6781 6927 6780 6927 6777 6928 6782 6928 6781 6928 6777 6929 6783 6929 6782 6929 6777 6930 6784 6930 6783 6930 6777 6931 6785 6931 6784 6931 6777 6932 6786 6932 6785 6932 6777 6933 6787 6933 6786 6933 6777 6934 6788 6934 6787 6934 6777 6935 6678 6935 6788 6935 6777 6936 6694 6936 6483 6936 6777 6937 6679 6937 6678 6937 6777 6938 6789 6938 6679 6938 6777 6939 6790 6939 6789 6939 6777 6940 6791 6940 6790 6940 6777 6941 6792 6941 6791 6941 6777 6942 6793 6942 6792 6942 6777 6943 6794 6943 6793 6943 6777 6944 6795 6944 6794 6944 6777 6945 6796 6945 6795 6945 6777 6946 6797 6946 6796 6946 6777 6947 6798 6947 6797 6947 6777 6948 6104 6948 6798 6948 6777 6949 6799 6949 6800 6949 6777 6950 6801 6950 6799 6950 6777 6951 6802 6951 6801 6951 6777 6952 6803 6952 6802 6952 6777 6953 6804 6953 6803 6953 6777 6954 6805 6954 6804 6954 6777 6955 6806 6955 6805 6955 6777 6956 6807 6956 6806 6956 6777 6957 6800 6957 6694 6957 6777 6958 6808 6958 6807 6958 6777 6959 6809 6959 6808 6959 6777 6960 6810 6960 6809 6960 6777 6961 6811 6961 6810 6961 6777 6962 6812 6962 6811 6962 6777 6963 6813 6963 6812 6963 6777 6964 6814 6964 6813 6964 6777 6965 6815 6965 6814 6965 6777 6966 6816 6966 6815 6966 6777 6967 6817 6967 6816 6967 6777 6968 6818 6968 6817 6968 6777 6969 6819 6969 6818 6969 6777 6970 6820 6970 6819 6970 6777 6971 6821 6971 6820 6971 6777 6972 6822 6972 6821 6972 6777 6973 6823 6973 6822 6973 6777 6974 6824 6974 6823 6974 6777 6975 6825 6975 6824 6975 6777 6976 6826 6976 6825 6976 6777 6977 6779 6977 6826 6977 6827 6978 6828 6978 6829 6978 6827 6979 6226 6979 6828 6979 6827 6980 6830 6980 6223 6980 6827 6981 6831 6981 6830 6981 6827 6982 6832 6982 6831 6982 6827 6983 6833 6983 6832 6983 6827 6984 6834 6984 6833 6984 6827 6985 6835 6985 6834 6985 6827 6986 6836 6986 6835 6986 6827 6987 6837 6987 6836 6987 6827 6988 6838 6988 6837 6988 6827 6989 6839 6989 6838 6989 6827 6990 6840 6990 6839 6990 6827 6991 6841 6991 6840 6991 6827 6992 6842 6992 6841 6992 6827 6993 6843 6993 6842 6993 6827 6994 6223 6994 6226 6994 6827 6995 6844 6995 6843 6995 6827 6996 6845 6996 6844 6996 6827 6997 6846 6997 6845 6997 6827 6998 6847 6998 6846 6998 6827 6999 6848 6999 6847 6999 6827 7000 6776 7000 6848 7000 6849 7001 6850 7001 6851 7001 6852 7002 6853 7002 6850 7002 6852 7003 6850 7003 6849 7003 6854 7004 6851 7004 6855 7004 6854 7005 6849 7005 6851 7005 6856 7006 6829 7006 6853 7006 6856 7007 6827 7007 6829 7007 6856 7008 6853 7008 6852 7008 6857 7009 6855 7009 6858 7009 6857 7010 6854 7010 6855 7010 6859 7011 6827 7011 6856 7011 6860 7012 6857 7012 6858 7012 6860 7013 6858 7013 6861 7013 6862 7014 6827 7014 6859 7014 6863 7015 6861 7015 6864 7015 6863 7016 6860 7016 6861 7016 6865 7017 6827 7017 6862 7017 6866 7018 6864 7018 6867 7018 6866 7019 6863 7019 6864 7019 6868 7020 6827 7020 6865 7020 6869 7021 6867 7021 6870 7021 6869 7022 6866 7022 6867 7022 6871 7023 6827 7023 6868 7023 6872 7024 6870 7024 6873 7024 6872 7025 6869 7025 6870 7025 6874 7026 6827 7026 6871 7026 6875 7027 6873 7027 6876 7027 6875 7028 6872 7028 6873 7028 6877 7029 6827 7029 6874 7029 6878 7030 6876 7030 6879 7030 6878 7031 6875 7031 6876 7031 6880 7032 6827 7032 6877 7032 6881 7033 6879 7033 6882 7033 6881 7034 6878 7034 6879 7034 6883 7035 6827 7035 6880 7035 6884 7036 6882 7036 6885 7036 6884 7037 6881 7037 6882 7037 6886 7038 6827 7038 6883 7038 6887 7039 6885 7039 6888 7039 6887 7040 6884 7040 6885 7040 6889 7041 6827 7041 6886 7041 6890 7042 6887 7042 6888 7042 6890 7043 6888 7043 6891 7043 6892 7044 6827 7044 6889 7044 6893 7045 6890 7045 6891 7045 6893 7046 6891 7046 6894 7046 6895 7047 6827 7047 6892 7047 6896 7048 6893 7048 6894 7048 6896 7049 6894 7049 6897 7049 6898 7050 6827 7050 6895 7050 6899 7051 6896 7051 6897 7051 6899 7052 6897 7052 6900 7052 6901 7053 6827 7053 6898 7053 6902 7054 6899 7054 6900 7054 6902 7055 6900 7055 6903 7055 6904 7056 6827 7056 6901 7056 6905 7057 6827 7057 6904 7057 6906 7058 6827 7058 6905 7058 6907 7059 6827 7059 6906 7059 6908 7060 6827 7060 6907 7060 6909 7061 6827 7061 6908 7061 6910 7062 6827 7062 6909 7062 6911 7063 6827 7063 6910 7063 6912 7064 6827 7064 6911 7064 6913 7065 6827 7065 6912 7065 6914 7066 6827 7066 6913 7066 6915 7067 6827 7067 6914 7067 6916 7068 6827 7068 6915 7068 6917 7069 6827 7069 6916 7069 6918 7070 6827 7070 6917 7070 6919 7071 6827 7071 6918 7071 6920 7072 6827 7072 6919 7072 6921 7073 6827 7073 6920 7073 6922 7074 6827 7074 6921 7074 6923 7075 6827 7075 6922 7075 6924 7076 6827 7076 6923 7076 6925 7077 6827 7077 6924 7077 6926 7078 6827 7078 6925 7078 6927 7079 6827 7079 6926 7079 6928 7080 6827 7080 6927 7080 6929 7081 6827 7081 6928 7081 6930 7082 6827 7082 6929 7082 6931 7083 6827 7083 6930 7083 6932 7084 6827 7084 6931 7084 6933 7085 4120 7085 4121 7085 6933 7086 4121 7086 4122 7086 6933 7087 4122 7087 4123 7087 6933 7088 4123 7088 4124 7088 6934 7089 4120 7089 6933 7089 6934 7090 4116 7090 4117 7090 6934 7091 4117 7091 4118 7091 6934 7092 4118 7092 4119 7092 6934 7093 4119 7093 4120 7093 6935 7094 4124 7094 4125 7094 6935 7095 6933 7095 4124 7095 6935 7096 4125 7096 4126 7096 6936 7097 4111 7097 4112 7097 6936 7098 4112 7098 4113 7098 6936 7099 4113 7099 4114 7099 6936 7100 4114 7100 4115 7100 6936 7101 4115 7101 4116 7101 6936 7102 4116 7102 6934 7102 6937 7103 4126 7103 4127 7103 6937 7104 4127 7104 4128 7104 6937 7105 4128 7105 4129 7105 6937 7106 6935 7106 4126 7106 6938 7107 3 7107 4110 7107 6938 7108 4110 7108 4111 7108 6938 7109 4111 7109 6936 7109 6939 7110 6937 7110 4129 7110 6939 7111 4129 7111 4130 7111 6939 7112 4130 7112 4131 7112 6940 7113 3 7113 6938 7113 6941 7114 4131 7114 4132 7114 6941 7115 6939 7115 4131 7115 6942 7116 6273 7116 3 7116 6942 7117 6943 7117 6273 7117 6942 7118 3 7118 6940 7118 6944 7119 4132 7119 4133 7119 6944 7120 4133 7120 4134 7120 6944 7121 6941 7121 4132 7121 6945 7122 6943 7122 6942 7122 6945 7123 6946 7123 6943 7123 6947 7124 4134 7124 4135 7124 6947 7125 6944 7125 4134 7125 6948 7126 6946 7126 6945 7126 6948 7127 6949 7127 6946 7127 6950 7128 4135 7128 4136 7128 6950 7129 6947 7129 4135 7129 6951 7130 6949 7130 6948 7130 6951 7131 6952 7131 6949 7131 6953 7132 4136 7132 4137 7132 6953 7133 6950 7133 4136 7133 6954 7134 6952 7134 6951 7134 6954 7135 6955 7135 6952 7135 6956 7136 4137 7136 4138 7136 6956 7137 6953 7137 4137 7137 6957 7138 6955 7138 6954 7138 6957 7139 6958 7139 6955 7139 6959 7140 4138 7140 4139 7140 6959 7141 6956 7141 4138 7141 6960 7142 6958 7142 6957 7142 6960 7143 6961 7143 6958 7143 6962 7144 4139 7144 4140 7144 6962 7145 6959 7145 4139 7145 6963 7146 6961 7146 6960 7146 6963 7147 6964 7147 6961 7147 6965 7148 6962 7148 4140 7148 6966 7149 6964 7149 6963 7149 6966 7150 6967 7150 6964 7150 6968 7151 6965 7151 4140 7151 6969 7152 6967 7152 6966 7152 6969 7153 6970 7153 6967 7153 4141 7154 6968 7154 4140 7154 6971 7155 6968 7155 4141 7155 6972 7156 6970 7156 6969 7156 6972 7157 6973 7157 6970 7157 6974 7158 6971 7158 4141 7158 6975 7159 6976 7159 6973 7159 6975 7160 6973 7160 6972 7160 6977 7161 6974 7161 4141 7161 6978 7162 6977 7162 4141 7162 6979 7163 6978 7163 4141 7163 6980 7164 6979 7164 4141 7164 6981 7165 6980 7165 4141 7165 6982 7166 6981 7166 4141 7166 6983 7167 6982 7167 4141 7167 6984 7168 6983 7168 4141 7168 6985 7169 6984 7169 4141 7169 6986 7170 6985 7170 4141 7170 6987 7171 6986 7171 4141 7171 6988 7172 6987 7172 4141 7172 6989 7173 6988 7173 4141 7173 6990 7174 6989 7174 4141 7174 6991 7175 6990 7175 4141 7175 6992 7176 6991 7176 4141 7176 6993 7177 6992 7177 4141 7177 6994 7178 6993 7178 4141 7178 6995 7179 6994 7179 4141 7179 6996 7180 6995 7180 4141 7180 6997 7181 6996 7181 4141 7181 6998 7182 6997 7182 4141 7182 6999 7183 6998 7183 4141 7183 7000 7184 6999 7184 4141 7184 7001 7185 7000 7185 4141 7185 7002 7186 7001 7186 4141 7186 7003 7187 7002 7187 4141 7187 7004 7188 7003 7188 4141 7188 7005 7189 7004 7189 4141 7189 7006 7190 7005 7190 4141 7190 7007 7191 7006 7191 4141 7191 7008 7192 7007 7192 4141 7192 7009 7193 7008 7193 4141 7193 7010 7194 7009 7194 4141 7194 7011 7195 7010 7195 4141 7195 7012 7196 7011 7196 4141 7196 7013 7197 7014 7197 7015 7197 7016 7198 7014 7198 7013 7198 7017 7199 7015 7199 7018 7199 7017 7200 7013 7200 7015 7200 7019 7201 7020 7201 7014 7201 7019 7202 7021 7202 7020 7202 7019 7203 7014 7203 7016 7203 7022 7204 7017 7204 7018 7204 7022 7205 7018 7205 7023 7205 7024 7206 7021 7206 7019 7206 7025 7207 7022 7207 7023 7207 7025 7208 7026 7208 7027 7208 7025 7209 7023 7209 7026 7209 7028 7210 7029 7210 7021 7210 7028 7211 7021 7211 7024 7211 7030 7212 7025 7212 7027 7212 7031 7213 7032 7213 7029 7213 7031 7214 7029 7214 7028 7214 7033 7215 7030 7215 7027 7215 7033 7216 7034 7216 7035 7216 7033 7217 7027 7217 7034 7217 7036 7218 7037 7218 7032 7218 7036 7219 7032 7219 7031 7219 7038 7220 7033 7220 7035 7220 7039 7221 7040 7221 7037 7221 7039 7222 7041 7222 7040 7222 7039 7223 7037 7223 7036 7223 7042 7224 7038 7224 7035 7224 7042 7225 7035 7225 7043 7225 7044 7226 7041 7226 7039 7226 7045 7227 7042 7227 7043 7227 7045 7228 7043 7228 7046 7228 7047 7229 7048 7229 7041 7229 7047 7230 7041 7230 7044 7230 7049 7231 7046 7231 7050 7231 7049 7232 7045 7232 7046 7232 7051 7233 7052 7233 7048 7233 7051 7234 7053 7234 7052 7234 7051 7235 7048 7235 7047 7235 7054 7236 7050 7236 6902 7236 7054 7237 7049 7237 7050 7237 7054 7238 6902 7238 6903 7238 7055 7239 7053 7239 7051 7239 7056 7240 7054 7240 6903 7240 7056 7241 6903 7241 7057 7241 7058 7242 7059 7242 7053 7242 7058 7243 7053 7243 7055 7243 7060 7244 7056 7244 7057 7244 7060 7245 7057 7245 6976 7245 7060 7246 6976 7246 6975 7246 7061 7247 7062 7247 7059 7247 7061 7248 7059 7248 7058 7248 7063 7249 6975 7249 7064 7249 7063 7250 7060 7250 6975 7250 7065 7251 7066 7251 7062 7251 7065 7252 7062 7252 7061 7252 7067 7253 7063 7253 7064 7253 7067 7254 7064 7254 7068 7254 7069 7255 7070 7255 7066 7255 7069 7256 7071 7256 7070 7256 7069 7257 7066 7257 7065 7257 7072 7258 7067 7258 7068 7258 7072 7259 7068 7259 7073 7259 7074 7260 7071 7260 7069 7260 7075 7261 7073 7261 7076 7261 7075 7262 7072 7262 7073 7262 7077 7263 7078 7263 7071 7263 7077 7264 7071 7264 7074 7264 7079 7265 7075 7265 7076 7265 7079 7266 7076 7266 7080 7266 7081 7267 7082 7267 7078 7267 7081 7268 7078 7268 7077 7268 7083 7269 7079 7269 7080 7269 7083 7270 7080 7270 7084 7270 7085 7271 7086 7271 7082 7271 7085 7272 7082 7272 7081 7272 7087 7273 7084 7273 7088 7273 7087 7274 7083 7274 7084 7274 7089 7275 7090 7275 7086 7275 7089 7276 7086 7276 7085 7276 7091 7277 7088 7277 7092 7277 7091 7278 7087 7278 7088 7278 7093 7279 7094 7279 7090 7279 7093 7280 7090 7280 7089 7280 7095 7281 7092 7281 7096 7281 7095 7282 7091 7282 7092 7282 7097 7283 7098 7283 7094 7283 7097 7284 7099 7284 7098 7284 7097 7285 7094 7285 7093 7285 7100 7286 7096 7286 7101 7286 7100 7287 7095 7287 7096 7287 7102 7288 7099 7288 7097 7288 7103 7289 7101 7289 7104 7289 7103 7290 7100 7290 7101 7290 7105 7291 7106 7291 7099 7291 7105 7292 7099 7292 7102 7292 7107 7293 7103 7293 7104 7293 7107 7294 7104 7294 7108 7294 7109 7295 7110 7295 7106 7295 7109 7296 7111 7296 7110 7296 7109 7297 7106 7297 7105 7297 7112 7298 7107 7298 7108 7298 7112 7299 7108 7299 7113 7299 7114 7300 7115 7300 7111 7300 7114 7301 7111 7301 7109 7301 7116 7302 7113 7302 7117 7302 7116 7303 7112 7303 7113 7303 7118 7304 7115 7304 7114 7304 7119 7305 7116 7305 7117 7305 7119 7306 7117 7306 7120 7306 7121 7307 7122 7307 7115 7307 7121 7308 7115 7308 7118 7308 7123 7309 7120 7309 7124 7309 7123 7310 7119 7310 7120 7310 7125 7311 7126 7311 7122 7311 7125 7312 7127 7312 7126 7312 7125 7313 7122 7313 7121 7313 7128 7314 7124 7314 7129 7314 7128 7315 7123 7315 7124 7315 7130 7316 7131 7316 7127 7316 7130 7317 7127 7317 7125 7317 7132 7318 7129 7318 7133 7318 7132 7319 7128 7319 7129 7319 7134 7320 7135 7320 7131 7320 7134 7321 7131 7321 7130 7321 7136 7322 7135 7322 7134 7322 7137 7323 7138 7323 7135 7323 7137 7324 7135 7324 7136 7324 7139 7325 7140 7325 7138 7325 7139 7326 7138 7326 7137 7326 7141 7327 7140 7327 7139 7327 7141 7328 7142 7328 7140 7328 7141 7329 7143 7329 7142 7329 7144 7330 7145 7330 7146 7330 7144 7331 7146 7331 7147 7331 7148 7332 7146 7332 7149 7332 7148 7333 7147 7333 7146 7333 7150 7334 7151 7334 7145 7334 7150 7335 7145 7335 7144 7335 7152 7336 7149 7336 7153 7336 7152 7337 7148 7337 7149 7337 7154 7338 7155 7338 7151 7338 7154 7339 7151 7339 7150 7339 7156 7340 7152 7340 7153 7340 7156 7341 7157 7341 7158 7341 7156 7342 7153 7342 7157 7342 7159 7343 7143 7343 7141 7343 7160 7344 7161 7344 7155 7344 7160 7345 7155 7345 7154 7345 7162 7346 7158 7346 7163 7346 7162 7347 7156 7347 7158 7347 7164 7348 7161 7348 7160 7348 7164 7349 7165 7349 7161 7349 7164 7350 7166 7350 7165 7350 7167 7351 7163 7351 7168 7351 7167 7352 7162 7352 7163 7352 7169 7353 7166 7353 7164 7353 7169 7354 7170 7354 7166 7354 7171 7355 7167 7355 7168 7355 7172 7356 6932 7356 7143 7356 7172 7357 7143 7357 7159 7357 7173 7358 7170 7358 7169 7358 7174 7359 7171 7359 7168 7359 7174 7360 7175 7360 7176 7360 7174 7361 7168 7361 7175 7361 7177 7362 7170 7362 7173 7362 7177 7363 6772 7363 7170 7363 7177 7364 6428 7364 6772 7364 7177 7365 6427 7365 6428 7365 7178 7366 7176 7366 7179 7366 7178 7367 7174 7367 7176 7367 7180 7368 7181 7368 6427 7368 7180 7369 7182 7369 7181 7369 7180 7370 6427 7370 7177 7370 7183 7371 7178 7371 7179 7371 7183 7372 7179 7372 7184 7372 7185 7373 7182 7373 7180 7373 7186 7374 7183 7374 7184 7374 7187 7375 7188 7375 7182 7375 7187 7376 7182 7376 7185 7376 7189 7377 7184 7377 7190 7377 7189 7378 7186 7378 7184 7378 7191 7379 7192 7379 7188 7379 7191 7380 7188 7380 7187 7380 7193 7381 7190 7381 7194 7381 7193 7382 7189 7382 7190 7382 7195 7383 7196 7383 7192 7383 7195 7384 7192 7384 7191 7384 7197 7385 7198 7385 7199 7385 7197 7386 7194 7386 7198 7386 7197 7387 7193 7387 7194 7387 7200 7388 7201 7388 7202 7388 7200 7389 7202 7389 7196 7389 7200 7390 7196 7390 7195 7390 7203 7391 7197 7391 7199 7391 7204 7392 7201 7392 7200 7392 7205 7393 7199 7393 7206 7393 7205 7394 7203 7394 7199 7394 7207 7395 7208 7395 7201 7395 7207 7396 7201 7396 7204 7396 7209 7397 7206 7397 7210 7397 7209 7398 7205 7398 7206 7398 7211 7399 7212 7399 7208 7399 7211 7400 7208 7400 7207 7400 7213 7401 7210 7401 7214 7401 7213 7402 7209 7402 7210 7402 7215 7403 7216 7403 7212 7403 7215 7404 7212 7404 7211 7404 7217 7405 7214 7405 7218 7405 7217 7406 7213 7406 7214 7406 7219 7407 7220 7407 7216 7407 7219 7408 7216 7408 7215 7408 7221 7409 7222 7409 7223 7409 7221 7410 7218 7410 7222 7410 7221 7411 7217 7411 7218 7411 7224 7412 7225 7412 7220 7412 7224 7413 7220 7413 7219 7413 7226 7414 7221 7414 7223 7414 7227 7415 7228 7415 7225 7415 7227 7416 7229 7416 7228 7416 7227 7417 7225 7417 7224 7417 7230 7418 7223 7418 7231 7418 7230 7419 7226 7419 7223 7419 7232 7420 7229 7420 7227 7420 7233 7421 7234 7421 7235 7421 7233 7422 7231 7422 7234 7422 7233 7423 7230 7423 7231 7423 7236 7424 7237 7424 7229 7424 7236 7425 7229 7425 7232 7425 7238 7426 7235 7426 7239 7426 7238 7427 7233 7427 7235 7427 7240 7428 7241 7428 7237 7428 7240 7429 7242 7429 7241 7429 7240 7430 7237 7430 7236 7430 7243 7431 7238 7431 7239 7431 7244 7432 7242 7432 7240 7432 7245 7433 7246 7433 7247 7433 7245 7434 7239 7434 7246 7434 7245 7435 7243 7435 7239 7435 7248 7436 7242 7436 7244 7436 7248 7437 7249 7437 7242 7437 7250 7438 7245 7438 7247 7438 7251 7439 6485 7439 7249 7439 7251 7440 7249 7440 7248 7440 7252 7441 7253 7441 7254 7441 7252 7442 7247 7442 7253 7442 7252 7443 7250 7443 7247 7443 7255 7444 7254 7444 7256 7444 7255 7445 7252 7445 7254 7445 7257 7446 7255 7446 7256 7446 7258 7447 7259 7447 7260 7447 7258 7448 7256 7448 7259 7448 7258 7449 7257 7449 7256 7449 7261 7450 7258 7450 7260 7450 7262 7451 7263 7451 7264 7451 7262 7452 7260 7452 7263 7452 7262 7453 7261 7453 7260 7453 7265 7454 7262 7454 7264 7454 7266 7455 7265 7455 7264 7455 7266 7456 7264 7456 7267 7456 7268 7457 7266 7457 7267 7457 7268 7458 7269 7458 7270 7458 7268 7459 7267 7459 7269 7459 7271 7460 7268 7460 7270 7460 7272 7461 7273 7461 7274 7461 7272 7462 7275 7462 7276 7462 7272 7463 7277 7463 7273 7463 7272 7464 7278 7464 7275 7464 7272 7465 7279 7465 7277 7465 7272 7466 7280 7466 7278 7466 7272 7467 7281 7467 7279 7467 7272 7468 7282 7468 7280 7468 7272 7469 7283 7469 7281 7469 7272 7470 7284 7470 7282 7470 7272 7471 7285 7471 7283 7471 7272 7472 7286 7472 7284 7472 7272 7473 7287 7473 7286 7473 7272 7474 7288 7474 7287 7474 7272 7475 7289 7475 7288 7475 7272 7476 7290 7476 7289 7476 7272 7477 7291 7477 7290 7477 7272 7478 7292 7478 7291 7478 7272 7479 7293 7479 7292 7479 7272 7480 6827 7480 6932 7480 7272 7481 7294 7481 7295 7481 7272 7482 7296 7482 7293 7482 7272 7483 7297 7483 7294 7483 7272 7484 7298 7484 7296 7484 7272 7485 7299 7485 7297 7485 7272 7486 7300 7486 7298 7486 7272 7487 7301 7487 7299 7487 7272 7488 7302 7488 7300 7488 7272 7489 7303 7489 7301 7489 7272 7490 7304 7490 7302 7490 7272 7491 7305 7491 7303 7491 7272 7492 7306 7492 7304 7492 7272 7493 7307 7493 7305 7493 7272 7494 7308 7494 7306 7494 7272 7495 7309 7495 7307 7495 7272 7496 7310 7496 7308 7496 7272 7497 7311 7497 7309 7497 7272 7498 7312 7498 7310 7498 7272 7499 7313 7499 7311 7499 7272 7500 7314 7500 7312 7500 7272 7501 7315 7501 7313 7501 7272 7502 7316 7502 7314 7502 7272 7503 7317 7503 7315 7503 7272 7504 7318 7504 7316 7504 7272 7505 7319 7505 7317 7505 7272 7506 7320 7506 7318 7506 7272 7507 7321 7507 7319 7507 7272 7508 7322 7508 7320 7508 7272 7509 7323 7509 7321 7509 7272 7510 7324 7510 7322 7510 7272 7511 7325 7511 7323 7511 7272 7512 7172 7512 7324 7512 7272 7513 7326 7513 7325 7513 7272 7514 7327 7514 7326 7514 7272 7515 7328 7515 7327 7515 7272 7516 7132 7516 7133 7516 7272 7517 7329 7517 7328 7517 7272 7518 7133 7518 7329 7518 7272 7519 6932 7519 7172 7519 7272 7520 7330 7520 7132 7520 7272 7521 7331 7521 7330 7521 7272 7522 7332 7522 7331 7522 7272 7523 7333 7523 7285 7523 7272 7524 7334 7524 7332 7524 7272 7525 7335 7525 7333 7525 7272 7526 7274 7526 7334 7526 7272 7527 7276 7527 7335 7527 7336 7528 7337 7528 7338 7528 7336 7529 7339 7529 7337 7529 7336 7530 7340 7530 7339 7530 7336 7531 7341 7531 7340 7531 7336 7532 7342 7532 7341 7532 7336 7533 6483 7533 6485 7533 7336 7534 7343 7534 7342 7534 7336 7535 7344 7535 7343 7535 7336 7536 7345 7536 7344 7536 7336 7537 7346 7537 7345 7537 7336 7538 7347 7538 7346 7538 7336 7539 7348 7539 7347 7539 7336 7540 7349 7540 7348 7540 7336 7541 7350 7541 7349 7541 7336 7542 7351 7542 7350 7542 7336 7543 7352 7543 7351 7543 7336 7544 7353 7544 7352 7544 7336 7545 7354 7545 7353 7545 7336 7546 7355 7546 7354 7546 7336 7547 7356 7547 7355 7547 7336 7548 7357 7548 7356 7548 7336 7549 7358 7549 7357 7549 7336 7550 7359 7550 7358 7550 7336 7551 7360 7551 7359 7551 7336 7552 7361 7552 7360 7552 7336 7553 7362 7553 7361 7553 7336 7554 7363 7554 7362 7554 7336 7555 7364 7555 7363 7555 7336 7556 7365 7556 7364 7556 7336 7557 7366 7557 7365 7557 7336 7558 7367 7558 7366 7558 7336 7559 7368 7559 7367 7559 7336 7560 7369 7560 7368 7560 7336 7561 7370 7561 7369 7561 7336 7562 7371 7562 7370 7562 7336 7563 7372 7563 7371 7563 7336 7564 7373 7564 7372 7564 7336 7565 7374 7565 7373 7565 7336 7566 7375 7566 7374 7566 7336 7567 7251 7567 7375 7567 7336 7568 6485 7568 7251 7568 7376 7569 7377 7569 7378 7569 7376 7570 6776 7570 6827 7570 7376 7571 7379 7571 6775 7571 7376 7572 7380 7572 7379 7572 7376 7573 6775 7573 6776 7573 7376 7574 7381 7574 7380 7574 7376 7575 7382 7575 7381 7575 7376 7576 7383 7576 7382 7576 7376 7577 7384 7577 7383 7577 7376 7578 7385 7578 7384 7578 7376 7579 7386 7579 7385 7579 7376 7580 7387 7580 7386 7580 7376 7581 7388 7581 7387 7581 7376 7582 7389 7582 7388 7582 7376 7583 7390 7583 7389 7583 7376 7584 7391 7584 7390 7584 7376 7585 7392 7585 7391 7585 7376 7586 7393 7586 7392 7586 7376 7587 7394 7587 7393 7587 7376 7588 7395 7588 7394 7588 7376 7589 7396 7589 7395 7589 7376 7590 7378 7590 7396 7590 7397 7591 7336 7591 7398 7591 7399 7592 7398 7592 7336 7592 7400 7593 7336 7593 7397 7593 7401 7594 7399 7594 7336 7594 7402 7595 7336 7595 7400 7595 7403 7596 7401 7596 7336 7596 7404 7597 7336 7597 7402 7597 7405 7598 7403 7598 7336 7598 7406 7599 7336 7599 7404 7599 7407 7600 7405 7600 7336 7600 7408 7601 7336 7601 7406 7601 7409 7602 7407 7602 7336 7602 7410 7603 7336 7603 7408 7603 7411 7604 7409 7604 7336 7604 7412 7605 7336 7605 7410 7605 7413 7606 7411 7606 7336 7606 7414 7607 7336 7607 7412 7607 7415 7608 7413 7608 7336 7608 7416 7609 7336 7609 7414 7609 7417 7610 7415 7610 7336 7610 7418 7611 7336 7611 7416 7611 7419 7612 7417 7612 7336 7612 7420 7613 7336 7613 7418 7613 7421 7614 7419 7614 7336 7614 7422 7615 7336 7615 7420 7615 7423 7616 7421 7616 7336 7616 7424 7617 7336 7617 7422 7617 7425 7618 7423 7618 7336 7618 7426 7619 7336 7619 7424 7619 7427 7620 7425 7620 7336 7620 7428 7621 7336 7621 7426 7621 7429 7622 7338 7622 7430 7622 7429 7623 7427 7623 7336 7623 7429 7624 7336 7624 7338 7624 7431 7625 7336 7625 7428 7625 7432 7626 7430 7626 7433 7626 7432 7627 7429 7627 7430 7627 7434 7628 7336 7628 7431 7628 7435 7629 7433 7629 7436 7629 7435 7630 7432 7630 7433 7630 7437 7631 7336 7631 7434 7631 7438 7632 7436 7632 7439 7632 7438 7633 7435 7633 7436 7633 7440 7634 7336 7634 7437 7634 7441 7635 7439 7635 7442 7635 7441 7636 7438 7636 7439 7636 7443 7637 7376 7637 7444 7637 7445 7638 7444 7638 7376 7638 7446 7639 7376 7639 7443 7639 7447 7640 7445 7640 7376 7640 7448 7641 7376 7641 7446 7641 7449 7642 7447 7642 7376 7642 7450 7643 7376 7643 7448 7643 7451 7644 7449 7644 7376 7644 7452 7645 7376 7645 7450 7645 7453 7646 7442 7646 7454 7646 7453 7647 7441 7647 7442 7647 7455 7648 7451 7648 7376 7648 7456 7649 7376 7649 7452 7649 7457 7650 7455 7650 7376 7650 7458 7651 7376 7651 7456 7651 7459 7652 7457 7652 7376 7652 7460 7653 7376 7653 7458 7653 7461 7654 7454 7654 7462 7654 7461 7655 7453 7655 7454 7655 7463 7656 7459 7656 7376 7656 7464 7657 7376 7657 7460 7657 7465 7658 7463 7658 7376 7658 7466 7659 7376 7659 7464 7659 7467 7660 7462 7660 7271 7660 7467 7661 7461 7661 7462 7661 7468 7662 7465 7662 7376 7662 7469 7663 7376 7663 7466 7663 7470 7664 7468 7664 7376 7664 7471 7665 7271 7665 7270 7665 7471 7666 7467 7666 7271 7666 7471 7667 7270 7667 7472 7667 7473 7668 7376 7668 7469 7668 7474 7669 7470 7669 7376 7669 7475 7670 7376 7670 7473 7670 7476 7671 7474 7671 7376 7671 7477 7672 7376 7672 7475 7672 7478 7673 7476 7673 7376 7673 7479 7674 7376 7674 7477 7674 7480 7675 7478 7675 7376 7675 7481 7676 7376 7676 7479 7676 7482 7677 7480 7677 7376 7677 7483 7678 7376 7678 7481 7678 7484 7679 7482 7679 7376 7679 7485 7680 7376 7680 7483 7680 7486 7681 7484 7681 7376 7681 7487 7682 7376 7682 7485 7682 7488 7683 7376 7683 7487 7683 7489 7684 7376 7684 7488 7684 7490 7685 7376 7685 7489 7685 7491 7686 7376 7686 7490 7686 7492 7687 7376 7687 7491 7687 7493 7688 7376 7688 7492 7688 7494 7689 7376 7689 7493 7689 7495 7690 7496 7690 7497 7690 7495 7691 7497 7691 7498 7691 7499 7692 7497 7692 7500 7692 7499 7693 7498 7693 7497 7693 7501 7694 7496 7694 7495 7694 7501 7695 7502 7695 7496 7695 7501 7696 7503 7696 7502 7696 7504 7697 7500 7697 7505 7697 7504 7698 7499 7698 7500 7698 7506 7699 7503 7699 7501 7699 7507 7700 7505 7700 7508 7700 7507 7701 7504 7701 7505 7701 7509 7702 7503 7702 7506 7702 7509 7703 7510 7703 7503 7703 7511 7704 7507 7704 7508 7704 7511 7705 7508 7705 7512 7705 7513 7706 7510 7706 7509 7706 7513 7707 7514 7707 7510 7707 7513 7708 7515 7708 7514 7708 7516 7709 7512 7709 7517 7709 7516 7710 7511 7710 7512 7710 7518 7711 7515 7711 7513 7711 7519 7712 7516 7712 7517 7712 7519 7713 7517 7713 7520 7713 7521 7714 7515 7714 7518 7714 7521 7715 7522 7715 7515 7715 7523 7716 7519 7716 7520 7716 7523 7717 7520 7717 7524 7717 7525 7718 7522 7718 7521 7718 7525 7719 7440 7719 7522 7719 7525 7720 7336 7720 7440 7720 7526 7721 7524 7721 7527 7721 7526 7722 7523 7722 7524 7722 7528 7723 7336 7723 7525 7723 7529 7724 7527 7724 7530 7724 7529 7725 7526 7725 7527 7725 7531 7726 7336 7726 7528 7726 7532 7727 7529 7727 7530 7727 7532 7728 7530 7728 7533 7728 7534 7729 7336 7729 7531 7729 7535 7730 7532 7730 7533 7730 7535 7731 7533 7731 7536 7731 7537 7732 7336 7732 7534 7732 7538 7733 7535 7733 7536 7733 7538 7734 7539 7734 7540 7734 7538 7735 7536 7735 7539 7735 7541 7736 7336 7736 7537 7736 7542 7737 7538 7737 7540 7737 7543 7738 7542 7738 7540 7738 7543 7739 7540 7739 7544 7739 7545 7740 7543 7740 7544 7740 7545 7741 7544 7741 7546 7741 7547 7742 7546 7742 7548 7742 7547 7743 7545 7743 7546 7743 7549 7744 7547 7744 7548 7744 7549 7745 7548 7745 7550 7745 7551 7746 7549 7746 7550 7746 7551 7747 7550 7747 7552 7747 7553 7748 7551 7748 7552 7748 7553 7749 7552 7749 7554 7749 7555 7750 7553 7750 7554 7750 7555 7751 7554 7751 7556 7751 7557 7752 7556 7752 7558 7752 7557 7753 7555 7753 7556 7753 7559 7754 7557 7754 7558 7754 7559 7755 7558 7755 7560 7755 7561 7756 7560 7756 7562 7756 7561 7757 7559 7757 7560 7757 7563 7758 7561 7758 7562 7758 7563 7759 7564 7759 7565 7759 7563 7760 7562 7760 7564 7760 7566 7761 7563 7761 7565 7761 7567 7762 7566 7762 7565 7762 7567 7763 7568 7763 7569 7763 7567 7764 7565 7764 7568 7764 7570 7765 7567 7765 7569 7765 7571 7766 7572 7766 7573 7766 7571 7767 7569 7767 7572 7767 7571 7768 7570 7768 7569 7768 7574 7769 7571 7769 7573 7769 7575 7770 7573 7770 7576 7770 7575 7771 7574 7771 7573 7771 7577 7772 7576 7772 7578 7772 7577 7773 7575 7773 7576 7773 7579 7774 7577 7774 7578 7774 7579 7775 7580 7775 7581 7775 7579 7776 7578 7776 7580 7776 7582 7777 7581 7777 7583 7777 7582 7778 7579 7778 7581 7778 7584 7779 7582 7779 7583 7779 7585 7780 7583 7780 7586 7780 7585 7781 7584 7781 7583 7781 7587 7782 7586 7782 7588 7782 7587 7783 7585 7783 7586 7783 7589 7784 7588 7784 7590 7784 7589 7785 7587 7785 7588 7785 7591 7786 7589 7786 7590 7786 7591 7787 7592 7787 7593 7787 7591 7788 7590 7788 7592 7788 7594 7789 7591 7789 7593 7789 7595 7790 7336 7790 7541 7790 7595 7791 7596 7791 7597 7791 7595 7792 7598 7792 7596 7792 7595 7793 7599 7793 7598 7793 7595 7794 7600 7794 7599 7794 7595 7795 7601 7795 7600 7795 7595 7796 7602 7796 7601 7796 7595 7797 7603 7797 7602 7797 7595 7798 7604 7798 7603 7798 7595 7799 7605 7799 7604 7799 7595 7800 7606 7800 7605 7800 7595 7801 7607 7801 7606 7801 7595 7802 7608 7802 7607 7802 7595 7803 7609 7803 7608 7803 7595 7804 7610 7804 7609 7804 7595 7805 7611 7805 7610 7805 7595 7806 7612 7806 7611 7806 7595 7807 7613 7807 7612 7807 7595 7808 7614 7808 7613 7808 7595 7809 7615 7809 7614 7809 7595 7810 7616 7810 7615 7810 7595 7811 7617 7811 7616 7811 7595 7812 7618 7812 7617 7812 7595 7813 7619 7813 7618 7813 7595 7814 7620 7814 7619 7814 7595 7815 7621 7815 7620 7815 7595 7816 7622 7816 7621 7816 7595 7817 7623 7817 7622 7817 7595 7818 7624 7818 7623 7818 7595 7819 7625 7819 7624 7819 7595 7820 7626 7820 7625 7820 7595 7821 7627 7821 7626 7821 7595 7822 7628 7822 7627 7822 7595 7823 7629 7823 7628 7823 7595 7824 7630 7824 7629 7824 7595 7825 7631 7825 7630 7825 7595 7826 7632 7826 7631 7826 7595 7827 7633 7827 7632 7827 7595 7828 7634 7828 7633 7828 7595 7829 7635 7829 7634 7829 7595 7830 7541 7830 7635 7830 7636 7831 7637 7831 7638 7831 7636 7832 7639 7832 7637 7832 7636 7833 7638 7833 7640 7833 7641 7834 7638 7834 7642 7834 7641 7835 7640 7835 7638 7835 7643 7836 7639 7836 7636 7836 7644 7837 7642 7837 7645 7837 7644 7838 7641 7838 7642 7838 7646 7839 7647 7839 7639 7839 7646 7840 7639 7840 7643 7840 7648 7841 7645 7841 7649 7841 7648 7842 7644 7842 7645 7842 7650 7843 7651 7843 7647 7843 7650 7844 7647 7844 7646 7844 7652 7845 7653 7845 7654 7845 7652 7846 7649 7846 7653 7846 7652 7847 7648 7847 7649 7847 7655 7848 7656 7848 7651 7848 7655 7849 7651 7849 7650 7849 7657 7850 7654 7850 7658 7850 7657 7851 7652 7851 7654 7851 7659 7852 7660 7852 7656 7852 7659 7853 7656 7853 7655 7853 7661 7854 7657 7854 7658 7854 7662 7855 7660 7855 7659 7855 7662 7856 7663 7856 7660 7856 7662 7857 7664 7857 7663 7857 7665 7858 7658 7858 7666 7858 7665 7859 7661 7859 7658 7859 7667 7860 7664 7860 7662 7860 7668 7861 7666 7861 7669 7861 7668 7862 7665 7862 7666 7862 7670 7863 7671 7863 7664 7863 7670 7864 7664 7864 7667 7864 7672 7865 7669 7865 7486 7865 7672 7866 7668 7866 7669 7866 7672 7867 7486 7867 7376 7867 7673 7868 7671 7868 7670 7868 7673 7869 7674 7869 7671 7869 7675 7870 7676 7870 7674 7870 7675 7871 7677 7871 7676 7871 7675 7872 7674 7872 7673 7872 7678 7873 7677 7873 7675 7873 7679 7874 7677 7874 7678 7874 7679 7875 7680 7875 7677 7875 7679 7876 7681 7876 7680 7876 7682 7877 7681 7877 7679 7877 7683 7878 7681 7878 7682 7878 7683 7879 7684 7879 7681 7879 7683 7880 7685 7880 7684 7880 7686 7881 7687 7881 7685 7881 7686 7882 7685 7882 7683 7882 7688 7883 7687 7883 7686 7883 7688 7884 7689 7884 7687 7884 7690 7885 7689 7885 7688 7885 7691 7886 7692 7886 7689 7886 7691 7887 7689 7887 7690 7887 7693 7888 7694 7888 7692 7888 7693 7889 7695 7889 7694 7889 7693 7890 7692 7890 7691 7890 7696 7891 7697 7891 7695 7891 7696 7892 7695 7892 7693 7892 7698 7893 7697 7893 7696 7893 7698 7894 7699 7894 7697 7894 7700 7895 7699 7895 7698 7895 7701 7896 7702 7896 7699 7896 7701 7897 7699 7897 7700 7897 7703 7898 7704 7898 7702 7898 7703 7899 7705 7899 7704 7899 7703 7900 7702 7900 7701 7900 7706 7901 7705 7901 7703 7901 7707 7902 7705 7902 7706 7902 7707 7903 7708 7903 7705 7903 7709 7904 7710 7904 7708 7904 7709 7905 7711 7905 7710 7905 7709 7906 7708 7906 7707 7906 7712 7907 7711 7907 7709 7907 7713 7908 7714 7908 7711 7908 7713 7909 7711 7909 7712 7909 7715 7910 7716 7910 7714 7910 7715 7911 7717 7911 7716 7911 7715 7912 7714 7912 7713 7912 7718 7913 7717 7913 7715 7913 7719 7914 7720 7914 7717 7914 7719 7915 7717 7915 7718 7915 7721 7916 7722 7916 7720 7916 7721 7917 7723 7917 7722 7917 7721 7918 7720 7918 7719 7918 7724 7919 7725 7919 7723 7919 7724 7920 7723 7920 7721 7920 7726 7921 7725 7921 7724 7921 7727 7922 7728 7922 7725 7922 7727 7923 7725 7923 7726 7923 7729 7924 7728 7924 7727 7924 7729 7925 7730 7925 7728 7925 7731 7926 7732 7926 7733 7926 7731 7927 7734 7927 7732 7927 7731 7928 7735 7928 7734 7928 7731 7929 7736 7929 7735 7929 7731 7930 7737 7930 7736 7930 7731 7931 7738 7931 7737 7931 7731 7932 7739 7932 7738 7932 7731 7933 7740 7933 7739 7933 7731 7934 7741 7934 7740 7934 7731 7935 7742 7935 7741 7935 7731 7936 7743 7936 7742 7936 7731 7937 7744 7937 7743 7937 7731 7938 7745 7938 7744 7938 7731 7939 7746 7939 7745 7939 7731 7940 7747 7940 7746 7940 7731 7941 7748 7941 7747 7941 7731 7942 7749 7942 7750 7942 7731 7943 7751 7943 7748 7943 7731 7944 7752 7944 7749 7944 7731 7945 7753 7945 7751 7945 7731 7946 7754 7946 7752 7946 7731 7947 7755 7947 7753 7947 7731 7948 7756 7948 7754 7948 7731 7949 7757 7949 7755 7949 7731 7950 7758 7950 7756 7950 7731 7951 7759 7951 7757 7951 7731 7952 7760 7952 7758 7952 7731 7953 7761 7953 7759 7953 7731 7954 7762 7954 7760 7954 7731 7955 7763 7955 7761 7955 7731 7956 7764 7956 7762 7956 7731 7957 7750 7957 7763 7957 7731 7958 7765 7958 7764 7958 7731 7959 7766 7959 7765 7959 7731 7960 7767 7960 7766 7960 7731 7961 7272 7961 7295 7961 7731 7962 7672 7962 7376 7962 7731 7963 7768 7963 7672 7963 7731 7964 7769 7964 7768 7964 7731 7965 7770 7965 7769 7965 7731 7966 7771 7966 7770 7966 7731 7967 7772 7967 7771 7967 7731 7968 7773 7968 7772 7968 7731 7969 7774 7969 7773 7969 7731 7970 7733 7970 7774 7970 7775 7971 7776 7971 7777 7971 7778 7972 7779 7972 7471 7972 7778 7973 7471 7973 7472 7973 7778 7974 7776 7974 7775 7974 7778 7975 7472 7975 7776 7975 7780 7976 7775 7976 7777 7976 7780 7977 7777 7977 7781 7977 7782 7978 7779 7978 7778 7978 7782 7979 7783 7979 7779 7979 7784 7980 7781 7980 7377 7980 7784 7981 7780 7981 7781 7981 7785 7982 7786 7982 7783 7982 7785 7983 7783 7983 7782 7983 7787 7984 7784 7984 7377 7984 7787 7985 7377 7985 7376 7985 7788 7986 7786 7986 7785 7986 7788 7987 7789 7987 7786 7987 7790 7988 7787 7988 7376 7988 7791 7989 7789 7989 7788 7989 7791 7990 7792 7990 7789 7990 7793 7991 7376 7991 7494 7991 7793 7992 7790 7992 7376 7992 7794 7993 7792 7993 7791 7993 7794 7994 7795 7994 7792 7994 7796 7995 7494 7995 7797 7995 7796 7996 7793 7996 7494 7996 7798 7997 7799 7997 7795 7997 7798 7998 7795 7998 7794 7998 7800 7999 7796 7999 7797 7999 7800 8000 7797 8000 7801 8000 7802 8001 7803 8001 7799 8001 7802 8002 7799 8002 7798 8002 7804 8003 7800 8003 7801 8003 7804 8004 7801 8004 7805 8004 7806 8005 7807 8005 7803 8005 7806 8006 7803 8006 7802 8006 7808 8007 7804 8007 7805 8007 7808 8008 7805 8008 7809 8008 7810 8009 7811 8009 7807 8009 7810 8010 7807 8010 7806 8010 7812 8011 7808 8011 7809 8011 7812 8012 7809 8012 7813 8012 7814 8013 7811 8013 7810 8013 7814 8014 7815 8014 7811 8014 7816 8015 7812 8015 7813 8015 7816 8016 7813 8016 7817 8016 7818 8017 7819 8017 7815 8017 7818 8018 7815 8018 7814 8018 7820 8019 7816 8019 7817 8019 7820 8020 7817 8020 7821 8020 7822 8021 7819 8021 7818 8021 7822 8022 7823 8022 7819 8022 7824 8023 7820 8023 7821 8023 7824 8024 7821 8024 7825 8024 7826 8025 7823 8025 7822 8025 7826 8026 7827 8026 7823 8026 7828 8027 7824 8027 7825 8027 7828 8028 7825 8028 7829 8028 7830 8029 7827 8029 7826 8029 7830 8030 7831 8030 7827 8030 7832 8031 7828 8031 7829 8031 7832 8032 7829 8032 7833 8032 7834 8033 7835 8033 7831 8033 7834 8034 7831 8034 7830 8034 7836 8035 7832 8035 7833 8035 7836 8036 7833 8036 7837 8036 7838 8037 7839 8037 7835 8037 7838 8038 7835 8038 7834 8038 7840 8039 7837 8039 7841 8039 7840 8040 7836 8040 7837 8040 7842 8041 7843 8041 7839 8041 7842 8042 7839 8042 7838 8042 7844 8043 7840 8043 7841 8043 7844 8044 7841 8044 7845 8044 7846 8045 7843 8045 7842 8045 7847 8046 7844 8046 7845 8046 7847 8047 7845 8047 7848 8047 7849 8048 7847 8048 7848 8048 7849 8049 7848 8049 7850 8049 7851 8050 7849 8050 7850 8050 7851 8051 7850 8051 7852 8051 7853 8052 7852 8052 7854 8052 7853 8053 7851 8053 7852 8053 7855 8054 7853 8054 7854 8054 7855 8055 7854 8055 7856 8055 7857 8056 7856 8056 7730 8056 7857 8057 7855 8057 7856 8057 7858 8058 7730 8058 7729 8058 7858 8059 7729 8059 7859 8059 7858 8060 7857 8060 7730 8060 7860 8061 7859 8061 7861 8061 7860 8062 7858 8062 7859 8062 7862 8063 7860 8063 7861 8063 7863 8064 7864 8064 7865 8064 7863 8065 7865 8065 7866 8065 7867 8066 7868 8066 7869 8066 7867 8067 7865 8067 7868 8067 7867 8068 7866 8068 7865 8068 7870 8069 7871 8069 7864 8069 7870 8070 7864 8070 7863 8070 7872 8071 7869 8071 7873 8071 7872 8072 7867 8072 7869 8072 7874 8073 7871 8073 7870 8073 7874 8074 7875 8074 7871 8074 7876 8075 7872 8075 7873 8075 7877 8076 7878 8076 7875 8076 7877 8077 7875 8077 7874 8077 7879 8078 7873 8078 7880 8078 7879 8079 7876 8079 7873 8079 7881 8080 7882 8080 7878 8080 7881 8081 7883 8081 7882 8081 7881 8082 7878 8082 7877 8082 7884 8083 7879 8083 7880 8083 7884 8084 7880 8084 7885 8084 7886 8085 7883 8085 7881 8085 7887 8086 7888 8086 7889 8086 7887 8087 7885 8087 7888 8087 7887 8088 7884 8088 7885 8088 7890 8089 7883 8089 7886 8089 7890 8090 7891 8090 7883 8090 7890 8091 7892 8091 7891 8091 7893 8092 7887 8092 7889 8092 7894 8093 7892 8093 7890 8093 7895 8094 7889 8094 7896 8094 7895 8095 7893 8095 7889 8095 7897 8096 7593 8096 7843 8096 7897 8097 7892 8097 7894 8097 7897 8098 7846 8098 7892 8098 7897 8099 7843 8099 7846 8099 7898 8100 7895 8100 7896 8100 7898 8101 7896 8101 7899 8101 7900 8102 7593 8102 7897 8102 7900 8103 7594 8103 7593 8103 7901 8104 7899 8104 7902 8104 7901 8105 7898 8105 7899 8105 7903 8106 7904 8106 7594 8106 7903 8107 7594 8107 7900 8107 7905 8108 7906 8108 7907 8108 7905 8109 7902 8109 7906 8109 7905 8110 7901 8110 7902 8110 7908 8111 7904 8111 7903 8111 7908 8112 7909 8112 7904 8112 7910 8113 7905 8113 7907 8113 7911 8114 7912 8114 7909 8114 7911 8115 7909 8115 7908 8115 7913 8116 7907 8116 7914 8116 7913 8117 7910 8117 7907 8117 7915 8118 7912 8118 7911 8118 7915 8119 7916 8119 7912 8119 7917 8120 7914 8120 7918 8120 7917 8121 7913 8121 7914 8121 7919 8122 7916 8122 7915 8122 7919 8123 7920 8123 7916 8123 7921 8124 7918 8124 7922 8124 7921 8125 7917 8125 7918 8125 7923 8126 7924 8126 7920 8126 7923 8127 7920 8127 7919 8127 7925 8128 7922 8128 7926 8128 7925 8129 7921 8129 7922 8129 7927 8130 7928 8130 7924 8130 7927 8131 7924 8131 7923 8131 7929 8132 7926 8132 7930 8132 7929 8133 7925 8133 7926 8133 7931 8134 7932 8134 7928 8134 7931 8135 7928 8135 7927 8135 7933 8136 7934 8136 7935 8136 7933 8137 7930 8137 7934 8137 7933 8138 7929 8138 7930 8138 7936 8139 7937 8139 7932 8139 7936 8140 7932 8140 7931 8140 7938 8141 7933 8141 7935 8141 7939 8142 7940 8142 7937 8142 7939 8143 7937 8143 7936 8143 7941 8144 7935 8144 7942 8144 7941 8145 7938 8145 7935 8145 7943 8146 7944 8146 7940 8146 7943 8147 7940 8147 7939 8147 7945 8148 7942 8148 7946 8148 7945 8149 7941 8149 7942 8149 7947 8150 7948 8150 7944 8150 7947 8151 7944 8151 7943 8151 7949 8152 7945 8152 7946 8152 7949 8153 7950 8153 7951 8153 7949 8154 7946 8154 7950 8154 7952 8155 7953 8155 7948 8155 7952 8156 7948 8156 7947 8156 7954 8157 7949 8157 7951 8157 7955 8158 7956 8158 7953 8158 7955 8159 7953 8159 7952 8159 7957 8160 7958 8160 7959 8160 7957 8161 7951 8161 7958 8161 7957 8162 7954 8162 7951 8162 7960 8163 7961 8163 7956 8163 7960 8164 7956 8164 7955 8164 7962 8165 7957 8165 7959 8165 7963 8166 7964 8166 7961 8166 7963 8167 7961 8167 7960 8167 7965 8168 7959 8168 7966 8168 7965 8169 7962 8169 7959 8169 7967 8170 7964 8170 7963 8170 7967 8171 7968 8171 7964 8171 7969 8172 7966 8172 7970 8172 7969 8173 7965 8173 7966 8173 7971 8174 7968 8174 7967 8174 7971 8175 7597 8175 7968 8175 7972 8176 7973 8176 7974 8176 7972 8177 7970 8177 7973 8177 7972 8178 7969 8178 7970 8178 7975 8179 7597 8179 7971 8179 7975 8180 7595 8180 7597 8180 7976 8181 7972 8181 7974 8181 7977 8182 7595 8182 7975 8182 7978 8183 7976 8183 7974 8183 7978 8184 7974 8184 7979 8184 7980 8185 7595 8185 7977 8185 7981 8186 7978 8186 7979 8186 7981 8187 7979 8187 7982 8187 7983 8188 7595 8188 7980 8188 7984 8189 7981 8189 7982 8189 7984 8190 7982 8190 7985 8190 7986 8191 7595 8191 7983 8191 7987 8192 7984 8192 7985 8192 7987 8193 7985 8193 7988 8193 7989 8194 7595 8194 7986 8194 7990 8195 7987 8195 7988 8195 7990 8196 7991 8196 7992 8196 7990 8197 7988 8197 7991 8197 7993 8198 7595 8198 7989 8198 7994 8199 7990 8199 7992 8199 7995 8200 7595 8200 7993 8200 7996 8201 7595 8201 7995 8201 7997 8202 7595 8202 7996 8202 7998 8203 7595 8203 7997 8203 7999 8204 7595 8204 7998 8204 8000 8205 8001 8205 8002 8205 8003 8206 8001 8206 8000 8206 8003 8207 8004 8207 8001 8207 8005 8208 8002 8208 8006 8208 8005 8209 8000 8209 8002 8209 8007 8210 8008 8210 8004 8210 8007 8211 8004 8211 8003 8211 8009 8212 8006 8212 8010 8212 8009 8213 8005 8213 8006 8213 8011 8214 8012 8214 8008 8214 8011 8215 8008 8215 8007 8215 8013 8216 8010 8216 8014 8216 8013 8217 8009 8217 8010 8217 8015 8218 8012 8218 8011 8218 8015 8219 8016 8219 8012 8219 8017 8220 8014 8220 8018 8220 8017 8221 8013 8221 8014 8221 8019 8222 8016 8222 8015 8222 8019 8223 8020 8223 8016 8223 8021 8224 8017 8224 8018 8224 8021 8225 8018 8225 7767 8225 8022 8226 8020 8226 8019 8226 8022 8227 8023 8227 8020 8227 8024 8228 8021 8228 7767 8228 8024 8229 7767 8229 7731 8229 8025 8230 8023 8230 8022 8230 8025 8231 8026 8231 8023 8231 8027 8232 8024 8232 7731 8232 8028 8233 8026 8233 8025 8233 8028 8234 8029 8234 8026 8234 8030 8235 8027 8235 7731 8235 8031 8236 8029 8236 8028 8236 8031 8237 8032 8237 8029 8237 8033 8238 8030 8238 7731 8238 8034 8239 8035 8239 8032 8239 8034 8240 8032 8240 8031 8240 8036 8241 8033 8241 7731 8241 8037 8242 8035 8242 8034 8242 8037 8243 8038 8243 8035 8243 8039 8244 8036 8244 7731 8244 8040 8245 7861 8245 8038 8245 8040 8246 8038 8246 8037 8246 8040 8247 8041 8247 7862 8247 8040 8248 7862 8248 7861 8248 8042 8249 8039 8249 7731 8249 8043 8250 8044 8250 8041 8250 8043 8251 8041 8251 8040 8251 8045 8252 8042 8252 7731 8252 8046 8253 8044 8253 8043 8253 8046 8254 8047 8254 8044 8254 8048 8255 8045 8255 7731 8255 8049 8256 8047 8256 8046 8256 8049 8257 8050 8257 8047 8257 8051 8258 8048 8258 7731 8258 8052 8259 8050 8259 8049 8259 8052 8260 8053 8260 8050 8260 8054 8261 8051 8261 7731 8261 8055 8262 8053 8262 8052 8262 8055 8263 8056 8263 8053 8263 8057 8264 8054 8264 7731 8264 8058 8265 8056 8265 8055 8265 8058 8266 8059 8266 8056 8266 8060 8267 8057 8267 7731 8267 8061 8268 8062 8268 8059 8268 8061 8269 8059 8269 8058 8269 8063 8270 8060 8270 7731 8270 8064 8271 8065 8271 8062 8271 8064 8272 8062 8272 8061 8272 8066 8273 8063 8273 7731 8273 8067 8274 8068 8274 8065 8274 8067 8275 8065 8275 8064 8275 8069 8276 8066 8276 7731 8276 8070 8277 8068 8277 8067 8277 8070 8278 8071 8278 8068 8278 8072 8279 8069 8279 7731 8279 8073 8280 8071 8280 8070 8280 8073 8281 8074 8281 8071 8281 8075 8282 8072 8282 7731 8282 8076 8283 8075 8283 7731 8283 8077 8284 8076 8284 7731 8284 8078 8285 8077 8285 7731 8285 8079 8286 7731 8286 7295 8286 8079 8287 7295 8287 8080 8287 8079 8288 8078 8288 7731 8288 8081 8289 8080 8289 8082 8289 8081 8290 8079 8290 8080 8290 8083 8291 8082 8291 8084 8291 8083 8292 8081 8292 8082 8292 8085 8293 8083 8293 8084 8293 8086 8294 8084 8294 7012 8294 8086 8295 8085 8295 8084 8295 8086 8296 7012 8296 4141 8296 8087 8297 8088 8297 8089 8297 8087 8298 8090 8298 8088 8298 8087 8299 8091 8299 8090 8299 8087 8300 8092 8300 7994 8300 8087 8301 8093 8301 8091 8301 8087 8302 8094 8302 8092 8302 8087 8303 8095 8303 8093 8303 8087 8304 8096 8304 8094 8304 8087 8305 8097 8305 8095 8305 8087 8306 8074 8306 8073 8306 8087 8307 8098 8307 8096 8307 8087 8308 8099 8308 8097 8308 8087 8309 8100 8309 8098 8309 8087 8310 8101 8310 8099 8310 8087 8311 8089 8311 8100 8311 8087 8312 8102 8312 8101 8312 8087 8313 8103 8313 8102 8313 8087 8314 8104 8314 8103 8314 8087 8315 8105 8315 8104 8315 8087 8316 8106 8316 8105 8316 8087 8317 8107 8317 8106 8317 8087 8318 8108 8318 8107 8318 8087 8319 8109 8319 8108 8319 8087 8320 8110 8320 8109 8320 8087 8321 8111 8321 8110 8321 8087 8322 8112 8322 8111 8322 8087 8323 8113 8323 8112 8323 8087 8324 8114 8324 8113 8324 8087 8325 8115 8325 8114 8325 8087 8326 8116 8326 8115 8326 8087 8327 8117 8327 8116 8327 8087 8328 8118 8328 8117 8328 8087 8329 8119 8329 8118 8329 8087 8330 7994 8330 7992 8330 8087 8331 8120 8331 8119 8331 8087 8332 8121 8332 8122 8332 8087 8333 8123 8333 8120 8333 8087 8334 8073 8334 8121 8334 8087 8335 7999 8335 8123 8335 8087 8336 7595 8336 7999 8336 8087 8337 8124 8337 8125 8337 8087 8338 8126 8338 8124 8338 8087 8339 8127 8339 8126 8339 8087 8340 8128 8340 8127 8340 8087 8341 8129 8341 8128 8341 8087 8342 7992 8342 8129 8342 8087 8343 8130 8343 8074 8343 8087 8344 8125 8344 8130 8344 8131 8345 8132 8345 8133 8345 8131 8346 8134 8346 8132 8346 8131 8347 8135 8347 8134 8347 8131 8348 8136 8348 8135 8348 8131 8349 8137 8349 8136 8349 8131 8350 8138 8350 8137 8350 8131 8351 8139 8351 8138 8351 8131 8352 8140 8352 8139 8352 8131 8353 8141 8353 8140 8353 8131 8354 8142 8354 8141 8354 8131 8355 8143 8355 8142 8355 8131 8356 8144 8356 8143 8356 8131 8357 8145 8357 8144 8357 8131 8358 8146 8358 8145 8358 8131 8359 8147 8359 8146 8359 8131 8360 8148 8360 8147 8360 8131 8361 8149 8361 8148 8361 8131 8362 8150 8362 8149 8362 8131 8363 8086 8363 4141 8363 8131 8364 8151 8364 8086 8364 8131 8365 8152 8365 8151 8365 8131 8366 8153 8366 8154 8366 8131 8367 8155 8367 8152 8367 8131 8368 8156 8368 8153 8368 8131 8369 8157 8369 8155 8369 8131 8370 8158 8370 8156 8370 8131 8371 8159 8371 8157 8371 8131 8372 8160 8372 8158 8372 8131 8373 8161 8373 8159 8373 8131 8374 8162 8374 8160 8374 8131 8375 8163 8375 8161 8375 8131 8376 8164 8376 8162 8376 8131 8377 8165 8377 8163 8377 8131 8378 8166 8378 8164 8378 8131 8379 8167 8379 8165 8379 8131 8380 8168 8380 8166 8380 8131 8381 8154 8381 8167 8381 8131 8382 8169 8382 8168 8382 8131 8383 8133 8383 8169 8383 8170 8384 8171 8384 8150 8384 8170 8385 8172 8385 8171 8385 8170 8386 8150 8386 8131 8386 8173 8387 8087 8387 8122 8387 8174 8388 8175 8388 8172 8388 8174 8389 8172 8389 8170 8389 8176 8390 8173 8390 8122 8390 8176 8391 8122 8391 8177 8391 8178 8392 8179 8392 8175 8392 8178 8393 8175 8393 8174 8393 8180 8394 8176 8394 8177 8394 8181 8395 8182 8395 8179 8395 8181 8396 8179 8396 8178 8396 8183 8397 8180 8397 8177 8397 8184 8398 8185 8398 8182 8398 8184 8399 8182 8399 8181 8399 8186 8400 8183 8400 8177 8400 8187 8401 8188 8401 8185 8401 8187 8402 8185 8402 8184 8402 8189 8403 8186 8403 8177 8403 8190 8404 8191 8404 8188 8404 8190 8405 8188 8405 8187 8405 8192 8406 8177 8406 8193 8406 8192 8407 8189 8407 8177 8407 8194 8408 8191 8408 8190 8408 8195 8409 8192 8409 8193 8409 8196 8410 8197 8410 8191 8410 8196 8411 8191 8411 8194 8411 8198 8412 8195 8412 8193 8412 8199 8413 8200 8413 8197 8413 8199 8414 8197 8414 8196 8414 8201 8415 8198 8415 8193 8415 8202 8416 8200 8416 8199 8416 8203 8417 8201 8417 8193 8417 8203 8418 8193 8418 8204 8418 8205 8419 8206 8419 8200 8419 8205 8420 8200 8420 8202 8420 8207 8421 8203 8421 8204 8421 8208 8422 8207 8422 8204 8422 8209 8423 8206 8423 8205 8423 8210 8424 8206 8424 8209 8424 8211 8425 8208 8425 8204 8425 8212 8426 8213 8426 8206 8426 8212 8427 8206 8427 8210 8427 8214 8428 8204 8428 8213 8428 8214 8429 8211 8429 8204 8429 8215 8430 8213 8430 8212 8430 8215 8431 8214 8431 8213 8431 2864 8432 4026 8432 4141 8432 4141 8433 4026 8433 8131 8433 758 8434 1327 8434 4142 8434 758 8435 4142 8435 4896 8435 8170 8436 4026 8436 4065 8436 8170 8437 8131 8437 4026 8437 8174 8438 4065 8438 4069 8438 8174 8439 8170 8439 4065 8439 8178 8440 4069 8440 4073 8440 8178 8441 8174 8441 4069 8441 8181 8442 4073 8442 4076 8442 8181 8443 8178 8443 4073 8443 8184 8444 4076 8444 4079 8444 8184 8445 8181 8445 4076 8445 8187 8446 4079 8446 4082 8446 8187 8447 8184 8447 4079 8447 8190 8448 4082 8448 4085 8448 8190 8449 8187 8449 4082 8449 8194 8450 4085 8450 4088 8450 8194 8451 8190 8451 4085 8451 8196 8452 8194 8452 4088 8452 8196 8453 4088 8453 4091 8453 8199 8454 4091 8454 4094 8454 8199 8455 8196 8455 4091 8455 8202 8456 4094 8456 4096 8456 8202 8457 8199 8457 4094 8457 8205 8458 4096 8458 4100 8458 8205 8459 4100 8459 4103 8459 8205 8460 8202 8460 4096 8460 8209 8461 8205 8461 4103 8461 8210 8462 8209 8462 4103 8462 8210 8463 4103 8463 4104 8463 8212 8464 4104 8464 4107 8464 8212 8465 8210 8465 4104 8465 8215 8466 4107 8466 4109 8466 8215 8467 8212 8467 4107 8467 8214 8468 4109 8468 4108 8468 8214 8469 4108 8469 4105 8469 8214 8470 8215 8470 4109 8470 8211 8471 8214 8471 4105 8471 8208 8472 4105 8472 4102 8472 8208 8473 8211 8473 4105 8473 8207 8474 4102 8474 4101 8474 8207 8475 8208 8475 4102 8475 8203 8476 4101 8476 4097 8476 8203 8477 8207 8477 4101 8477 8201 8478 4097 8478 4095 8478 8201 8479 8203 8479 4097 8479 8198 8480 4095 8480 4092 8480 8198 8481 8201 8481 4095 8481 8195 8482 4092 8482 4089 8482 8195 8483 4089 8483 4086 8483 8195 8484 8198 8484 4092 8484 8192 8485 8195 8485 4086 8485 8189 8486 4086 8486 4083 8486 8189 8487 8192 8487 4086 8487 8186 8488 4083 8488 4080 8488 8186 8489 4080 8489 4077 8489 8186 8490 8189 8490 4083 8490 8183 8491 8186 8491 4077 8491 8180 8492 4077 8492 4074 8492 8180 8493 4074 8493 4070 8493 8180 8494 8183 8494 4077 8494 8176 8495 8180 8495 4070 8495 8173 8496 4070 8496 4067 8496 8173 8497 4067 8497 3982 8497 8173 8498 8176 8498 4070 8498 8087 8499 8173 8499 3982 8499 356 8500 758 8500 4896 8500 356 8501 4896 8501 4495 8501 3982 8502 3489 8502 8087 8502 8087 8503 3489 8503 7595 8503 91 8504 356 8504 4230 8504 4230 8505 356 8505 4495 8505 3489 8506 3231 8506 7595 8506 7595 8507 3231 8507 7336 8507 4173 8508 4 8508 34 8508 4173 8509 4144 8509 4 8509 4178 8510 34 8510 39 8510 4178 8511 4173 8511 34 8511 4181 8512 39 8512 42 8512 4181 8513 4178 8513 39 8513 4184 8514 42 8514 45 8514 4184 8515 4181 8515 42 8515 4187 8516 45 8516 48 8516 4187 8517 4184 8517 45 8517 4190 8518 48 8518 51 8518 4190 8519 4187 8519 48 8519 4193 8520 51 8520 54 8520 4193 8521 4190 8521 51 8521 4196 8522 54 8522 57 8522 4196 8523 4193 8523 54 8523 4197 8524 4196 8524 57 8524 4197 8525 57 8525 58 8525 4200 8526 58 8526 61 8526 4200 8527 4197 8527 58 8527 4203 8528 61 8528 64 8528 4203 8529 4200 8529 61 8529 4204 8530 64 8530 65 8530 4204 8531 65 8531 67 8531 4204 8532 4203 8532 64 8532 4206 8533 4204 8533 67 8533 4207 8534 4206 8534 67 8534 4207 8535 67 8535 68 8535 4208 8536 68 8536 69 8536 4208 8537 4207 8537 68 8537 4210 8538 69 8538 71 8538 4210 8539 4208 8539 69 8539 4211 8540 71 8540 72 8540 4211 8541 4210 8541 71 8541 4213 8542 72 8542 74 8542 4213 8543 4211 8543 72 8543 4214 8544 74 8544 75 8544 4214 8545 75 8545 76 8545 4214 8546 4213 8546 74 8546 4215 8547 4214 8547 76 8547 4216 8548 76 8548 77 8548 4216 8549 4215 8549 76 8549 4218 8550 77 8550 79 8550 4218 8551 4216 8551 77 8551 4219 8552 79 8552 80 8552 4219 8553 4218 8553 79 8553 4220 8554 80 8554 81 8554 4220 8555 81 8555 82 8555 4220 8556 4219 8556 80 8556 4221 8557 4220 8557 82 8557 4223 8558 82 8558 84 8558 4223 8559 4221 8559 82 8559 4224 8560 84 8560 85 8560 4224 8561 85 8561 86 8561 4224 8562 4223 8562 84 8562 4225 8563 86 8563 87 8563 4225 8564 4224 8564 86 8564 4226 8565 4225 8565 87 8565 4227 8566 87 8566 88 8566 4227 8567 4226 8567 87 8567 4229 8568 88 8568 90 8568 4229 8569 4227 8569 88 8569 4230 8570 90 8570 91 8570 4230 8571 4229 8571 90 8571 3231 8572 2346 8572 7336 8572 7336 8573 2346 8573 6483 8573 963 8574 4 8574 5102 8574 5102 8575 4 8575 4144 8575 2346 8576 2640 8576 6483 8576 6483 8577 2640 8577 6777 8577 5853 8578 1717 8578 1715 8578 5853 8579 5854 8579 1717 8579 5850 8580 1715 8580 1712 8580 5850 8581 5853 8581 1715 8581 5792 8582 1712 8582 1654 8582 5792 8583 5850 8583 1712 8583 5710 8584 1654 8584 1572 8584 5710 8585 5792 8585 1654 8585 5709 8586 1572 8586 1571 8586 5709 8587 5710 8587 1572 8587 5708 8588 1571 8588 1570 8588 5708 8589 5709 8589 1571 8589 5706 8590 1570 8590 1568 8590 5706 8591 5708 8591 1570 8591 5705 8592 1568 8592 1567 8592 5705 8593 5706 8593 1568 8593 5704 8594 5705 8594 1567 8594 5704 8595 1567 8595 1566 8595 5703 8596 1566 8596 1565 8596 5703 8597 5704 8597 1566 8597 5701 8598 1565 8598 1563 8598 5701 8599 5703 8599 1565 8599 5677 8600 1563 8600 1539 8600 5677 8601 1539 8601 1495 8601 5677 8602 5701 8602 1563 8602 5633 8603 5677 8603 1495 8603 5605 8604 5633 8604 1495 8604 5605 8605 1495 8605 1467 8605 5548 8606 1467 8606 1410 8606 5548 8607 5605 8607 1467 8607 5471 8608 1410 8608 1333 8608 5471 8609 5548 8609 1410 8609 5464 8610 1333 8610 1325 8610 5464 8611 5471 8611 1333 8611 5463 8612 1325 8612 1324 8612 5463 8613 5464 8613 1325 8613 5421 8614 1324 8614 1282 8614 5421 8615 1282 8615 1280 8615 5421 8616 5463 8616 1324 8616 5419 8617 5421 8617 1280 8617 5418 8618 1280 8618 1279 8618 5418 8619 5419 8619 1280 8619 5416 8620 1279 8620 1277 8620 5416 8621 5418 8621 1279 8621 5414 8622 1277 8622 1275 8622 5414 8623 5416 8623 1277 8623 5413 8624 1275 8624 1274 8624 5413 8625 1274 8625 1272 8625 5413 8626 5414 8626 1275 8626 5411 8627 5413 8627 1272 8627 5409 8628 1272 8628 1270 8628 5409 8629 5411 8629 1272 8629 5390 8630 1270 8630 1251 8630 5390 8631 1251 8631 1142 8631 5390 8632 5409 8632 1270 8632 5281 8633 1142 8633 1084 8633 5281 8634 5390 8634 1142 8634 5223 8635 5281 8635 1084 8635 5187 8636 1084 8636 1048 8636 5187 8637 5223 8637 1084 8637 5141 8638 1048 8638 1002 8638 5141 8639 5187 8639 1048 8639 5102 8640 1002 8640 963 8640 5102 8641 5141 8641 1002 8641 2640 8642 1717 8642 6777 8642 6777 8643 1717 8643 5854 8643 3626 8644 3167 8644 7272 8644 3626 8645 7272 8645 7731 8645 3271 8646 3626 8646 7731 8646 3271 8647 7731 8647 7376 8647 2690 8648 3271 8648 7376 8648 2690 8649 7376 8649 6827 8649 3167 8650 2690 8650 6827 8650 3167 8651 6827 8651 7272 8651 251 8652 798 8652 4937 8652 251 8653 4937 8653 4389 8653 711 8654 251 8654 4389 8654 711 8655 4389 8655 4850 8655 1163 8656 711 8656 4850 8656 1163 8657 4850 8657 5301 8657 798 8658 1163 8658 5301 8658 798 8659 5301 8659 4937 8659 1627 8660 1628 8660 5766 8660 1627 8661 5766 8661 5765 8661 1635 8662 5765 8662 5773 8662 1635 8663 1627 8663 5765 8663 1638 8664 5773 8664 5777 8664 1638 8665 1635 8665 5773 8665 1643 8666 5777 8666 5781 8666 1643 8667 1638 8667 5777 8667 1644 8668 5781 8668 5782 8668 1644 8669 1643 8669 5781 8669 1652 8670 5782 8670 5790 8670 1652 8671 1644 8671 5782 8671 1656 8672 5790 8672 5794 8672 1656 8673 5794 8673 5795 8673 1656 8674 1652 8674 5790 8674 1657 8675 5795 8675 5803 8675 1657 8676 1656 8676 5795 8676 1664 8677 1657 8677 5803 8677 1667 8678 5803 8678 5806 8678 1667 8679 5806 8679 5807 8679 1667 8680 1664 8680 5803 8680 1669 8681 1667 8681 5807 8681 1675 8682 5807 8682 5814 8682 1675 8683 1669 8683 5807 8683 1679 8684 5814 8684 5818 8684 1679 8685 1675 8685 5814 8685 1681 8686 5818 8686 5819 8686 1681 8687 5819 8687 5827 8687 1681 8688 1679 8688 5818 8688 1688 8689 1681 8689 5827 8689 1690 8690 5827 8690 5828 8690 1690 8691 1688 8691 5827 8691 1697 8692 5828 8692 5835 8692 1697 8693 1690 8693 5828 8693 1700 8694 5835 8694 5838 8694 1700 8695 1697 8695 5835 8695 1704 8696 5838 8696 5842 8696 1704 8697 5842 8697 6336 8697 1704 8698 1700 8698 5838 8698 2198 8699 1704 8699 6336 8699 2196 8700 2198 8700 6336 8700 2196 8701 6336 8701 6335 8701 2194 8702 2196 8702 6335 8702 2194 8703 6335 8703 6332 8703 2192 8704 2194 8704 6332 8704 2192 8705 6332 8705 6331 8705 2187 8706 2192 8706 6331 8706 2187 8707 6331 8707 6325 8707 2186 8708 2187 8708 6325 8708 2186 8709 6325 8709 6324 8709 2179 8710 6324 8710 6317 8710 2179 8711 2186 8711 6324 8711 2178 8712 6317 8712 6316 8712 2178 8713 2179 8713 6317 8713 2172 8714 6316 8714 6310 8714 2172 8715 2178 8715 6316 8715 2169 8716 6310 8716 6307 8716 2169 8717 2172 8717 6310 8717 2166 8718 6307 8718 6304 8718 2166 8719 2169 8719 6307 8719 2163 8720 6304 8720 6301 8720 2163 8721 2166 8721 6304 8721 2162 8722 6301 8722 6300 8722 2162 8723 2163 8723 6301 8723 2157 8724 6300 8724 6295 8724 2157 8725 2162 8725 6300 8725 2154 8726 6295 8726 6292 8726 2154 8727 2157 8727 6295 8727 1265 8728 6292 8728 5404 8728 1265 8729 2154 8729 6292 8729 1262 8730 5404 8730 5401 8730 1262 8731 1265 8731 5404 8731 1260 8732 5401 8732 5399 8732 1260 8733 1262 8733 5401 8733 1257 8734 5399 8734 5396 8734 1257 8735 1260 8735 5399 8735 1253 8736 5396 8736 5392 8736 1253 8737 1257 8737 5396 8737 1248 8738 5392 8738 5387 8738 1248 8739 1253 8739 5392 8739 1246 8740 5387 8740 5385 8740 1246 8741 1248 8741 5387 8741 1243 8742 5385 8742 5382 8742 1243 8743 1246 8743 5385 8743 1239 8744 5382 8744 5378 8744 1239 8745 1243 8745 5382 8745 1236 8746 5378 8746 5375 8746 1236 8747 1239 8747 5378 8747 1233 8748 1236 8748 5375 8748 1233 8749 5375 8749 5372 8749 1231 8750 1233 8750 5372 8750 1231 8751 5372 8751 5370 8751 1227 8752 1231 8752 5370 8752 1227 8753 5370 8753 5366 8753 1224 8754 1227 8754 5366 8754 1224 8755 5366 8755 5363 8755 1222 8756 1224 8756 5363 8756 1222 8757 5363 8757 5361 8757 1218 8758 1222 8758 5361 8758 1218 8759 5361 8759 5357 8759 1216 8760 1218 8760 5357 8760 1216 8761 5357 8761 5355 8761 1213 8762 1216 8762 5355 8762 1213 8763 5355 8763 5352 8763 1209 8764 1213 8764 5352 8764 1209 8765 5352 8765 5348 8765 1207 8766 1209 8766 5348 8766 1207 8767 5348 8767 5346 8767 1158 8768 1207 8768 5346 8768 1158 8769 5346 8769 5297 8769 1154 8770 1158 8770 5297 8770 1154 8771 5297 8771 5293 8771 1151 8772 1154 8772 5293 8772 1151 8773 5293 8773 5290 8773 1147 8774 1151 8774 5290 8774 1147 8775 5290 8775 5286 8775 1141 8776 5286 8776 5280 8776 1141 8777 1147 8777 5286 8777 1141 8778 5280 8778 5277 8778 1138 8779 1141 8779 5277 8779 1135 8780 5277 8780 5273 8780 1135 8781 5273 8781 5269 8781 1135 8782 1138 8782 5277 8782 1131 8783 5269 8783 5265 8783 1131 8784 1135 8784 5269 8784 1127 8785 1131 8785 5265 8785 1124 8786 5265 8786 5262 8786 1124 8787 1127 8787 5265 8787 1119 8788 5262 8788 5258 8788 1119 8789 5258 8789 5253 8789 1119 8790 1124 8790 5262 8790 1115 8791 1119 8791 5253 8791 1110 8792 5253 8792 5249 8792 1110 8793 5249 8793 5243 8793 1110 8794 1115 8794 5253 8794 1105 8795 1110 8795 5243 8795 1107 8796 5243 8796 5246 8796 1107 8797 1105 8797 5243 8797 1108 8798 1107 8798 5246 8798 1108 8799 5246 8799 5247 8799 1112 8800 1108 8800 5247 8800 1112 8801 5247 8801 5251 8801 1117 8802 1112 8802 5251 8802 1117 8803 5251 8803 5256 8803 1121 8804 1117 8804 5256 8804 1121 8805 5256 8805 5259 8805 1125 8806 1121 8806 5259 8806 1125 8807 5259 8807 5264 8807 1128 8808 1125 8808 5264 8808 1128 8809 5264 8809 5267 8809 1128 8810 5267 8810 5271 8810 1132 8811 1128 8811 5271 8811 1136 8812 1132 8812 5271 8812 1136 8813 5271 8813 5275 8813 1139 8814 1136 8814 5275 8814 1139 8815 5275 8815 5278 8815 1144 8816 1139 8816 5278 8816 1144 8817 5278 8817 5283 8817 1149 8818 1144 8818 5283 8818 1149 8819 5283 8819 5288 8819 1153 8820 1149 8820 5288 8820 1153 8821 5288 8821 5292 8821 1156 8822 1153 8822 5292 8822 1156 8823 5292 8823 5295 8823 1159 8824 1156 8824 5295 8824 1159 8825 5295 8825 5298 8825 1159 8826 5298 8826 5347 8826 1208 8827 1159 8827 5347 8827 1210 8828 1208 8828 5347 8828 1210 8829 5347 8829 5349 8829 1214 8830 1210 8830 5349 8830 1214 8831 5349 8831 5353 8831 1217 8832 1214 8832 5353 8832 1217 8833 5353 8833 5356 8833 1220 8834 1217 8834 5356 8834 1220 8835 5356 8835 5358 8835 1223 8836 1220 8836 5358 8836 1223 8837 5358 8837 5362 8837 1223 8838 5362 8838 5364 8838 1225 8839 1223 8839 5364 8839 1228 8840 1225 8840 5364 8840 1228 8841 5364 8841 5367 8841 1232 8842 1228 8842 5367 8842 1232 8843 5367 8843 5371 8843 1234 8844 5371 8844 5373 8844 1234 8845 1232 8845 5371 8845 1237 8846 5373 8846 5376 8846 1237 8847 1234 8847 5373 8847 1240 8848 1237 8848 5376 8848 1240 8849 5376 8849 5379 8849 1240 8850 5379 8850 5383 8850 1244 8851 1240 8851 5383 8851 1247 8852 1244 8852 5383 8852 1247 8853 5383 8853 5386 8853 1249 8854 1247 8854 5386 8854 1249 8855 5386 8855 5388 8855 1254 8856 1249 8856 5388 8856 1254 8857 5388 8857 5393 8857 1258 8858 5393 8858 5397 8858 1258 8859 1254 8859 5393 8859 1261 8860 5397 8860 5400 8860 1261 8861 1258 8861 5397 8861 1263 8862 5400 8862 5402 8862 1263 8863 5402 8863 5405 8863 1263 8864 1261 8864 5400 8864 1266 8865 1263 8865 5405 8865 1268 8866 5405 8866 5407 8866 1268 8867 1266 8867 5405 8867 1607 8868 5407 8868 5746 8868 1607 8869 5746 8869 5747 8869 1607 8870 1268 8870 5407 8870 1609 8871 5747 8871 5753 8871 1609 8872 1607 8872 5747 8872 1614 8873 1609 8873 5753 8873 1618 8874 5753 8874 5757 8874 1618 8875 1614 8875 5753 8875 1620 8876 5757 8876 5758 8876 1620 8877 1618 8877 5757 8877 1628 8878 5758 8878 5766 8878 1628 8879 1620 8879 5758 8879 2692 8880 2085 8880 6223 8880 2692 8881 6223 8881 6830 8881 2693 8882 6830 8882 6831 8882 2693 8883 2692 8883 6830 8883 2694 8884 6831 8884 6832 8884 2694 8885 2693 8885 6831 8885 2695 8886 6832 8886 6833 8886 2695 8887 2694 8887 6832 8887 2696 8888 6833 8888 6834 8888 2696 8889 2695 8889 6833 8889 2697 8890 6834 8890 6835 8890 2697 8891 2696 8891 6834 8891 2698 8892 6835 8892 6836 8892 2698 8893 6836 8893 6837 8893 2698 8894 2697 8894 6835 8894 2699 8895 6837 8895 6838 8895 2699 8896 2698 8896 6837 8896 2700 8897 2699 8897 6838 8897 2701 8898 6838 8898 6839 8898 2701 8899 6839 8899 6840 8899 2701 8900 2700 8900 6838 8900 2702 8901 2701 8901 6840 8901 2703 8902 6840 8902 6841 8902 2703 8903 2702 8903 6840 8903 2704 8904 6841 8904 6842 8904 2704 8905 2703 8905 6841 8905 2705 8906 6842 8906 6843 8906 2705 8907 6843 8907 6844 8907 2705 8908 2704 8908 6842 8908 2706 8909 2705 8909 6844 8909 2707 8910 6844 8910 6845 8910 2707 8911 2706 8911 6844 8911 2708 8912 6845 8912 6846 8912 2708 8913 2707 8913 6845 8913 2709 8914 6846 8914 6847 8914 2709 8915 2708 8915 6846 8915 2710 8916 6847 8916 6848 8916 2710 8917 6848 8917 6776 8917 2710 8918 2709 8918 6847 8918 2638 8919 2710 8919 6776 8919 2636 8920 2638 8920 6776 8920 2636 8921 6776 8921 6774 8921 2630 8922 2636 8922 6774 8922 2630 8923 6774 8923 6768 8923 2629 8924 2630 8924 6768 8924 2629 8925 6768 8925 6767 8925 2625 8926 2629 8926 6767 8926 2625 8927 6767 8927 6763 8927 2618 8928 2625 8928 6763 8928 2618 8929 6763 8929 6756 8929 2617 8930 6756 8930 6755 8930 2617 8931 2618 8931 6756 8931 2614 8932 6755 8932 6752 8932 2614 8933 2617 8933 6755 8933 2610 8934 6752 8934 6748 8934 2610 8935 2614 8935 6752 8935 2605 8936 6748 8936 6743 8936 2605 8937 2610 8937 6748 8937 2601 8938 6743 8938 6739 8938 2601 8939 2605 8939 6743 8939 2594 8940 6739 8940 6732 8940 2594 8941 2601 8941 6739 8941 2593 8942 6732 8942 6731 8942 2593 8943 2594 8943 6732 8943 2586 8944 6731 8944 6724 8944 2586 8945 2593 8945 6731 8945 2585 8946 6724 8946 6723 8946 2585 8947 2586 8947 6724 8947 2581 8948 6723 8948 6719 8948 2581 8949 2585 8949 6723 8949 1703 8950 6719 8950 5841 8950 1703 8951 2581 8951 6719 8951 1699 8952 5841 8952 5837 8952 1699 8953 1703 8953 5841 8953 1696 8954 5837 8954 5834 8954 1696 8955 1699 8955 5837 8955 1692 8956 5834 8956 5830 8956 1692 8957 1696 8957 5834 8957 1689 8958 5830 8958 5826 8958 1689 8959 1692 8959 5830 8959 1684 8960 5826 8960 5822 8960 1684 8961 1689 8961 5826 8961 1680 8962 5822 8962 5817 8962 1680 8963 1684 8963 5822 8963 1676 8964 5817 8964 5813 8964 1676 8965 1680 8965 5817 8965 1673 8966 5813 8966 5811 8966 1673 8967 1676 8967 5813 8967 1668 8968 1673 8968 5811 8968 1668 8969 5811 8969 5805 8969 1665 8970 1668 8970 5805 8970 1665 8971 5805 8971 5802 8971 1660 8972 1665 8972 5802 8972 1660 8973 5802 8973 5798 8973 1655 8974 1660 8974 5798 8974 1655 8975 5798 8975 5793 8975 1651 8976 1655 8976 5793 8976 1651 8977 5793 8977 5789 8977 1647 8978 1651 8978 5789 8978 1647 8979 5789 8979 5785 8979 1642 8980 1647 8980 5785 8980 1642 8981 5785 8981 5780 8981 1639 8982 1642 8982 5780 8982 1639 8983 5780 8983 5776 8983 1634 8984 1639 8984 5776 8984 1634 8985 5776 8985 5772 8985 1631 8986 1634 8986 5772 8986 1631 8987 5772 8987 5769 8987 1626 8988 1631 8988 5769 8988 1626 8989 5769 8989 5764 8989 1623 8990 1626 8990 5764 8990 1623 8991 5764 8991 5761 8991 1619 8992 1623 8992 5761 8992 1619 8993 5761 8993 5756 8993 1615 8994 1619 8994 5756 8994 1615 8995 5756 8995 5752 8995 1611 8996 5752 8996 5749 8996 1611 8997 1615 8997 5752 8997 1611 8998 5749 8998 5745 8998 1608 8999 1611 8999 5745 8999 1604 9000 5745 9000 5742 9000 1604 9001 5742 9001 5737 9001 1604 9002 1608 9002 5745 9002 1600 9003 5737 9003 5734 9003 1600 9004 1604 9004 5737 9004 1597 9005 1600 9005 5734 9005 1593 9006 5734 9006 5730 9006 1593 9007 1597 9007 5734 9007 1588 9008 5730 9008 5725 9008 1588 9009 5725 9009 5721 9009 1588 9010 1593 9010 5730 9010 1584 9011 1588 9011 5721 9011 1580 9012 5721 9012 5717 9012 1580 9013 5717 9013 5711 9013 1580 9014 1584 9014 5721 9014 1574 9015 1580 9015 5711 9015 1576 9016 5711 9016 5714 9016 1576 9017 1574 9017 5711 9017 1577 9018 1576 9018 5714 9018 1577 9019 5714 9019 5715 9019 1581 9020 1577 9020 5715 9020 1581 9021 5715 9021 5719 9021 1585 9022 1581 9022 5719 9022 1585 9023 5719 9023 5723 9023 1590 9024 1585 9024 5723 9024 1590 9025 5723 9025 5727 9025 1594 9026 1590 9026 5727 9026 1594 9027 5727 9027 5732 9027 1598 9028 1594 9028 5732 9028 1598 9029 5732 9029 5736 9029 1598 9030 5736 9030 5739 9030 1602 9031 1598 9031 5739 9031 1605 9032 1602 9032 5739 9032 1605 9033 5739 9033 5743 9033 1610 9034 1605 9034 5743 9034 1610 9035 5743 9035 5748 9035 1612 9036 1610 9036 5748 9036 1612 9037 5748 9037 5750 9037 1616 9038 1612 9038 5750 9038 1616 9039 5750 9039 5754 9039 1621 9040 1616 9040 5754 9040 1621 9041 5754 9041 5759 9041 1624 9042 1621 9042 5759 9042 1624 9043 5759 9043 5762 9043 1629 9044 1624 9044 5762 9044 1629 9045 5762 9045 5767 9045 1629 9046 5767 9046 5770 9046 1632 9047 1629 9047 5770 9047 1636 9048 1632 9048 5770 9048 1636 9049 5770 9049 5774 9049 1640 9050 1636 9050 5774 9050 1640 9051 5774 9051 5778 9051 1645 9052 1640 9052 5778 9052 1645 9053 5778 9053 5783 9053 1648 9054 1645 9054 5783 9054 1648 9055 5783 9055 5786 9055 1653 9056 1648 9056 5786 9056 1653 9057 5786 9057 5791 9057 1653 9058 5791 9058 5796 9058 1658 9059 1653 9059 5796 9059 1661 9060 1658 9060 5796 9060 1661 9061 5796 9061 5799 9061 1666 9062 1661 9062 5799 9062 1666 9063 5799 9063 5804 9063 1670 9064 5804 9064 5808 9064 1670 9065 1666 9065 5804 9065 1674 9066 5808 9066 5812 9066 1674 9067 1670 9067 5808 9067 1677 9068 1674 9068 5812 9068 1677 9069 5812 9069 5815 9069 1677 9070 5815 9070 5820 9070 1682 9071 1677 9071 5820 9071 1686 9072 1682 9072 5820 9072 1686 9073 5820 9073 5823 9073 1691 9074 1686 9074 5823 9074 1691 9075 5823 9075 5829 9075 1693 9076 1691 9076 5829 9076 1693 9077 5829 9077 5831 9077 1698 9078 5831 9078 5836 9078 1698 9079 1693 9079 5831 9079 1701 9080 5836 9080 5839 9080 1701 9081 1698 9081 5836 9081 1705 9082 5839 9082 5843 9082 1705 9083 5843 9083 5845 9083 1705 9084 1701 9084 5839 9084 1707 9085 1705 9085 5845 9085 1710 9086 5845 9086 5848 9086 1710 9087 1707 9087 5845 9087 1711 9088 5848 9088 5849 9088 1711 9089 5849 9089 5852 9089 1711 9090 1710 9090 5848 9090 1714 9091 5852 9091 6211 9091 1714 9092 1711 9092 5852 9092 2073 9093 1714 9093 6211 9093 2078 9094 6211 9094 6216 9094 2078 9095 2073 9095 6211 9095 2082 9096 6216 9096 6220 9096 2082 9097 2078 9097 6216 9097 2085 9098 6220 9098 6223 9098 2085 9099 2082 9099 6220 9099 1511 9100 1508 9100 5647 9100 1511 9101 5647 9101 5650 9101 1513 9102 5650 9102 5651 9102 1513 9103 1511 9103 5650 9103 1517 9104 5651 9104 5656 9104 1517 9105 1513 9105 5651 9105 1519 9106 5656 9106 5657 9106 1519 9107 1517 9107 5656 9107 1524 9108 5657 9108 5662 9108 1524 9109 1519 9109 5657 9109 1269 9110 5662 9110 5408 9110 1269 9111 1524 9111 5662 9111 1267 9112 5408 9112 5406 9112 1267 9113 5406 9113 5403 9113 1267 9114 1269 9114 5408 9114 1264 9115 5403 9115 5398 9115 1264 9116 1267 9116 5403 9116 1259 9117 1264 9117 5398 9117 1256 9118 5398 9118 5395 9118 1256 9119 5395 9119 5394 9119 1256 9120 1259 9120 5398 9120 1255 9121 1256 9121 5394 9121 1250 9122 5394 9122 5389 9122 1250 9123 1255 9123 5394 9123 1245 9124 5389 9124 5384 9124 1245 9125 1250 9125 5389 9125 1242 9126 5384 9126 5381 9126 1242 9127 5381 9127 5380 9127 1242 9128 1245 9128 5384 9128 1241 9129 1242 9129 5380 9129 1238 9130 5380 9130 5377 9130 1238 9131 1241 9131 5380 9131 1235 9132 5377 9132 5374 9132 1235 9133 1238 9133 5377 9133 1230 9134 5374 9134 5369 9134 1230 9135 1235 9135 5374 9135 1229 9136 5369 9136 5368 9136 1229 9137 5368 9137 5365 9137 1229 9138 1230 9138 5369 9138 1226 9139 1229 9139 5365 9139 1221 9140 1226 9140 5365 9140 1221 9141 5365 9141 5360 9141 1219 9142 1221 9142 5360 9142 1219 9143 5360 9143 5359 9143 1215 9144 1219 9144 5359 9144 1215 9145 5359 9145 5354 9145 1212 9146 1215 9146 5354 9146 1212 9147 5354 9147 5351 9147 1211 9148 1212 9148 5351 9148 1211 9149 5351 9149 5350 9149 1161 9150 5350 9150 5300 9150 1161 9151 1211 9151 5350 9151 1160 9152 5300 9152 5299 9152 1160 9153 1161 9153 5300 9153 1157 9154 5299 9154 5296 9154 1157 9155 1160 9155 5299 9155 1150 9156 5296 9156 5289 9156 1150 9157 1157 9157 5296 9157 1146 9158 5289 9158 5285 9158 1146 9159 1150 9159 5289 9159 1145 9160 5285 9160 5284 9160 1145 9161 1146 9161 5285 9161 1140 9162 5284 9162 5279 9162 1140 9163 1145 9163 5284 9163 1137 9164 5279 9164 5276 9164 1137 9165 1140 9165 5279 9165 1133 9166 5276 9166 5272 9166 1133 9167 1137 9167 5276 9167 1129 9168 5272 9168 5268 9168 1129 9169 1133 9169 5272 9169 1122 9170 5268 9170 5261 9170 1122 9171 1129 9171 5268 9171 1120 9172 5261 9172 5260 9172 1120 9173 1122 9173 5261 9173 1118 9174 5260 9174 5257 9174 1118 9175 1120 9175 5260 9175 1113 9176 5257 9176 5252 9176 1113 9177 1118 9177 5257 9177 1109 9178 5252 9178 5248 9178 1109 9179 1113 9179 5252 9179 1106 9180 5248 9180 5245 9180 1106 9181 1109 9181 5248 9181 1104 9182 5245 9182 5244 9182 1104 9183 1106 9183 5245 9183 1111 9184 5244 9184 5250 9184 1111 9185 1104 9185 5244 9185 1114 9186 5250 9186 5254 9186 1114 9187 1111 9187 5250 9187 1116 9188 1114 9188 5254 9188 1116 9189 5254 9189 5255 9189 1123 9190 1116 9190 5255 9190 1123 9191 5255 9191 5263 9191 1126 9192 1123 9192 5263 9192 1126 9193 5263 9193 5266 9193 1130 9194 1126 9194 5266 9194 1130 9195 5266 9195 5270 9195 1134 9196 1130 9196 5270 9196 1134 9197 5270 9197 5274 9197 843 9198 1134 9198 5274 9198 843 9199 5274 9199 4982 9199 840 9200 843 9200 4982 9200 840 9201 4982 9201 4979 9201 837 9202 840 9202 4979 9202 837 9203 4979 9203 4976 9203 834 9204 837 9204 4976 9204 834 9205 4976 9205 4973 9205 831 9206 834 9206 4973 9206 831 9207 4973 9207 4970 9207 828 9208 831 9208 4970 9208 828 9209 4970 9209 4967 9209 825 9210 828 9210 4967 9210 825 9211 4967 9211 4964 9211 822 9212 825 9212 4964 9212 822 9213 4964 9213 4961 9213 820 9214 822 9214 4961 9214 820 9215 4961 9215 4959 9215 818 9216 4959 9216 4957 9216 818 9217 820 9217 4959 9217 818 9218 4957 9218 4955 9218 816 9219 818 9219 4955 9219 814 9220 4955 9220 4953 9220 814 9221 4953 9221 4951 9221 814 9222 816 9222 4955 9222 812 9223 4951 9223 4949 9223 812 9224 814 9224 4951 9224 810 9225 812 9225 4949 9225 808 9226 4949 9226 4947 9226 808 9227 810 9227 4949 9227 806 9228 4947 9228 4945 9228 806 9229 4945 9229 4943 9229 806 9230 808 9230 4947 9230 804 9231 806 9231 4943 9231 802 9232 4943 9232 4941 9232 802 9233 4941 9233 4938 9233 802 9234 804 9234 4943 9234 799 9235 802 9235 4938 9235 800 9236 4938 9236 4939 9236 800 9237 799 9237 4938 9237 801 9238 800 9238 4939 9238 801 9239 4939 9239 4940 9239 803 9240 801 9240 4940 9240 803 9241 4940 9241 4942 9241 805 9242 803 9242 4942 9242 805 9243 4942 9243 4944 9243 807 9244 805 9244 4944 9244 807 9245 4944 9245 4946 9245 809 9246 807 9246 4946 9246 809 9247 4946 9247 4948 9247 811 9248 809 9248 4948 9248 811 9249 4948 9249 4950 9249 811 9250 4950 9250 4952 9250 813 9251 811 9251 4952 9251 815 9252 813 9252 4952 9252 815 9253 4952 9253 4954 9253 817 9254 815 9254 4954 9254 817 9255 4954 9255 4956 9255 819 9256 817 9256 4956 9256 819 9257 4956 9257 4958 9257 821 9258 819 9258 4958 9258 821 9259 4958 9259 4960 9259 824 9260 821 9260 4960 9260 824 9261 4960 9261 4963 9261 827 9262 824 9262 4963 9262 827 9263 4963 9263 4966 9263 830 9264 827 9264 4966 9264 830 9265 4966 9265 4969 9265 830 9266 4969 9266 4972 9266 833 9267 830 9267 4972 9267 836 9268 833 9268 4972 9268 836 9269 4972 9269 4975 9269 839 9270 836 9270 4975 9270 839 9271 4975 9271 4978 9271 842 9272 839 9272 4978 9272 842 9273 4978 9273 4981 9273 844 9274 842 9274 4981 9274 844 9275 4981 9275 4983 9275 845 9276 844 9276 4983 9276 845 9277 4983 9277 4984 9277 845 9278 4984 9278 4985 9278 846 9279 845 9279 4985 9279 847 9280 846 9280 4985 9280 847 9281 4985 9281 4986 9281 848 9282 847 9282 4986 9282 848 9283 4986 9283 4987 9283 849 9284 4987 9284 4988 9284 849 9285 848 9285 4987 9285 850 9286 4988 9286 4989 9286 850 9287 849 9287 4988 9287 851 9288 850 9288 4989 9288 851 9289 4989 9289 4990 9289 851 9290 4990 9290 4991 9290 852 9291 851 9291 4991 9291 853 9292 852 9292 4991 9292 853 9293 4991 9293 4992 9293 1472 9294 853 9294 4992 9294 1472 9295 4992 9295 5610 9295 1473 9296 1472 9296 5610 9296 1473 9297 5610 9297 5611 9297 1477 9298 5611 9298 5616 9298 1477 9299 1473 9299 5611 9299 1479 9300 5616 9300 5617 9300 1479 9301 1477 9301 5616 9301 1484 9302 5617 9302 5622 9302 1484 9303 5622 9303 5625 9303 1484 9304 1479 9304 5617 9304 1487 9305 1484 9305 5625 9305 1490 9306 5625 9306 5628 9306 1490 9307 1487 9307 5625 9307 1493 9308 5628 9308 5631 9308 1493 9309 5631 9309 5632 9309 1493 9310 1490 9310 5628 9310 1494 9311 5632 9311 5636 9311 1494 9312 1493 9312 5632 9312 1498 9313 1494 9313 5636 9313 1503 9314 5636 9314 5641 9314 1503 9315 1498 9315 5636 9315 1504 9316 5641 9316 5642 9316 1504 9317 1503 9317 5641 9317 1508 9318 5642 9318 5647 9318 1508 9319 1504 9319 5642 9319 1553 9320 1551 9320 5689 9320 1553 9321 5689 9321 5691 9321 1555 9322 5691 9322 5693 9322 1555 9323 1553 9323 5691 9323 1557 9324 5693 9324 5695 9324 1557 9325 1555 9325 5693 9325 1559 9326 5695 9326 5697 9326 1559 9327 1557 9327 5695 9327 1561 9328 5697 9328 5699 9328 1561 9329 1559 9329 5697 9329 1709 9330 5699 9330 5847 9330 1709 9331 1561 9331 5699 9331 1708 9332 5847 9332 5846 9332 1708 9333 5846 9333 5844 9333 1708 9334 1709 9334 5847 9334 1706 9335 5844 9335 5840 9335 1706 9336 1708 9336 5844 9336 1702 9337 1706 9337 5840 9337 1695 9338 5840 9338 5833 9338 1695 9339 5833 9339 5832 9339 1695 9340 1702 9340 5840 9340 1694 9341 1695 9341 5832 9341 1687 9342 5832 9342 5825 9342 1687 9343 1694 9343 5832 9343 1685 9344 5825 9344 5824 9344 1685 9345 1687 9345 5825 9345 1683 9346 5824 9346 5821 9346 1683 9347 5821 9347 5816 9347 1683 9348 1685 9348 5824 9348 1678 9349 1683 9349 5816 9349 1672 9350 5816 9350 5810 9350 1672 9351 1678 9351 5816 9351 1671 9352 5810 9352 5809 9352 1671 9353 1672 9353 5810 9353 1663 9354 5809 9354 5801 9354 1663 9355 1671 9355 5809 9355 1662 9356 5801 9356 5800 9356 1662 9357 5800 9357 5797 9357 1662 9358 1663 9358 5801 9358 1659 9359 1662 9359 5797 9359 1650 9360 1659 9360 5797 9360 1650 9361 5797 9361 5788 9361 1649 9362 1650 9362 5788 9362 1649 9363 5788 9363 5787 9363 1646 9364 1649 9364 5787 9364 1646 9365 5787 9365 5784 9365 1641 9366 1646 9366 5784 9366 1641 9367 5784 9367 5779 9367 1637 9368 1641 9368 5779 9368 1637 9369 5779 9369 5775 9369 1633 9370 5775 9370 5771 9370 1633 9371 1637 9371 5775 9371 1630 9372 5771 9372 5768 9372 1630 9373 1633 9373 5771 9373 1625 9374 5768 9374 5763 9374 1625 9375 1630 9375 5768 9375 1622 9376 5763 9376 5760 9376 1622 9377 1625 9377 5763 9377 1617 9378 5760 9378 5755 9378 1617 9379 1622 9379 5760 9379 1613 9380 5755 9380 5751 9380 1613 9381 1617 9381 5755 9381 1606 9382 5751 9382 5744 9382 1606 9383 1613 9383 5751 9383 1603 9384 5744 9384 5741 9384 1603 9385 1606 9385 5744 9385 1601 9386 5741 9386 5740 9386 1601 9387 1603 9387 5741 9387 1595 9388 5740 9388 5733 9388 1595 9389 1601 9389 5740 9389 1591 9390 5733 9390 5729 9390 1591 9391 1595 9391 5733 9391 1589 9392 5729 9392 5728 9392 1589 9393 1591 9393 5729 9393 1586 9394 5728 9394 5724 9394 1586 9395 1589 9395 5728 9395 1582 9396 5724 9396 5720 9396 1582 9397 1586 9397 5724 9397 1578 9398 5720 9398 5716 9398 1578 9399 1582 9399 5720 9399 1575 9400 5716 9400 5713 9400 1575 9401 1578 9401 5716 9401 1573 9402 5713 9402 5712 9402 1573 9403 1575 9403 5713 9403 1579 9404 5712 9404 5718 9404 1579 9405 1573 9405 5712 9405 1583 9406 5718 9406 5722 9406 1583 9407 1579 9407 5718 9407 1587 9408 1583 9408 5722 9408 1587 9409 5722 9409 5726 9409 1592 9410 1587 9410 5726 9410 1592 9411 5726 9411 5731 9411 1596 9412 1592 9412 5731 9412 1596 9413 5731 9413 5735 9413 1599 9414 1596 9414 5735 9414 1599 9415 5735 9415 5738 9415 1526 9416 1599 9416 5738 9416 1526 9417 5738 9417 5664 9417 1523 9418 1526 9418 5664 9418 1523 9419 5664 9419 5661 9419 1521 9420 1523 9420 5661 9420 1521 9421 5661 9421 5659 9421 1518 9422 1521 9422 5659 9422 1518 9423 5659 9423 5655 9423 1515 9424 1518 9424 5655 9424 1515 9425 5655 9425 5653 9425 1512 9426 1515 9426 5653 9426 1512 9427 5653 9427 5649 9427 1509 9428 1512 9428 5649 9428 1509 9429 5649 9429 5646 9429 1506 9430 1509 9430 5646 9430 1506 9431 5646 9431 5644 9431 1502 9432 1506 9432 5644 9432 1502 9433 5644 9433 5640 9433 1500 9434 1502 9434 5640 9434 1500 9435 5640 9435 5638 9435 1497 9436 5638 9436 5635 9436 1497 9437 1500 9437 5638 9437 1497 9438 5635 9438 5630 9438 1492 9439 1497 9439 5630 9439 1489 9440 5630 9440 5627 9440 1489 9441 5627 9441 5624 9441 1489 9442 1492 9442 5630 9442 1486 9443 5624 9443 5621 9443 1486 9444 1489 9444 5624 9444 1483 9445 1486 9445 5621 9445 1481 9446 5621 9446 5619 9446 1481 9447 1483 9447 5621 9447 1478 9448 5619 9448 5615 9448 1478 9449 5615 9449 5613 9449 1478 9450 1481 9450 5619 9450 1475 9451 1478 9451 5613 9451 1471 9452 5613 9452 5609 9452 1471 9453 5609 9453 5606 9453 1471 9454 1475 9454 5613 9454 1468 9455 1471 9455 5606 9455 1469 9456 5606 9456 5607 9456 1469 9457 1468 9457 5606 9457 1470 9458 1469 9458 5607 9458 1470 9459 5607 9459 5608 9459 1474 9460 1470 9460 5608 9460 1474 9461 5608 9461 5612 9461 1476 9462 1474 9462 5612 9462 1476 9463 5612 9463 5614 9463 1480 9464 1476 9464 5614 9464 1480 9465 5614 9465 5618 9465 1482 9466 1480 9466 5618 9466 1482 9467 5618 9467 5620 9467 1485 9468 1482 9468 5620 9468 1485 9469 5620 9469 5623 9469 1485 9470 5623 9470 5626 9470 1488 9471 1485 9471 5626 9471 1491 9472 1488 9472 5626 9472 1491 9473 5626 9473 5629 9473 1496 9474 1491 9474 5629 9474 1496 9475 5629 9475 5634 9475 1499 9476 1496 9476 5634 9476 1499 9477 5634 9477 5637 9477 1501 9478 1499 9478 5637 9478 1501 9479 5637 9479 5639 9479 1505 9480 1501 9480 5639 9480 1505 9481 5639 9481 5643 9481 1507 9482 1505 9482 5643 9482 1507 9483 5643 9483 5645 9483 1510 9484 1507 9484 5645 9484 1510 9485 5645 9485 5648 9485 1510 9486 5648 9486 5652 9486 1514 9487 1510 9487 5652 9487 1516 9488 1514 9488 5652 9488 1516 9489 5652 9489 5654 9489 1520 9490 1516 9490 5654 9490 1520 9491 5654 9491 5658 9491 1522 9492 1520 9492 5658 9492 1522 9493 5658 9493 5660 9493 1525 9494 1522 9494 5660 9494 1525 9495 5660 9495 5663 9495 1527 9496 1525 9496 5663 9496 1527 9497 5663 9497 5665 9497 1527 9498 5665 9498 5666 9498 1528 9499 1527 9499 5666 9499 1529 9500 1528 9500 5666 9500 1529 9501 5666 9501 5667 9501 1530 9502 1529 9502 5667 9502 1530 9503 5667 9503 5668 9503 1531 9504 5668 9504 5669 9504 1531 9505 1530 9505 5668 9505 1532 9506 5669 9506 5670 9506 1532 9507 1531 9507 5669 9507 1533 9508 1532 9508 5670 9508 1533 9509 5670 9509 5671 9509 1533 9510 5671 9510 5672 9510 1534 9511 1533 9511 5672 9511 1535 9512 1534 9512 5672 9512 1535 9513 5672 9513 5673 9513 1536 9514 1535 9514 5673 9514 1536 9515 5673 9515 5674 9515 1537 9516 1536 9516 5674 9516 1537 9517 5674 9517 5675 9517 1538 9518 5675 9518 5676 9518 1538 9519 1537 9519 5675 9519 1540 9520 5676 9520 5678 9520 1540 9521 1538 9521 5676 9521 1541 9522 5678 9522 5679 9522 1541 9523 5679 9523 5680 9523 1541 9524 1540 9524 5678 9524 1542 9525 1541 9525 5680 9525 1543 9526 5680 9526 5681 9526 1543 9527 1542 9527 5680 9527 1544 9528 5681 9528 5682 9528 1544 9529 5682 9529 5683 9529 1544 9530 1543 9530 5681 9530 1545 9531 5683 9531 5684 9531 1545 9532 1544 9532 5683 9532 1546 9533 1545 9533 5684 9533 1547 9534 5684 9534 5685 9534 1547 9535 1546 9535 5684 9535 1549 9536 5685 9536 5687 9536 1549 9537 1547 9537 5685 9537 1551 9538 5687 9538 5689 9538 1551 9539 1549 9539 5687 9539 2612 9540 2608 9540 6746 9540 2612 9541 6746 9541 6750 9541 2620 9542 6750 9542 6758 9542 2620 9543 2612 9543 6750 9543 2623 9544 6758 9544 6761 9544 2623 9545 2620 9545 6758 9545 2626 9546 6761 9546 6765 9546 2626 9547 2623 9547 6761 9547 2632 9548 6765 9548 6770 9548 2632 9549 2626 9549 6765 9549 2290 9550 6770 9550 6428 9550 2290 9551 2632 9551 6770 9551 2287 9552 6428 9552 6425 9552 2287 9553 6425 9553 6423 9553 2287 9554 2290 9554 6428 9554 2285 9555 6423 9555 6421 9555 2285 9556 2287 9556 6423 9556 2283 9557 2285 9557 6421 9557 2282 9558 6421 9558 6420 9558 2282 9559 6420 9559 6417 9559 2282 9560 2283 9560 6421 9560 2279 9561 2282 9561 6417 9561 2277 9562 6417 9562 6416 9562 2277 9563 2279 9563 6417 9563 2275 9564 6416 9564 6413 9564 2275 9565 2277 9565 6416 9565 2273 9566 6413 9566 6411 9566 2273 9567 6411 9567 6410 9567 2273 9568 2275 9568 6413 9568 2272 9569 2273 9569 6410 9569 2269 9570 6410 9570 6407 9570 2269 9571 2272 9571 6410 9571 2268 9572 6407 9572 6406 9572 2268 9573 2269 9573 6407 9573 2265 9574 6406 9574 6403 9574 2265 9575 2268 9575 6406 9575 2263 9576 6403 9576 6401 9576 2263 9577 6401 9577 6400 9577 2263 9578 2265 9578 6403 9578 2261 9579 2263 9579 6400 9579 2259 9580 2261 9580 6400 9580 2259 9581 6400 9581 6397 9581 2257 9582 2259 9582 6397 9582 2257 9583 6397 9583 6396 9583 2256 9584 2257 9584 6396 9584 2256 9585 6396 9585 6394 9585 2253 9586 2256 9586 6394 9586 2253 9587 6394 9587 6391 9587 2251 9588 2253 9588 6391 9588 2251 9589 6391 9589 6390 9589 2249 9590 6390 9590 6387 9590 2249 9591 2251 9591 6390 9591 2247 9592 6387 9592 6386 9592 2247 9593 2249 9593 6387 9593 2246 9594 6386 9594 6384 9594 2246 9595 2247 9595 6386 9595 2244 9596 6384 9596 6382 9596 2244 9597 2246 9597 6384 9597 2241 9598 6382 9598 6379 9598 2241 9599 2244 9599 6382 9599 2239 9600 6379 9600 6378 9600 2239 9601 2241 9601 6379 9601 2238 9602 6378 9602 6376 9602 2238 9603 2239 9603 6378 9603 2234 9604 6376 9604 6372 9604 2234 9605 2238 9605 6376 9605 2230 9606 6372 9606 6368 9606 2230 9607 2234 9607 6372 9607 2226 9608 6368 9608 6364 9608 2226 9609 2230 9609 6368 9609 2220 9610 6364 9610 6358 9610 2220 9611 2226 9611 6364 9611 2218 9612 6358 9612 6357 9612 2218 9613 2220 9613 6358 9613 2215 9614 6357 9614 6353 9614 2215 9615 2218 9615 6357 9615 2210 9616 6353 9616 6348 9616 2210 9617 2215 9617 6353 9617 2203 9618 6348 9618 6341 9618 2203 9619 2210 9619 6348 9619 2201 9620 6341 9620 6340 9620 2201 9621 2203 9621 6341 9621 2204 9622 6340 9622 6343 9622 2204 9623 2201 9623 6340 9623 2208 9624 6343 9624 6346 9624 2208 9625 2204 9625 6343 9625 2211 9626 6346 9626 6350 9626 2211 9627 2208 9627 6346 9627 2213 9628 2211 9628 6350 9628 2213 9629 6350 9629 6351 9629 2216 9630 2213 9630 6351 9630 2216 9631 6351 9631 6355 9631 2223 9632 2216 9632 6355 9632 2223 9633 6355 9633 6362 9633 2228 9634 2223 9634 6362 9634 2228 9635 6362 9635 6366 9635 2231 9636 2228 9636 6366 9636 2231 9637 6366 9637 6370 9637 2235 9638 2231 9638 6370 9638 2235 9639 6370 9639 6374 9639 2191 9640 2235 9640 6374 9640 2191 9641 6374 9641 6329 9641 2189 9642 2191 9642 6329 9642 2189 9643 6329 9643 6326 9643 2184 9644 2189 9644 6326 9644 2184 9645 6326 9645 6321 9645 2180 9646 2184 9646 6321 9646 2180 9647 6321 9647 6318 9647 2175 9648 2180 9648 6318 9648 2175 9649 6318 9649 6313 9649 2173 9650 2175 9650 6313 9650 2173 9651 6313 9651 6311 9651 2170 9652 2173 9652 6311 9652 2170 9653 6311 9653 6308 9653 2167 9654 2170 9654 6308 9654 2167 9655 6308 9655 6305 9655 2164 9656 6305 9656 6302 9656 2164 9657 2167 9657 6305 9657 2164 9658 6302 9658 6298 9658 2160 9659 2164 9659 6298 9659 2158 9660 6298 9660 6296 9660 2158 9661 6296 9661 6293 9661 2158 9662 2160 9662 6298 9662 2155 9663 6293 9663 6290 9663 2155 9664 2158 9664 6293 9664 2152 9665 2155 9665 6290 9665 2150 9666 6290 9666 6288 9666 2150 9667 2152 9667 6290 9667 2148 9668 6288 9668 6286 9668 2148 9669 6286 9669 6284 9669 2148 9670 2150 9670 6288 9670 2146 9671 2148 9671 6284 9671 2144 9672 6284 9672 6282 9672 2144 9673 6282 9673 6279 9673 2144 9674 2146 9674 6284 9674 2141 9675 2144 9675 6279 9675 2142 9676 6279 9676 6280 9676 2142 9677 2141 9677 6279 9677 2143 9678 2142 9678 6280 9678 2143 9679 6280 9679 6281 9679 2145 9680 2143 9680 6281 9680 2145 9681 6281 9681 6283 9681 2147 9682 2145 9682 6283 9682 2147 9683 6283 9683 6285 9683 2149 9684 2147 9684 6285 9684 2149 9685 6285 9685 6287 9685 2151 9686 2149 9686 6287 9686 2151 9687 6287 9687 6289 9687 2153 9688 2151 9688 6289 9688 2153 9689 6289 9689 6291 9689 2153 9690 6291 9690 6294 9690 2156 9691 2153 9691 6294 9691 2159 9692 2156 9692 6294 9692 2159 9693 6294 9693 6297 9693 2161 9694 2159 9694 6297 9694 2161 9695 6297 9695 6299 9695 2165 9696 2161 9696 6299 9696 2165 9697 6299 9697 6303 9697 2168 9698 2165 9698 6303 9698 2168 9699 6303 9699 6306 9699 2171 9700 2168 9700 6306 9700 2171 9701 6306 9701 6309 9701 2174 9702 2171 9702 6309 9702 2174 9703 6309 9703 6312 9703 2177 9704 2174 9704 6312 9704 2177 9705 6312 9705 6315 9705 2177 9706 6315 9706 6320 9706 2182 9707 2177 9707 6320 9707 2185 9708 2182 9708 6320 9708 2185 9709 6320 9709 6323 9709 2190 9710 2185 9710 6323 9710 2190 9711 6323 9711 6328 9711 2193 9712 2190 9712 6328 9712 2193 9713 6328 9713 6330 9713 2195 9714 2193 9714 6330 9714 2195 9715 6330 9715 6333 9715 2197 9716 2195 9716 6333 9716 2197 9717 6333 9717 6334 9717 2197 9718 6334 9718 6337 9718 2199 9719 2197 9719 6337 9719 2200 9720 2199 9720 6337 9720 2200 9721 6337 9721 6338 9721 2572 9722 2200 9722 6338 9722 2572 9723 6338 9723 6710 9723 2571 9724 6710 9724 6709 9724 2571 9725 2572 9725 6710 9725 2563 9726 6709 9726 6701 9726 2563 9727 2571 9727 6709 9727 2559 9728 2563 9728 6701 9728 2559 9729 6701 9729 6697 9729 2559 9730 6697 9730 6696 9730 2557 9731 2559 9731 6696 9731 2560 9732 2557 9732 6696 9732 2560 9733 6696 9733 6698 9733 2564 9734 2560 9734 6698 9734 2564 9735 6698 9735 6703 9735 2566 9736 2564 9736 6703 9736 2566 9737 6703 9737 6704 9737 2568 9738 6704 9738 6707 9738 2568 9739 2566 9739 6704 9739 2576 9740 6707 9740 6714 9740 2576 9741 2568 9741 6707 9741 2579 9742 6714 9742 6717 9742 2579 9743 6717 9743 6721 9743 2579 9744 2576 9744 6714 9744 2583 9745 2579 9745 6721 9745 2588 9746 6721 9746 6726 9746 2588 9747 2583 9747 6721 9747 2591 9748 6726 9748 6729 9748 2591 9749 6729 9749 6734 9749 2591 9750 2588 9750 6726 9750 2596 9751 6734 9751 6737 9751 2596 9752 2591 9752 6734 9752 2599 9753 2596 9753 6737 9753 2603 9754 6737 9754 6741 9754 2603 9755 2599 9755 6737 9755 2607 9756 6741 9756 6745 9756 2607 9757 2603 9757 6741 9757 2608 9758 6745 9758 6746 9758 2608 9759 2607 9759 6745 9759 3675 9760 3270 9760 7377 9760 3675 9761 7377 9761 7781 9761 3671 9762 7781 9762 7777 9762 3671 9763 3675 9763 7781 9763 3669 9764 7777 9764 7776 9764 3669 9765 3671 9765 7777 9765 3366 9766 7776 9766 7472 9766 3366 9767 3669 9767 7776 9767 3164 9768 7472 9768 7270 9768 3164 9769 3366 9769 7472 9769 3163 9770 7270 9770 7269 9770 3163 9771 3164 9771 7270 9771 3161 9772 7269 9772 7267 9772 3161 9773 7267 9773 7264 9773 3161 9774 3163 9774 7269 9774 3158 9775 7264 9775 7263 9775 3158 9776 3161 9776 7264 9776 3156 9777 3158 9777 7263 9777 3154 9778 7263 9778 7260 9778 3154 9779 7260 9779 7259 9779 3154 9780 3156 9780 7263 9780 3152 9781 3154 9781 7259 9781 3150 9782 7259 9782 7256 9782 3150 9783 3152 9783 7259 9783 3148 9784 7256 9784 7254 9784 3148 9785 3150 9785 7256 9785 3146 9786 7254 9786 7253 9786 3146 9787 7253 9787 7247 9787 3146 9788 3148 9788 7254 9788 3141 9789 3146 9789 7247 9789 3139 9790 7247 9790 7246 9790 3139 9791 3141 9791 7247 9791 3133 9792 7246 9792 7239 9792 3133 9793 3139 9793 7246 9793 3129 9794 7239 9794 7235 9794 3129 9795 3133 9795 7239 9795 3127 9796 7235 9796 7234 9796 3127 9797 7234 9797 7231 9797 3127 9798 3129 9798 7235 9798 3125 9799 3127 9799 7231 9799 3117 9800 3125 9800 7231 9800 3117 9801 7231 9801 7223 9801 3115 9802 3117 9802 7223 9802 3115 9803 7223 9803 7222 9803 3112 9804 3115 9804 7222 9804 3112 9805 7222 9805 7218 9805 3108 9806 3112 9806 7218 9806 3108 9807 7218 9807 7214 9807 3104 9808 3108 9808 7214 9808 3104 9809 7214 9809 7210 9809 3100 9810 7210 9810 7206 9810 3100 9811 3104 9811 7210 9811 3093 9812 7206 9812 7199 9812 3093 9813 3100 9813 7206 9813 3091 9814 7199 9814 7198 9814 3091 9815 3093 9815 7199 9815 3088 9816 7198 9816 7194 9816 3088 9817 3091 9817 7198 9817 3084 9818 7194 9818 7190 9818 3084 9819 3088 9819 7194 9819 3078 9820 7190 9820 7184 9820 3078 9821 3084 9821 7190 9821 3073 9822 7184 9822 7179 9822 3073 9823 3078 9823 7184 9823 3070 9824 7179 9824 7176 9824 3070 9825 3073 9825 7179 9825 3069 9826 7176 9826 7175 9826 3069 9827 3070 9827 7176 9827 3062 9828 7175 9828 7168 9828 3062 9829 3069 9829 7175 9829 3057 9830 7168 9830 7163 9830 3057 9831 3062 9831 7168 9831 3052 9832 7163 9832 7158 9832 3052 9833 3057 9833 7163 9833 3051 9834 7158 9834 7157 9834 3051 9835 3052 9835 7158 9835 3047 9836 7157 9836 7153 9836 3047 9837 3051 9837 7157 9837 3043 9838 7153 9838 7149 9838 3043 9839 3047 9839 7153 9839 3040 9840 7149 9840 7146 9840 3040 9841 3043 9841 7149 9841 3038 9842 7146 9842 7145 9842 3038 9843 3040 9843 7146 9843 3044 9844 7145 9844 7151 9844 3044 9845 3038 9845 7145 9845 3048 9846 7151 9846 7155 9846 3048 9847 3044 9847 7151 9847 3054 9848 3048 9848 7155 9848 3054 9849 7155 9849 7161 9849 3059 9850 3054 9850 7161 9850 3059 9851 7161 9851 7165 9851 3060 9852 3059 9852 7165 9852 3060 9853 7165 9853 7166 9853 3064 9854 3060 9854 7166 9854 3064 9855 7166 9855 7170 9855 2634 9856 3064 9856 7170 9856 2634 9857 7170 9857 6772 9857 2631 9858 2634 9858 6772 9858 2631 9859 6772 9859 6769 9859 2627 9860 2631 9860 6769 9860 2627 9861 6769 9861 6764 9861 2622 9862 2627 9862 6764 9862 2622 9863 6764 9863 6760 9863 2619 9864 2622 9864 6760 9864 2619 9865 6760 9865 6757 9865 2615 9866 2619 9866 6757 9866 2615 9867 6757 9867 6753 9867 2611 9868 2615 9868 6753 9868 2611 9869 6753 9869 6749 9869 2606 9870 2611 9870 6749 9870 2606 9871 6749 9871 6744 9871 2602 9872 2606 9872 6744 9872 2602 9873 6744 9873 6740 9873 2598 9874 2602 9874 6740 9874 2598 9875 6740 9875 6736 9875 2595 9876 6736 9876 6733 9876 2595 9877 2598 9877 6736 9877 2595 9878 6733 9878 6728 9878 2590 9879 2595 9879 6728 9879 2587 9880 6728 9880 6725 9880 2587 9881 6725 9881 6720 9881 2587 9882 2590 9882 6728 9882 2582 9883 6720 9883 6716 9883 2582 9884 2587 9884 6720 9884 2578 9885 2582 9885 6716 9885 2575 9886 6716 9886 6713 9886 2575 9887 2578 9887 6716 9887 2573 9888 6713 9888 6711 9888 2573 9889 6711 9889 6706 9889 2573 9890 2575 9890 6713 9890 2569 9891 2573 9891 6706 9891 2565 9892 6706 9892 6702 9892 2565 9893 6702 9893 6699 9893 2565 9894 2569 9894 6706 9894 2561 9895 2565 9895 6699 9895 2558 9896 6699 9896 6695 9896 2558 9897 2561 9897 6699 9897 2562 9898 2558 9898 6695 9898 2562 9899 6695 9899 6700 9899 2567 9900 2562 9900 6700 9900 2567 9901 6700 9901 6705 9901 2570 9902 2567 9902 6705 9902 2570 9903 6705 9903 6708 9903 2574 9904 2570 9904 6708 9904 2574 9905 6708 9905 6712 9905 2577 9906 2574 9906 6712 9906 2577 9907 6712 9907 6715 9907 2580 9908 2577 9908 6715 9908 2580 9909 6715 9909 6718 9909 2580 9910 6718 9910 6722 9910 2584 9911 2580 9911 6722 9911 2589 9912 2584 9912 6722 9912 2589 9913 6722 9913 6727 9913 2592 9914 2589 9914 6727 9914 2592 9915 6727 9915 6730 9915 2597 9916 2592 9916 6730 9916 2597 9917 6730 9917 6735 9917 2600 9918 2597 9918 6735 9918 2600 9919 6735 9919 6738 9919 2604 9920 2600 9920 6738 9920 2604 9921 6738 9921 6742 9921 2609 9922 2604 9922 6742 9922 2609 9923 6742 9923 6747 9923 2613 9924 2609 9924 6747 9924 2613 9925 6747 9925 6751 9925 2613 9926 6751 9926 6754 9926 2616 9927 2613 9927 6754 9927 2621 9928 2616 9928 6754 9928 2621 9929 6754 9929 6759 9929 2624 9930 2621 9930 6759 9930 2624 9931 6759 9931 6762 9931 2628 9932 2624 9932 6762 9932 2628 9933 6762 9933 6766 9933 2633 9934 2628 9934 6766 9934 2633 9935 6766 9935 6771 9935 2635 9936 2633 9936 6771 9936 2635 9937 6771 9937 6773 9937 2635 9938 6773 9938 6775 9938 2637 9939 2635 9939 6775 9939 3273 9940 2637 9940 6775 9940 3273 9941 6775 9941 7379 9941 3274 9942 3273 9942 7379 9942 3274 9943 7379 9943 7380 9943 3275 9944 7380 9944 7381 9944 3275 9945 3274 9945 7380 9945 3276 9946 7381 9946 7382 9946 3276 9947 3275 9947 7381 9947 3277 9948 3276 9948 7382 9948 3277 9949 7382 9949 7383 9949 3277 9950 7383 9950 7384 9950 3278 9951 3277 9951 7384 9951 3279 9952 3278 9952 7384 9952 3279 9953 7384 9953 7385 9953 3280 9954 3279 9954 7385 9954 3280 9955 7385 9955 7386 9955 3281 9956 3280 9956 7386 9956 3281 9957 7386 9957 7387 9957 3282 9958 7387 9958 7388 9958 3282 9959 3281 9959 7387 9959 3283 9960 7388 9960 7389 9960 3283 9961 3282 9961 7388 9961 3284 9962 7389 9962 7390 9962 3284 9963 7390 9963 7391 9963 3284 9964 3283 9964 7389 9964 3285 9965 3284 9965 7391 9965 3286 9966 7391 9966 7392 9966 3286 9967 3285 9967 7391 9967 3287 9968 7392 9968 7393 9968 3287 9969 7393 9969 7394 9969 3287 9970 3286 9970 7392 9970 3288 9971 7394 9971 7395 9971 3288 9972 3287 9972 7394 9972 3289 9973 3288 9973 7395 9973 3290 9974 7395 9974 7396 9974 3290 9975 3289 9975 7395 9975 3272 9976 7396 9976 7378 9976 3272 9977 3290 9977 7396 9977 3270 9978 7378 9978 7377 9978 3270 9979 3272 9979 7378 9979 3094 9980 3096 9980 7202 9980 3094 9981 7202 9981 7201 9981 3101 9982 7201 9982 7208 9982 3101 9983 3094 9983 7201 9983 3105 9984 7208 9984 7212 9984 3105 9985 3101 9985 7208 9985 3109 9986 7212 9986 7216 9986 3109 9987 3105 9987 7212 9987 3113 9988 7216 9988 7220 9988 3113 9989 3109 9989 7216 9989 3118 9990 7220 9990 7225 9990 3118 9991 3113 9991 7220 9991 3121 9992 7225 9992 7228 9992 3121 9993 7228 9993 7229 9993 3121 9994 3118 9994 7225 9994 3123 9995 7229 9995 7237 9995 3123 9996 3121 9996 7229 9996 3130 9997 3123 9997 7237 9997 3134 9998 7237 9998 7241 9998 3134 9999 7241 9999 7242 9999 3134 10000 3130 10000 7237 10000 3136 10001 3134 10001 7242 10001 3143 10002 7242 10002 7249 10002 3143 10003 3136 10003 7242 10003 2347 10004 7249 10004 6485 10004 2347 10005 3143 10005 7249 10005 2345 10006 6485 10006 6484 10006 2345 10007 6484 10007 6486 10007 2345 10008 2347 10008 6485 10008 2348 10009 2345 10009 6486 10009 2349 10010 6486 10010 6487 10010 2349 10011 2348 10011 6486 10011 2350 10012 6487 10012 6488 10012 2350 10013 2349 10013 6487 10013 2351 10014 6488 10014 6489 10014 2351 10015 2350 10015 6488 10015 2352 10016 6489 10016 6490 10016 2352 10017 6490 10017 6491 10017 2352 10018 2351 10018 6489 10018 2353 10019 2352 10019 6491 10019 2354 10020 2353 10020 6491 10020 2354 10021 6491 10021 6492 10021 2355 10022 2354 10022 6492 10022 2355 10023 6492 10023 6493 10023 2356 10024 2355 10024 6493 10024 2356 10025 6493 10025 6494 10025 2357 10026 2356 10026 6494 10026 2357 10027 6494 10027 6495 10027 2358 10028 2357 10028 6495 10028 2358 10029 6495 10029 6496 10029 2359 10030 6496 10030 6497 10030 2359 10031 2358 10031 6496 10031 2360 10032 6497 10032 6498 10032 2360 10033 2359 10033 6497 10033 2361 10034 6498 10034 6499 10034 2361 10035 2360 10035 6498 10035 2362 10036 6499 10036 6500 10036 2362 10037 2361 10037 6499 10037 2363 10038 6500 10038 6501 10038 2363 10039 2362 10039 6500 10039 2364 10040 6501 10040 6502 10040 2364 10041 2363 10041 6501 10041 2365 10042 6502 10042 6503 10042 2365 10043 2364 10043 6502 10043 2366 10044 6503 10044 6504 10044 2366 10045 2365 10045 6503 10045 2367 10046 6504 10046 6505 10046 2367 10047 2366 10047 6504 10047 2368 10048 6505 10048 6506 10048 2368 10049 2367 10049 6505 10049 2369 10050 6506 10050 6507 10050 2369 10051 2368 10051 6506 10051 2370 10052 6507 10052 6508 10052 2370 10053 2369 10053 6507 10053 2371 10054 6508 10054 6509 10054 2371 10055 2370 10055 6508 10055 2372 10056 6509 10056 6510 10056 2372 10057 2371 10057 6509 10057 2373 10058 6510 10058 6511 10058 2373 10059 2372 10059 6510 10059 2374 10060 6511 10060 6512 10060 2374 10061 2373 10061 6511 10061 2375 10062 6512 10062 6513 10062 2375 10063 2374 10063 6512 10063 2376 10064 6513 10064 6514 10064 2376 10065 2375 10065 6513 10065 2377 10066 6514 10066 6515 10066 2377 10067 2376 10067 6514 10067 2378 10068 2377 10068 6515 10068 2378 10069 6515 10069 6516 10069 2379 10070 2378 10070 6516 10070 2379 10071 6516 10071 6517 10071 2380 10072 2379 10072 6517 10072 2380 10073 6517 10073 6518 10073 2381 10074 2380 10074 6518 10074 2381 10075 6518 10075 6519 10075 2382 10076 2381 10076 6519 10076 2382 10077 6519 10077 6520 10077 2383 10078 2382 10078 6520 10078 2383 10079 6520 10079 6521 10079 2384 10080 2383 10080 6521 10080 2384 10081 6521 10081 6522 10081 2335 10082 2384 10082 6522 10082 2335 10083 6522 10083 6473 10083 2331 10084 2335 10084 6473 10084 2331 10085 6473 10085 6469 10085 2327 10086 2331 10086 6469 10086 2327 10087 6469 10087 6465 10087 2323 10088 2327 10088 6465 10088 2323 10089 6465 10089 6461 10089 2319 10090 2323 10090 6461 10090 2319 10091 6461 10091 6457 10091 2315 10092 2319 10092 6457 10092 2315 10093 6457 10093 6453 10093 2311 10094 2315 10094 6453 10094 2311 10095 6453 10095 6449 10095 2307 10096 6449 10096 6445 10096 2307 10097 2311 10097 6449 10097 2307 10098 6445 10098 6373 10098 2236 10099 2307 10099 6373 10099 2232 10100 6373 10100 6369 10100 2232 10101 6369 10101 6365 10101 2232 10102 2236 10102 6373 10102 2227 10103 6365 10103 6361 10103 2227 10104 2232 10104 6365 10104 2224 10105 2227 10105 6361 10105 2221 10106 6361 10106 6359 10106 2221 10107 2224 10107 6361 10107 2217 10108 6359 10108 6354 10108 2217 10109 6354 10109 6349 10109 2217 10110 2221 10110 6359 10110 2212 10111 2217 10111 6349 10111 2207 10112 6349 10112 6345 10112 2207 10113 6345 10113 6342 10113 2207 10114 2212 10114 6349 10114 2205 10115 2207 10115 6342 10115 2202 10116 6342 10116 6339 10116 2202 10117 2205 10117 6342 10117 2206 10118 2202 10118 6339 10118 2206 10119 6339 10119 6344 10119 2209 10120 2206 10120 6344 10120 2209 10121 6344 10121 6347 10121 2214 10122 2209 10122 6347 10122 2214 10123 6347 10123 6352 10123 2219 10124 2214 10124 6352 10124 2219 10125 6352 10125 6356 10125 2222 10126 2219 10126 6356 10126 2222 10127 6356 10127 6360 10127 2225 10128 2222 10128 6360 10128 2225 10129 6360 10129 6363 10129 2225 10130 6363 10130 6367 10130 2229 10131 2225 10131 6367 10131 2233 10132 2229 10132 6367 10132 2233 10133 6367 10133 6371 10133 2237 10134 2233 10134 6371 10134 2237 10135 6371 10135 6375 10135 2240 10136 2237 10136 6375 10136 2240 10137 6375 10137 6377 10137 2242 10138 2240 10138 6377 10138 2242 10139 6377 10139 6380 10139 2243 10140 2242 10140 6380 10140 2243 10141 6380 10141 6381 10141 2245 10142 2243 10142 6381 10142 2245 10143 6381 10143 6383 10143 2248 10144 2245 10144 6383 10144 2248 10145 6383 10145 6385 10145 2248 10146 6385 10146 6388 10146 2250 10147 2248 10147 6388 10147 2252 10148 2250 10148 6388 10148 2252 10149 6388 10149 6389 10149 2254 10150 2252 10150 6389 10150 2254 10151 6389 10151 6392 10151 2255 10152 2254 10152 6392 10152 2255 10153 6392 10153 6393 10153 2258 10154 2255 10154 6393 10154 2258 10155 6393 10155 6395 10155 2260 10156 2258 10156 6395 10156 2260 10157 6395 10157 6398 10157 2260 10158 6398 10158 6399 10158 2262 10159 2260 10159 6399 10159 2264 10160 2262 10160 6399 10160 2264 10161 6399 10161 6402 10161 2266 10162 2264 10162 6402 10162 2266 10163 6402 10163 6404 10163 2267 10164 6404 10164 6405 10164 2267 10165 2266 10165 6404 10165 2270 10166 6405 10166 6408 10166 2270 10167 2267 10167 6405 10167 2271 10168 2270 10168 6408 10168 2271 10169 6408 10169 6409 10169 2271 10170 6409 10170 6412 10170 2274 10171 2271 10171 6412 10171 2276 10172 2274 10172 6412 10172 2276 10173 6412 10173 6414 10173 2278 10174 2276 10174 6414 10174 2278 10175 6414 10175 6415 10175 2280 10176 2278 10176 6415 10176 2280 10177 6415 10177 6418 10177 2281 10178 6418 10178 6419 10178 2281 10179 2280 10179 6418 10179 2284 10180 6419 10180 6422 10180 2284 10181 2281 10181 6419 10181 2286 10182 6422 10182 6424 10182 2286 10183 6424 10183 6426 10183 2286 10184 2284 10184 6422 10184 2288 10185 2286 10185 6426 10185 2289 10186 6426 10186 6427 10186 2289 10187 2288 10187 6426 10187 3074 10188 6427 10188 7181 10188 3074 10189 7181 10189 7182 10189 3074 10190 2289 10190 6427 10190 3076 10191 7182 10191 7188 10191 3076 10192 3074 10192 7182 10192 3081 10193 3076 10193 7188 10193 3085 10194 7188 10194 7192 10194 3085 10195 3081 10195 7188 10195 3089 10196 7192 10196 7196 10196 3089 10197 3085 10197 7192 10197 3096 10198 7196 10198 7202 10198 3096 10199 3089 10199 7196 10199 3327 10200 3330 10200 7436 10200 3327 10201 7436 10201 7433 10201 3324 10202 7433 10202 7430 10202 3324 10203 3327 10203 7433 10203 3232 10204 7430 10204 7338 10204 3232 10205 3324 10205 7430 10205 3230 10206 7338 10206 7337 10206 3230 10207 3232 10207 7338 10207 3233 10208 7337 10208 7339 10208 3233 10209 3230 10209 7337 10209 3234 10210 7339 10210 7340 10210 3234 10211 3233 10211 7339 10211 3235 10212 7340 10212 7341 10212 3235 10213 7341 10213 7342 10213 3235 10214 3234 10214 7340 10214 3236 10215 7342 10215 7343 10215 3236 10216 3235 10216 7342 10216 3237 10217 3236 10217 7343 10217 3238 10218 7343 10218 7344 10218 3238 10219 7344 10219 7345 10219 3238 10220 3237 10220 7343 10220 3239 10221 3238 10221 7345 10221 3240 10222 7345 10222 7346 10222 3240 10223 3239 10223 7345 10223 3241 10224 7346 10224 7347 10224 3241 10225 3240 10225 7346 10225 3242 10226 7347 10226 7348 10226 3242 10227 7348 10227 7349 10227 3242 10228 3241 10228 7347 10228 3243 10229 3242 10229 7349 10229 3244 10230 7349 10230 7350 10230 3244 10231 3243 10231 7349 10231 3245 10232 7350 10232 7351 10232 3245 10233 3244 10233 7350 10233 3246 10234 7351 10234 7352 10234 3246 10235 3245 10235 7351 10235 3247 10236 7352 10236 7353 10236 3247 10237 7353 10237 7354 10237 3247 10238 3246 10238 7352 10238 3248 10239 3247 10239 7354 10239 3249 10240 3248 10240 7354 10240 3249 10241 7354 10241 7355 10241 3250 10242 3249 10242 7355 10242 3250 10243 7355 10243 7356 10243 3251 10244 3250 10244 7356 10244 3251 10245 7356 10245 7357 10245 3252 10246 3251 10246 7357 10246 3252 10247 7357 10247 7358 10247 3253 10248 3252 10248 7358 10248 3253 10249 7358 10249 7359 10249 3254 10250 7359 10250 7360 10250 3254 10251 3253 10251 7359 10251 3255 10252 7360 10252 7361 10252 3255 10253 3254 10253 7360 10253 3256 10254 7361 10254 7362 10254 3256 10255 3255 10255 7361 10255 3257 10256 7362 10256 7363 10256 3257 10257 3256 10257 7362 10257 3258 10258 7363 10258 7364 10258 3258 10259 3257 10259 7363 10259 3259 10260 7364 10260 7365 10260 3259 10261 3258 10261 7364 10261 3260 10262 7365 10262 7366 10262 3260 10263 3259 10263 7365 10263 3261 10264 7366 10264 7367 10264 3261 10265 3260 10265 7366 10265 3262 10266 7367 10266 7368 10266 3262 10267 3261 10267 7367 10267 3263 10268 7368 10268 7369 10268 3263 10269 3262 10269 7368 10269 3264 10270 7369 10270 7370 10270 3264 10271 3263 10271 7369 10271 3265 10272 7370 10272 7371 10272 3265 10273 3264 10273 7370 10273 3266 10274 7371 10274 7372 10274 3266 10275 3265 10275 7371 10275 3267 10276 7372 10276 7373 10276 3267 10277 3266 10277 7372 10277 3268 10278 7373 10278 7374 10278 3268 10279 3267 10279 7373 10279 3269 10280 7374 10280 7375 10280 3269 10281 3268 10281 7374 10281 3145 10282 7375 10282 7251 10282 3145 10283 3269 10283 7375 10283 3142 10284 7251 10284 7248 10284 3142 10285 3145 10285 7251 10285 3138 10286 7248 10286 7244 10286 3138 10287 3142 10287 7248 10287 3135 10288 3138 10288 7244 10288 3135 10289 7244 10289 7240 10289 3131 10290 3135 10290 7240 10290 3131 10291 7240 10291 7236 10291 3126 10292 3131 10292 7236 10292 3126 10293 7236 10293 7232 10293 3122 10294 3126 10294 7232 10294 3122 10295 7232 10295 7227 10295 3119 10296 3122 10296 7227 10296 3119 10297 7227 10297 7224 10297 3114 10298 3119 10298 7224 10298 3114 10299 7224 10299 7219 10299 3110 10300 3114 10300 7219 10300 3110 10301 7219 10301 7215 10301 3106 10302 3110 10302 7215 10302 3106 10303 7215 10303 7211 10303 3102 10304 3106 10304 7211 10304 3102 10305 7211 10305 7207 10305 3098 10306 3102 10306 7207 10306 3098 10307 7207 10307 7204 10307 3095 10308 3098 10308 7204 10308 3095 10309 7204 10309 7200 10309 3090 10310 3095 10310 7200 10310 3090 10311 7200 10311 7195 10311 3086 10312 3090 10312 7195 10312 3086 10313 7195 10313 7191 10313 3082 10314 3086 10314 7191 10314 3082 10315 7191 10315 7187 10315 3079 10316 7187 10316 7185 10316 3079 10317 3082 10317 7187 10317 3079 10318 7185 10318 7180 10318 3075 10319 3079 10319 7180 10319 3071 10320 7180 10320 7177 10320 3071 10321 7177 10321 7173 10321 3071 10322 3075 10322 7180 10322 3067 10323 7173 10323 7169 10323 3067 10324 3071 10324 7173 10324 3063 10325 3067 10325 7169 10325 3058 10326 7169 10326 7164 10326 3058 10327 3063 10327 7169 10327 3055 10328 7164 10328 7160 10328 3055 10329 7160 10329 7154 10329 3055 10330 3058 10330 7164 10330 3049 10331 3055 10331 7154 10331 3045 10332 7154 10332 7150 10332 3045 10333 7150 10333 7144 10333 3045 10334 3049 10334 7154 10334 3039 10335 3045 10335 7144 10335 3041 10336 7144 10336 7147 10336 3041 10337 3039 10337 7144 10337 3042 10338 3041 10338 7147 10338 3042 10339 7147 10339 7148 10339 3046 10340 3042 10340 7148 10340 3046 10341 7148 10341 7152 10341 3050 10342 3046 10342 7152 10342 3050 10343 7152 10343 7156 10343 3056 10344 3050 10344 7156 10344 3056 10345 7156 10345 7162 10345 3061 10346 3056 10346 7162 10346 3061 10347 7162 10347 7167 10347 3065 10348 3061 10348 7167 10348 3065 10349 7167 10349 7171 10349 3065 10350 7171 10350 7174 10350 3068 10351 3065 10351 7174 10351 3072 10352 3068 10352 7174 10352 3072 10353 7174 10353 7178 10353 3077 10354 3072 10354 7178 10354 3077 10355 7178 10355 7183 10355 3080 10356 3077 10356 7183 10356 3080 10357 7183 10357 7186 10357 3083 10358 3080 10358 7186 10358 3083 10359 7186 10359 7189 10359 3087 10360 3083 10360 7189 10360 3087 10361 7189 10361 7193 10361 3092 10362 3087 10362 7193 10362 3092 10363 7193 10363 7197 10363 3097 10364 3092 10364 7197 10364 3097 10365 7197 10365 7203 10365 3097 10366 7203 10366 7205 10366 3099 10367 3097 10367 7205 10367 3103 10368 3099 10368 7205 10368 3103 10369 7205 10369 7209 10369 3107 10370 3103 10370 7209 10370 3107 10371 7209 10371 7213 10371 3111 10372 3107 10372 7213 10372 3111 10373 7213 10373 7217 10373 3116 10374 3111 10374 7217 10374 3116 10375 7217 10375 7221 10375 3120 10376 3116 10376 7221 10376 3120 10377 7221 10377 7226 10377 3120 10378 7226 10378 7230 10378 3124 10379 3120 10379 7230 10379 3128 10380 3124 10380 7230 10380 3128 10381 7230 10381 7233 10381 3132 10382 3128 10382 7233 10382 3132 10383 7233 10383 7238 10383 3137 10384 7238 10384 7243 10384 3137 10385 3132 10385 7238 10385 3140 10386 7243 10386 7245 10386 3140 10387 3137 10387 7243 10387 3144 10388 3140 10388 7245 10388 3144 10389 7245 10389 7250 10389 3144 10390 7250 10390 7252 10390 3147 10391 3144 10391 7252 10391 3149 10392 3147 10392 7252 10392 3149 10393 7252 10393 7255 10393 3151 10394 3149 10394 7255 10394 3151 10395 7255 10395 7257 10395 3153 10396 3151 10396 7257 10396 3153 10397 7257 10397 7258 10397 3155 10398 7258 10398 7261 10398 3155 10399 3153 10399 7258 10399 3157 10400 7261 10400 7262 10400 3157 10401 3155 10401 7261 10401 3159 10402 7262 10402 7265 10402 3159 10403 7265 10403 7266 10403 3159 10404 3157 10404 7262 10404 3160 10405 3159 10405 7266 10405 3162 10406 7266 10406 7268 10406 3162 10407 3160 10407 7266 10407 3165 10408 7268 10408 7271 10408 3165 10409 7271 10409 7462 10409 3165 10410 3162 10410 7268 10410 3356 10411 7462 10411 7454 10411 3356 10412 3165 10412 7462 10412 3348 10413 3356 10413 7454 10413 3336 10414 7454 10414 7442 10414 3336 10415 3348 10415 7454 10415 3333 10416 7442 10416 7439 10416 3333 10417 3336 10417 7442 10417 3330 10418 7439 10418 7436 10418 3330 10419 3333 10419 7439 10419 223 10420 219 10420 4359 10420 223 10421 4359 10421 4363 10421 228 10422 4363 10422 4368 10422 228 10423 223 10423 4363 10423 316 10424 4368 10424 4455 10424 316 10425 228 10425 4368 10425 313 10426 4455 10426 4452 10426 313 10427 316 10427 4455 10427 310 10428 4452 10428 4449 10428 310 10429 313 10429 4452 10429 307 10430 4449 10430 4446 10430 307 10431 310 10431 4449 10431 304 10432 4446 10432 4443 10432 304 10433 4443 10433 4440 10433 304 10434 307 10434 4446 10434 301 10435 4440 10435 4437 10435 301 10436 304 10436 4440 10436 298 10437 301 10437 4437 10437 295 10438 4437 10438 4434 10438 295 10439 4434 10439 4431 10439 295 10440 298 10440 4437 10440 292 10441 295 10441 4431 10441 289 10442 4431 10442 4428 10442 289 10443 292 10443 4431 10443 286 10444 4428 10444 4425 10444 286 10445 289 10445 4428 10445 283 10446 4425 10446 4422 10446 283 10447 4422 10447 4418 10447 283 10448 286 10448 4425 10448 279 10449 283 10449 4418 10449 275 10450 4418 10450 4414 10450 275 10451 279 10451 4418 10451 273 10452 4414 10452 4413 10452 273 10453 275 10453 4414 10453 276 10454 4413 10454 4416 10454 276 10455 273 10455 4413 10455 281 10456 4416 10456 4420 10456 281 10457 4420 10457 4391 10457 281 10458 276 10458 4416 10458 252 10459 281 10459 4391 10459 250 10460 252 10460 4391 10460 250 10461 4391 10461 4390 10461 253 10462 250 10462 4390 10462 253 10463 4390 10463 4392 10463 254 10464 253 10464 4392 10464 254 10465 4392 10465 4393 10465 255 10466 254 10466 4393 10466 255 10467 4393 10467 4394 10467 256 10468 255 10468 4394 10468 256 10469 4394 10469 4395 10469 257 10470 4395 10470 4396 10470 257 10471 256 10471 4395 10471 258 10472 4396 10472 4397 10472 258 10473 257 10473 4396 10473 259 10474 4397 10474 4398 10474 259 10475 258 10475 4397 10475 260 10476 4398 10476 4399 10476 260 10477 259 10477 4398 10477 261 10478 4399 10478 4400 10478 261 10479 260 10479 4399 10479 262 10480 4400 10480 4401 10480 262 10481 261 10481 4400 10481 263 10482 4401 10482 4402 10482 263 10483 262 10483 4401 10483 264 10484 4402 10484 4403 10484 264 10485 263 10485 4402 10485 265 10486 4403 10486 4404 10486 265 10487 264 10487 4403 10487 266 10488 4404 10488 4405 10488 266 10489 265 10489 4404 10489 267 10490 4405 10490 4406 10490 267 10491 266 10491 4405 10491 268 10492 4406 10492 4407 10492 268 10493 267 10493 4406 10493 269 10494 4407 10494 4408 10494 269 10495 268 10495 4407 10495 270 10496 4408 10496 4409 10496 270 10497 269 10497 4408 10497 271 10498 4409 10498 4410 10498 271 10499 270 10499 4409 10499 272 10500 4410 10500 4411 10500 272 10501 271 10501 4410 10501 899 10502 4411 10502 5039 10502 899 10503 272 10503 4411 10503 901 10504 5039 10504 5040 10504 901 10505 899 10505 5039 10505 904 10506 5040 10506 5043 10506 904 10507 901 10507 5040 10507 62 10508 904 10508 5043 10508 62 10509 5043 10509 4201 10509 59 10510 62 10510 4201 10510 59 10511 4201 10511 4198 10511 55 10512 59 10512 4198 10512 55 10513 4198 10513 4194 10513 52 10514 55 10514 4194 10514 52 10515 4194 10515 4191 10515 49 10516 52 10516 4191 10516 49 10517 4191 10517 4188 10517 46 10518 49 10518 4188 10518 46 10519 4188 10519 4185 10519 43 10520 46 10520 4185 10520 43 10521 4185 10521 4182 10521 40 10522 43 10522 4182 10522 40 10523 4182 10523 4179 10523 37 10524 40 10524 4179 10524 37 10525 4179 10525 4176 10525 35 10526 37 10526 4176 10526 35 10527 4176 10527 4174 10527 32 10528 35 10528 4174 10528 32 10529 4174 10529 4171 10529 30 10530 32 10530 4171 10530 30 10531 4171 10531 4169 10531 28 10532 30 10532 4169 10532 28 10533 4169 10533 4167 10533 26 10534 28 10534 4167 10534 26 10535 4167 10535 4165 10535 24 10536 4165 10536 4163 10536 24 10537 26 10537 4165 10537 24 10538 4163 10538 4161 10538 22 10539 24 10539 4161 10539 20 10540 4161 10540 4159 10540 20 10541 4159 10541 4157 10541 20 10542 22 10542 4161 10542 18 10543 4157 10543 4155 10543 18 10544 20 10544 4157 10544 16 10545 18 10545 4155 10545 14 10546 4155 10546 4153 10546 14 10547 16 10547 4155 10547 12 10548 4153 10548 4151 10548 12 10549 4151 10549 4149 10549 12 10550 14 10550 4153 10550 10 10551 12 10551 4149 10551 8 10552 4149 10552 4147 10552 8 10553 4147 10553 4143 10553 8 10554 10 10554 4149 10554 5 10555 8 10555 4143 10555 6 10556 4143 10556 4145 10556 6 10557 5 10557 4143 10557 7 10558 6 10558 4145 10558 7 10559 4145 10559 4146 10559 9 10560 7 10560 4146 10560 9 10561 4146 10561 4148 10561 11 10562 9 10562 4148 10562 11 10563 4148 10563 4150 10563 13 10564 11 10564 4150 10564 13 10565 4150 10565 4152 10565 15 10566 13 10566 4152 10566 15 10567 4152 10567 4154 10567 17 10568 15 10568 4154 10568 17 10569 4154 10569 4156 10569 17 10570 4156 10570 4158 10570 19 10571 17 10571 4158 10571 21 10572 19 10572 4158 10572 21 10573 4158 10573 4160 10573 23 10574 21 10574 4160 10574 23 10575 4160 10575 4162 10575 25 10576 23 10576 4162 10576 25 10577 4162 10577 4164 10577 27 10578 25 10578 4164 10578 27 10579 4164 10579 4166 10579 29 10580 27 10580 4166 10580 29 10581 4166 10581 4168 10581 31 10582 29 10582 4168 10582 31 10583 4168 10583 4170 10583 33 10584 31 10584 4170 10584 33 10585 4170 10585 4172 10585 33 10586 4172 10586 4175 10586 36 10587 33 10587 4175 10587 38 10588 36 10588 4175 10588 38 10589 4175 10589 4177 10589 41 10590 38 10590 4177 10590 41 10591 4177 10591 4180 10591 44 10592 41 10592 4180 10592 44 10593 4180 10593 4183 10593 47 10594 44 10594 4183 10594 47 10595 4183 10595 4186 10595 50 10596 47 10596 4186 10596 50 10597 4186 10597 4189 10597 50 10598 4189 10598 4192 10598 53 10599 50 10599 4192 10599 56 10600 53 10600 4192 10600 56 10601 4192 10601 4195 10601 60 10602 56 10602 4195 10602 60 10603 4195 10603 4199 10603 63 10604 4199 10604 4202 10604 63 10605 60 10605 4199 10605 66 10606 4202 10606 4205 10606 66 10607 63 10607 4202 10607 70 10608 66 10608 4205 10608 70 10609 4205 10609 4209 10609 70 10610 4209 10610 4212 10610 73 10611 70 10611 4212 10611 78 10612 73 10612 4212 10612 78 10613 4212 10613 4217 10613 83 10614 78 10614 4217 10614 83 10615 4217 10615 4222 10615 89 10616 83 10616 4222 10616 89 10617 4222 10617 4228 10617 92 10618 4228 10618 4231 10618 92 10619 89 10619 4228 10619 93 10620 4231 10620 4232 10620 93 10621 92 10621 4231 10621 188 10622 4232 10622 4328 10622 188 10623 4328 10623 4331 10623 188 10624 93 10624 4232 10624 192 10625 188 10625 4331 10625 196 10626 4331 10626 4336 10626 196 10627 192 10627 4331 10627 200 10628 4336 10628 4340 10628 200 10629 4340 10629 4344 10629 200 10630 196 10630 4336 10630 204 10631 4344 10631 4347 10631 204 10632 200 10632 4344 10632 207 10633 204 10633 4347 10633 211 10634 4347 10634 4351 10634 211 10635 207 10635 4347 10635 215 10636 4351 10636 4355 10636 215 10637 211 10637 4351 10637 219 10638 4355 10638 4359 10638 219 10639 215 10639 4355 10639 1727 10640 1724 10640 5863 10640 1727 10641 5863 10641 5866 10641 1732 10642 5866 10642 5870 10642 1732 10643 1727 10643 5866 10643 1736 10644 5870 10644 5874 10644 1736 10645 1732 10645 5870 10645 1740 10646 5874 10646 5878 10646 1740 10647 1736 10647 5874 10647 1743 10648 5878 10648 5882 10648 1743 10649 1740 10649 5878 10649 1748 10650 5882 10650 5886 10650 1748 10651 1743 10651 5882 10651 1752 10652 5886 10652 5890 10652 1752 10653 5890 10653 5894 10653 1752 10654 1748 10654 5886 10654 1756 10655 5894 10655 5856 10655 1756 10656 1752 10656 5894 10656 1718 10657 1756 10657 5856 10657 1716 10658 5856 10658 5855 10658 1716 10659 5855 10659 5851 10659 1716 10660 1718 10660 5856 10660 1713 10661 1716 10661 5851 10661 1569 10662 5851 10662 5707 10662 1569 10663 1713 10663 5851 10663 1564 10664 5707 10664 5702 10664 1564 10665 1569 10665 5707 10665 1411 10666 5702 10666 5549 10666 1411 10667 5549 10667 5465 10667 1411 10668 1564 10668 5702 10668 1326 10669 1411 10669 5465 10669 1281 10670 5465 10670 5420 10670 1281 10671 1326 10671 5465 10671 1278 10672 5420 10672 5417 10672 1278 10673 1281 10673 5420 10673 1276 10674 5417 10674 5415 10674 1276 10675 1278 10675 5417 10675 1273 10676 5415 10676 5412 10676 1273 10677 5412 10677 5410 10677 1273 10678 1276 10678 5415 10678 1271 10679 1273 10679 5410 10679 1252 10680 1271 10680 5410 10680 1252 10681 5410 10681 5391 10681 1143 10682 1252 10682 5391 10682 1143 10683 5391 10683 5282 10683 1085 10684 1143 10684 5282 10684 1085 10685 5282 10685 5224 10685 1049 10686 1085 10686 5224 10686 1049 10687 5224 10687 5188 10687 1004 10688 1049 10688 5188 10688 1004 10689 5188 10689 5143 10689 1003 10690 5143 10690 5142 10690 1003 10691 1004 10691 5143 10691 1001 10692 5142 10692 5140 10692 1001 10693 1003 10693 5142 10693 965 10694 5140 10694 5104 10694 965 10695 1001 10695 5140 10695 964 10696 5104 10696 5103 10696 964 10697 965 10697 5104 10697 966 10698 5103 10698 5105 10698 966 10699 964 10699 5103 10699 967 10700 5105 10700 5106 10700 967 10701 966 10701 5105 10701 968 10702 5106 10702 5107 10702 968 10703 967 10703 5106 10703 969 10704 5107 10704 5108 10704 969 10705 968 10705 5107 10705 970 10706 5108 10706 5109 10706 970 10707 969 10707 5108 10707 971 10708 5109 10708 5110 10708 971 10709 970 10709 5109 10709 972 10710 5110 10710 5111 10710 972 10711 971 10711 5110 10711 973 10712 5111 10712 5112 10712 973 10713 972 10713 5111 10713 974 10714 5112 10714 5113 10714 974 10715 973 10715 5112 10715 975 10716 5113 10716 5114 10716 975 10717 974 10717 5113 10717 976 10718 5114 10718 5115 10718 976 10719 975 10719 5114 10719 977 10720 5115 10720 5116 10720 977 10721 976 10721 5115 10721 978 10722 5116 10722 5117 10722 978 10723 977 10723 5116 10723 979 10724 5117 10724 5118 10724 979 10725 978 10725 5117 10725 980 10726 5118 10726 5119 10726 980 10727 979 10727 5118 10727 981 10728 980 10728 5119 10728 981 10729 5119 10729 5120 10729 982 10730 981 10730 5120 10730 982 10731 5120 10731 5121 10731 983 10732 982 10732 5121 10732 983 10733 5121 10733 5122 10733 984 10734 983 10734 5122 10734 984 10735 5122 10735 5123 10735 985 10736 984 10736 5123 10736 985 10737 5123 10737 5124 10737 986 10738 985 10738 5124 10738 986 10739 5124 10739 5125 10739 987 10740 986 10740 5125 10740 987 10741 5125 10741 5126 10741 988 10742 987 10742 5126 10742 988 10743 5126 10743 5127 10743 989 10744 988 10744 5127 10744 989 10745 5127 10745 5128 10745 990 10746 989 10746 5128 10746 990 10747 5128 10747 5129 10747 991 10748 990 10748 5129 10748 991 10749 5129 10749 5130 10749 992 10750 991 10750 5130 10750 992 10751 5130 10751 5131 10751 993 10752 992 10752 5131 10752 993 10753 5131 10753 5132 10753 994 10754 993 10754 5132 10754 994 10755 5132 10755 5133 10755 995 10756 5133 10756 5134 10756 995 10757 994 10757 5133 10757 995 10758 5134 10758 5135 10758 996 10759 995 10759 5135 10759 997 10760 5135 10760 5136 10760 997 10761 5136 10761 5137 10761 997 10762 996 10762 5135 10762 998 10763 5137 10763 5138 10763 998 10764 997 10764 5137 10764 999 10765 998 10765 5138 10765 1000 10766 5138 10766 5139 10766 1000 10767 999 10767 5138 10767 908 10768 5139 10768 5047 10768 908 10769 5047 10769 5045 10769 908 10770 1000 10770 5139 10770 906 10771 908 10771 5045 10771 903 10772 5045 10772 5042 10772 903 10773 5042 10773 5038 10773 903 10774 906 10774 5045 10774 900 10775 903 10775 5038 10775 898 10776 5038 10776 5037 10776 898 10777 900 10777 5038 10777 902 10778 898 10778 5037 10778 902 10779 5037 10779 5041 10779 905 10780 902 10780 5041 10780 905 10781 5041 10781 5044 10781 907 10782 905 10782 5044 10782 907 10783 5044 10783 5046 10783 909 10784 907 10784 5046 10784 909 10785 5046 10785 5048 10785 910 10786 909 10786 5048 10786 910 10787 5048 10787 5049 10787 911 10788 910 10788 5049 10788 911 10789 5049 10789 5050 10789 911 10790 5050 10790 5051 10790 912 10791 911 10791 5051 10791 913 10792 912 10792 5051 10792 913 10793 5051 10793 5052 10793 914 10794 913 10794 5052 10794 914 10795 5052 10795 5053 10795 915 10796 914 10796 5053 10796 915 10797 5053 10797 5054 10797 916 10798 915 10798 5054 10798 916 10799 5054 10799 5055 10799 917 10800 916 10800 5055 10800 917 10801 5055 10801 5056 10801 918 10802 917 10802 5056 10802 918 10803 5056 10803 5057 10803 919 10804 918 10804 5057 10804 919 10805 5057 10805 5058 10805 919 10806 5058 10806 5059 10806 920 10807 919 10807 5059 10807 921 10808 920 10808 5059 10808 921 10809 5059 10809 5060 10809 922 10810 921 10810 5060 10810 922 10811 5060 10811 5061 10811 923 10812 922 10812 5061 10812 923 10813 5061 10813 5062 10813 924 10814 923 10814 5062 10814 924 10815 5062 10815 5063 10815 925 10816 924 10816 5063 10816 925 10817 5063 10817 5064 10817 925 10818 5064 10818 5065 10818 926 10819 925 10819 5065 10819 927 10820 926 10820 5065 10820 927 10821 5065 10821 5066 10821 929 10822 927 10822 5066 10822 929 10823 5066 10823 5068 10823 931 10824 5068 10824 5070 10824 931 10825 929 10825 5068 10825 933 10826 5070 10826 5072 10826 933 10827 931 10827 5070 10827 935 10828 933 10828 5072 10828 935 10829 5072 10829 5074 10829 935 10830 5074 10830 5076 10830 937 10831 935 10831 5076 10831 939 10832 937 10832 5076 10832 939 10833 5076 10833 5078 10833 941 10834 939 10834 5078 10834 941 10835 5078 10835 5080 10835 943 10836 941 10836 5080 10836 943 10837 5080 10837 5082 10837 945 10838 5082 10838 5084 10838 945 10839 943 10839 5082 10839 947 10840 5084 10840 5086 10840 947 10841 945 10841 5084 10841 949 10842 5086 10842 5088 10842 949 10843 5088 10843 5090 10843 949 10844 947 10844 5086 10844 951 10845 949 10845 5090 10845 953 10846 5090 10846 5092 10846 953 10847 951 10847 5090 10847 955 10848 5092 10848 5094 10848 955 10849 5094 10849 5096 10849 955 10850 953 10850 5092 10850 957 10851 5096 10851 5098 10851 957 10852 955 10852 5096 10852 959 10853 957 10853 5098 10853 961 10854 5098 10854 5100 10854 961 10855 959 10855 5098 10855 1720 10856 5100 10856 5859 10856 1720 10857 961 10857 5100 10857 1724 10858 5859 10858 5863 10858 1724 10859 1720 10859 5859 10859 2485 10860 2479 10860 6618 10860 2485 10861 6618 10861 6623 10861 2487 10862 6623 10862 6626 10862 2487 10863 2485 10863 6623 10863 2493 10864 6626 10864 6631 10864 2493 10865 2487 10865 6626 10865 2496 10866 6631 10866 6635 10866 2496 10867 2493 10867 6631 10867 2500 10868 6635 10868 6638 10868 2500 10869 2496 10869 6635 10869 2503 10870 6638 10870 6642 10870 2503 10871 2500 10871 6638 10871 2507 10872 6642 10872 6646 10872 2507 10873 6646 10873 6650 10873 2507 10874 2503 10874 6642 10874 2511 10875 6650 10875 6654 10875 2511 10876 2507 10876 6650 10876 2515 10877 2511 10877 6654 10877 2520 10878 6654 10878 6659 10878 2520 10879 6659 10879 6663 10879 2520 10880 2515 10880 6654 10880 2524 10881 2520 10881 6663 10881 2528 10882 6663 10882 6667 10882 2528 10883 2524 10883 6663 10883 2531 10884 6667 10884 6670 10884 2531 10885 2528 10885 6667 10885 2535 10886 6670 10886 6674 10886 2535 10887 6674 10887 6679 10887 2535 10888 2531 10888 6670 10888 2540 10889 2535 10889 6679 10889 2651 10890 6679 10890 6789 10890 2651 10891 2540 10891 6679 10891 2652 10892 6789 10892 6790 10892 2652 10893 2651 10893 6789 10893 2653 10894 6790 10894 6791 10894 2653 10895 2652 10895 6790 10895 2654 10896 6791 10896 6792 10896 2654 10897 6792 10897 6793 10897 2654 10898 2653 10898 6791 10898 2655 10899 2654 10899 6793 10899 2656 10900 2655 10900 6793 10900 2656 10901 6793 10901 6794 10901 2657 10902 2656 10902 6794 10902 2657 10903 6794 10903 6795 10903 2658 10904 2657 10904 6795 10904 2658 10905 6795 10905 6796 10905 2659 10906 2658 10906 6796 10906 2659 10907 6796 10907 6797 10907 2660 10908 2659 10908 6797 10908 2660 10909 6797 10909 6798 10909 1966 10910 6798 10910 6104 10910 1966 10911 2660 10911 6798 10911 1965 10912 6104 10912 6103 10912 1965 10913 1966 10913 6104 10913 1964 10914 6103 10914 6102 10914 1964 10915 1965 10915 6103 10915 1963 10916 6102 10916 6101 10916 1963 10917 1964 10917 6102 10917 1962 10918 6101 10918 6100 10918 1962 10919 1963 10919 6101 10919 1961 10920 6100 10920 6099 10920 1961 10921 1962 10921 6100 10921 1960 10922 6099 10922 6098 10922 1960 10923 1961 10923 6099 10923 1958 10924 6098 10924 6096 10924 1958 10925 1960 10925 6098 10925 1955 10926 6096 10926 6093 10926 1955 10927 1958 10927 6096 10927 1951 10928 6093 10928 6089 10928 1951 10929 1955 10929 6093 10929 1948 10930 6089 10930 6086 10930 1948 10931 1951 10931 6089 10931 1945 10932 6086 10932 6083 10932 1945 10933 1948 10933 6086 10933 1943 10934 6083 10934 6081 10934 1943 10935 1945 10935 6083 10935 1939 10936 6081 10936 6077 10936 1939 10937 1943 10937 6081 10937 1937 10938 6077 10938 6075 10938 1937 10939 1939 10939 6077 10939 1933 10940 6075 10940 6071 10940 1933 10941 1937 10941 6075 10941 1930 10942 6071 10942 6068 10942 1930 10943 1933 10943 6071 10943 1928 10944 6068 10944 6066 10944 1928 10945 1930 10945 6068 10945 1924 10946 6066 10946 6062 10946 1924 10947 1928 10947 6066 10947 1922 10948 1924 10948 6062 10948 1922 10949 6062 10949 6060 10949 1918 10950 1922 10950 6060 10950 1918 10951 6060 10951 6056 10951 1915 10952 1918 10952 6056 10952 1915 10953 6056 10953 6053 10953 1912 10954 1915 10954 6053 10954 1912 10955 6053 10955 6050 10955 1909 10956 1912 10956 6050 10956 1909 10957 6050 10957 6047 10957 1907 10958 1909 10958 6047 10958 1907 10959 6047 10959 6045 10959 1903 10960 1907 10960 6045 10960 1903 10961 6045 10961 6041 10961 1901 10962 1903 10962 6041 10962 1901 10963 6041 10963 6039 10963 1897 10964 1901 10964 6039 10964 1897 10965 6039 10965 6035 10965 1895 10966 1897 10966 6035 10966 1895 10967 6035 10967 6033 10967 1891 10968 1895 10968 6033 10968 1891 10969 6033 10969 6029 10969 1888 10970 1891 10970 6029 10970 1888 10971 6029 10971 6026 10971 1885 10972 1888 10972 6026 10972 1885 10973 6026 10973 6023 10973 1882 10974 1885 10974 6023 10974 1882 10975 6023 10975 6020 10975 1880 10976 6020 10976 6018 10976 1880 10977 1882 10977 6020 10977 1880 10978 6018 10978 6014 10978 1876 10979 1880 10979 6014 10979 1873 10980 6014 10980 6011 10980 1873 10981 6011 10981 6007 10981 1873 10982 1876 10982 6014 10982 1870 10983 6007 10983 6003 10983 1870 10984 1873 10984 6007 10984 1866 10985 1870 10985 6003 10985 1862 10986 6003 10986 5999 10986 1862 10987 1866 10987 6003 10987 1858 10988 5999 10988 5996 10988 1858 10989 5996 10989 5991 10989 1858 10990 1862 10990 5999 10990 1854 10991 1858 10991 5991 10991 1850 10992 5991 10992 5987 10992 1850 10993 5987 10993 5985 10993 1850 10994 1854 10994 5991 10994 1847 10995 1850 10995 5985 10995 1844 10996 5985 10996 5981 10996 1844 10997 1847 10997 5985 10997 1848 10998 1844 10998 5981 10998 1848 10999 5981 10999 5986 10999 1851 11000 1848 11000 5986 11000 1851 11001 5986 11001 5989 11001 1856 11002 1851 11002 5989 11002 1856 11003 5989 11003 5994 11003 1859 11004 1856 11004 5994 11004 1859 11005 5994 11005 5997 11005 1863 11006 1859 11006 5997 11006 1863 11007 5997 11007 6001 11007 1867 11008 1863 11008 6001 11008 1867 11009 6001 11009 6005 11009 1867 11010 6005 11010 6009 11010 1871 11011 1867 11011 6009 11011 1874 11012 1871 11012 6009 11012 1874 11013 6009 11013 6012 11013 1878 11014 1874 11014 6012 11014 1878 11015 6012 11015 6015 11015 1881 11016 1878 11016 6015 11016 1881 11017 6015 11017 6019 11017 1883 11018 1881 11018 6019 11018 1883 11019 6019 11019 6021 11019 1886 11020 1883 11020 6021 11020 1886 11021 6021 11021 6024 11021 1889 11022 1886 11022 6024 11022 1889 11023 6024 11023 6027 11023 1892 11024 1889 11024 6027 11024 1892 11025 6027 11025 6030 11025 1892 11026 6030 11026 6034 11026 1896 11027 1892 11027 6034 11027 1898 11028 1896 11028 6034 11028 1898 11029 6034 11029 6036 11029 1902 11030 1898 11030 6036 11030 1902 11031 6036 11031 6040 11031 1905 11032 1902 11032 6040 11032 1905 11033 6040 11033 6042 11033 1908 11034 1905 11034 6042 11034 1908 11035 6042 11035 6046 11035 1910 11036 1908 11036 6046 11036 1910 11037 6046 11037 6048 11037 1910 11038 6048 11038 6051 11038 1913 11039 1910 11039 6051 11039 1916 11040 1913 11040 6051 11040 1916 11041 6051 11041 6054 11041 1919 11042 1916 11042 6054 11042 1919 11043 6054 11043 6057 11043 1923 11044 6057 11044 6061 11044 1923 11045 1919 11045 6057 11045 1926 11046 6061 11046 6063 11046 1926 11047 1923 11047 6061 11047 1929 11048 1926 11048 6063 11048 1929 11049 6063 11049 6067 11049 1929 11050 6067 11050 6069 11050 1931 11051 1929 11051 6069 11051 1934 11052 1931 11052 6069 11052 1934 11053 6069 11053 6072 11053 1938 11054 1934 11054 6072 11054 1938 11055 6072 11055 6076 11055 1940 11056 1938 11056 6076 11056 1940 11057 6076 11057 6078 11057 1944 11058 6078 11058 6082 11058 1944 11059 1940 11059 6078 11059 1946 11060 6082 11060 6084 11060 1946 11061 1944 11061 6082 11061 1949 11062 6084 11062 6087 11062 1949 11063 6087 11063 6090 11063 1949 11064 1946 11064 6084 11064 1952 11065 1949 11065 6090 11065 1956 11066 6090 11066 6094 11066 1956 11067 1952 11067 6090 11067 1959 11068 6094 11068 6097 11068 1959 11069 6097 11069 6482 11069 1959 11070 1956 11070 6094 11070 2343 11071 6482 11071 6607 11071 2343 11072 1959 11072 6482 11072 2468 11073 2343 11073 6607 11073 2471 11074 6607 11074 6610 11074 2471 11075 2468 11075 6607 11075 2475 11076 6610 11076 6614 11076 2475 11077 2471 11077 6610 11077 2479 11078 6614 11078 6618 11078 2479 11079 2475 11079 6614 11079 408 11080 406 11080 4545 11080 408 11081 4545 11081 4548 11081 411 11082 4548 11082 4551 11082 411 11083 408 11083 4548 11083 414 11084 4551 11084 4554 11084 414 11085 411 11085 4551 11085 417 11086 4554 11086 4557 11086 417 11087 414 11087 4554 11087 249 11088 4557 11088 4388 11088 249 11089 417 11089 4557 11089 246 11090 4388 11090 4385 11090 246 11091 249 11091 4388 11091 244 11092 4385 11092 4384 11092 244 11093 4384 11093 4381 11093 244 11094 246 11094 4385 11094 242 11095 4381 11095 4380 11095 242 11096 244 11096 4381 11096 240 11097 242 11097 4380 11097 238 11098 4380 11098 4377 11098 238 11099 4377 11099 4376 11099 238 11100 240 11100 4380 11100 236 11101 238 11101 4376 11101 234 11102 4376 11102 4373 11102 234 11103 236 11103 4376 11103 232 11104 4373 11104 4372 11104 232 11105 234 11105 4373 11105 227 11106 4372 11106 4366 11106 227 11107 4366 11107 4365 11107 227 11108 232 11108 4372 11108 226 11109 227 11109 4365 11109 222 11110 4365 11110 4361 11110 222 11111 226 11111 4365 11111 218 11112 4361 11112 4357 11112 218 11113 222 11113 4361 11113 214 11114 4357 11114 4353 11114 214 11115 218 11115 4357 11115 210 11116 4353 11116 4349 11116 210 11117 4349 11117 4342 11117 210 11118 214 11118 4353 11118 203 11119 210 11119 4342 11119 199 11120 203 11120 4342 11120 199 11121 4342 11121 4338 11121 195 11122 199 11122 4338 11122 195 11123 4338 11123 4334 11123 194 11124 195 11124 4334 11124 194 11125 4334 11125 4333 11125 187 11126 194 11126 4333 11126 187 11127 4333 11127 4326 11127 186 11128 187 11128 4326 11128 186 11129 4326 11129 4325 11129 183 11130 4325 11130 4322 11130 183 11131 186 11131 4325 11131 178 11132 4322 11132 4317 11132 178 11133 183 11133 4322 11133 177 11134 4317 11134 4316 11134 177 11135 178 11135 4317 11135 174 11136 4316 11136 4313 11136 174 11137 177 11137 4316 11137 171 11138 4313 11138 4310 11138 171 11139 174 11139 4313 11139 166 11140 4310 11140 4305 11140 166 11141 171 11141 4310 11141 163 11142 4305 11142 4302 11142 163 11143 166 11143 4305 11143 162 11144 4302 11144 4301 11144 162 11145 163 11145 4302 11145 156 11146 4301 11146 4295 11146 156 11147 162 11147 4301 11147 154 11148 4295 11148 4294 11148 154 11149 156 11149 4295 11149 151 11150 4294 11150 4290 11150 151 11151 154 11151 4294 11151 144 11152 4290 11152 4283 11152 144 11153 151 11153 4290 11153 140 11154 4283 11154 4279 11154 140 11155 144 11155 4283 11155 136 11156 4279 11156 4275 11156 136 11157 140 11157 4279 11157 135 11158 4275 11158 4274 11158 135 11159 136 11159 4275 11159 130 11160 4274 11160 4270 11160 130 11161 135 11161 4274 11161 133 11162 4270 11162 4272 11162 133 11163 130 11163 4270 11163 138 11164 4272 11164 4277 11164 138 11165 133 11165 4272 11165 142 11166 4277 11166 4281 11166 142 11167 138 11167 4277 11167 146 11168 142 11168 4281 11168 146 11169 4281 11169 4285 11169 149 11170 146 11170 4285 11170 149 11171 4285 11171 4288 11171 153 11172 149 11172 4288 11172 153 11173 4288 11173 4292 11173 157 11174 153 11174 4292 11174 157 11175 4292 11175 4297 11175 129 11176 157 11176 4297 11176 129 11177 4297 11177 4268 11177 128 11178 129 11178 4268 11178 128 11179 4268 11179 4267 11179 127 11180 128 11180 4267 11180 127 11181 4267 11181 4266 11181 126 11182 127 11182 4266 11182 126 11183 4266 11183 4265 11183 125 11184 126 11184 4265 11184 125 11185 4265 11185 4264 11185 123 11186 125 11186 4264 11186 123 11187 4264 11187 4262 11187 121 11188 123 11188 4262 11188 121 11189 4262 11189 4260 11189 119 11190 121 11190 4260 11190 119 11191 4260 11191 4258 11191 117 11192 119 11192 4258 11192 117 11193 4258 11193 4256 11193 115 11194 117 11194 4256 11194 115 11195 4256 11195 4254 11195 113 11196 4254 11196 4252 11196 113 11197 115 11197 4254 11197 113 11198 4252 11198 4250 11198 111 11199 113 11199 4250 11199 109 11200 4250 11200 4248 11200 109 11201 4248 11201 4246 11201 109 11202 111 11202 4250 11202 107 11203 4246 11203 4244 11203 107 11204 109 11204 4246 11204 105 11205 107 11205 4244 11205 103 11206 4244 11206 4242 11206 103 11207 105 11207 4244 11207 101 11208 4242 11208 4240 11208 101 11209 4240 11209 4238 11209 101 11210 103 11210 4242 11210 99 11211 101 11211 4238 11211 97 11212 4238 11212 4236 11212 97 11213 4236 11213 4233 11213 97 11214 99 11214 4238 11214 94 11215 97 11215 4233 11215 95 11216 4233 11216 4234 11216 95 11217 94 11217 4233 11217 96 11218 95 11218 4234 11218 96 11219 4234 11219 4235 11219 98 11220 96 11220 4235 11220 98 11221 4235 11221 4237 11221 100 11222 98 11222 4237 11222 100 11223 4237 11223 4239 11223 102 11224 100 11224 4239 11224 102 11225 4239 11225 4241 11225 104 11226 102 11226 4241 11226 104 11227 4241 11227 4243 11227 106 11228 104 11228 4243 11228 106 11229 4243 11229 4245 11229 106 11230 4245 11230 4247 11230 108 11231 106 11231 4247 11231 110 11232 108 11232 4247 11232 110 11233 4247 11233 4249 11233 112 11234 110 11234 4249 11234 112 11235 4249 11235 4251 11235 114 11236 112 11236 4251 11236 114 11237 4251 11237 4253 11237 116 11238 114 11238 4253 11238 116 11239 4253 11239 4255 11239 118 11240 116 11240 4255 11240 118 11241 4255 11241 4257 11241 120 11242 118 11242 4257 11242 120 11243 4257 11243 4259 11243 122 11244 120 11244 4259 11244 122 11245 4259 11245 4261 11245 122 11246 4261 11246 4263 11246 124 11247 122 11247 4263 11247 357 11248 124 11248 4263 11248 357 11249 4263 11249 4496 11249 358 11250 357 11250 4496 11250 358 11251 4496 11251 4497 11251 359 11252 358 11252 4497 11252 359 11253 4497 11253 4498 11253 360 11254 359 11254 4498 11254 360 11255 4498 11255 4499 11255 361 11256 360 11256 4499 11256 361 11257 4499 11257 4500 11257 361 11258 4500 11258 4501 11258 362 11259 361 11259 4501 11259 363 11260 362 11260 4501 11260 363 11261 4501 11261 4502 11261 364 11262 363 11262 4502 11262 364 11263 4502 11263 4503 11263 365 11264 4503 11264 4504 11264 365 11265 364 11265 4503 11265 366 11266 4504 11266 4505 11266 366 11267 365 11267 4504 11267 367 11268 366 11268 4505 11268 367 11269 4505 11269 4506 11269 367 11270 4506 11270 4513 11270 374 11271 367 11271 4513 11271 370 11272 374 11272 4513 11272 370 11273 4513 11273 4509 11273 368 11274 370 11274 4509 11274 368 11275 4509 11275 4508 11275 371 11276 368 11276 4508 11276 371 11277 4508 11277 4511 11277 375 11278 4511 11278 4515 11278 375 11279 371 11279 4511 11279 379 11280 4515 11280 4518 11280 379 11281 375 11281 4515 11281 382 11282 4518 11282 4521 11282 382 11283 4521 11283 4524 11283 382 11284 379 11284 4518 11284 385 11285 382 11285 4524 11285 388 11286 4524 11286 4527 11286 388 11287 385 11287 4524 11287 391 11288 4527 11288 4530 11288 391 11289 4530 11289 4533 11289 391 11290 388 11290 4527 11290 394 11291 4533 11291 4536 11291 394 11292 391 11292 4533 11292 396 11293 394 11293 4536 11293 400 11294 4536 11294 4539 11294 400 11295 396 11295 4536 11295 403 11296 4539 11296 4542 11296 403 11297 400 11297 4539 11297 406 11298 4542 11298 4545 11298 406 11299 403 11299 4542 11299 445 11300 444 11300 4583 11300 445 11301 4583 11301 4584 11301 757 11302 4584 11302 4897 11302 757 11303 445 11303 4584 11303 759 11304 4897 11304 4898 11304 759 11305 757 11305 4897 11305 760 11306 4898 11306 4899 11306 760 11307 759 11307 4898 11307 761 11308 4899 11308 4900 11308 761 11309 760 11309 4899 11309 709 11310 4900 11310 4848 11310 709 11311 761 11311 4900 11311 707 11312 4848 11312 4846 11312 707 11313 4846 11313 4845 11313 707 11314 709 11314 4848 11314 706 11315 4845 11315 4843 11315 706 11316 707 11316 4845 11316 704 11317 706 11317 4843 11317 702 11318 4843 11318 4841 11318 702 11319 4841 11319 4838 11319 702 11320 704 11320 4843 11320 699 11321 702 11321 4838 11321 692 11322 4838 11322 4831 11322 692 11323 699 11323 4838 11323 690 11324 4831 11324 4830 11324 690 11325 692 11325 4831 11325 687 11326 4830 11326 4826 11326 687 11327 4826 11327 4818 11327 687 11328 690 11328 4830 11328 679 11329 687 11329 4818 11329 678 11330 4818 11330 4817 11330 678 11331 679 11331 4818 11331 672 11332 4817 11332 4811 11332 672 11333 678 11333 4817 11333 666 11334 4811 11334 4805 11334 666 11335 672 11335 4811 11335 660 11336 4805 11336 4799 11336 660 11337 4799 11337 4789 11337 660 11338 666 11338 4805 11338 650 11339 660 11339 4789 11339 649 11340 650 11340 4789 11340 649 11341 4789 11341 4788 11341 638 11342 649 11342 4788 11342 638 11343 4788 11343 4777 11343 637 11344 638 11344 4777 11344 637 11345 4777 11345 4776 11345 621 11346 637 11346 4776 11346 621 11347 4776 11347 4760 11347 615 11348 621 11348 4760 11348 615 11349 4760 11349 4754 11349 613 11350 4754 11350 4753 11350 613 11351 615 11351 4754 11351 607 11352 4753 11352 4746 11352 607 11353 613 11353 4753 11353 593 11354 4746 11354 4732 11354 593 11355 607 11355 4746 11355 592 11356 4732 11356 4731 11356 592 11357 593 11357 4732 11357 587 11358 4731 11358 4726 11358 587 11359 592 11359 4731 11359 576 11360 4726 11360 4715 11360 576 11361 587 11361 4726 11361 575 11362 4715 11362 4714 11362 575 11363 576 11363 4715 11363 564 11364 4714 11364 4703 11364 564 11365 575 11365 4714 11365 558 11366 4703 11366 4697 11366 558 11367 564 11367 4703 11367 554 11368 4697 11368 4693 11368 554 11369 558 11369 4697 11369 553 11370 4693 11370 4692 11370 553 11371 554 11371 4693 11371 542 11372 4692 11372 4681 11372 542 11373 553 11373 4692 11373 541 11374 4681 11374 4680 11374 541 11375 542 11375 4681 11375 534 11376 4680 11376 4673 11376 534 11377 541 11377 4680 11377 530 11378 4673 11378 4669 11378 530 11379 534 11379 4673 11379 528 11380 4669 11380 4668 11380 528 11381 530 11381 4669 11381 531 11382 4668 11382 4670 11382 531 11383 528 11383 4668 11383 536 11384 4670 11384 4675 11384 536 11385 531 11385 4670 11385 539 11386 4675 11386 4678 11386 539 11387 536 11387 4675 11387 546 11388 539 11388 4678 11388 546 11389 4678 11389 4685 11389 549 11390 546 11390 4685 11390 549 11391 4685 11391 4688 11391 555 11392 549 11392 4688 11392 555 11393 4688 11393 4695 11393 561 11394 555 11394 4695 11394 561 11395 4695 11395 4701 11395 565 11396 561 11396 4701 11396 565 11397 4701 11397 4705 11397 570 11398 565 11398 4705 11398 570 11399 4705 11399 4710 11399 577 11400 570 11400 4710 11400 577 11401 4710 11401 4717 11401 584 11402 577 11402 4717 11402 584 11403 4717 11403 4724 11403 418 11404 584 11404 4724 11404 418 11405 4724 11405 4556 11405 415 11406 418 11406 4556 11406 415 11407 4556 11407 4553 11407 412 11408 415 11408 4553 11408 412 11409 4553 11409 4550 11409 409 11410 412 11410 4550 11410 409 11411 4550 11411 4547 11411 405 11412 409 11412 4547 11412 405 11413 4547 11413 4544 11413 402 11414 405 11414 4544 11414 402 11415 4544 11415 4541 11415 399 11416 4541 11416 4538 11416 399 11417 402 11417 4541 11417 399 11418 4538 11418 4535 11418 397 11419 399 11419 4535 11419 393 11420 4535 11420 4532 11420 393 11421 4532 11421 4529 11421 393 11422 397 11422 4535 11422 390 11423 4529 11423 4526 11423 390 11424 393 11424 4529 11424 387 11425 390 11425 4526 11425 384 11426 4526 11426 4523 11426 384 11427 387 11427 4526 11427 381 11428 4523 11428 4520 11428 381 11429 4520 11429 4517 11429 381 11430 384 11430 4523 11430 378 11431 381 11431 4517 11431 376 11432 4517 11432 4514 11432 376 11433 4514 11433 4510 11433 376 11434 378 11434 4517 11434 372 11435 376 11435 4510 11435 369 11436 4510 11436 4507 11436 369 11437 372 11437 4510 11437 373 11438 369 11438 4507 11438 373 11439 4507 11439 4512 11439 377 11440 373 11440 4512 11440 377 11441 4512 11441 4516 11441 380 11442 377 11442 4516 11442 380 11443 4516 11443 4519 11443 383 11444 380 11444 4519 11444 383 11445 4519 11445 4522 11445 386 11446 383 11446 4522 11446 386 11447 4522 11447 4525 11447 389 11448 386 11448 4525 11448 389 11449 4525 11449 4528 11449 389 11450 4528 11450 4531 11450 392 11451 389 11451 4531 11451 395 11452 392 11452 4531 11452 395 11453 4531 11453 4534 11453 398 11454 395 11454 4534 11454 398 11455 4534 11455 4537 11455 401 11456 398 11456 4537 11456 401 11457 4537 11457 4540 11457 404 11458 401 11458 4540 11458 404 11459 4540 11459 4543 11459 407 11460 404 11460 4543 11460 407 11461 4543 11461 4546 11461 410 11462 407 11462 4546 11462 410 11463 4546 11463 4549 11463 413 11464 410 11464 4549 11464 413 11465 4549 11465 4552 11465 413 11466 4552 11466 4555 11466 416 11467 413 11467 4555 11467 419 11468 416 11468 4555 11468 419 11469 4555 11469 4558 11469 420 11470 419 11470 4558 11470 420 11471 4558 11471 4559 11471 421 11472 420 11472 4559 11472 421 11473 4559 11473 4560 11473 422 11474 421 11474 4560 11474 422 11475 4560 11475 4561 11475 423 11476 422 11476 4561 11476 423 11477 4561 11477 4562 11477 423 11478 4562 11478 4563 11478 424 11479 423 11479 4563 11479 425 11480 424 11480 4563 11480 425 11481 4563 11481 4564 11481 426 11482 425 11482 4564 11482 426 11483 4564 11483 4565 11483 427 11484 4565 11484 4566 11484 427 11485 426 11485 4565 11485 428 11486 4566 11486 4567 11486 428 11487 427 11487 4566 11487 429 11488 428 11488 4567 11488 429 11489 4567 11489 4568 11489 429 11490 4568 11490 4569 11490 430 11491 429 11491 4569 11491 431 11492 430 11492 4569 11492 431 11493 4569 11493 4570 11493 432 11494 431 11494 4570 11494 432 11495 4570 11495 4571 11495 433 11496 432 11496 4571 11496 433 11497 4571 11497 4572 11497 434 11498 4572 11498 4573 11498 434 11499 433 11499 4572 11499 435 11500 4573 11500 4574 11500 435 11501 434 11501 4573 11501 436 11502 4574 11502 4575 11502 436 11503 4575 11503 4576 11503 436 11504 435 11504 4574 11504 437 11505 436 11505 4576 11505 438 11506 4576 11506 4577 11506 438 11507 437 11507 4576 11507 439 11508 4577 11508 4578 11508 439 11509 4578 11509 4579 11509 439 11510 438 11510 4577 11510 440 11511 4579 11511 4580 11511 440 11512 439 11512 4579 11512 441 11513 440 11513 4580 11513 442 11514 4580 11514 4581 11514 442 11515 441 11515 4580 11515 443 11516 4581 11516 4582 11516 443 11517 442 11517 4581 11517 444 11518 4582 11518 4583 11518 444 11519 443 11519 4582 11519 762 11520 763 11520 4902 11520 762 11521 4902 11521 4901 11521 764 11522 4901 11522 4903 11522 764 11523 762 11523 4901 11523 765 11524 4903 11524 4904 11524 765 11525 764 11525 4903 11525 767 11526 4904 11526 4906 11526 767 11527 765 11527 4904 11527 769 11528 4906 11528 4908 11528 769 11529 767 11529 4906 11529 771 11530 4908 11530 4910 11530 771 11531 769 11531 4908 11531 773 11532 4910 11532 4912 11532 773 11533 4912 11533 4914 11533 773 11534 771 11534 4910 11534 775 11535 4914 11535 4915 11535 775 11536 773 11536 4914 11536 776 11537 775 11537 4915 11537 777 11538 4915 11538 4916 11538 777 11539 4916 11539 4917 11539 777 11540 776 11540 4915 11540 778 11541 777 11541 4917 11541 779 11542 4917 11542 4918 11542 779 11543 778 11543 4917 11543 780 11544 4918 11544 4919 11544 780 11545 779 11545 4918 11545 781 11546 4919 11546 4920 11546 781 11547 4920 11547 4921 11547 781 11548 780 11548 4919 11548 782 11549 781 11549 4921 11549 783 11550 4921 11550 4922 11550 783 11551 782 11551 4921 11551 784 11552 4922 11552 4923 11552 784 11553 783 11553 4922 11553 785 11554 4923 11554 4924 11554 785 11555 784 11555 4923 11555 786 11556 4924 11556 4925 11556 786 11557 4925 11557 4926 11557 786 11558 785 11558 4924 11558 787 11559 786 11559 4926 11559 788 11560 787 11560 4926 11560 788 11561 4926 11561 4927 11561 789 11562 788 11562 4927 11562 789 11563 4927 11563 4928 11563 790 11564 789 11564 4928 11564 790 11565 4928 11565 4929 11565 791 11566 790 11566 4929 11566 791 11567 4929 11567 4930 11567 792 11568 791 11568 4930 11568 792 11569 4930 11569 4931 11569 793 11570 4931 11570 4932 11570 793 11571 792 11571 4931 11571 794 11572 4932 11572 4933 11572 794 11573 793 11573 4932 11573 795 11574 4933 11574 4934 11574 795 11575 794 11575 4933 11575 796 11576 4934 11576 4935 11576 796 11577 795 11577 4934 11577 797 11578 4935 11578 4936 11578 797 11579 796 11579 4935 11579 823 11580 4936 11580 4962 11580 823 11581 797 11581 4936 11581 826 11582 4962 11582 4965 11582 826 11583 823 11583 4962 11583 829 11584 4965 11584 4968 11584 829 11585 826 11585 4965 11585 832 11586 4968 11586 4971 11586 832 11587 829 11587 4968 11587 835 11588 4971 11588 4974 11588 835 11589 832 11589 4971 11589 838 11590 4974 11590 4977 11590 838 11591 835 11591 4974 11591 841 11592 4977 11592 4980 11592 841 11593 838 11593 4977 11593 700 11594 4980 11594 4839 11594 700 11595 841 11595 4980 11595 696 11596 4839 11596 4835 11596 696 11597 700 11597 4839 11597 694 11598 4835 11598 4832 11598 694 11599 696 11599 4835 11599 689 11600 4832 11600 4827 11600 689 11601 694 11601 4832 11601 685 11602 4827 11602 4823 11602 685 11603 689 11603 4827 11603 681 11604 4823 11604 4820 11604 681 11605 685 11605 4823 11605 673 11606 4820 11606 4812 11606 673 11607 681 11607 4820 11607 667 11608 673 11608 4812 11608 667 11609 4812 11609 4806 11609 661 11610 667 11610 4806 11610 661 11611 4806 11611 4800 11611 655 11612 661 11612 4800 11612 655 11613 4800 11613 4794 11613 651 11614 655 11614 4794 11614 651 11615 4794 11615 4790 11615 643 11616 651 11616 4790 11616 643 11617 4790 11617 4782 11617 639 11618 643 11618 4782 11618 639 11619 4782 11619 4778 11619 632 11620 639 11620 4778 11620 632 11621 4778 11621 4771 11621 624 11622 632 11622 4771 11622 624 11623 4771 11623 4763 11623 617 11624 624 11624 4763 11624 617 11625 4763 11625 4755 11625 610 11626 617 11626 4755 11626 610 11627 4755 11627 4749 11627 602 11628 610 11628 4749 11628 602 11629 4749 11629 4740 11629 596 11630 602 11630 4740 11630 596 11631 4740 11631 4735 11631 590 11632 596 11632 4735 11632 590 11633 4735 11633 4729 11633 585 11634 590 11634 4729 11634 585 11635 4729 11635 4723 11635 578 11636 4723 11636 4716 11636 578 11637 585 11637 4723 11637 578 11638 4716 11638 4709 11638 571 11639 578 11639 4709 11639 566 11640 4709 11640 4704 11640 566 11641 4704 11641 4700 11641 566 11642 571 11642 4709 11642 562 11643 4700 11643 4694 11643 562 11644 566 11644 4700 11644 556 11645 562 11645 4694 11645 548 11646 4694 11646 4687 11646 548 11647 556 11647 4694 11647 545 11648 4687 11648 4684 11648 545 11649 4684 11649 4677 11649 545 11650 548 11650 4687 11650 538 11651 545 11651 4677 11651 535 11652 4677 11652 4674 11652 535 11653 4674 11653 4671 11653 535 11654 538 11654 4677 11654 532 11655 535 11655 4671 11655 529 11656 4671 11656 4667 11656 529 11657 532 11657 4671 11657 533 11658 529 11658 4667 11658 533 11659 4667 11659 4672 11659 537 11660 533 11660 4672 11660 537 11661 4672 11661 4676 11661 540 11662 537 11662 4676 11662 540 11663 4676 11663 4679 11663 547 11664 540 11664 4679 11664 547 11665 4679 11665 4686 11665 552 11666 547 11666 4686 11666 552 11667 4686 11667 4691 11667 557 11668 552 11668 4691 11668 557 11669 4691 11669 4696 11669 557 11670 4696 11670 4702 11670 563 11671 557 11671 4702 11671 569 11672 563 11672 4702 11672 569 11673 4702 11673 4708 11673 574 11674 569 11674 4708 11674 574 11675 4708 11675 4713 11675 581 11676 574 11676 4713 11676 581 11677 4713 11677 4720 11677 586 11678 581 11678 4720 11678 586 11679 4720 11679 4725 11679 591 11680 586 11680 4725 11680 591 11681 4725 11681 4730 11681 600 11682 591 11682 4730 11682 600 11683 4730 11683 4739 11683 606 11684 600 11684 4739 11684 606 11685 4739 11685 4745 11685 606 11686 4745 11686 4752 11686 614 11687 606 11687 4752 11687 620 11688 614 11688 4752 11688 620 11689 4752 11689 4759 11689 628 11690 620 11690 4759 11690 628 11691 4759 11691 4767 11691 636 11692 628 11692 4767 11692 636 11693 4767 11693 4775 11693 642 11694 636 11694 4775 11694 642 11695 4775 11695 4781 11695 648 11696 642 11696 4781 11696 648 11697 4781 11697 4787 11697 648 11698 4787 11698 4793 11698 654 11699 648 11699 4793 11699 659 11700 654 11700 4793 11700 659 11701 4793 11701 4798 11701 665 11702 659 11702 4798 11702 665 11703 4798 11703 4804 11703 671 11704 4804 11704 4810 11704 671 11705 665 11705 4804 11705 677 11706 4810 11706 4816 11706 677 11707 671 11707 4810 11707 683 11708 677 11708 4816 11708 683 11709 4816 11709 4822 11709 683 11710 4822 11710 4825 11710 686 11711 683 11711 4825 11711 691 11712 686 11712 4825 11712 691 11713 4825 11713 4829 11713 695 11714 691 11714 4829 11714 695 11715 4829 11715 4834 11715 698 11716 695 11716 4834 11716 698 11717 4834 11717 4837 11717 701 11718 4837 11718 4840 11718 701 11719 698 11719 4837 11719 703 11720 4840 11720 4842 11720 703 11721 701 11721 4840 11721 705 11722 4842 11722 4844 11722 705 11723 4844 11723 4847 11723 705 11724 703 11724 4842 11724 708 11725 705 11725 4847 11725 710 11726 4847 11726 4849 11726 710 11727 708 11727 4847 11727 766 11728 4849 11728 4905 11728 766 11729 4905 11729 4907 11729 766 11730 710 11730 4849 11730 768 11731 4907 11731 4909 11731 768 11732 766 11732 4907 11732 770 11733 768 11733 4909 11733 772 11734 4909 11734 4911 11734 772 11735 770 11735 4909 11735 774 11736 4911 11736 4913 11736 774 11737 772 11737 4911 11737 763 11738 4913 11738 4902 11738 763 11739 774 11739 4913 11739 2661 11740 2662 11740 6800 11740 2661 11741 6800 11741 6799 11741 2663 11742 6799 11742 6801 11742 2663 11743 2661 11743 6799 11743 2664 11744 6801 11744 6802 11744 2664 11745 2663 11745 6801 11745 2665 11746 6802 11746 6803 11746 2665 11747 2664 11747 6802 11747 2666 11748 6803 11748 6804 11748 2666 11749 2665 11749 6803 11749 2667 11750 6804 11750 6805 11750 2667 11751 2666 11751 6804 11751 2668 11752 6805 11752 6806 11752 2668 11753 6806 11753 6807 11753 2668 11754 2667 11754 6805 11754 2669 11755 6807 11755 6808 11755 2669 11756 2668 11756 6807 11756 2670 11757 2669 11757 6808 11757 2671 11758 6808 11758 6809 11758 2671 11759 6809 11759 6810 11759 2671 11760 2670 11760 6808 11760 2672 11761 2671 11761 6810 11761 2673 11762 6810 11762 6811 11762 2673 11763 2672 11763 6810 11763 2674 11764 6811 11764 6812 11764 2674 11765 2673 11765 6811 11765 2675 11766 6812 11766 6813 11766 2675 11767 6813 11767 6814 11767 2675 11768 2674 11768 6812 11768 2676 11769 2675 11769 6814 11769 2677 11770 6814 11770 6815 11770 2677 11771 2676 11771 6814 11771 2678 11772 6815 11772 6816 11772 2678 11773 2677 11773 6815 11773 2679 11774 6816 11774 6817 11774 2679 11775 2678 11775 6816 11775 2680 11776 6817 11776 6818 11776 2680 11777 6818 11777 6819 11777 2680 11778 2679 11778 6817 11778 2681 11779 2680 11779 6819 11779 2682 11780 2681 11780 6819 11780 2682 11781 6819 11781 6820 11781 2683 11782 2682 11782 6820 11782 2683 11783 6820 11783 6821 11783 2684 11784 2683 11784 6821 11784 2684 11785 6821 11785 6822 11785 2685 11786 2684 11786 6822 11786 2685 11787 6822 11787 6823 11787 2686 11788 2685 11788 6823 11788 2686 11789 6823 11789 6824 11789 2687 11790 6824 11790 6825 11790 2687 11791 2686 11791 6824 11791 2688 11792 6825 11792 6826 11792 2688 11793 2687 11793 6825 11793 2641 11794 6826 11794 6779 11794 2641 11795 2688 11795 6826 11795 2639 11796 6779 11796 6778 11796 2639 11797 2641 11797 6779 11797 2642 11798 6778 11798 6780 11798 2642 11799 2639 11799 6778 11799 2643 11800 6780 11800 6781 11800 2643 11801 2642 11801 6780 11801 2644 11802 6781 11802 6782 11802 2644 11803 2643 11803 6781 11803 2645 11804 6782 11804 6783 11804 2645 11805 2644 11805 6782 11805 2646 11806 6783 11806 6784 11806 2646 11807 2645 11807 6783 11807 2647 11808 6784 11808 6785 11808 2647 11809 2646 11809 6784 11809 2648 11810 6785 11810 6786 11810 2648 11811 2647 11811 6785 11811 2649 11812 6786 11812 6787 11812 2649 11813 2648 11813 6786 11813 2650 11814 6787 11814 6788 11814 2650 11815 2649 11815 6787 11815 2541 11816 6788 11816 6678 11816 2541 11817 2650 11817 6788 11817 2536 11818 6678 11818 6673 11818 2536 11819 2541 11819 6678 11819 2532 11820 6673 11820 6669 11820 2532 11821 2536 11821 6673 11821 2529 11822 6669 11822 6666 11822 2529 11823 2532 11823 6669 11823 2525 11824 6666 11824 6662 11824 2525 11825 2529 11825 6666 11825 2521 11826 6662 11826 6658 11826 2521 11827 2525 11827 6662 11827 2516 11828 2521 11828 6658 11828 2516 11829 6658 11829 6653 11829 2512 11830 2516 11830 6653 11830 2512 11831 6653 11831 6649 11831 2508 11832 2512 11832 6649 11832 2508 11833 6649 11833 6645 11833 2504 11834 2508 11834 6645 11834 2504 11835 6645 11835 6641 11835 2499 11836 2504 11836 6641 11836 2499 11837 6641 11837 6637 11837 2497 11838 2499 11838 6637 11838 2497 11839 6637 11839 6634 11839 2492 11840 2497 11840 6634 11840 2492 11841 6634 11841 6630 11841 2488 11842 2492 11842 6630 11842 2488 11843 6630 11843 6625 11843 2484 11844 2488 11844 6625 11844 2484 11845 6625 11845 6622 11845 2480 11846 2484 11846 6622 11846 2480 11847 6622 11847 6617 11847 2476 11848 2480 11848 6617 11848 2476 11849 6617 11849 6613 11849 2472 11850 2476 11850 6613 11850 2472 11851 6613 11851 6609 11851 2469 11852 2472 11852 6609 11852 2469 11853 6609 11853 6606 11853 2464 11854 2469 11854 6606 11854 2464 11855 6606 11855 6601 11855 2460 11856 6601 11856 6597 11856 2460 11857 2464 11857 6601 11857 2460 11858 6597 11858 6593 11858 2456 11859 2460 11859 6593 11859 2452 11860 6593 11860 6589 11860 2452 11861 6589 11861 6586 11861 2452 11862 2456 11862 6593 11862 2448 11863 6586 11863 6581 11863 2448 11864 2452 11864 6586 11864 2444 11865 2448 11865 6581 11865 2440 11866 6581 11866 6577 11866 2440 11867 2444 11867 6581 11867 2437 11868 6577 11868 6575 11868 2437 11869 6575 11869 6570 11869 2437 11870 2440 11870 6577 11870 2433 11871 2437 11871 6570 11871 2429 11872 6570 11872 6566 11872 2429 11873 6566 11873 6559 11873 2429 11874 2433 11874 6570 11874 2422 11875 2429 11875 6559 11875 2425 11876 6559 11876 6563 11876 2425 11877 2422 11877 6559 11877 2426 11878 2425 11878 6563 11878 2426 11879 6563 11879 6564 11879 2430 11880 2426 11880 6564 11880 2430 11881 6564 11881 6568 11881 2435 11882 2430 11882 6568 11882 2435 11883 6568 11883 6572 11883 2438 11884 2435 11884 6572 11884 2438 11885 6572 11885 6576 11885 2441 11886 2438 11886 6576 11886 2441 11887 6576 11887 6579 11887 2446 11888 2441 11888 6579 11888 2446 11889 6579 11889 6584 11889 2446 11890 6584 11890 6587 11890 2449 11891 2446 11891 6587 11891 2453 11892 2449 11892 6587 11892 2453 11893 6587 11893 6591 11893 2457 11894 2453 11894 6591 11894 2457 11895 6591 11895 6595 11895 2461 11896 2457 11896 6595 11896 2461 11897 6595 11897 6599 11897 2465 11898 2461 11898 6599 11898 2465 11899 6599 11899 6603 11899 2470 11900 2465 11900 6603 11900 2470 11901 6603 11901 6608 11901 2473 11902 2470 11902 6608 11902 2473 11903 6608 11903 6611 11903 2477 11904 2473 11904 6611 11904 2477 11905 6611 11905 6615 11905 2477 11906 6615 11906 6619 11906 2482 11907 2477 11907 6619 11907 2486 11908 2482 11908 6619 11908 2486 11909 6619 11909 6624 11909 2490 11910 2486 11910 6624 11910 2490 11911 6624 11911 6627 11911 2494 11912 2490 11912 6627 11912 2494 11913 6627 11913 6632 11913 2498 11914 2494 11914 6632 11914 2498 11915 6632 11915 6636 11915 2501 11916 2498 11916 6636 11916 2501 11917 6636 11917 6639 11917 2501 11918 6639 11918 6643 11918 2505 11919 2501 11919 6643 11919 2509 11920 2505 11920 6643 11920 2509 11921 6643 11921 6647 11921 2513 11922 2509 11922 6647 11922 2513 11923 6647 11923 6651 11923 2517 11924 6651 11924 6655 11924 2517 11925 2513 11925 6651 11925 2522 11926 6655 11926 6660 11926 2522 11927 2517 11927 6655 11927 2526 11928 2522 11928 6660 11928 2526 11929 6660 11929 6664 11929 2526 11930 6664 11930 6668 11930 2530 11931 2526 11931 6668 11931 2533 11932 2530 11932 6668 11932 2533 11933 6668 11933 6671 11933 2537 11934 2533 11934 6671 11934 2537 11935 6671 11935 6675 11935 2542 11936 2537 11936 6675 11936 2542 11937 6675 11937 6680 11937 2543 11938 6680 11938 6681 11938 2543 11939 2542 11939 6680 11939 2546 11940 6681 11940 6683 11940 2546 11941 2543 11941 6681 11941 2548 11942 6683 11942 6686 11942 2548 11943 6686 11943 6688 11943 2548 11944 2546 11944 6683 11944 2550 11945 2548 11945 6688 11945 2551 11946 6688 11946 6689 11946 2551 11947 2550 11947 6688 11947 2552 11948 6689 11948 6690 11948 2552 11949 6690 11949 6691 11949 2552 11950 2551 11950 6689 11950 2553 11951 6691 11951 6692 11951 2553 11952 2552 11952 6691 11952 2554 11953 2553 11953 6692 11953 2555 11954 6692 11954 6693 11954 2555 11955 2554 11955 6692 11955 2556 11956 6693 11956 6694 11956 2556 11957 2555 11957 6693 11957 2662 11958 6694 11958 6800 11958 2662 11959 2556 11959 6694 11959 2407 11960 2408 11960 6546 11960 2407 11961 6546 11961 6545 11961 2410 11962 6545 11962 6548 11962 2410 11963 2407 11963 6545 11963 2412 11964 6548 11964 6550 11964 2412 11965 2410 11965 6548 11965 2414 11966 6550 11966 6552 11966 2414 11967 2412 11967 6550 11967 2416 11968 6552 11968 6554 11968 2416 11969 2414 11969 6552 11969 2418 11970 6554 11970 6556 11970 2418 11971 2416 11971 6554 11971 2549 11972 6556 11972 6687 11972 2549 11973 6687 11973 6685 11973 2549 11974 2418 11974 6556 11974 2547 11975 6685 11975 6684 11975 2547 11976 2549 11976 6685 11976 2545 11977 2547 11977 6684 11977 2544 11978 6684 11978 6682 11978 2544 11979 6682 11979 6677 11979 2544 11980 2545 11980 6684 11980 2539 11981 2544 11981 6677 11981 2538 11982 6677 11982 6676 11982 2538 11983 2539 11983 6677 11983 2534 11984 6676 11984 6672 11984 2534 11985 2538 11985 6676 11985 2527 11986 6672 11986 6665 11986 2527 11987 6665 11987 6661 11987 2527 11988 2534 11988 6672 11988 2523 11989 2527 11989 6661 11989 2519 11990 6661 11990 6657 11990 2519 11991 2523 11991 6661 11991 2518 11992 6657 11992 6656 11992 2518 11993 2519 11993 6657 11993 2514 11994 6656 11994 6652 11994 2514 11995 2518 11995 6656 11995 2510 11996 6652 11996 6648 11996 2510 11997 6648 11997 6644 11997 2510 11998 2514 11998 6652 11998 2506 11999 2510 11999 6644 11999 2502 12000 2506 12000 6644 12000 2502 12001 6644 12001 6640 12001 2495 12002 2502 12002 6640 12002 2495 12003 6640 12003 6633 12003 2491 12004 2495 12004 6633 12004 2491 12005 6633 12005 6629 12005 2489 12006 2491 12006 6629 12006 2489 12007 6629 12007 6628 12007 2483 12008 2489 12008 6628 12008 2483 12009 6628 12009 6621 12009 2481 12010 6621 12010 6620 12010 2481 12011 2483 12011 6621 12011 2478 12012 6620 12012 6616 12012 2478 12013 2481 12013 6620 12013 2474 12014 6616 12014 6612 12014 2474 12015 2478 12015 6616 12015 2467 12016 6612 12016 6605 12016 2467 12017 2474 12017 6612 12017 2466 12018 6605 12018 6604 12018 2466 12019 2467 12019 6605 12019 2462 12020 6604 12020 6600 12020 2462 12021 2466 12021 6604 12021 2458 12022 6600 12022 6596 12022 2458 12023 2462 12023 6600 12023 2454 12024 6596 12024 6592 12024 2454 12025 2458 12025 6596 12025 2450 12026 6592 12026 6588 12026 2450 12027 2454 12027 6592 12027 2447 12028 6588 12028 6585 12028 2447 12029 2450 12029 6588 12029 2442 12030 6585 12030 6580 12030 2442 12031 2447 12031 6585 12031 2436 12032 6580 12032 6574 12032 2436 12033 2442 12033 6580 12033 2434 12034 6574 12034 6573 12034 2434 12035 2436 12035 6574 12035 2431 12036 6573 12036 6569 12036 2431 12037 2434 12037 6573 12037 2427 12038 6569 12038 6565 12038 2427 12039 2431 12039 6569 12039 2423 12040 6565 12040 6561 12040 2423 12041 2427 12041 6565 12041 2421 12042 6561 12042 6560 12042 2421 12043 2423 12043 6561 12043 2424 12044 6560 12044 6562 12044 2424 12045 2421 12045 6560 12045 2428 12046 6562 12046 6567 12046 2428 12047 2424 12047 6562 12047 2432 12048 2428 12048 6567 12048 2432 12049 6567 12049 6571 12049 2439 12050 2432 12050 6571 12050 2439 12051 6571 12051 6578 12051 2443 12052 2439 12052 6578 12052 2443 12053 6578 12053 6582 12053 2445 12054 2443 12054 6582 12054 2445 12055 6582 12055 6583 12055 2451 12056 2445 12056 6583 12056 2451 12057 6583 12057 6590 12057 2455 12058 2451 12058 6590 12058 2455 12059 6590 12059 6594 12059 2459 12060 2455 12060 6594 12060 2459 12061 6594 12061 6598 12061 2463 12062 2459 12062 6598 12062 2463 12063 6598 12063 6602 12063 2344 12064 2463 12064 6602 12064 2344 12065 6602 12065 6481 12065 2342 12066 2344 12066 6481 12066 2342 12067 6481 12067 6480 12067 2341 12068 2342 12068 6480 12068 2341 12069 6480 12069 6478 12069 2339 12070 2341 12070 6478 12070 2339 12071 6478 12071 6476 12071 2336 12072 2339 12072 6476 12072 2336 12073 6476 12073 6474 12073 2332 12074 2336 12074 6474 12074 2332 12075 6474 12075 6470 12075 2328 12076 6470 12076 6466 12076 2328 12077 2332 12077 6470 12077 2328 12078 6466 12078 6462 12078 2324 12079 2328 12079 6462 12079 2320 12080 6462 12080 6458 12080 2320 12081 6458 12081 6454 12081 2320 12082 2324 12082 6462 12082 2316 12083 6454 12083 6450 12083 2316 12084 2320 12084 6454 12084 2313 12085 2316 12085 6450 12085 2309 12086 6450 12086 6446 12086 2309 12087 2313 12087 6450 12087 2304 12088 6446 12088 6442 12088 2304 12089 6442 12089 6439 12089 2304 12090 2309 12090 6446 12090 2302 12091 2304 12091 6439 12091 2299 12092 6439 12092 6436 12092 2299 12093 6436 12093 6432 12093 2299 12094 2302 12094 6439 12094 2295 12095 2299 12095 6432 12095 2292 12096 6432 12096 6429 12096 2292 12097 2295 12097 6432 12097 2296 12098 2292 12098 6429 12098 2296 12099 6429 12099 6434 12099 2300 12100 2296 12100 6434 12100 2300 12101 6434 12101 6438 12101 2303 12102 2300 12102 6438 12102 2303 12103 6438 12103 6441 12103 2306 12104 2303 12104 6441 12104 2306 12105 6441 12105 6444 12105 2310 12106 2306 12106 6444 12106 2310 12107 6444 12107 6448 12107 2314 12108 2310 12108 6448 12108 2314 12109 6448 12109 6452 12109 2314 12110 6452 12110 6456 12110 2318 12111 2314 12111 6456 12111 2322 12112 2318 12112 6456 12112 2322 12113 6456 12113 6460 12113 2326 12114 2322 12114 6460 12114 2326 12115 6460 12115 6464 12115 2330 12116 2326 12116 6464 12116 2330 12117 6464 12117 6468 12117 2334 12118 2330 12118 6468 12118 2334 12119 6468 12119 6472 12119 2385 12120 2334 12120 6472 12120 2385 12121 6472 12121 6523 12121 2386 12122 2385 12122 6523 12122 2386 12123 6523 12123 6524 12123 2387 12124 2386 12124 6524 12124 2387 12125 6524 12125 6525 12125 2387 12126 6525 12126 6526 12126 2388 12127 2387 12127 6526 12127 2389 12128 2388 12128 6526 12128 2389 12129 6526 12129 6527 12129 2390 12130 2389 12130 6527 12130 2390 12131 6527 12131 6528 12131 2391 12132 2390 12132 6528 12132 2391 12133 6528 12133 6529 12133 2392 12134 2391 12134 6529 12134 2392 12135 6529 12135 6530 12135 2393 12136 2392 12136 6530 12136 2393 12137 6530 12137 6531 12137 2393 12138 6531 12138 6532 12138 2394 12139 2393 12139 6532 12139 2395 12140 2394 12140 6532 12140 2395 12141 6532 12141 6533 12141 2396 12142 2395 12142 6533 12142 2396 12143 6533 12143 6534 12143 2397 12144 6534 12144 6535 12144 2397 12145 2396 12145 6534 12145 2398 12146 6535 12146 6536 12146 2398 12147 2397 12147 6535 12147 2399 12148 2398 12148 6536 12148 2399 12149 6536 12149 6537 12149 2399 12150 6537 12150 6538 12150 2400 12151 2399 12151 6538 12151 2401 12152 2400 12152 6538 12152 2401 12153 6538 12153 6539 12153 2402 12154 2401 12154 6539 12154 2402 12155 6539 12155 6540 12155 2403 12156 2402 12156 6540 12156 2403 12157 6540 12157 6541 12157 2404 12158 6541 12158 6542 12158 2404 12159 2403 12159 6541 12159 2405 12160 6542 12160 6543 12160 2405 12161 2404 12161 6542 12161 2406 12162 6543 12162 6544 12162 2406 12163 6544 12163 6547 12163 2406 12164 2405 12164 6543 12164 2409 12165 2406 12165 6547 12165 2411 12166 6547 12166 6549 12166 2411 12167 2409 12167 6547 12167 2413 12168 6549 12168 6551 12168 2413 12169 6551 12169 6553 12169 2413 12170 2411 12170 6549 12170 2415 12171 6553 12171 6555 12171 2415 12172 2413 12172 6553 12172 2417 12173 2415 12173 6555 12173 2419 12174 6555 12174 6557 12174 2419 12175 2417 12175 6555 12175 2420 12176 6557 12176 6558 12176 2420 12177 2419 12177 6557 12177 2408 12178 6558 12178 6546 12178 2408 12179 2420 12179 6558 12179 4047 12180 4048 12180 8154 12180 4047 12181 8154 12181 8153 12181 4050 12182 8153 12182 8156 12182 4050 12183 4047 12183 8153 12183 4052 12184 8156 12184 8158 12184 4052 12185 4050 12185 8156 12185 4054 12186 8158 12186 8160 12186 4054 12187 4052 12187 8158 12187 4056 12188 8160 12188 8162 12188 4056 12189 4054 12189 8160 12189 4058 12190 8162 12190 8164 12190 4058 12191 4056 12191 8162 12191 4060 12192 8164 12192 8166 12192 4060 12193 8166 12193 8168 12193 4060 12194 4058 12194 8164 12194 4062 12195 8168 12195 8169 12195 4062 12196 4060 12196 8168 12196 4063 12197 4062 12197 8169 12197 4027 12198 8169 12198 8133 12198 4027 12199 8133 12199 8132 12199 4027 12200 4063 12200 8169 12200 4025 12201 4027 12201 8132 12201 4028 12202 8132 12202 8134 12202 4028 12203 4025 12203 8132 12203 4029 12204 8134 12204 8135 12204 4029 12205 4028 12205 8134 12205 4030 12206 8135 12206 8136 12206 4030 12207 8136 12207 8137 12207 4030 12208 4029 12208 8135 12208 4031 12209 4030 12209 8137 12209 4032 12210 8137 12210 8138 12210 4032 12211 4031 12211 8137 12211 4033 12212 8138 12212 8139 12212 4033 12213 4032 12213 8138 12213 4034 12214 8139 12214 8140 12214 4034 12215 4033 12215 8139 12215 4035 12216 8140 12216 8141 12216 4035 12217 8141 12217 8142 12217 4035 12218 4034 12218 8140 12218 4036 12219 4035 12219 8142 12219 4037 12220 4036 12220 8142 12220 4037 12221 8142 12221 8143 12221 4038 12222 4037 12222 8143 12222 4038 12223 8143 12223 8144 12223 4039 12224 4038 12224 8144 12224 4039 12225 8144 12225 8145 12225 4040 12226 4039 12226 8145 12226 4040 12227 8145 12227 8146 12227 4041 12228 4040 12228 8146 12228 4041 12229 8146 12229 8147 12229 4042 12230 8147 12230 8148 12230 4042 12231 4041 12231 8147 12231 4043 12232 8148 12232 8149 12232 4043 12233 4042 12233 8148 12233 4044 12234 8149 12234 8150 12234 4044 12235 4043 12235 8149 12235 4064 12236 8150 12236 8171 12236 4064 12237 4044 12237 8150 12237 4066 12238 8171 12238 8172 12238 4066 12239 4064 12239 8171 12239 4068 12240 8172 12240 8175 12240 4068 12241 4066 12241 8172 12241 4072 12242 8175 12242 8179 12242 4072 12243 4068 12243 8175 12243 4075 12244 8179 12244 8182 12244 4075 12245 4072 12245 8179 12245 4078 12246 8182 12246 8185 12246 4078 12247 4075 12247 8182 12247 4081 12248 8185 12248 8188 12248 4081 12249 4078 12249 8185 12249 4084 12250 8188 12250 8191 12250 4084 12251 4081 12251 8188 12251 4090 12252 8191 12252 8197 12252 4090 12253 4084 12253 8191 12253 4093 12254 8197 12254 8200 12254 4093 12255 4090 12255 8197 12255 4099 12256 8200 12256 8206 12256 4099 12257 4093 12257 8200 12257 4106 12258 8206 12258 8213 12258 4106 12259 4099 12259 8206 12259 4098 12260 8213 12260 8204 12260 4098 12261 4106 12261 8213 12261 4087 12262 8204 12262 8193 12262 4087 12263 4098 12263 8204 12263 4071 12264 8193 12264 8177 12264 4071 12265 4087 12265 8193 12265 4016 12266 8177 12266 8122 12266 4016 12267 4071 12267 8177 12267 4015 12268 4016 12268 8122 12268 4015 12269 8122 12269 8121 12269 3967 12270 4015 12270 8121 12270 3967 12271 8121 12271 8073 12271 3964 12272 3967 12272 8073 12272 3964 12273 8073 12273 8070 12273 3962 12274 3964 12274 8070 12274 3962 12275 8070 12275 8067 12275 3959 12276 3962 12276 8067 12276 3959 12277 8067 12277 8064 12277 3956 12278 3959 12278 8064 12278 3956 12279 8064 12279 8061 12279 3952 12280 3956 12280 8061 12280 3952 12281 8061 12281 8058 12281 3949 12282 3952 12282 8058 12282 3949 12283 8058 12283 8055 12283 3946 12284 3949 12284 8055 12284 3946 12285 8055 12285 8052 12285 3943 12286 3946 12286 8052 12286 3943 12287 8052 12287 8049 12287 3940 12288 3943 12288 8049 12288 3940 12289 8049 12289 8046 12289 3938 12290 3940 12290 8046 12290 3938 12291 8046 12291 8043 12291 3934 12292 3938 12292 8043 12292 3934 12293 8043 12293 8040 12293 3931 12294 3934 12294 8040 12294 3931 12295 8040 12295 8037 12295 3929 12296 8037 12296 8034 12296 3929 12297 3931 12297 8037 12297 3929 12298 8034 12298 8031 12298 3925 12299 3929 12299 8031 12299 3922 12300 8031 12300 8028 12300 3922 12301 8028 12301 8025 12301 3922 12302 3925 12302 8031 12302 3919 12303 8025 12303 8022 12303 3919 12304 3922 12304 8025 12304 3916 12305 3919 12305 8022 12305 3913 12306 8022 12306 8019 12306 3913 12307 3916 12307 8022 12307 3909 12308 8019 12308 8015 12308 3909 12309 8015 12309 8011 12309 3909 12310 3913 12310 8019 12310 3906 12311 3909 12311 8011 12311 3902 12312 8011 12312 8007 12312 3902 12313 8007 12313 8003 12313 3902 12314 3906 12314 8011 12314 3897 12315 3902 12315 8003 12315 3895 12316 8003 12316 8000 12316 3895 12317 3897 12317 8003 12317 3899 12318 3895 12318 8000 12318 3899 12319 8000 12319 8005 12319 3903 12320 3899 12320 8005 12320 3903 12321 8005 12321 8009 12321 3907 12322 3903 12322 8009 12322 3907 12323 8009 12323 8013 12323 3911 12324 3907 12324 8013 12324 3911 12325 8013 12325 8017 12325 3915 12326 3911 12326 8017 12326 3915 12327 8017 12327 8021 12327 3918 12328 3915 12328 8021 12328 3918 12329 8021 12329 8024 12329 3918 12330 8024 12330 8027 12330 3921 12331 3918 12331 8027 12331 3924 12332 3921 12332 8027 12332 3924 12333 8027 12333 8030 12333 3927 12334 3924 12334 8030 12334 3927 12335 8030 12335 8033 12335 3930 12336 3927 12336 8033 12336 3930 12337 8033 12337 8036 12337 3933 12338 3930 12338 8036 12338 3933 12339 8036 12339 8039 12339 3936 12340 3933 12340 8039 12340 3936 12341 8039 12341 8042 12341 3939 12342 3936 12342 8042 12342 3939 12343 8042 12343 8045 12343 3942 12344 3939 12344 8045 12344 3942 12345 8045 12345 8048 12345 3942 12346 8048 12346 8051 12346 3945 12347 3942 12347 8051 12347 3948 12348 3945 12348 8051 12348 3948 12349 8051 12349 8054 12349 3951 12350 3948 12350 8054 12350 3951 12351 8054 12351 8057 12351 3954 12352 3951 12352 8057 12352 3954 12353 8057 12353 8060 12353 3957 12354 3954 12354 8060 12354 3957 12355 8060 12355 8063 12355 3960 12356 3957 12356 8063 12356 3960 12357 8063 12357 8066 12357 3960 12358 8066 12358 8069 12358 3963 12359 3960 12359 8069 12359 3966 12360 3963 12360 8069 12360 3966 12361 8069 12361 8072 12361 3969 12362 3966 12362 8072 12362 3969 12363 8072 12363 8075 12363 3970 12364 8075 12364 8076 12364 3970 12365 3969 12365 8075 12365 3971 12366 8076 12366 8077 12366 3971 12367 3970 12367 8076 12367 3972 12368 3971 12368 8077 12368 3972 12369 8077 12369 8078 12369 3972 12370 8078 12370 8079 12370 3973 12371 3972 12371 8079 12371 3975 12372 3973 12372 8079 12372 3975 12373 8079 12373 8081 12373 3977 12374 3975 12374 8081 12374 3977 12375 8081 12375 8083 12375 3979 12376 3977 12376 8083 12376 3979 12377 8083 12377 8085 12377 3980 12378 8085 12378 8086 12378 3980 12379 3979 12379 8085 12379 4045 12380 8086 12380 8151 12380 4045 12381 3980 12381 8086 12381 4046 12382 8151 12382 8152 12382 4046 12383 8152 12383 8155 12383 4046 12384 4045 12384 8151 12384 4049 12385 4046 12385 8155 12385 4051 12386 8155 12386 8157 12386 4051 12387 4049 12387 8155 12387 4053 12388 8157 12388 8159 12388 4053 12389 8159 12389 8161 12389 4053 12390 4051 12390 8157 12390 4055 12391 8161 12391 8163 12391 4055 12392 4053 12392 8161 12392 4057 12393 4055 12393 8163 12393 4059 12394 8163 12394 8165 12394 4059 12395 4057 12395 8163 12395 4061 12396 8165 12396 8167 12396 4061 12397 4059 12397 8165 12397 4048 12398 8167 12398 8154 12398 4048 12399 4061 12399 8167 12399 2897 12400 2896 12400 7002 12400 2897 12401 7002 12401 7003 12401 2898 12402 7003 12402 7004 12402 2898 12403 2897 12403 7003 12403 2899 12404 7004 12404 7005 12404 2899 12405 2898 12405 7004 12405 2900 12406 7005 12406 7006 12406 2900 12407 2899 12407 7005 12407 2901 12408 7006 12408 7007 12408 2901 12409 2900 12409 7006 12409 2902 12410 7007 12410 7008 12410 2902 12411 2901 12411 7007 12411 2903 12412 7008 12412 7009 12412 2903 12413 7009 12413 7010 12413 2903 12414 2902 12414 7008 12414 2904 12415 7010 12415 7011 12415 2904 12416 2903 12416 7010 12416 2905 12417 2904 12417 7011 12417 2906 12418 7011 12418 7012 12418 2906 12419 7012 12419 8084 12419 2906 12420 2905 12420 7011 12420 3978 12421 2906 12421 8084 12421 3976 12422 8084 12422 8082 12422 3976 12423 3978 12423 8084 12423 3974 12424 8082 12424 8080 12424 3974 12425 3976 12425 8082 12425 3189 12426 8080 12426 7295 12426 3189 12427 7295 12427 7294 12427 3189 12428 3974 12428 8080 12428 3188 12429 3189 12429 7294 12429 3191 12430 7294 12430 7297 12430 3191 12431 3188 12431 7294 12431 3193 12432 7297 12432 7299 12432 3193 12433 3191 12433 7297 12433 3195 12434 7299 12434 7301 12434 3195 12435 3193 12435 7299 12435 3197 12436 7301 12436 7303 12436 3197 12437 7303 12437 7305 12437 3197 12438 3195 12438 7301 12438 3199 12439 3197 12439 7305 12439 3201 12440 3199 12440 7305 12440 3201 12441 7305 12441 7307 12441 3203 12442 3201 12442 7307 12442 3203 12443 7307 12443 7309 12443 3205 12444 3203 12444 7309 12444 3205 12445 7309 12445 7311 12445 3207 12446 3205 12446 7311 12446 3207 12447 7311 12447 7313 12447 3209 12448 3207 12448 7313 12448 3209 12449 7313 12449 7315 12449 3211 12450 7315 12450 7317 12450 3211 12451 3209 12451 7315 12451 3213 12452 7317 12452 7319 12452 3213 12453 3211 12453 7317 12453 3215 12454 7319 12454 7321 12454 3215 12455 3213 12455 7319 12455 3217 12456 7321 12456 7323 12456 3217 12457 3215 12457 7321 12457 3219 12458 7323 12458 7325 12458 3219 12459 3217 12459 7323 12459 3220 12460 7325 12460 7326 12460 3220 12461 3219 12461 7325 12461 3221 12462 7326 12462 7327 12462 3221 12463 3220 12463 7326 12463 3222 12464 7327 12464 7328 12464 3222 12465 3221 12465 7327 12465 3223 12466 7328 12466 7329 12466 3223 12467 3222 12467 7328 12467 3027 12468 7329 12468 7133 12468 3027 12469 3223 12469 7329 12469 3023 12470 7133 12470 7129 12470 3023 12471 3027 12471 7133 12471 3018 12472 7129 12472 7124 12472 3018 12473 3023 12473 7129 12473 3014 12474 7124 12474 7120 12474 3014 12475 3018 12475 7124 12475 3011 12476 7120 12476 7117 12476 3011 12477 3014 12477 7120 12477 3007 12478 7117 12478 7113 12478 3007 12479 3011 12479 7117 12479 3002 12480 7113 12480 7108 12480 3002 12481 3007 12481 7113 12481 2998 12482 7108 12482 7104 12482 2998 12483 3002 12483 7108 12483 2995 12484 7104 12484 7101 12484 2995 12485 2998 12485 7104 12485 2990 12486 7101 12486 7096 12486 2990 12487 2995 12487 7101 12487 2986 12488 2990 12488 7096 12488 2986 12489 7096 12489 7092 12489 2982 12490 2986 12490 7092 12490 2982 12491 7092 12491 7088 12491 2978 12492 2982 12492 7088 12492 2978 12493 7088 12493 7084 12493 2974 12494 2978 12494 7084 12494 2974 12495 7084 12495 7080 12495 2970 12496 2974 12496 7080 12496 2970 12497 7080 12497 7076 12497 2967 12498 2970 12498 7076 12498 2967 12499 7076 12499 7073 12499 2962 12500 2967 12500 7073 12500 2962 12501 7073 12501 7068 12501 2958 12502 2962 12502 7068 12502 2958 12503 7068 12503 7064 12503 2870 12504 2958 12504 7064 12504 2870 12505 7064 12505 6975 12505 2866 12506 2870 12506 6975 12506 2866 12507 6975 12507 6972 12507 2862 12508 2866 12508 6972 12508 2862 12509 6972 12509 6969 12509 2859 12510 2862 12510 6969 12510 2859 12511 6969 12511 6966 12511 2856 12512 2859 12512 6966 12512 2856 12513 6966 12513 6963 12513 2852 12514 2856 12514 6963 12514 2852 12515 6963 12515 6960 12515 2848 12516 6960 12516 6957 12516 2848 12517 2852 12517 6960 12517 2848 12518 6957 12518 6954 12518 2844 12519 2848 12519 6954 12519 2840 12520 6954 12520 6951 12520 2840 12521 6951 12521 6948 12521 2840 12522 2844 12522 6954 12522 2836 12523 6948 12523 6945 12523 2836 12524 2840 12524 6948 12524 2832 12525 2836 12525 6945 12525 2827 12526 6945 12526 6942 12526 2827 12527 2832 12527 6945 12527 2824 12528 6942 12528 6940 12528 2824 12529 6940 12529 6938 12529 2824 12530 2827 12530 6942 12530 2819 12531 2824 12531 6938 12531 2810 12532 6938 12532 6936 12532 2810 12533 6936 12533 6934 12533 2810 12534 2819 12534 6938 12534 2801 12535 2810 12535 6934 12535 2796 12536 6934 12536 6933 12536 2796 12537 2801 12537 6934 12537 2806 12538 2796 12538 6933 12538 2806 12539 6933 12539 6935 12539 2815 12540 2806 12540 6935 12540 2815 12541 6935 12541 6937 12541 2821 12542 2815 12542 6937 12542 2821 12543 6937 12543 6939 12543 2825 12544 2821 12544 6939 12544 2825 12545 6939 12545 6941 12545 2829 12546 2825 12546 6941 12546 2829 12547 6941 12547 6944 12547 2834 12548 2829 12548 6944 12548 2834 12549 6944 12549 6947 12549 2834 12550 6947 12550 6950 12550 2838 12551 2834 12551 6950 12551 2842 12552 2838 12552 6950 12552 2842 12553 6950 12553 6953 12553 2846 12554 2842 12554 6953 12554 2846 12555 6953 12555 6956 12555 2850 12556 2846 12556 6956 12556 2850 12557 6956 12557 6959 12557 2854 12558 2850 12558 6959 12558 2854 12559 6959 12559 6962 12559 2858 12560 2854 12560 6962 12560 2858 12561 6962 12561 6965 12561 2861 12562 2858 12562 6965 12562 2861 12563 6965 12563 6968 12563 2865 12564 2861 12564 6968 12564 2865 12565 6968 12565 6971 12565 2865 12566 6971 12566 6974 12566 2868 12567 2865 12567 6974 12567 2871 12568 2868 12568 6974 12568 2871 12569 6974 12569 6977 12569 2872 12570 2871 12570 6977 12570 2872 12571 6977 12571 6978 12571 2873 12572 2872 12572 6978 12572 2873 12573 6978 12573 6979 12573 2874 12574 2873 12574 6979 12574 2874 12575 6979 12575 6980 12575 2875 12576 2874 12576 6980 12576 2875 12577 6980 12577 6981 12577 2875 12578 6981 12578 6982 12578 2876 12579 2875 12579 6982 12579 2877 12580 2876 12580 6982 12580 2877 12581 6982 12581 6983 12581 2878 12582 2877 12582 6983 12582 2878 12583 6983 12583 6984 12583 2879 12584 6984 12584 6985 12584 2879 12585 2878 12585 6984 12585 2880 12586 6985 12586 6986 12586 2880 12587 2879 12587 6985 12587 2881 12588 2880 12588 6986 12588 2881 12589 6986 12589 6987 12589 2881 12590 6987 12590 6988 12590 2882 12591 2881 12591 6988 12591 2883 12592 2882 12592 6988 12592 2883 12593 6988 12593 6989 12593 2884 12594 2883 12594 6989 12594 2884 12595 6989 12595 6990 12595 2885 12596 2884 12596 6990 12596 2885 12597 6990 12597 6991 12597 2886 12598 6991 12598 6992 12598 2886 12599 2885 12599 6991 12599 2887 12600 6992 12600 6993 12600 2887 12601 2886 12601 6992 12601 2888 12602 6993 12602 6994 12602 2888 12603 6994 12603 6995 12603 2888 12604 2887 12604 6993 12604 2889 12605 2888 12605 6995 12605 2890 12606 6995 12606 6996 12606 2890 12607 2889 12607 6995 12607 2891 12608 6996 12608 6997 12608 2891 12609 6997 12609 6998 12609 2891 12610 2890 12610 6996 12610 2892 12611 6998 12611 6999 12611 2892 12612 2891 12612 6998 12612 2893 12613 2892 12613 6999 12613 2894 12614 6999 12614 7000 12614 2894 12615 2893 12615 6999 12615 2895 12616 7000 12616 7001 12616 2895 12617 2894 12617 7000 12617 2896 12618 7001 12618 7002 12618 2896 12619 2895 12619 7001 12619 3981 12620 3983 12620 8089 12620 3981 12621 8089 12621 8088 12621 3984 12622 8088 12622 8090 12622 3984 12623 3981 12623 8088 12623 3985 12624 8090 12624 8091 12624 3985 12625 3984 12625 8090 12625 3987 12626 8091 12626 8093 12626 3987 12627 3985 12627 8091 12627 3989 12628 8093 12628 8095 12628 3989 12629 3987 12629 8093 12629 3991 12630 8095 12630 8097 12630 3991 12631 3989 12631 8095 12631 3993 12632 8097 12632 8099 12632 3993 12633 8099 12633 8101 12633 3993 12634 3991 12634 8097 12634 3995 12635 8101 12635 8102 12635 3995 12636 3993 12636 8101 12636 3996 12637 3995 12637 8102 12637 3997 12638 8102 12638 8103 12638 3997 12639 8103 12639 8104 12639 3997 12640 3996 12640 8102 12640 3998 12641 3997 12641 8104 12641 3999 12642 8104 12642 8105 12642 3999 12643 3998 12643 8104 12643 4000 12644 8105 12644 8106 12644 4000 12645 3999 12645 8105 12645 4001 12646 8106 12646 8107 12646 4001 12647 8107 12647 8108 12647 4001 12648 4000 12648 8106 12648 4002 12649 4001 12649 8108 12649 4003 12650 8108 12650 8109 12650 4003 12651 4002 12651 8108 12651 4004 12652 8109 12652 8110 12652 4004 12653 4003 12653 8109 12653 4005 12654 8110 12654 8111 12654 4005 12655 4004 12655 8110 12655 4006 12656 8111 12656 8112 12656 4006 12657 8112 12657 8113 12657 4006 12658 4005 12658 8111 12658 4007 12659 4006 12659 8113 12659 4008 12660 4007 12660 8113 12660 4008 12661 8113 12661 8114 12661 4009 12662 4008 12662 8114 12662 4009 12663 8114 12663 8115 12663 4010 12664 4009 12664 8115 12664 4010 12665 8115 12665 8116 12665 4011 12666 4010 12666 8116 12666 4011 12667 8116 12667 8117 12667 4012 12668 4011 12668 8117 12668 4012 12669 8117 12669 8118 12669 4013 12670 8118 12670 8119 12670 4013 12671 4012 12671 8118 12671 4014 12672 8119 12672 8120 12672 4014 12673 4013 12673 8119 12673 4017 12674 8120 12674 8123 12674 4017 12675 4014 12675 8120 12675 3893 12676 8123 12676 7999 12676 3893 12677 4017 12677 8123 12677 3892 12678 7999 12678 7998 12678 3892 12679 3893 12679 7999 12679 3891 12680 7998 12680 7997 12680 3891 12681 3892 12681 7998 12681 3890 12682 7997 12682 7996 12682 3890 12683 3891 12683 7997 12683 3889 12684 7996 12684 7995 12684 3889 12685 3890 12685 7996 12685 3887 12686 7995 12686 7993 12686 3887 12687 3889 12687 7995 12687 3883 12688 7993 12688 7989 12688 3883 12689 3887 12689 7993 12689 3880 12690 7989 12690 7986 12690 3880 12691 3883 12691 7989 12691 3877 12692 7986 12692 7983 12692 3877 12693 3880 12693 7986 12693 3874 12694 7983 12694 7980 12694 3874 12695 3877 12695 7983 12695 3871 12696 7980 12696 7977 12696 3871 12697 3874 12697 7980 12697 3869 12698 7977 12698 7975 12698 3869 12699 3871 12699 7977 12699 3865 12700 7975 12700 7971 12700 3865 12701 3869 12701 7975 12701 3861 12702 7971 12702 7967 12702 3861 12703 3865 12703 7971 12703 3858 12704 7967 12704 7963 12704 3858 12705 3861 12705 7967 12705 3855 12706 7963 12706 7960 12706 3855 12707 3858 12707 7963 12707 3850 12708 3855 12708 7960 12708 3850 12709 7960 12709 7955 12709 3847 12710 3850 12710 7955 12710 3847 12711 7955 12711 7952 12711 3842 12712 3847 12712 7952 12712 3842 12713 7952 12713 7947 12713 3838 12714 3842 12714 7947 12714 3838 12715 7947 12715 7943 12715 3834 12716 3838 12716 7943 12716 3834 12717 7943 12717 7939 12717 3831 12718 3834 12718 7939 12718 3831 12719 7939 12719 7936 12719 3826 12720 3831 12720 7936 12720 3826 12721 7936 12721 7931 12721 3822 12722 3826 12722 7931 12722 3822 12723 7931 12723 7927 12723 3818 12724 3822 12724 7927 12724 3818 12725 7927 12725 7923 12725 3813 12726 3818 12726 7923 12726 3813 12727 7923 12727 7919 12727 3809 12728 3813 12728 7919 12728 3809 12729 7919 12729 7915 12729 3806 12730 3809 12730 7915 12730 3806 12731 7915 12731 7911 12731 3802 12732 3806 12732 7911 12732 3802 12733 7911 12733 7908 12733 3798 12734 3802 12734 7908 12734 3798 12735 7908 12735 7903 12735 3794 12736 7903 12736 7900 12736 3794 12737 3798 12737 7903 12737 3794 12738 7900 12738 7897 12738 3791 12739 3794 12739 7897 12739 3788 12740 7897 12740 7894 12740 3788 12741 7894 12741 7890 12741 3788 12742 3791 12742 7897 12742 3784 12743 7890 12743 7886 12743 3784 12744 3788 12744 7890 12744 3780 12745 3784 12745 7886 12745 3776 12746 7886 12746 7881 12746 3776 12747 3780 12747 7886 12747 3772 12748 7881 12748 7877 12748 3772 12749 7877 12749 7874 12749 3772 12750 3776 12750 7881 12750 3768 12751 3772 12751 7874 12751 3765 12752 7874 12752 7870 12752 3765 12753 7870 12753 7863 12753 3765 12754 3768 12754 7874 12754 3758 12755 3765 12755 7863 12755 3760 12756 7863 12756 7866 12756 3760 12757 3758 12757 7863 12757 3762 12758 3760 12758 7866 12758 3762 12759 7866 12759 7867 12759 3766 12760 3762 12760 7867 12760 3766 12761 7867 12761 7872 12761 3770 12762 3766 12762 7872 12762 3770 12763 7872 12763 7876 12763 3773 12764 3770 12764 7876 12764 3773 12765 7876 12765 7879 12765 3778 12766 3773 12766 7879 12766 3778 12767 7879 12767 7884 12767 3782 12768 3778 12768 7884 12768 3782 12769 7884 12769 7887 12769 3782 12770 7887 12770 7893 12770 3787 12771 3782 12771 7893 12771 3789 12772 3787 12772 7893 12772 3789 12773 7893 12773 7895 12773 3792 12774 3789 12774 7895 12774 3792 12775 7895 12775 7898 12775 3795 12776 3792 12776 7898 12776 3795 12777 7898 12777 7901 12777 3800 12778 3795 12778 7901 12778 3800 12779 7901 12779 7905 12779 3804 12780 3800 12780 7905 12780 3804 12781 7905 12781 7910 12781 3807 12782 3804 12782 7910 12782 3807 12783 7910 12783 7913 12783 3811 12784 3807 12784 7913 12784 3811 12785 7913 12785 7917 12785 3811 12786 7917 12786 7921 12786 3815 12787 3811 12787 7921 12787 3819 12788 3815 12788 7921 12788 3819 12789 7921 12789 7925 12789 3823 12790 3819 12790 7925 12790 3823 12791 7925 12791 7929 12791 3828 12792 3823 12792 7929 12792 3828 12793 7929 12793 7933 12793 3832 12794 3828 12794 7933 12794 3832 12795 7933 12795 7938 12795 3835 12796 3832 12796 7938 12796 3835 12797 7938 12797 7941 12797 3835 12798 7941 12798 7945 12798 3839 12799 3835 12799 7945 12799 3843 12800 3839 12800 7945 12800 3843 12801 7945 12801 7949 12801 3848 12802 3843 12802 7949 12802 3848 12803 7949 12803 7954 12803 3852 12804 7954 12804 7957 12804 3852 12805 3848 12805 7954 12805 3856 12806 7957 12806 7962 12806 3856 12807 3852 12807 7957 12807 3859 12808 3856 12808 7962 12808 3859 12809 7962 12809 7965 12809 3859 12810 7965 12810 7969 12810 3863 12811 3859 12811 7969 12811 3867 12812 3863 12812 7969 12812 3867 12813 7969 12813 7972 12813 3870 12814 3867 12814 7972 12814 3870 12815 7972 12815 7976 12815 3872 12816 3870 12816 7976 12816 3872 12817 7976 12817 7978 12817 3875 12818 7978 12818 7981 12818 3875 12819 3872 12819 7978 12819 3878 12820 7981 12820 7984 12820 3878 12821 3875 12821 7981 12821 3881 12822 7984 12822 7987 12822 3881 12823 7987 12823 7990 12823 3881 12824 3878 12824 7984 12824 3884 12825 3881 12825 7990 12825 3888 12826 7990 12826 7994 12826 3888 12827 3884 12827 7990 12827 3986 12828 7994 12828 8092 12828 3986 12829 8092 12829 8094 12829 3986 12830 3888 12830 7994 12830 3988 12831 8094 12831 8096 12831 3988 12832 3986 12832 8094 12832 3990 12833 3988 12833 8096 12833 3992 12834 8096 12834 8098 12834 3992 12835 3990 12835 8096 12835 3994 12836 8098 12836 8100 12836 3994 12837 3992 12837 8098 12837 3983 12838 8100 12838 8089 12838 3983 12839 3994 12839 8100 12839 3805 12840 3803 12840 7909 12840 3805 12841 7909 12841 7912 12841 3810 12842 7912 12842 7916 12842 3810 12843 3805 12843 7912 12843 3814 12844 7916 12844 7920 12844 3814 12845 3810 12845 7916 12845 3817 12846 7920 12846 7924 12846 3817 12847 3814 12847 7920 12847 3821 12848 7924 12848 7928 12848 3821 12849 3817 12849 7924 12849 3825 12850 7928 12850 7932 12850 3825 12851 3821 12851 7928 12851 3830 12852 7932 12852 7937 12852 3830 12853 7937 12853 7940 12853 3830 12854 3825 12854 7932 12854 3833 12855 7940 12855 7944 12855 3833 12856 3830 12856 7940 12856 3837 12857 3833 12857 7944 12857 3841 12858 7944 12858 7948 12858 3841 12859 7948 12859 7953 12859 3841 12860 3837 12860 7944 12860 3846 12861 3841 12861 7953 12861 3849 12862 7953 12862 7956 12862 3849 12863 3846 12863 7953 12863 3854 12864 7956 12864 7961 12864 3854 12865 3849 12865 7956 12865 3857 12866 7961 12866 7964 12866 3857 12867 7964 12867 7968 12867 3857 12868 3854 12868 7961 12868 3862 12869 3857 12869 7968 12869 3491 12870 7968 12870 7597 12870 3491 12871 3862 12871 7968 12871 3490 12872 7597 12872 7596 12872 3490 12873 3491 12873 7597 12873 3492 12874 7596 12874 7598 12874 3492 12875 3490 12875 7596 12875 3493 12876 7598 12876 7599 12876 3493 12877 7599 12877 7600 12877 3493 12878 3492 12878 7598 12878 3494 12879 3493 12879 7600 12879 3495 12880 3494 12880 7600 12880 3495 12881 7600 12881 7601 12881 3496 12882 3495 12882 7601 12882 3496 12883 7601 12883 7602 12883 3497 12884 3496 12884 7602 12884 3497 12885 7602 12885 7603 12885 3498 12886 3497 12886 7603 12886 3498 12887 7603 12887 7604 12887 3499 12888 3498 12888 7604 12888 3499 12889 7604 12889 7605 12889 3500 12890 7605 12890 7606 12890 3500 12891 3499 12891 7605 12891 3501 12892 7606 12892 7607 12892 3501 12893 3500 12893 7606 12893 3502 12894 7607 12894 7608 12894 3502 12895 3501 12895 7607 12895 3503 12896 7608 12896 7609 12896 3503 12897 3502 12897 7608 12897 3504 12898 7609 12898 7610 12898 3504 12899 3503 12899 7609 12899 3505 12900 7610 12900 7611 12900 3505 12901 3504 12901 7610 12901 3506 12902 7611 12902 7612 12902 3506 12903 3505 12903 7611 12903 3507 12904 7612 12904 7613 12904 3507 12905 3506 12905 7612 12905 3508 12906 7613 12906 7614 12906 3508 12907 3507 12907 7613 12907 3509 12908 7614 12908 7615 12908 3509 12909 3508 12909 7614 12909 3510 12910 7615 12910 7616 12910 3510 12911 3509 12911 7615 12911 3511 12912 7616 12912 7617 12912 3511 12913 3510 12913 7616 12913 3512 12914 7617 12914 7618 12914 3512 12915 3511 12915 7617 12915 3513 12916 7618 12916 7619 12916 3513 12917 3512 12917 7618 12917 3514 12918 7619 12918 7620 12918 3514 12919 3513 12919 7619 12919 3515 12920 7620 12920 7621 12920 3515 12921 3514 12921 7620 12921 3516 12922 7621 12922 7622 12922 3516 12923 3515 12923 7621 12923 3517 12924 7622 12924 7623 12924 3517 12925 3516 12925 7622 12925 3518 12926 7623 12926 7624 12926 3518 12927 3517 12927 7623 12927 3519 12928 3518 12928 7624 12928 3519 12929 7624 12929 7625 12929 3520 12930 3519 12930 7625 12930 3520 12931 7625 12931 7626 12931 3521 12932 3520 12932 7626 12932 3521 12933 7626 12933 7627 12933 3522 12934 3521 12934 7627 12934 3522 12935 7627 12935 7628 12935 3523 12936 3522 12936 7628 12936 3523 12937 7628 12937 7629 12937 3524 12938 3523 12938 7629 12938 3524 12939 7629 12939 7630 12939 3525 12940 3524 12940 7630 12940 3525 12941 7630 12941 7631 12941 3526 12942 3525 12942 7631 12942 3526 12943 7631 12943 7632 12943 3527 12944 3526 12944 7632 12944 3527 12945 7632 12945 7633 12945 3528 12946 3527 12946 7633 12946 3528 12947 7633 12947 7634 12947 3529 12948 3528 12948 7634 12948 3529 12949 7634 12949 7635 12949 3435 12950 3529 12950 7635 12950 3435 12951 7635 12951 7541 12951 3431 12952 3435 12952 7541 12952 3431 12953 7541 12953 7537 12953 3428 12954 3431 12954 7537 12954 3428 12955 7537 12955 7534 12955 3425 12956 7534 12956 7531 12956 3425 12957 3428 12957 7534 12957 3425 12958 7531 12958 7528 12958 3422 12959 3425 12959 7528 12959 3419 12960 7528 12960 7525 12960 3419 12961 7525 12961 7521 12961 3419 12962 3422 12962 7528 12962 3415 12963 7521 12963 7518 12963 3415 12964 3419 12964 7521 12964 3412 12965 3415 12965 7518 12965 3407 12966 7518 12966 7513 12966 3407 12967 3412 12967 7518 12967 3403 12968 7513 12968 7509 12968 3403 12969 7509 12969 7506 12969 3403 12970 3407 12970 7513 12970 3400 12971 3403 12971 7506 12971 3395 12972 7506 12972 7501 12972 3395 12973 7501 12973 7495 12973 3395 12974 3400 12974 7506 12974 3390 12975 3395 12975 7495 12975 3392 12976 7495 12976 7498 12976 3392 12977 3390 12977 7495 12977 3393 12978 3392 12978 7498 12978 3393 12979 7498 12979 7499 12979 3398 12980 3393 12980 7499 12980 3398 12981 7499 12981 7504 12981 3401 12982 3398 12982 7504 12982 3401 12983 7504 12983 7507 12983 3405 12984 3401 12984 7507 12984 3405 12985 7507 12985 7511 12985 3410 12986 3405 12986 7511 12986 3410 12987 7511 12987 7516 12987 3413 12988 3410 12988 7516 12988 3413 12989 7516 12989 7519 12989 3413 12990 7519 12990 7523 12990 3417 12991 3413 12991 7523 12991 3420 12992 3417 12992 7523 12992 3420 12993 7523 12993 7526 12993 3423 12994 3420 12994 7526 12994 3423 12995 7526 12995 7529 12995 3426 12996 3423 12996 7529 12996 3426 12997 7529 12997 7532 12997 3429 12998 3426 12998 7532 12998 3429 12999 7532 12999 7535 12999 3432 13000 3429 13000 7535 13000 3432 13001 7535 13001 7538 13001 3436 13002 3432 13002 7538 13002 3436 13003 7538 13003 7542 13003 3437 13004 3436 13004 7542 13004 3437 13005 7542 13005 7543 13005 3437 13006 7543 13006 7545 13006 3439 13007 3437 13007 7545 13007 3441 13008 3439 13008 7545 13008 3441 13009 7545 13009 7547 13009 3443 13010 3441 13010 7547 13010 3443 13011 7547 13011 7549 13011 3445 13012 3443 13012 7549 13012 3445 13013 7549 13013 7551 13013 3447 13014 3445 13014 7551 13014 3447 13015 7551 13015 7553 13015 3449 13016 3447 13016 7553 13016 3449 13017 7553 13017 7555 13017 3449 13018 7555 13018 7557 13018 3451 13019 3449 13019 7557 13019 3453 13020 3451 13020 7557 13020 3453 13021 7557 13021 7559 13021 3455 13022 3453 13022 7559 13022 3455 13023 7559 13023 7561 13023 3457 13024 7561 13024 7563 13024 3457 13025 3455 13025 7561 13025 3460 13026 7563 13026 7566 13026 3460 13027 3457 13027 7563 13027 3461 13028 3460 13028 7566 13028 3461 13029 7566 13029 7567 13029 3461 13030 7567 13030 7570 13030 3464 13031 3461 13031 7570 13031 3466 13032 3464 13032 7570 13032 3466 13033 7570 13033 7571 13033 3468 13034 3466 13034 7571 13034 3468 13035 7571 13035 7574 13035 3469 13036 3468 13036 7574 13036 3469 13037 7574 13037 7575 13037 3471 13038 7575 13038 7577 13038 3471 13039 3469 13039 7575 13039 3473 13040 7577 13040 7579 13040 3473 13041 3471 13041 7577 13041 3476 13042 7579 13042 7582 13042 3476 13043 7582 13043 7584 13043 3476 13044 3473 13044 7579 13044 3478 13045 3476 13045 7584 13045 3479 13046 7584 13046 7585 13046 3479 13047 3478 13047 7584 13047 3481 13048 7585 13048 7587 13048 3481 13049 7587 13049 7589 13049 3481 13050 3479 13050 7585 13050 3483 13051 7589 13051 7591 13051 3483 13052 3481 13052 7589 13052 3485 13053 3483 13053 7591 13053 3488 13054 7591 13054 7594 13054 3488 13055 3485 13055 7591 13055 3797 13056 7594 13056 7904 13056 3797 13057 3488 13057 7594 13057 3803 13058 7904 13058 7909 13058 3803 13059 3797 13059 7904 13059 3736 13060 3732 13060 7839 13060 3736 13061 7839 13061 7843 13061 3487 13062 7843 13062 7593 13062 3487 13063 3736 13063 7843 13063 3486 13064 7593 13064 7592 13064 3486 13065 3487 13065 7593 13065 3484 13066 7592 13066 7590 13066 3484 13067 3486 13067 7592 13067 3482 13068 7590 13068 7588 13068 3482 13069 3484 13069 7590 13069 3480 13070 7588 13070 7586 13070 3480 13071 3482 13071 7588 13071 3477 13072 7586 13072 7583 13072 3477 13073 7583 13073 7581 13073 3477 13074 3480 13074 7586 13074 3475 13075 7581 13075 7580 13075 3475 13076 3477 13076 7581 13076 3474 13077 3475 13077 7580 13077 3472 13078 7580 13078 7578 13078 3472 13079 7578 13079 7576 13079 3472 13080 3474 13080 7580 13080 3470 13081 3472 13081 7576 13081 3467 13082 7576 13082 7573 13082 3467 13083 3470 13083 7576 13083 3465 13084 7573 13084 7572 13084 3465 13085 3467 13085 7573 13085 3463 13086 7572 13086 7569 13086 3463 13087 7569 13087 7568 13087 3463 13088 3465 13088 7572 13088 3462 13089 3463 13089 7568 13089 3459 13090 7568 13090 7565 13090 3459 13091 3462 13091 7568 13091 3458 13092 7565 13092 7564 13092 3458 13093 3459 13093 7565 13093 3456 13094 7564 13094 7562 13094 3456 13095 3458 13095 7564 13095 3454 13096 7562 13096 7560 13096 3454 13097 7560 13097 7558 13097 3454 13098 3456 13098 7562 13098 3452 13099 3454 13099 7558 13099 3450 13100 3452 13100 7558 13100 3450 13101 7558 13101 7556 13101 3448 13102 3450 13102 7556 13102 3448 13103 7556 13103 7554 13103 3446 13104 3448 13104 7554 13104 3446 13105 7554 13105 7552 13105 3444 13106 3446 13106 7552 13106 3444 13107 7552 13107 7550 13107 3442 13108 3444 13108 7550 13108 3442 13109 7550 13109 7548 13109 3440 13110 7548 13110 7546 13110 3440 13111 3442 13111 7548 13111 3438 13112 7546 13112 7544 13112 3438 13113 3440 13113 7546 13113 3434 13114 7544 13114 7540 13114 3434 13115 3438 13115 7544 13115 3433 13116 7540 13116 7539 13116 3433 13117 3434 13117 7540 13117 3430 13118 7539 13118 7536 13118 3430 13119 3433 13119 7539 13119 3427 13120 7536 13120 7533 13120 3427 13121 3430 13121 7536 13121 3424 13122 7533 13122 7530 13122 3424 13123 3427 13123 7533 13123 3421 13124 7530 13124 7527 13124 3421 13125 3424 13125 7530 13125 3418 13126 7527 13126 7524 13126 3418 13127 3421 13127 7527 13127 3414 13128 7524 13128 7520 13128 3414 13129 3418 13129 7524 13129 3411 13130 7520 13130 7517 13130 3411 13131 3414 13131 7520 13131 3406 13132 7517 13132 7512 13132 3406 13133 3411 13133 7517 13133 3402 13134 7512 13134 7508 13134 3402 13135 3406 13135 7512 13135 3399 13136 7508 13136 7505 13136 3399 13137 3402 13137 7508 13137 3394 13138 7505 13138 7500 13138 3394 13139 3399 13139 7505 13139 3391 13140 7500 13140 7497 13140 3391 13141 3394 13141 7500 13141 3389 13142 7497 13142 7496 13142 3389 13143 3391 13143 7497 13143 3396 13144 7496 13144 7502 13144 3396 13145 3389 13145 7496 13145 3397 13146 7502 13146 7503 13146 3397 13147 3396 13147 7502 13147 3404 13148 3397 13148 7503 13148 3404 13149 7503 13149 7510 13149 3408 13150 3404 13150 7510 13150 3408 13151 7510 13151 7514 13151 3409 13152 3408 13152 7514 13152 3409 13153 7514 13153 7515 13153 3416 13154 3409 13154 7515 13154 3416 13155 7515 13155 7522 13155 3334 13156 3416 13156 7522 13156 3334 13157 7522 13157 7440 13157 3331 13158 3334 13158 7440 13158 3331 13159 7440 13159 7437 13159 3328 13160 3331 13160 7437 13160 3328 13161 7437 13161 7434 13161 3325 13162 3328 13162 7434 13162 3325 13163 7434 13163 7431 13163 3322 13164 3325 13164 7431 13164 3322 13165 7431 13165 7428 13165 3320 13166 3322 13166 7428 13166 3320 13167 7428 13167 7426 13167 3318 13168 3320 13168 7426 13168 3318 13169 7426 13169 7424 13169 3316 13170 3318 13170 7424 13170 3316 13171 7424 13171 7422 13171 3314 13172 3316 13172 7422 13172 3314 13173 7422 13173 7420 13173 3312 13174 3314 13174 7420 13174 3312 13175 7420 13175 7418 13175 3310 13176 7418 13176 7416 13176 3310 13177 3312 13177 7418 13177 3310 13178 7416 13178 7414 13178 3308 13179 3310 13179 7414 13179 3306 13180 7414 13180 7412 13180 3306 13181 7412 13181 7410 13181 3306 13182 3308 13182 7414 13182 3304 13183 7410 13183 7408 13183 3304 13184 3306 13184 7410 13184 3302 13185 3304 13185 7408 13185 3300 13186 7408 13186 7406 13186 3300 13187 3302 13187 7408 13187 3298 13188 7406 13188 7404 13188 3298 13189 7404 13189 7402 13189 3298 13190 3300 13190 7406 13190 3296 13191 3298 13191 7402 13191 3294 13192 7402 13192 7400 13192 3294 13193 7400 13193 7397 13193 3294 13194 3296 13194 7402 13194 3291 13195 3294 13195 7397 13195 3292 13196 7397 13196 7398 13196 3292 13197 3291 13197 7397 13197 3293 13198 3292 13198 7398 13198 3293 13199 7398 13199 7399 13199 3295 13200 3293 13200 7399 13200 3295 13201 7399 13201 7401 13201 3297 13202 3295 13202 7401 13202 3297 13203 7401 13203 7403 13203 3299 13204 3297 13204 7403 13204 3299 13205 7403 13205 7405 13205 3301 13206 3299 13206 7405 13206 3301 13207 7405 13207 7407 13207 3303 13208 3301 13208 7407 13208 3303 13209 7407 13209 7409 13209 3303 13210 7409 13210 7411 13210 3305 13211 3303 13211 7411 13211 3307 13212 3305 13212 7411 13212 3307 13213 7411 13213 7413 13213 3309 13214 3307 13214 7413 13214 3309 13215 7413 13215 7415 13215 3311 13216 3309 13216 7415 13216 3311 13217 7415 13217 7417 13217 3313 13218 3311 13218 7417 13218 3313 13219 7417 13219 7419 13219 3315 13220 3313 13220 7419 13220 3315 13221 7419 13221 7421 13221 3317 13222 3315 13222 7421 13222 3317 13223 7421 13223 7423 13223 3319 13224 3317 13224 7423 13224 3319 13225 7423 13225 7425 13225 3319 13226 7425 13226 7427 13226 3321 13227 3319 13227 7427 13227 3323 13228 3321 13228 7427 13228 3323 13229 7427 13229 7429 13229 3326 13230 3323 13230 7429 13230 3326 13231 7429 13231 7432 13231 3329 13232 3326 13232 7432 13232 3329 13233 7432 13233 7435 13233 3332 13234 3329 13234 7435 13234 3332 13235 7435 13235 7438 13235 3335 13236 3332 13236 7438 13236 3335 13237 7438 13237 7441 13237 3335 13238 7441 13238 7453 13238 3347 13239 3335 13239 7453 13239 3355 13240 3347 13240 7453 13240 3355 13241 7453 13241 7461 13241 3361 13242 3355 13242 7461 13242 3361 13243 7461 13243 7467 13243 3365 13244 7467 13244 7471 13244 3365 13245 3361 13245 7467 13245 3672 13246 7471 13246 7779 13246 3672 13247 3365 13247 7471 13247 3677 13248 3672 13248 7779 13248 3677 13249 7779 13249 7783 13249 3677 13250 7783 13250 7786 13250 3679 13251 3677 13251 7786 13251 3683 13252 3679 13252 7786 13252 3683 13253 7786 13253 7789 13253 3686 13254 3683 13254 7789 13254 3686 13255 7789 13255 7792 13255 3689 13256 3686 13256 7792 13256 3689 13257 7792 13257 7795 13257 3692 13258 7795 13258 7799 13258 3692 13259 3689 13259 7795 13259 3696 13260 7799 13260 7803 13260 3696 13261 3692 13261 7799 13261 3700 13262 7803 13262 7807 13262 3700 13263 7807 13263 7811 13263 3700 13264 3696 13264 7803 13264 3704 13265 3700 13265 7811 13265 3709 13266 7811 13266 7815 13266 3709 13267 3704 13267 7811 13267 3712 13268 7815 13268 7819 13268 3712 13269 7819 13269 7823 13269 3712 13270 3709 13270 7815 13270 3717 13271 7823 13271 7827 13271 3717 13272 3712 13272 7823 13272 3721 13273 3717 13273 7827 13273 3725 13274 7827 13274 7831 13274 3725 13275 3721 13275 7827 13275 3728 13276 7831 13276 7835 13276 3728 13277 3725 13277 7831 13277 3732 13278 7835 13278 7839 13278 3732 13279 3728 13279 7835 13279 2120 13280 2121 13280 6259 13280 2120 13281 6259 13281 6258 13281 2123 13282 6258 13282 6261 13282 2123 13283 2120 13283 6258 13283 2125 13284 6261 13284 6263 13284 2125 13285 2123 13285 6261 13285 2127 13286 6263 13286 6265 13286 2127 13287 2125 13287 6263 13287 2129 13288 6265 13288 6267 13288 2129 13289 2127 13289 6265 13289 2097 13290 6267 13290 6235 13290 2097 13291 2129 13291 6267 13291 2096 13292 6235 13292 6234 13292 2096 13293 6234 13293 6231 13293 2096 13294 2097 13294 6235 13294 2093 13295 6231 13295 6230 13295 2093 13296 2096 13296 6231 13296 2091 13297 2093 13297 6230 13297 2090 13298 6230 13298 6228 13298 2090 13299 6228 13299 6225 13299 2090 13300 2091 13300 6230 13300 2087 13301 2090 13301 6225 13301 2080 13302 6225 13302 6218 13302 2080 13303 2087 13303 6225 13303 2076 13304 6218 13304 6214 13304 2076 13305 2080 13305 6218 13305 2074 13306 6214 13306 6213 13306 2074 13307 6213 13307 6209 13307 2074 13308 2076 13308 6214 13308 2071 13309 2074 13309 6209 13309 2064 13310 6209 13310 6202 13310 2064 13311 2071 13311 6209 13311 2060 13312 6202 13312 6198 13312 2060 13313 2064 13313 6202 13313 2056 13314 6198 13314 6194 13314 2056 13315 2060 13315 6198 13315 2055 13316 6194 13316 6193 13316 2055 13317 6193 13317 6189 13317 2055 13318 2056 13318 6194 13318 2051 13319 2055 13319 6189 13319 2047 13320 2051 13320 6189 13320 2047 13321 6189 13321 6185 13321 2040 13322 2047 13322 6185 13322 2040 13323 6185 13323 6178 13323 2036 13324 2040 13324 6178 13324 2036 13325 6178 13325 6174 13325 2035 13326 2036 13326 6174 13326 2035 13327 6174 13327 6173 13327 2031 13328 2035 13328 6173 13328 2031 13329 6173 13329 6169 13329 2024 13330 6169 13330 6162 13330 2024 13331 2031 13331 6169 13331 2020 13332 6162 13332 6158 13332 2020 13333 2024 13333 6162 13333 2018 13334 6158 13334 6157 13334 2018 13335 2020 13335 6158 13335 2012 13336 6157 13336 6150 13336 2012 13337 2018 13337 6157 13337 2011 13338 6150 13338 6149 13338 2011 13339 2012 13339 6150 13339 2007 13340 6149 13340 6145 13340 2007 13341 2011 13341 6149 13341 2003 13342 6145 13342 6141 13342 2003 13343 2007 13343 6145 13343 1997 13344 6141 13344 6135 13344 1997 13345 2003 13345 6141 13345 1993 13346 6135 13346 6131 13346 1993 13347 1997 13347 6135 13347 1992 13348 6131 13348 6130 13348 1992 13349 1993 13349 6131 13349 1988 13350 6130 13350 6126 13350 1988 13351 1992 13351 6130 13351 1984 13352 6126 13352 6122 13352 1984 13353 1988 13353 6126 13353 1980 13354 6122 13354 6118 13354 1980 13355 1984 13355 6122 13355 1973 13356 6118 13356 6111 13356 1973 13357 1980 13357 6118 13357 1972 13358 6111 13358 6110 13358 1972 13359 1973 13359 6111 13359 1967 13360 6110 13360 6106 13360 1967 13361 1972 13361 6110 13361 1970 13362 6106 13362 6108 13362 1970 13363 1967 13363 6106 13363 1975 13364 6108 13364 6113 13364 1975 13365 1970 13365 6108 13365 1976 13366 6113 13366 6114 13366 1976 13367 1975 13367 6113 13367 1982 13368 1976 13368 6114 13368 1982 13369 6114 13369 6120 13369 1986 13370 1982 13370 6120 13370 1986 13371 6120 13371 6124 13371 1990 13372 1986 13372 6124 13372 1990 13373 6124 13373 6128 13373 1994 13374 1990 13374 6128 13374 1994 13375 6128 13375 6133 13375 1999 13376 1994 13376 6133 13376 1999 13377 6133 13377 6137 13377 1842 13378 1999 13378 6137 13378 1842 13379 6137 13379 5979 13379 1840 13380 1842 13380 5979 13380 1840 13381 5979 13381 5978 13381 1839 13382 1840 13382 5978 13382 1839 13383 5978 13383 5977 13383 1838 13384 1839 13384 5977 13384 1838 13385 5977 13385 5975 13385 1835 13386 1838 13386 5975 13386 1835 13387 5975 13387 5973 13387 1833 13388 1835 13388 5973 13388 1833 13389 5973 13389 5971 13389 1832 13390 1833 13390 5971 13390 1832 13391 5971 13391 5969 13391 1829 13392 1832 13392 5969 13392 1829 13393 5969 13393 5966 13393 1826 13394 1829 13394 5966 13394 1826 13395 5966 13395 5963 13395 1823 13396 5963 13396 5960 13396 1823 13397 1826 13397 5963 13397 1823 13398 5960 13398 5957 13398 1820 13399 1823 13399 5957 13399 1817 13400 5957 13400 5954 13400 1817 13401 5954 13401 5951 13401 1817 13402 1820 13402 5957 13402 1814 13403 5951 13403 5948 13403 1814 13404 1817 13404 5951 13404 1811 13405 1814 13405 5948 13405 1808 13406 5948 13406 5945 13406 1808 13407 1811 13407 5948 13407 1804 13408 5945 13408 5942 13408 1804 13409 5942 13409 5939 13409 1804 13410 1808 13410 5945 13410 1802 13411 1804 13411 5939 13411 1799 13412 5939 13412 5936 13412 1799 13413 5936 13413 5933 13413 1799 13414 1802 13414 5939 13414 1796 13415 1799 13415 5933 13415 1794 13416 5933 13416 5931 13416 1794 13417 1796 13417 5933 13417 1797 13418 1794 13418 5931 13418 1797 13419 5931 13419 5935 13419 1800 13420 1797 13420 5935 13420 1800 13421 5935 13421 5938 13421 1803 13422 1800 13422 5938 13422 1803 13423 5938 13423 5941 13423 1806 13424 1803 13424 5941 13424 1806 13425 5941 13425 5944 13425 1809 13426 1806 13426 5944 13426 1809 13427 5944 13427 5947 13427 1812 13428 1809 13428 5947 13428 1812 13429 5947 13429 5950 13429 1812 13430 5950 13430 5953 13430 1815 13431 1812 13431 5953 13431 1818 13432 1815 13432 5953 13432 1818 13433 5953 13433 5956 13433 1821 13434 1818 13434 5956 13434 1821 13435 5956 13435 5959 13435 1824 13436 1821 13436 5959 13436 1824 13437 5959 13437 5962 13437 1827 13438 1824 13438 5962 13438 1827 13439 5962 13439 5965 13439 1830 13440 1827 13440 5965 13440 1830 13441 5965 13441 5968 13441 2099 13442 1830 13442 5968 13442 2099 13443 5968 13443 6237 13443 2100 13444 2099 13444 6237 13444 2100 13445 6237 13445 6238 13445 2100 13446 6238 13446 6239 13446 2101 13447 2100 13447 6239 13447 2102 13448 2101 13448 6239 13448 2102 13449 6239 13449 6240 13449 2103 13450 2102 13450 6240 13450 2103 13451 6240 13451 6241 13451 2104 13452 2103 13452 6241 13452 2104 13453 6241 13453 6242 13453 2105 13454 2104 13454 6242 13454 2105 13455 6242 13455 6243 13455 2106 13456 2105 13456 6243 13456 2106 13457 6243 13457 6244 13457 2106 13458 6244 13458 6245 13458 2107 13459 2106 13459 6245 13459 2108 13460 2107 13460 6245 13460 2108 13461 6245 13461 6246 13461 2109 13462 2108 13462 6246 13462 2109 13463 6246 13463 6247 13463 2110 13464 6247 13464 6248 13464 2110 13465 2109 13465 6247 13465 2111 13466 6248 13466 6249 13466 2111 13467 2110 13467 6248 13467 2112 13468 2111 13468 6249 13468 2112 13469 6249 13469 6250 13469 2112 13470 6250 13470 6251 13470 2113 13471 2112 13471 6251 13471 2114 13472 2113 13472 6251 13472 2114 13473 6251 13473 6252 13473 2115 13474 2114 13474 6252 13474 2115 13475 6252 13475 6253 13475 2116 13476 2115 13476 6253 13476 2116 13477 6253 13477 6254 13477 2117 13478 6254 13478 6255 13478 2117 13479 2116 13479 6254 13479 2118 13480 6255 13480 6256 13480 2118 13481 2117 13481 6255 13481 2119 13482 6256 13482 6257 13482 2119 13483 6257 13483 6260 13483 2119 13484 2118 13484 6256 13484 2122 13485 2119 13485 6260 13485 2124 13486 6260 13486 6262 13486 2124 13487 2122 13487 6260 13487 2126 13488 6262 13488 6264 13488 2126 13489 6264 13489 6266 13489 2126 13490 2124 13490 6262 13490 2128 13491 6266 13491 6268 13491 2128 13492 2126 13492 6266 13492 2130 13493 2128 13493 6268 13493 2131 13494 6268 13494 6269 13494 2131 13495 2130 13495 6268 13495 2132 13496 6269 13496 6270 13496 2132 13497 2131 13497 6269 13497 2121 13498 6270 13498 6259 13498 2121 13499 2132 13499 6270 13499 1837 13500 1836 13500 5974 13500 1837 13501 5974 13501 5976 13501 1459 13502 5976 13502 5597 13502 1459 13503 1837 13503 5976 13503 1456 13504 5597 13504 5594 13504 1456 13505 1459 13505 5597 13505 1453 13506 5594 13506 5591 13506 1453 13507 1456 13507 5594 13507 1451 13508 5591 13508 5590 13508 1451 13509 1453 13509 5591 13509 1449 13510 5590 13510 5587 13510 1449 13511 1451 13511 5590 13511 1444 13512 5587 13512 5582 13512 1444 13513 5582 13513 5579 13513 1444 13514 1449 13514 5587 13514 1441 13515 5579 13515 5578 13515 1441 13516 1444 13516 5579 13516 1440 13517 1441 13517 5578 13517 1437 13518 5578 13518 5575 13518 1437 13519 5575 13519 5572 13519 1437 13520 1440 13520 5578 13520 1434 13521 1437 13521 5572 13521 1429 13522 5572 13522 5567 13522 1429 13523 1434 13523 5572 13523 1426 13524 5567 13524 5564 13524 1426 13525 1429 13525 5567 13525 1425 13526 5564 13526 5563 13526 1425 13527 5563 13527 5560 13527 1425 13528 1426 13528 5564 13528 1422 13529 1425 13529 5560 13529 1419 13530 5560 13530 5557 13530 1419 13531 1422 13531 5560 13531 1414 13532 5557 13532 5552 13532 1414 13533 1419 13533 5557 13533 1409 13534 5552 13534 5547 13534 1409 13535 1414 13535 5552 13535 1408 13536 5547 13536 5546 13536 1408 13537 5546 13537 5543 13537 1408 13538 1409 13538 5547 13538 1405 13539 1408 13539 5543 13539 1402 13540 1405 13540 5543 13540 1402 13541 5543 13541 5540 13541 1399 13542 1402 13542 5540 13542 1399 13543 5540 13543 5537 13543 1396 13544 1399 13544 5537 13544 1396 13545 5537 13545 5534 13545 1391 13546 1396 13546 5534 13546 1391 13547 5534 13547 5529 13547 1390 13548 1391 13548 5529 13548 1390 13549 5529 13549 5528 13549 1385 13550 5528 13550 5523 13550 1385 13551 1390 13551 5528 13551 1384 13552 5523 13552 5522 13552 1384 13553 1385 13553 5523 13553 1381 13554 5522 13554 5519 13554 1381 13555 1384 13555 5522 13555 1376 13556 5519 13556 5514 13556 1376 13557 1381 13557 5519 13557 1375 13558 5514 13558 5513 13558 1375 13559 1376 13559 5514 13559 1372 13560 5513 13560 5510 13560 1372 13561 1375 13561 5513 13561 1369 13562 5510 13562 5507 13562 1369 13563 1372 13563 5510 13563 1364 13564 5507 13564 5502 13564 1364 13565 1369 13565 5507 13565 1363 13566 5502 13566 5501 13566 1363 13567 1364 13567 5502 13567 1356 13568 5501 13568 5494 13568 1356 13569 1363 13569 5501 13569 1355 13570 5494 13570 5493 13570 1355 13571 1356 13571 5494 13571 1351 13572 5493 13572 5489 13572 1351 13573 1355 13573 5493 13573 1347 13574 5489 13574 5485 13574 1347 13575 1351 13575 5489 13575 1343 13576 5485 13576 5481 13576 1343 13577 1347 13577 5485 13577 1339 13578 5481 13578 5477 13578 1339 13579 1343 13579 5481 13579 1336 13580 5477 13580 5474 13580 1336 13581 1339 13581 5477 13581 1334 13582 5474 13582 5473 13582 1334 13583 1336 13583 5474 13583 1341 13584 5473 13584 5479 13584 1341 13585 1334 13585 5473 13585 1345 13586 5479 13586 5483 13586 1345 13587 1341 13587 5479 13587 1348 13588 1345 13588 5483 13588 1348 13589 5483 13589 5487 13589 1353 13590 1348 13590 5487 13590 1353 13591 5487 13591 5491 13591 1357 13592 1353 13592 5491 13592 1357 13593 5491 13593 5496 13593 1359 13594 1357 13594 5496 13594 1359 13595 5496 13595 5497 13595 1329 13596 1359 13596 5497 13596 1329 13597 5497 13597 5467 13597 1328 13598 1329 13598 5467 13598 1328 13599 5467 13599 5466 13599 1330 13600 1328 13600 5466 13600 1330 13601 5466 13601 5468 13601 1331 13602 1330 13602 5468 13602 1331 13603 5468 13603 5469 13603 1332 13604 1331 13604 5469 13604 1332 13605 5469 13605 5470 13605 1312 13606 1332 13606 5470 13606 1312 13607 5470 13607 5451 13607 1310 13608 1312 13608 5451 13608 1310 13609 5451 13609 5449 13609 1308 13610 1310 13610 5449 13610 1308 13611 5449 13611 5447 13611 1306 13612 1308 13612 5447 13612 1306 13613 5447 13613 5445 13613 1304 13614 1306 13614 5445 13614 1304 13615 5445 13615 5443 13615 1302 13616 5443 13616 5441 13616 1302 13617 1304 13617 5443 13617 1302 13618 5441 13618 5439 13618 1300 13619 1302 13619 5439 13619 1298 13620 5439 13620 5437 13620 1298 13621 5437 13621 5435 13621 1298 13622 1300 13622 5439 13622 1296 13623 5435 13623 5433 13623 1296 13624 1298 13624 5435 13624 1294 13625 1296 13625 5433 13625 1292 13626 5433 13626 5431 13626 1292 13627 1294 13627 5433 13627 1290 13628 5431 13628 5429 13628 1290 13629 5429 13629 5427 13629 1290 13630 1292 13630 5431 13630 1288 13631 1290 13631 5427 13631 1286 13632 5427 13632 5425 13632 1286 13633 5425 13633 5422 13633 1286 13634 1288 13634 5427 13634 1283 13635 1286 13635 5422 13635 1284 13636 5422 13636 5423 13636 1284 13637 1283 13637 5422 13637 1285 13638 1284 13638 5423 13638 1285 13639 5423 13639 5424 13639 1287 13640 1285 13640 5424 13640 1287 13641 5424 13641 5426 13641 1289 13642 1287 13642 5426 13642 1289 13643 5426 13643 5428 13643 1291 13644 1289 13644 5428 13644 1291 13645 5428 13645 5430 13645 1293 13646 1291 13646 5430 13646 1293 13647 5430 13647 5432 13647 1295 13648 1293 13648 5432 13648 1295 13649 5432 13649 5434 13649 1295 13650 5434 13650 5436 13650 1297 13651 1295 13651 5436 13651 1299 13652 1297 13652 5436 13652 1299 13653 5436 13653 5438 13653 1301 13654 1299 13654 5438 13654 1301 13655 5438 13655 5440 13655 1303 13656 1301 13656 5440 13656 1303 13657 5440 13657 5442 13657 1305 13658 1303 13658 5442 13658 1305 13659 5442 13659 5444 13659 1307 13660 1305 13660 5444 13660 1307 13661 5444 13661 5446 13661 1309 13662 1307 13662 5446 13662 1309 13663 5446 13663 5448 13663 1311 13664 1309 13664 5448 13664 1311 13665 5448 13665 5450 13665 1311 13666 5450 13666 5452 13666 1313 13667 1311 13667 5452 13667 1314 13668 1313 13668 5452 13668 1314 13669 5452 13669 5453 13669 1315 13670 1314 13670 5453 13670 1315 13671 5453 13671 5454 13671 1316 13672 1315 13672 5454 13672 1316 13673 5454 13673 5455 13673 1317 13674 1316 13674 5455 13674 1317 13675 5455 13675 5456 13675 1318 13676 1317 13676 5456 13676 1318 13677 5456 13677 5457 13677 1318 13678 5457 13678 5458 13678 1319 13679 1318 13679 5458 13679 1320 13680 1319 13680 5458 13680 1320 13681 5458 13681 5459 13681 1321 13682 1320 13682 5459 13682 1321 13683 5459 13683 5460 13683 1322 13684 5460 13684 5461 13684 1322 13685 1321 13685 5460 13685 1323 13686 5461 13686 5462 13686 1323 13687 1322 13687 5461 13687 1793 13688 1323 13688 5462 13688 1793 13689 5462 13689 5932 13689 1793 13690 5932 13690 5934 13690 1795 13691 1793 13691 5934 13691 1798 13692 1795 13692 5934 13692 1798 13693 5934 13693 5937 13693 1801 13694 1798 13694 5937 13694 1801 13695 5937 13695 5940 13695 1805 13696 1801 13696 5940 13696 1805 13697 5940 13697 5943 13697 1807 13698 5943 13698 5946 13698 1807 13699 1805 13699 5943 13699 1810 13700 5946 13700 5949 13700 1810 13701 1807 13701 5946 13701 1813 13702 5949 13702 5952 13702 1813 13703 5952 13703 5955 13703 1813 13704 1810 13704 5949 13704 1816 13705 1813 13705 5955 13705 1819 13706 5955 13706 5958 13706 1819 13707 1816 13707 5955 13707 1822 13708 5958 13708 5961 13708 1822 13709 5961 13709 5964 13709 1822 13710 1819 13710 5958 13710 1825 13711 5964 13711 5967 13711 1825 13712 1822 13712 5964 13712 1828 13713 1825 13713 5967 13713 1831 13714 5967 13714 5970 13714 1831 13715 1828 13715 5967 13715 1834 13716 5970 13716 5972 13716 1834 13717 1831 13717 5970 13717 1836 13718 5972 13718 5974 13718 1836 13719 1834 13719 5972 13719 2008 13720 2004 13720 6143 13720 2008 13721 6143 13721 6147 13721 2013 13722 6147 13722 6152 13722 2013 13723 2008 13723 6147 13723 2016 13724 6152 13724 6155 13724 2016 13725 2013 13725 6152 13725 2022 13726 6155 13726 6160 13726 2022 13727 2016 13727 6155 13727 2026 13728 6160 13728 6164 13728 2026 13729 2022 13729 6160 13729 2028 13730 6164 13730 6167 13730 2028 13731 2026 13731 6164 13731 2033 13732 6167 13732 6171 13732 2033 13733 6171 13733 6176 13733 2033 13734 2028 13734 6167 13734 2038 13735 6176 13735 6180 13735 2038 13736 2033 13736 6176 13736 2041 13737 2038 13737 6180 13737 2044 13738 6180 13738 6183 13738 2044 13739 6183 13739 6187 13739 2044 13740 2041 13740 6180 13740 2049 13741 2044 13741 6187 13741 2053 13742 6187 13742 6191 13742 2053 13743 2049 13743 6187 13743 2058 13744 6191 13744 6196 13744 2058 13745 2053 13745 6191 13745 2061 13746 6196 13746 6200 13746 2061 13747 6200 13747 6204 13747 2061 13748 2058 13748 6196 13748 2066 13749 2061 13749 6204 13749 2068 13750 6204 13750 6207 13750 2068 13751 2066 13751 6204 13751 1562 13752 6207 13752 5700 13752 1562 13753 2068 13753 6207 13753 1560 13754 5700 13754 5698 13754 1560 13755 1562 13755 5700 13755 1558 13756 5698 13756 5696 13756 1558 13757 5696 13757 5694 13757 1558 13758 1560 13758 5698 13758 1556 13759 1558 13759 5694 13759 1554 13760 1556 13760 5694 13760 1554 13761 5694 13761 5692 13761 1552 13762 1554 13762 5692 13762 1552 13763 5692 13763 5690 13763 1550 13764 1552 13764 5690 13764 1550 13765 5690 13765 5688 13765 1548 13766 1550 13766 5688 13766 1548 13767 5688 13767 5686 13767 1466 13768 1548 13768 5686 13768 1466 13769 5686 13769 5604 13769 1465 13770 5604 13770 5603 13770 1465 13771 1466 13771 5604 13771 1464 13772 5603 13772 5602 13772 1464 13773 1465 13773 5603 13773 1463 13774 5602 13774 5601 13774 1463 13775 1464 13775 5602 13775 1462 13776 5601 13776 5600 13776 1462 13777 1463 13777 5601 13777 1460 13778 5600 13778 5598 13778 1460 13779 1462 13779 5600 13779 1457 13780 5598 13780 5595 13780 1457 13781 1460 13781 5598 13781 1454 13782 5595 13782 5592 13782 1454 13783 1457 13783 5595 13783 1450 13784 5592 13784 5588 13784 1450 13785 1454 13785 5592 13785 1447 13786 5588 13786 5585 13786 1447 13787 1450 13787 5588 13787 1445 13788 5585 13788 5583 13788 1445 13789 1447 13789 5585 13789 1442 13790 5583 13790 5580 13790 1442 13791 1445 13791 5583 13791 1438 13792 5580 13792 5576 13792 1438 13793 1442 13793 5580 13793 1435 13794 5576 13794 5573 13794 1435 13795 1438 13795 5576 13795 1432 13796 5573 13796 5570 13796 1432 13797 1435 13797 5573 13797 1430 13798 5570 13798 5568 13798 1430 13799 1432 13799 5570 13799 1427 13800 5568 13800 5565 13800 1427 13801 1430 13801 5568 13801 1423 13802 5565 13802 5561 13802 1423 13803 1427 13803 5565 13803 1420 13804 5561 13804 5558 13804 1420 13805 1423 13805 5561 13805 1417 13806 5558 13806 5555 13806 1417 13807 1420 13807 5558 13807 1415 13808 1417 13808 5555 13808 1415 13809 5555 13809 5553 13809 1412 13810 1415 13810 5553 13810 1412 13811 5553 13811 5550 13811 1406 13812 1412 13812 5550 13812 1406 13813 5550 13813 5544 13813 1403 13814 1406 13814 5544 13814 1403 13815 5544 13815 5541 13815 1400 13816 1403 13816 5541 13816 1400 13817 5541 13817 5538 13817 1397 13818 1400 13818 5538 13818 1397 13819 5538 13819 5535 13819 1394 13820 1397 13820 5535 13820 1394 13821 5535 13821 5532 13821 1392 13822 1394 13822 5532 13822 1392 13823 5532 13823 5530 13823 1388 13824 1392 13824 5530 13824 1388 13825 5530 13825 5526 13825 1386 13826 1388 13826 5526 13826 1386 13827 5526 13827 5524 13827 1382 13828 1386 13828 5524 13828 1382 13829 5524 13829 5520 13829 1379 13830 1382 13830 5520 13830 1379 13831 5520 13831 5517 13831 1377 13832 1379 13832 5517 13832 1377 13833 5517 13833 5515 13833 1373 13834 1377 13834 5515 13834 1373 13835 5515 13835 5511 13835 1370 13836 5511 13836 5508 13836 1370 13837 1373 13837 5511 13837 1370 13838 5508 13838 5505 13838 1367 13839 1370 13839 5505 13839 1365 13840 5505 13840 5503 13840 1365 13841 5503 13841 5499 13841 1365 13842 1367 13842 5505 13842 1361 13843 5499 13843 5495 13843 1361 13844 1365 13844 5499 13844 1358 13845 1361 13845 5495 13845 1352 13846 5495 13846 5490 13846 1352 13847 1358 13847 5495 13847 1349 13848 5490 13848 5486 13848 1349 13849 5486 13849 5482 13849 1349 13850 1352 13850 5490 13850 1344 13851 1349 13851 5482 13851 1340 13852 5482 13852 5478 13852 1340 13853 5478 13853 5472 13853 1340 13854 1344 13854 5482 13854 1335 13855 1340 13855 5472 13855 1337 13856 5472 13856 5475 13856 1337 13857 1335 13857 5472 13857 1338 13858 1337 13858 5475 13858 1338 13859 5475 13859 5476 13859 1342 13860 1338 13860 5476 13860 1342 13861 5476 13861 5480 13861 1346 13862 1342 13862 5480 13862 1346 13863 5480 13863 5484 13863 1350 13864 1346 13864 5484 13864 1350 13865 5484 13865 5488 13865 1354 13866 1350 13866 5488 13866 1354 13867 5488 13867 5492 13867 1360 13868 1354 13868 5492 13868 1360 13869 5492 13869 5498 13869 1360 13870 5498 13870 5500 13870 1362 13871 1360 13871 5500 13871 1366 13872 1362 13872 5500 13872 1366 13873 5500 13873 5504 13873 1368 13874 1366 13874 5504 13874 1368 13875 5504 13875 5506 13875 1371 13876 1368 13876 5506 13876 1371 13877 5506 13877 5509 13877 1374 13878 1371 13878 5509 13878 1374 13879 5509 13879 5512 13879 1378 13880 1374 13880 5512 13880 1378 13881 5512 13881 5516 13881 1380 13882 1378 13882 5516 13882 1380 13883 5516 13883 5518 13883 1383 13884 1380 13884 5518 13884 1383 13885 5518 13885 5521 13885 1383 13886 5521 13886 5525 13886 1387 13887 1383 13887 5525 13887 1389 13888 1387 13888 5525 13888 1389 13889 5525 13889 5527 13889 1393 13890 1389 13890 5527 13890 1393 13891 5527 13891 5531 13891 1395 13892 1393 13892 5531 13892 1395 13893 5531 13893 5533 13893 1398 13894 1395 13894 5533 13894 1398 13895 5533 13895 5536 13895 1401 13896 1398 13896 5536 13896 1401 13897 5536 13897 5539 13897 1401 13898 5539 13898 5542 13898 1404 13899 1401 13899 5542 13899 1407 13900 1404 13900 5542 13900 1407 13901 5542 13901 5545 13901 1413 13902 1407 13902 5545 13902 1413 13903 5545 13903 5551 13903 1416 13904 5551 13904 5554 13904 1416 13905 1413 13905 5551 13905 1418 13906 5554 13906 5556 13906 1418 13907 1416 13907 5554 13907 1421 13908 1418 13908 5556 13908 1421 13909 5556 13909 5559 13909 1421 13910 5559 13910 5562 13910 1424 13911 1421 13911 5562 13911 1428 13912 1424 13912 5562 13912 1428 13913 5562 13913 5566 13913 1431 13914 1428 13914 5566 13914 1431 13915 5566 13915 5569 13915 1433 13916 1431 13916 5569 13916 1433 13917 5569 13917 5571 13917 1436 13918 5571 13918 5574 13918 1436 13919 1433 13919 5571 13919 1439 13920 5574 13920 5577 13920 1439 13921 1436 13921 5574 13921 1443 13922 5577 13922 5581 13922 1443 13923 5581 13923 5584 13923 1443 13924 1439 13924 5577 13924 1446 13925 1443 13925 5584 13925 1448 13926 5584 13926 5586 13926 1448 13927 1446 13927 5584 13927 1452 13928 5586 13928 5589 13928 1452 13929 5589 13929 5593 13929 1452 13930 1448 13930 5586 13930 1455 13931 5593 13931 5596 13931 1455 13932 1452 13932 5593 13932 1458 13933 1455 13933 5596 13933 1461 13934 5596 13934 5599 13934 1461 13935 1458 13935 5596 13935 1841 13936 5599 13936 5980 13936 1841 13937 1461 13937 5599 13937 2004 13938 5980 13938 6143 13938 2004 13939 1841 13939 5980 13939 633 13940 625 13940 4764 13940 633 13941 4764 13941 4772 13941 640 13942 4772 13942 4779 13942 640 13943 633 13943 4772 13943 644 13944 4779 13944 4783 13944 644 13945 640 13945 4779 13945 652 13946 4783 13946 4791 13946 652 13947 644 13947 4783 13947 656 13948 4791 13948 4795 13948 656 13949 652 13949 4791 13949 662 13950 4795 13950 4801 13950 662 13951 656 13951 4795 13951 668 13952 4801 13952 4807 13952 668 13953 4807 13953 4813 13953 668 13954 662 13954 4801 13954 674 13955 4813 13955 4821 13955 674 13956 668 13956 4813 13956 682 13957 674 13957 4821 13957 684 13958 4821 13958 4824 13958 684 13959 4824 13959 4828 13959 684 13960 682 13960 4821 13960 688 13961 684 13961 4828 13961 693 13962 4828 13962 4833 13962 693 13963 688 13963 4828 13963 697 13964 4833 13964 4836 13964 697 13965 693 13965 4833 13965 1148 13966 4836 13966 5287 13966 1148 13967 5287 13967 5291 13967 1148 13968 697 13968 4836 13968 1152 13969 1148 13969 5291 13969 1155 13970 5291 13970 5294 13970 1155 13971 1152 13971 5291 13971 744 13972 5294 13972 4883 13972 744 13973 1155 13973 5294 13973 743 13974 4883 13974 4882 13974 743 13975 744 13975 4883 13975 635 13976 4882 13976 4774 13976 635 13977 4774 13977 4766 13977 635 13978 743 13978 4882 13978 627 13979 635 13979 4766 13979 619 13980 627 13980 4766 13980 619 13981 4766 13981 4758 13981 609 13982 619 13982 4758 13982 609 13983 4758 13983 4748 13983 599 13984 609 13984 4748 13984 599 13985 4748 13985 4738 13985 589 13986 599 13986 4738 13986 589 13987 4738 13987 4728 13987 580 13988 589 13988 4728 13988 580 13989 4728 13989 4719 13989 568 13990 4719 13990 4707 13990 568 13991 580 13991 4719 13991 551 13992 4707 13992 4690 13992 551 13993 568 13993 4707 13993 527 13994 4690 13994 4666 13994 527 13995 551 13995 4690 13995 523 13996 4666 13996 4662 13996 523 13997 527 13997 4666 13997 519 13998 4662 13998 4658 13998 519 13999 523 13999 4662 13999 515 14000 4658 14000 4654 14000 515 14001 519 14001 4658 14001 511 14002 4654 14002 4650 14002 511 14003 515 14003 4654 14003 508 14004 4650 14004 4647 14004 508 14005 511 14005 4650 14005 503 14006 4647 14006 4642 14006 503 14007 508 14007 4647 14007 500 14008 4642 14008 4639 14008 500 14009 503 14009 4642 14009 495 14010 4639 14010 4634 14010 495 14011 500 14011 4639 14011 492 14012 4634 14012 4631 14012 492 14013 495 14013 4634 14013 487 14014 4631 14014 4626 14014 487 14015 492 14015 4631 14015 324 14016 4626 14016 4463 14016 324 14017 487 14017 4626 14017 321 14018 4463 14018 4460 14018 321 14019 324 14019 4463 14019 231 14020 4460 14020 4370 14020 231 14021 321 14021 4460 14021 229 14022 4370 14022 4367 14022 229 14023 231 14023 4370 14023 224 14024 4367 14024 4362 14024 224 14025 229 14025 4367 14025 220 14026 4362 14026 4358 14026 220 14027 224 14027 4362 14027 216 14028 220 14028 4358 14028 216 14029 4358 14029 4354 14029 212 14030 216 14030 4354 14030 212 14031 4354 14031 4350 14031 208 14032 212 14032 4350 14032 208 14033 4350 14033 4346 14033 205 14034 208 14034 4346 14034 205 14035 4346 14035 4343 14035 201 14036 205 14036 4343 14036 201 14037 4343 14037 4339 14037 197 14038 201 14038 4339 14038 197 14039 4339 14039 4335 14039 191 14040 197 14040 4335 14040 191 14041 4335 14041 4330 14041 189 14042 191 14042 4330 14042 189 14043 4330 14043 4327 14043 184 14044 189 14044 4327 14044 184 14045 4327 14045 4323 14045 181 14046 184 14046 4323 14046 181 14047 4323 14047 4320 14047 179 14048 181 14048 4320 14048 179 14049 4320 14049 4318 14049 175 14050 179 14050 4318 14050 175 14051 4318 14051 4314 14051 172 14052 175 14052 4314 14052 172 14053 4314 14053 4311 14053 169 14054 172 14054 4311 14054 169 14055 4311 14055 4308 14055 167 14056 4308 14056 4306 14056 167 14057 169 14057 4308 14057 167 14058 4306 14058 4303 14058 164 14059 167 14059 4303 14059 160 14060 4303 14060 4299 14060 160 14061 4299 14061 4296 14061 160 14062 164 14062 4303 14062 158 14063 4296 14063 4291 14063 158 14064 160 14064 4296 14064 152 14065 158 14065 4291 14065 148 14066 4291 14066 4287 14066 148 14067 152 14067 4291 14067 145 14068 4287 14068 4284 14068 145 14069 4284 14069 4280 14069 145 14070 148 14070 4287 14070 141 14071 145 14071 4280 14071 137 14072 4280 14072 4276 14072 137 14073 4276 14073 4269 14073 137 14074 141 14074 4280 14074 131 14075 137 14075 4269 14075 132 14076 4269 14076 4271 14076 132 14077 131 14077 4269 14077 134 14078 132 14078 4271 14078 134 14079 4271 14079 4273 14079 139 14080 134 14080 4273 14080 139 14081 4273 14081 4278 14081 143 14082 139 14082 4278 14082 143 14083 4278 14083 4282 14083 147 14084 143 14084 4282 14084 147 14085 4282 14085 4286 14085 150 14086 147 14086 4286 14086 150 14087 4286 14087 4289 14087 155 14088 150 14088 4289 14088 155 14089 4289 14089 4293 14089 155 14090 4293 14090 4298 14090 159 14091 155 14091 4298 14091 161 14092 159 14092 4298 14092 161 14093 4298 14093 4300 14093 165 14094 161 14094 4300 14094 165 14095 4300 14095 4304 14095 168 14096 165 14096 4304 14096 168 14097 4304 14097 4307 14097 170 14098 168 14098 4307 14098 170 14099 4307 14099 4309 14099 173 14100 170 14100 4309 14100 173 14101 4309 14101 4312 14101 176 14102 173 14102 4312 14102 176 14103 4312 14103 4315 14103 180 14104 176 14104 4315 14104 180 14105 4315 14105 4319 14105 180 14106 4319 14106 4321 14106 182 14107 180 14107 4321 14107 185 14108 182 14108 4321 14108 185 14109 4321 14109 4324 14109 190 14110 185 14110 4324 14110 190 14111 4324 14111 4329 14111 193 14112 190 14112 4329 14112 193 14113 4329 14113 4332 14113 198 14114 193 14114 4332 14114 198 14115 4332 14115 4337 14115 202 14116 198 14116 4337 14116 202 14117 4337 14117 4341 14117 202 14118 4341 14118 4345 14118 206 14119 202 14119 4345 14119 209 14120 206 14120 4345 14120 209 14121 4345 14121 4348 14121 213 14122 209 14122 4348 14122 213 14123 4348 14123 4352 14123 217 14124 4352 14124 4356 14124 217 14125 213 14125 4352 14125 221 14126 4356 14126 4360 14126 221 14127 217 14127 4356 14127 225 14128 221 14128 4360 14128 225 14129 4360 14129 4364 14129 225 14130 4364 14130 4369 14130 230 14131 225 14131 4369 14131 233 14132 230 14132 4369 14132 233 14133 4369 14133 4371 14133 235 14134 233 14134 4371 14134 235 14135 4371 14135 4374 14135 237 14136 235 14136 4374 14136 237 14137 4374 14137 4375 14137 239 14138 4375 14138 4378 14138 239 14139 237 14139 4375 14139 241 14140 4378 14140 4379 14140 241 14141 239 14141 4378 14141 243 14142 4379 14142 4382 14142 243 14143 4382 14143 4383 14143 243 14144 241 14144 4379 14144 245 14145 243 14145 4383 14145 247 14146 4383 14146 4386 14146 247 14147 245 14147 4383 14147 248 14148 4386 14148 4387 14148 248 14149 4387 14149 4736 14149 248 14150 247 14150 4386 14150 597 14151 4736 14151 4741 14151 597 14152 248 14152 4736 14152 601 14153 597 14153 4741 14153 611 14154 4741 14154 4750 14154 611 14155 601 14155 4741 14155 616 14156 4750 14156 4756 14156 616 14157 611 14157 4750 14157 625 14158 4756 14158 4764 14158 625 14159 616 14159 4756 14159 2333 14160 2329 14160 6467 14160 2333 14161 6467 14161 6471 14161 2337 14162 6471 14162 6475 14162 2337 14163 2333 14163 6471 14163 2338 14164 6475 14164 6477 14164 2338 14165 2337 14165 6475 14165 2340 14166 6477 14166 6479 14166 2340 14167 2338 14167 6477 14167 1957 14168 6479 14168 6095 14168 1957 14169 2340 14169 6479 14169 1954 14170 6095 14170 6092 14170 1954 14171 1957 14171 6095 14171 1953 14172 6092 14172 6091 14172 1953 14173 6091 14173 6088 14173 1953 14174 1954 14174 6092 14174 1950 14175 6088 14175 6085 14175 1950 14176 1953 14176 6088 14176 1947 14177 1950 14177 6085 14177 1942 14178 6085 14178 6080 14178 1942 14179 6080 14179 6079 14179 1942 14180 1947 14180 6085 14180 1941 14181 1942 14181 6079 14181 1936 14182 6079 14182 6074 14182 1936 14183 1941 14183 6079 14183 1935 14184 6074 14184 6073 14184 1935 14185 1936 14185 6074 14185 1932 14186 6073 14186 6070 14186 1932 14187 6070 14187 6065 14187 1932 14188 1935 14188 6073 14188 1927 14189 1932 14189 6065 14189 1925 14190 6065 14190 6064 14190 1925 14191 1927 14191 6065 14191 1921 14192 6064 14192 6059 14192 1921 14193 1925 14193 6064 14193 1920 14194 6059 14194 6058 14194 1920 14195 1921 14195 6059 14195 1917 14196 6058 14196 6055 14196 1917 14197 6055 14197 6052 14197 1917 14198 1920 14198 6058 14198 1914 14199 1917 14199 6052 14199 1911 14200 1914 14200 6052 14200 1911 14201 6052 14201 6049 14201 1906 14202 1911 14202 6049 14202 1906 14203 6049 14203 6044 14203 1904 14204 1906 14204 6044 14204 1904 14205 6044 14205 6043 14205 1900 14206 1904 14206 6043 14206 1900 14207 6043 14207 6038 14207 1899 14208 1900 14208 6038 14208 1899 14209 6038 14209 6037 14209 1894 14210 6037 14210 6032 14210 1894 14211 1899 14211 6037 14211 1893 14212 6032 14212 6031 14212 1893 14213 1894 14213 6032 14213 1890 14214 6031 14214 6028 14214 1890 14215 1893 14215 6031 14215 1887 14216 6028 14216 6025 14216 1887 14217 1890 14217 6028 14217 1884 14218 6025 14218 6022 14218 1884 14219 1887 14219 6025 14219 1879 14220 6022 14220 6017 14220 1879 14221 1884 14221 6022 14221 1877 14222 6017 14222 6016 14222 1877 14223 1879 14223 6017 14223 1875 14224 6016 14224 6013 14224 1875 14225 1877 14225 6016 14225 1872 14226 6013 14226 6010 14226 1872 14227 1875 14227 6013 14227 1868 14228 6010 14228 6006 14228 1868 14229 1872 14229 6010 14229 1864 14230 6006 14230 6002 14230 1864 14231 1868 14231 6006 14231 1860 14232 6002 14232 5998 14232 1860 14233 1864 14233 6002 14233 1857 14234 5998 14234 5995 14234 1857 14235 1860 14235 5998 14235 1852 14236 5995 14236 5990 14236 1852 14237 1857 14237 5995 14237 1845 14238 5990 14238 5983 14238 1845 14239 1852 14239 5990 14239 1843 14240 5983 14240 5982 14240 1843 14241 1845 14241 5983 14241 1846 14242 5982 14242 5984 14242 1846 14243 1843 14243 5982 14243 1849 14244 5984 14244 5988 14244 1849 14245 1846 14245 5984 14245 1853 14246 5988 14246 5992 14246 1853 14247 1849 14247 5988 14247 1855 14248 1853 14248 5992 14248 1855 14249 5992 14249 5993 14249 1861 14250 1855 14250 5993 14250 1861 14251 5993 14251 6000 14251 1865 14252 1861 14252 6000 14252 1865 14253 6000 14253 6004 14253 1869 14254 1865 14254 6004 14254 1869 14255 6004 14255 6008 14255 1786 14256 1869 14256 6008 14256 1786 14257 6008 14257 5924 14257 1783 14258 1786 14258 5924 14258 1783 14259 5924 14259 5921 14259 1780 14260 1783 14260 5921 14260 1780 14261 5921 14261 5918 14261 1777 14262 1780 14262 5918 14262 1777 14263 5918 14263 5915 14263 1774 14264 1777 14264 5915 14264 1774 14265 5915 14265 5912 14265 1771 14266 1774 14266 5912 14266 1771 14267 5912 14267 5909 14267 1768 14268 1771 14268 5909 14268 1768 14269 5909 14269 5906 14269 1765 14270 1768 14270 5906 14270 1765 14271 5906 14271 5903 14271 1762 14272 1765 14272 5903 14272 1762 14273 5903 14273 5900 14273 1759 14274 1762 14274 5900 14274 1759 14275 5900 14275 5897 14275 1755 14276 5897 14276 5893 14276 1755 14277 1759 14277 5897 14277 1755 14278 5893 14278 5889 14278 1751 14279 1755 14279 5889 14279 1747 14280 5889 14280 5885 14280 1747 14281 5885 14281 5881 14281 1747 14282 1751 14282 5889 14282 1744 14283 5881 14283 5877 14283 1744 14284 1747 14284 5881 14284 1739 14285 1744 14285 5877 14285 1735 14286 5877 14286 5873 14286 1735 14287 1739 14287 5877 14287 1731 14288 5873 14288 5869 14288 1731 14289 5869 14289 5865 14289 1731 14290 1735 14290 5873 14290 1728 14291 1731 14291 5865 14291 1725 14292 5865 14292 5862 14292 1725 14293 5862 14293 5858 14293 1725 14294 1728 14294 5865 14294 1721 14295 1725 14295 5858 14295 1719 14296 5858 14296 5857 14296 1719 14297 1721 14297 5858 14297 1722 14298 1719 14298 5857 14298 1722 14299 5857 14299 5860 14299 1726 14300 1722 14300 5860 14300 1726 14301 5860 14301 5864 14301 1729 14302 1726 14302 5864 14302 1729 14303 5864 14303 5867 14303 1733 14304 1729 14304 5867 14304 1733 14305 5867 14305 5871 14305 1737 14306 1733 14306 5871 14306 1737 14307 5871 14307 5875 14307 1741 14308 1737 14308 5875 14308 1741 14309 5875 14309 5879 14309 1741 14310 5879 14310 5883 14310 1745 14311 1741 14311 5883 14311 1749 14312 1745 14312 5883 14312 1749 14313 5883 14313 5887 14313 1753 14314 1749 14314 5887 14314 1753 14315 5887 14315 5891 14315 1757 14316 1753 14316 5891 14316 1757 14317 5891 14317 5895 14317 1760 14318 1757 14318 5895 14318 1760 14319 5895 14319 5898 14319 1763 14320 1760 14320 5898 14320 1763 14321 5898 14321 5901 14321 1766 14322 1763 14322 5901 14322 1766 14323 5901 14323 5904 14323 1769 14324 1766 14324 5904 14324 1769 14325 5904 14325 5907 14325 1769 14326 5907 14326 5910 14326 1772 14327 1769 14327 5910 14327 1775 14328 1772 14328 5910 14328 1775 14329 5910 14329 5913 14329 1778 14330 1775 14330 5913 14330 1778 14331 5913 14331 5916 14331 1781 14332 1778 14332 5916 14332 1781 14333 5916 14333 5919 14333 1784 14334 1781 14334 5919 14334 1784 14335 5919 14335 5922 14335 1787 14336 1784 14336 5922 14336 1787 14337 5922 14337 5925 14337 1787 14338 5925 14338 5927 14338 1789 14339 1787 14339 5927 14339 1790 14340 1789 14340 5927 14340 1790 14341 5927 14341 5928 14341 1791 14342 1790 14342 5928 14342 1791 14343 5928 14343 5929 14343 1792 14344 5929 14344 5930 14344 1792 14345 1791 14345 5929 14345 2176 14346 5930 14346 6314 14346 2176 14347 1792 14347 5930 14347 2181 14348 2176 14348 6314 14348 2181 14349 6314 14349 6319 14349 2181 14350 6319 14350 6322 14350 2183 14351 2181 14351 6322 14351 2188 14352 2183 14352 6322 14352 2188 14353 6322 14353 6327 14353 2297 14354 2188 14354 6327 14354 2297 14355 6327 14355 6435 14355 2293 14356 2297 14356 6435 14356 2293 14357 6435 14357 6431 14357 2291 14358 6431 14358 6430 14358 2291 14359 2293 14359 6431 14359 2294 14360 6430 14360 6433 14360 2294 14361 2291 14361 6430 14361 2298 14362 6433 14362 6437 14362 2298 14363 6437 14363 6440 14363 2298 14364 2294 14364 6433 14364 2301 14365 2298 14365 6440 14365 2305 14366 6440 14366 6443 14366 2305 14367 2301 14367 6440 14367 2308 14368 6443 14368 6447 14368 2308 14369 6447 14369 6451 14369 2308 14370 2305 14370 6443 14370 2312 14371 6451 14371 6455 14371 2312 14372 2308 14372 6451 14372 2317 14373 2312 14373 6455 14373 2321 14374 6455 14374 6459 14374 2321 14375 2317 14375 6455 14375 2325 14376 6459 14376 6463 14376 2325 14377 2321 14377 6459 14377 2329 14378 6463 14378 6467 14378 2329 14379 2325 14379 6463 14379 2133 14380 2134 14380 6272 14380 2133 14381 6272 14381 6271 14381 2135 14382 6271 14382 6273 14382 2135 14383 2133 14383 6271 14383 2828 14384 6273 14384 6943 14384 2828 14385 2135 14385 6273 14385 2833 14386 6943 14386 6946 14386 2833 14387 2828 14387 6943 14387 2837 14388 6946 14388 6949 14388 2837 14389 2833 14389 6946 14389 2841 14390 6949 14390 6952 14390 2841 14391 2837 14391 6949 14391 2845 14392 6952 14392 6955 14392 2845 14393 6955 14393 6958 14393 2845 14394 2841 14394 6952 14394 2849 14395 6958 14395 6961 14395 2849 14396 2845 14396 6958 14396 2853 14397 2849 14397 6961 14397 2857 14398 6961 14398 6964 14398 2857 14399 6964 14399 6967 14399 2857 14400 2853 14400 6961 14400 2860 14401 2857 14401 6967 14401 2863 14402 6967 14402 6970 14402 2863 14403 2860 14403 6967 14403 2867 14404 6970 14404 6973 14404 2867 14405 2863 14405 6970 14405 2869 14406 6973 14406 6976 14406 2869 14407 6976 14407 7057 14407 2869 14408 2867 14408 6973 14408 2951 14409 2869 14409 7057 14409 2765 14410 7057 14410 6903 14410 2765 14411 2951 14411 7057 14411 2762 14412 6903 14412 6900 14412 2762 14413 2765 14413 6903 14413 2759 14414 6900 14414 6897 14414 2759 14415 2762 14415 6900 14415 2756 14416 6897 14416 6894 14416 2756 14417 6894 14417 6891 14417 2756 14418 2759 14418 6897 14418 2753 14419 2756 14419 6891 14419 2750 14420 2753 14420 6891 14420 2750 14421 6891 14421 6888 14421 2747 14422 2750 14422 6888 14422 2747 14423 6888 14423 6885 14423 2744 14424 2747 14424 6885 14424 2744 14425 6885 14425 6882 14425 2741 14426 2744 14426 6882 14426 2741 14427 6882 14427 6879 14427 2738 14428 2741 14428 6879 14428 2738 14429 6879 14429 6876 14429 2735 14430 6876 14430 6873 14430 2735 14431 2738 14431 6876 14431 2732 14432 6873 14432 6870 14432 2732 14433 2735 14433 6873 14433 2729 14434 6870 14434 6867 14434 2729 14435 2732 14435 6870 14435 2726 14436 6867 14436 6864 14436 2726 14437 2729 14437 6867 14437 2723 14438 6864 14438 6861 14438 2723 14439 2726 14439 6864 14439 2720 14440 6861 14440 6858 14440 2720 14441 2723 14441 6861 14441 2717 14442 6858 14442 6855 14442 2717 14443 2720 14443 6858 14443 2713 14444 6855 14444 6851 14444 2713 14445 2717 14445 6855 14445 2711 14446 6851 14446 6850 14446 2711 14447 2713 14447 6851 14447 2714 14448 6850 14448 6853 14448 2714 14449 2711 14449 6850 14449 2691 14450 6853 14450 6829 14450 2691 14451 2714 14451 6853 14451 2689 14452 6829 14452 6828 14452 2689 14453 2691 14453 6829 14453 2088 14454 6828 14454 6226 14454 2088 14455 2689 14455 6828 14455 2084 14456 6226 14456 6222 14456 2084 14457 2088 14457 6226 14457 2081 14458 6222 14458 6219 14458 2081 14459 2084 14459 6222 14459 2077 14460 6219 14460 6215 14460 2077 14461 2081 14461 6219 14461 2072 14462 6215 14462 6210 14462 2072 14463 2077 14463 6215 14463 2069 14464 6210 14464 6206 14464 2069 14465 2072 14465 6210 14465 2065 14466 6206 14466 6203 14466 2065 14467 2069 14467 6206 14467 2062 14468 2065 14468 6203 14468 2062 14469 6203 14469 6199 14469 2057 14470 2062 14470 6199 14470 2057 14471 6199 14471 6195 14471 2052 14472 2057 14472 6195 14472 2052 14473 6195 14473 6190 14473 2048 14474 2052 14474 6190 14474 2048 14475 6190 14475 6186 14475 2045 14476 2048 14476 6186 14476 2045 14477 6186 14477 6182 14477 2042 14478 2045 14478 6182 14478 2042 14479 6182 14479 6179 14479 2037 14480 2042 14480 6179 14480 2037 14481 6179 14481 6175 14481 2032 14482 2037 14482 6175 14482 2032 14483 6175 14483 6170 14483 2029 14484 2032 14484 6170 14484 2029 14485 6170 14485 6166 14485 2025 14486 2029 14486 6166 14486 2025 14487 6166 14487 6163 14487 2021 14488 2025 14488 6163 14488 2021 14489 6163 14489 6159 14489 2017 14490 2021 14490 6159 14490 2017 14491 6159 14491 6154 14491 2014 14492 2017 14492 6154 14492 2014 14493 6154 14493 6151 14493 2009 14494 2014 14494 6151 14494 2009 14495 6151 14495 6146 14495 2005 14496 6146 14496 6142 14496 2005 14497 2009 14497 6146 14497 2005 14498 6142 14498 6139 14498 2001 14499 2005 14499 6139 14499 1998 14500 6139 14500 6136 14500 1998 14501 6136 14501 6132 14501 1998 14502 2001 14502 6139 14502 1995 14503 6132 14503 6127 14503 1995 14504 1998 14504 6132 14504 1989 14505 1995 14505 6127 14505 1985 14506 6127 14506 6123 14506 1985 14507 1989 14507 6127 14507 1981 14508 6123 14508 6119 14508 1981 14509 6119 14509 6116 14509 1981 14510 1985 14510 6123 14510 1978 14511 1981 14511 6116 14511 1974 14512 6116 14512 6112 14512 1974 14513 6112 14513 6105 14513 1974 14514 1978 14514 6116 14514 1968 14515 1974 14515 6105 14515 1969 14516 6105 14516 6107 14516 1969 14517 1968 14517 6105 14517 1971 14518 1969 14518 6107 14518 1971 14519 6107 14519 6109 14519 1977 14520 1971 14520 6109 14520 1977 14521 6109 14521 6115 14521 1979 14522 1977 14522 6115 14522 1979 14523 6115 14523 6117 14523 1983 14524 1979 14524 6117 14524 1983 14525 6117 14525 6121 14525 1987 14526 1983 14526 6121 14526 1987 14527 6121 14527 6125 14527 1991 14528 1987 14528 6125 14528 1991 14529 6125 14529 6129 14529 1991 14530 6129 14530 6134 14530 1996 14531 1991 14531 6134 14531 2000 14532 1996 14532 6134 14532 2000 14533 6134 14533 6138 14533 2002 14534 2000 14534 6138 14534 2002 14535 6138 14535 6140 14535 2006 14536 2002 14536 6140 14536 2006 14537 6140 14537 6144 14537 2010 14538 2006 14538 6144 14538 2010 14539 6144 14539 6148 14539 2015 14540 2010 14540 6148 14540 2015 14541 6148 14541 6153 14541 2019 14542 2015 14542 6153 14542 2019 14543 6153 14543 6156 14543 2023 14544 2019 14544 6156 14544 2023 14545 6156 14545 6161 14545 2023 14546 6161 14546 6165 14546 2027 14547 2023 14547 6165 14547 2030 14548 2027 14548 6165 14548 2030 14549 6165 14549 6168 14549 2034 14550 2030 14550 6168 14550 2034 14551 6168 14551 6172 14551 2039 14552 2034 14552 6172 14552 2039 14553 6172 14553 6177 14553 2043 14554 2039 14554 6177 14554 2043 14555 6177 14555 6181 14555 2046 14556 2043 14556 6181 14556 2046 14557 6181 14557 6184 14557 2046 14558 6184 14558 6188 14558 2050 14559 2046 14559 6188 14559 2054 14560 2050 14560 6188 14560 2054 14561 6188 14561 6192 14561 2059 14562 2054 14562 6192 14562 2059 14563 6192 14563 6197 14563 2063 14564 6197 14564 6201 14564 2063 14565 2059 14565 6197 14565 2067 14566 6201 14566 6205 14566 2067 14567 2063 14567 6201 14567 2070 14568 2067 14568 6205 14568 2070 14569 6205 14569 6208 14569 2070 14570 6208 14570 6212 14570 2075 14571 2070 14571 6212 14571 2079 14572 2075 14572 6212 14572 2079 14573 6212 14573 6217 14573 2083 14574 2079 14574 6217 14574 2083 14575 6217 14575 6221 14575 2086 14576 2083 14576 6221 14576 2086 14577 6221 14577 6224 14577 2089 14578 6224 14578 6227 14578 2089 14579 2086 14579 6224 14579 2092 14580 6227 14580 6229 14580 2092 14581 2089 14581 6227 14581 2094 14582 6229 14582 6232 14582 2094 14583 6232 14583 6233 14583 2094 14584 2092 14584 6229 14584 2095 14585 2094 14585 6233 14585 2098 14586 6233 14586 6236 14586 2098 14587 2095 14587 6233 14587 2136 14588 6236 14588 6274 14588 2136 14589 6274 14589 6275 14589 2136 14590 2098 14590 6236 14590 2137 14591 6275 14591 6276 14591 2137 14592 2136 14592 6275 14592 2138 14593 2137 14593 6276 14593 2139 14594 6276 14594 6277 14594 2139 14595 2138 14595 6276 14595 2140 14596 6277 14596 6278 14596 2140 14597 2139 14597 6277 14597 2134 14598 6278 14598 6272 14598 2134 14599 2140 14599 6278 14599 4018 14600 4019 14600 8125 14600 4018 14601 8125 14601 8124 14601 4020 14602 8124 14602 8126 14602 4020 14603 4018 14603 8124 14603 4021 14604 8126 14604 8127 14604 4021 14605 4020 14605 8126 14605 4022 14606 8127 14606 8128 14606 4022 14607 4021 14607 8127 14607 4023 14608 8128 14608 8129 14608 4023 14609 4022 14609 8128 14609 3886 14610 8129 14610 7992 14610 3886 14611 4023 14611 8129 14611 3885 14612 7992 14612 7991 14612 3885 14613 7991 14613 7988 14613 3885 14614 3886 14614 7992 14614 3882 14615 7988 14615 7985 14615 3882 14616 3885 14616 7988 14616 3879 14617 3882 14617 7985 14617 3876 14618 7985 14618 7982 14618 3876 14619 7982 14619 7979 14619 3876 14620 3879 14620 7985 14620 3873 14621 3876 14621 7979 14621 3868 14622 7979 14622 7974 14622 3868 14623 3873 14623 7979 14623 3866 14624 7974 14624 7973 14624 3866 14625 3868 14625 7974 14625 3864 14626 7973 14626 7970 14626 3864 14627 7970 14627 7966 14627 3864 14628 3866 14628 7973 14628 3860 14629 3864 14629 7966 14629 3853 14630 7966 14630 7959 14630 3853 14631 3860 14631 7966 14631 3851 14632 7959 14632 7958 14632 3851 14633 3853 14633 7959 14633 3845 14634 7958 14634 7951 14634 3845 14635 3851 14635 7958 14635 3844 14636 7951 14636 7950 14636 3844 14637 7950 14637 7946 14637 3844 14638 3845 14638 7951 14638 3840 14639 3844 14639 7946 14639 3836 14640 3840 14640 7946 14640 3836 14641 7946 14641 7942 14641 3829 14642 3836 14642 7942 14642 3829 14643 7942 14643 7935 14643 3827 14644 3829 14644 7935 14644 3827 14645 7935 14645 7934 14645 3824 14646 3827 14646 7934 14646 3824 14647 7934 14647 7930 14647 3820 14648 3824 14648 7930 14648 3820 14649 7930 14649 7926 14649 3816 14650 7926 14650 7922 14650 3816 14651 3820 14651 7926 14651 3812 14652 7922 14652 7918 14652 3812 14653 3816 14653 7922 14653 3808 14654 7918 14654 7914 14654 3808 14655 3812 14655 7918 14655 3801 14656 7914 14656 7907 14656 3801 14657 3808 14657 7914 14657 3799 14658 7907 14658 7906 14658 3799 14659 3801 14659 7907 14659 3796 14660 7906 14660 7902 14660 3796 14661 3799 14661 7906 14661 3793 14662 7902 14662 7899 14662 3793 14663 3796 14663 7902 14663 3790 14664 7899 14664 7896 14664 3790 14665 3793 14665 7899 14665 3783 14666 7896 14666 7889 14666 3783 14667 3790 14667 7896 14667 3781 14668 7889 14668 7888 14668 3781 14669 3783 14669 7889 14669 3779 14670 7888 14670 7885 14670 3779 14671 3781 14671 7888 14671 3774 14672 7885 14672 7880 14672 3774 14673 3779 14673 7885 14673 3767 14674 7880 14674 7873 14674 3767 14675 3774 14675 7880 14675 3763 14676 7873 14676 7869 14676 3763 14677 3767 14677 7873 14677 3761 14678 7869 14678 7868 14678 3761 14679 3763 14679 7869 14679 3759 14680 7868 14680 7865 14680 3759 14681 3761 14681 7868 14681 3757 14682 7865 14682 7864 14682 3757 14683 3759 14683 7865 14683 3764 14684 7864 14684 7871 14684 3764 14685 3757 14685 7864 14685 3769 14686 7871 14686 7875 14686 3769 14687 3764 14687 7871 14687 3771 14688 3769 14688 7875 14688 3771 14689 7875 14689 7878 14689 3775 14690 3771 14690 7878 14690 3775 14691 7878 14691 7882 14691 3777 14692 3775 14692 7882 14692 3777 14693 7882 14693 7883 14693 3785 14694 3777 14694 7883 14694 3785 14695 7883 14695 7891 14695 3786 14696 3785 14696 7891 14696 3786 14697 7891 14697 7892 14697 3740 14698 3786 14698 7892 14698 3740 14699 7892 14699 7846 14699 3737 14700 3740 14700 7846 14700 3737 14701 7846 14701 7842 14701 3733 14702 3737 14702 7842 14702 3733 14703 7842 14703 7838 14703 3729 14704 3733 14704 7838 14704 3729 14705 7838 14705 7834 14705 3724 14706 3729 14706 7834 14706 3724 14707 7834 14707 7830 14707 3720 14708 3724 14708 7830 14708 3720 14709 7830 14709 7826 14709 3716 14710 3720 14710 7826 14710 3716 14711 7826 14711 7822 14711 3713 14712 3716 14712 7822 14712 3713 14713 7822 14713 7818 14713 3708 14714 3713 14714 7818 14714 3708 14715 7818 14715 7814 14715 3705 14716 7814 14716 7810 14716 3705 14717 3708 14717 7814 14717 3705 14718 7810 14718 7806 14718 3701 14719 3705 14719 7806 14719 3697 14720 7806 14720 7802 14720 3697 14721 7802 14721 7798 14721 3697 14722 3701 14722 7806 14722 3693 14723 7798 14723 7794 14723 3693 14724 3697 14724 7798 14724 3688 14725 3693 14725 7794 14725 3685 14726 7794 14726 7791 14726 3685 14727 3688 14727 7794 14727 3682 14728 7791 14728 7788 14728 3682 14729 7788 14729 7785 14729 3682 14730 3685 14730 7791 14730 3680 14731 3682 14731 7785 14731 3676 14732 7785 14732 7782 14732 3676 14733 7782 14733 7778 14733 3676 14734 3680 14734 7785 14734 3673 14735 3676 14735 7778 14735 3670 14736 7778 14736 7775 14736 3670 14737 3673 14737 7778 14737 3674 14738 3670 14738 7775 14738 3674 14739 7775 14739 7780 14739 3678 14740 3674 14740 7780 14740 3678 14741 7780 14741 7784 14741 3681 14742 3678 14742 7784 14742 3681 14743 7784 14743 7787 14743 3684 14744 3681 14744 7787 14744 3684 14745 7787 14745 7790 14745 3687 14746 3684 14746 7790 14746 3687 14747 7790 14747 7793 14747 3690 14748 3687 14748 7793 14748 3690 14749 7793 14749 7796 14749 3690 14750 7796 14750 7800 14750 3694 14751 3690 14751 7800 14751 3698 14752 3694 14752 7800 14752 3698 14753 7800 14753 7804 14753 3702 14754 3698 14754 7804 14754 3702 14755 7804 14755 7808 14755 3706 14756 3702 14756 7808 14756 3706 14757 7808 14757 7812 14757 3710 14758 3706 14758 7812 14758 3710 14759 7812 14759 7816 14759 3714 14760 3710 14760 7816 14760 3714 14761 7816 14761 7820 14761 3718 14762 3714 14762 7820 14762 3718 14763 7820 14763 7824 14763 3722 14764 3718 14764 7824 14764 3722 14765 7824 14765 7828 14765 3722 14766 7828 14766 7832 14766 3726 14767 3722 14767 7832 14767 3730 14768 3726 14768 7832 14768 3730 14769 7832 14769 7836 14769 3734 14770 3730 14770 7836 14770 3734 14771 7836 14771 7840 14771 3738 14772 3734 14772 7840 14772 3738 14773 7840 14773 7844 14773 3741 14774 3738 14774 7844 14774 3741 14775 7844 14775 7847 14775 3743 14776 3741 14776 7847 14776 3743 14777 7847 14777 7849 14777 3743 14778 7849 14778 7851 14778 3745 14779 3743 14779 7851 14779 3747 14780 3745 14780 7851 14780 3747 14781 7851 14781 7853 14781 3749 14782 3747 14782 7853 14782 3749 14783 7853 14783 7855 14783 3751 14784 7855 14784 7857 14784 3751 14785 3749 14785 7855 14785 3752 14786 7857 14786 7858 14786 3752 14787 3751 14787 7857 14787 3754 14788 3752 14788 7858 14788 3754 14789 7858 14789 7860 14789 3754 14790 7860 14790 7862 14790 3756 14791 3754 14791 7862 14791 3935 14792 3756 14792 7862 14792 3935 14793 7862 14793 8041 14793 3937 14794 3935 14794 8041 14794 3937 14795 8041 14795 8044 14795 3941 14796 3937 14796 8044 14796 3941 14797 8044 14797 8047 14797 3944 14798 8047 14798 8050 14798 3944 14799 3941 14799 8047 14799 3947 14800 8050 14800 8053 14800 3947 14801 3944 14801 8050 14801 3950 14802 8053 14802 8056 14802 3950 14803 8056 14803 8059 14803 3950 14804 3947 14804 8053 14804 3953 14805 3950 14805 8059 14805 3955 14806 8059 14806 8062 14806 3955 14807 3953 14807 8059 14807 3958 14808 8062 14808 8065 14808 3958 14809 8065 14809 8068 14809 3958 14810 3955 14810 8062 14810 3961 14811 8068 14811 8071 14811 3961 14812 3958 14812 8068 14812 3965 14813 3961 14813 8071 14813 3968 14814 8071 14814 8074 14814 3968 14815 3965 14815 8071 14815 4024 14816 8074 14816 8130 14816 4024 14817 3968 14817 8074 14817 4019 14818 8130 14818 8125 14818 4019 14819 4024 14819 8130 14819 3227 14820 3179 14820 7285 14820 3227 14821 7285 14821 7333 14821 3229 14822 7333 14822 7335 14822 3229 14823 3227 14823 7333 14823 3170 14824 7335 14824 7276 14824 3170 14825 3229 14825 7335 14825 3169 14826 7276 14826 7275 14826 3169 14827 3170 14827 7276 14827 3172 14828 7275 14828 7278 14828 3172 14829 3169 14829 7275 14829 3174 14830 7278 14830 7280 14830 3174 14831 3172 14831 7278 14831 3176 14832 7280 14832 7282 14832 3176 14833 7282 14833 7284 14833 3176 14834 3174 14834 7280 14834 3178 14835 7284 14835 7286 14835 3178 14836 3176 14836 7284 14836 3180 14837 3178 14837 7286 14837 3181 14838 7286 14838 7287 14838 3181 14839 7287 14839 7288 14839 3181 14840 3180 14840 7286 14840 3182 14841 3181 14841 7288 14841 3183 14842 7288 14842 7289 14842 3183 14843 3182 14843 7288 14843 3184 14844 7289 14844 7290 14844 3184 14845 3183 14845 7289 14845 3185 14846 7290 14846 7291 14846 3185 14847 7291 14847 7292 14847 3185 14848 3184 14848 7290 14848 3186 14849 3185 14849 7292 14849 3187 14850 7292 14850 7293 14850 3187 14851 3186 14851 7292 14851 3190 14852 7293 14852 7296 14852 3190 14853 3187 14853 7293 14853 3192 14854 7296 14854 7298 14854 3192 14855 3190 14855 7296 14855 3194 14856 7298 14856 7300 14856 3194 14857 7300 14857 7302 14857 3194 14858 3192 14858 7298 14858 3196 14859 3194 14859 7302 14859 3198 14860 3196 14860 7302 14860 3198 14861 7302 14861 7304 14861 3200 14862 3198 14862 7304 14862 3200 14863 7304 14863 7306 14863 3202 14864 3200 14864 7306 14864 3202 14865 7306 14865 7308 14865 3204 14866 3202 14866 7308 14866 3204 14867 7308 14867 7310 14867 3206 14868 3204 14868 7310 14868 3206 14869 7310 14869 7312 14869 3208 14870 7312 14870 7314 14870 3208 14871 3206 14871 7312 14871 3210 14872 7314 14872 7316 14872 3210 14873 3208 14873 7314 14873 3212 14874 7316 14874 7318 14874 3212 14875 3210 14875 7316 14875 3214 14876 7318 14876 7320 14876 3214 14877 3212 14877 7318 14877 3216 14878 7320 14878 7322 14878 3216 14879 3214 14879 7320 14879 3218 14880 7322 14880 7324 14880 3218 14881 3216 14881 7322 14881 3066 14882 7324 14882 7172 14882 3066 14883 3218 14883 7324 14883 3053 14884 7172 14884 7159 14884 3053 14885 3066 14885 7172 14885 3035 14886 7159 14886 7141 14886 3035 14887 3053 14887 7159 14887 3034 14888 7141 14888 7139 14888 3034 14889 3035 14889 7141 14889 3032 14890 7139 14890 7137 14890 3032 14891 3034 14891 7139 14891 3030 14892 7137 14892 7136 14892 3030 14893 3032 14893 7137 14893 3029 14894 7136 14894 7134 14894 3029 14895 3030 14895 7136 14895 3025 14896 7134 14896 7130 14896 3025 14897 3029 14897 7134 14897 3020 14898 7130 14898 7125 14898 3020 14899 3025 14899 7130 14899 3016 14900 7125 14900 7121 14900 3016 14901 3020 14901 7125 14901 3012 14902 7121 14902 7118 14902 3012 14903 3016 14903 7121 14903 3009 14904 7118 14904 7114 14904 3009 14905 3012 14905 7118 14905 3004 14906 7114 14906 7109 14906 3004 14907 3009 14907 7114 14907 3000 14908 3004 14908 7109 14908 3000 14909 7109 14909 7105 14909 2996 14910 3000 14910 7105 14910 2996 14911 7105 14911 7102 14911 2992 14912 2996 14912 7102 14912 2992 14913 7102 14913 7097 14913 2988 14914 2992 14914 7097 14914 2988 14915 7097 14915 7093 14915 2984 14916 2988 14916 7093 14916 2984 14917 7093 14917 7089 14917 2980 14918 2984 14918 7089 14918 2980 14919 7089 14919 7085 14919 2976 14920 2980 14920 7085 14920 2976 14921 7085 14921 7081 14921 2972 14922 2976 14922 7081 14922 2972 14923 7081 14923 7077 14923 2968 14924 2972 14924 7077 14924 2968 14925 7077 14925 7074 14925 2964 14926 2968 14926 7074 14926 2964 14927 7074 14927 7069 14927 2960 14928 2964 14928 7069 14928 2960 14929 7069 14929 7065 14929 2956 14930 2960 14930 7065 14930 2956 14931 7065 14931 7061 14931 2953 14932 2956 14932 7061 14932 2953 14933 7061 14933 7058 14933 2949 14934 2953 14934 7058 14934 2949 14935 7058 14935 7055 14935 2946 14936 7055 14936 7051 14936 2946 14937 2949 14937 7055 14937 2946 14938 7051 14938 7047 14938 2942 14939 2946 14939 7047 14939 2938 14940 7047 14940 7044 14940 2938 14941 7044 14941 7039 14941 2938 14942 2942 14942 7047 14942 2934 14943 7039 14943 7036 14943 2934 14944 2938 14944 7039 14944 2931 14945 2934 14945 7036 14945 2926 14946 7036 14946 7031 14946 2926 14947 2931 14947 7036 14947 2923 14948 7031 14948 7028 14948 2923 14949 7028 14949 7024 14949 2923 14950 2926 14950 7031 14950 2918 14951 2923 14951 7024 14951 2914 14952 7024 14952 7019 14952 2914 14953 7019 14953 7016 14953 2914 14954 2918 14954 7024 14954 2910 14955 2914 14955 7016 14955 2908 14956 7016 14956 7013 14956 2908 14957 2910 14957 7016 14957 2911 14958 2908 14958 7013 14958 2911 14959 7013 14959 7017 14959 2916 14960 2911 14960 7017 14960 2916 14961 7017 14961 7022 14961 2919 14962 2916 14962 7022 14962 2919 14963 7022 14963 7025 14963 2924 14964 2919 14964 7025 14964 2924 14965 7025 14965 7030 14965 2927 14966 2924 14966 7030 14966 2927 14967 7030 14967 7033 14967 2932 14968 2927 14968 7033 14968 2932 14969 7033 14969 7038 14969 2932 14970 7038 14970 7042 14970 2936 14971 2932 14971 7042 14971 2939 14972 2936 14972 7042 14972 2939 14973 7042 14973 7045 14973 2943 14974 2939 14974 7045 14974 2943 14975 7045 14975 7049 14975 2948 14976 2943 14976 7049 14976 2948 14977 7049 14977 7054 14977 2950 14978 2948 14978 7054 14978 2950 14979 7054 14979 7056 14979 2954 14980 2950 14980 7056 14980 2954 14981 7056 14981 7060 14981 2957 14982 2954 14982 7060 14982 2957 14983 7060 14983 7063 14983 2961 14984 2957 14984 7063 14984 2961 14985 7063 14985 7067 14985 2961 14986 7067 14986 7072 14986 2966 14987 2961 14987 7072 14987 2969 14988 2966 14988 7072 14988 2969 14989 7072 14989 7075 14989 2973 14990 2969 14990 7075 14990 2973 14991 7075 14991 7079 14991 2977 14992 2973 14992 7079 14992 2977 14993 7079 14993 7083 14993 2981 14994 2977 14994 7083 14994 2981 14995 7083 14995 7087 14995 2985 14996 2981 14996 7087 14996 2985 14997 7087 14997 7091 14997 2985 14998 7091 14998 7095 14998 2989 14999 2985 14999 7095 14999 2994 15000 2989 15000 7095 15000 2994 15001 7095 15001 7100 15001 2997 15002 2994 15002 7100 15002 2997 15003 7100 15003 7103 15003 3001 15004 7103 15004 7107 15004 3001 15005 2997 15005 7103 15005 3006 15006 7107 15006 7112 15006 3006 15007 3001 15007 7107 15007 3010 15008 3006 15008 7112 15008 3010 15009 7112 15009 7116 15009 3010 15010 7116 15010 7119 15010 3013 15011 3010 15011 7119 15011 3017 15012 3013 15012 7119 15012 3017 15013 7119 15013 7123 15013 3022 15014 3017 15014 7123 15014 3022 15015 7123 15015 7128 15015 3026 15016 3022 15016 7128 15016 3026 15017 7128 15017 7132 15017 3224 15018 7132 15018 7330 15018 3224 15019 3026 15019 7132 15019 3225 15020 7330 15020 7331 15020 3225 15021 3224 15021 7330 15021 3226 15022 7331 15022 7332 15022 3226 15023 7332 15023 7334 15023 3226 15024 3225 15024 7331 15024 3228 15025 3226 15025 7334 15025 3168 15026 7334 15026 7274 15026 3168 15027 3228 15027 7334 15027 3166 15028 7274 15028 7273 15028 3166 15029 7273 15029 7277 15029 3166 15030 3168 15030 7274 15030 3171 15031 7277 15031 7279 15031 3171 15032 3166 15032 7277 15032 3173 15033 3171 15033 7279 15033 3175 15034 7279 15034 7281 15034 3175 15035 3173 15035 7279 15035 3177 15036 7281 15036 7283 15036 3177 15037 3175 15037 7281 15037 3179 15038 7283 15038 7285 15038 3179 15039 3177 15039 7283 15039 2963 15040 2959 15040 7066 15040 2963 15041 7066 15041 7070 15041 2965 15042 7070 15042 7071 15042 2965 15043 2963 15043 7070 15043 2971 15044 7071 15044 7078 15044 2971 15045 2965 15045 7071 15045 2975 15046 7078 15046 7082 15046 2975 15047 2971 15047 7078 15047 2979 15048 7082 15048 7086 15048 2979 15049 2975 15049 7082 15049 2983 15050 7086 15050 7090 15050 2983 15051 2979 15051 7086 15051 2987 15052 7090 15052 7094 15052 2987 15053 7094 15053 7098 15053 2987 15054 2983 15054 7090 15054 2991 15055 7098 15055 7099 15055 2991 15056 2987 15056 7098 15056 2993 15057 2991 15057 7099 15057 2999 15058 7099 15058 7106 15058 2999 15059 7106 15059 7110 15059 2999 15060 2993 15060 7099 15060 3003 15061 2999 15061 7110 15061 3005 15062 7110 15062 7111 15062 3005 15063 3003 15063 7110 15063 3008 15064 7111 15064 7115 15064 3008 15065 3005 15065 7111 15065 3015 15066 7115 15066 7122 15066 3015 15067 7122 15067 7126 15067 3015 15068 3008 15068 7115 15068 3019 15069 3015 15069 7126 15069 3021 15070 7126 15070 7127 15070 3021 15071 3019 15071 7126 15071 3024 15072 7127 15072 7131 15072 3024 15073 3021 15073 7127 15073 3028 15074 7131 15074 7135 15074 3028 15075 3024 15075 7131 15075 3031 15076 7135 15076 7138 15076 3031 15077 7138 15077 7140 15077 3031 15078 3028 15078 7135 15078 3033 15079 3031 15079 7140 15079 3036 15080 3033 15080 7140 15080 3036 15081 7140 15081 7142 15081 3037 15082 3036 15082 7142 15082 3037 15083 7142 15083 7143 15083 2794 15084 3037 15084 7143 15084 2794 15085 7143 15085 6932 15085 2793 15086 2794 15086 6932 15086 2793 15087 6932 15087 6931 15087 2792 15088 2793 15088 6931 15088 2792 15089 6931 15089 6930 15089 2791 15090 6930 15090 6929 15090 2791 15091 2792 15091 6930 15091 2790 15092 6929 15092 6928 15092 2790 15093 2791 15093 6929 15093 2789 15094 6928 15094 6927 15094 2789 15095 2790 15095 6928 15095 2788 15096 6927 15096 6926 15096 2788 15097 2789 15097 6927 15097 2787 15098 6926 15098 6925 15098 2787 15099 2788 15099 6926 15099 2786 15100 6925 15100 6924 15100 2786 15101 2787 15101 6925 15101 2785 15102 6924 15102 6923 15102 2785 15103 2786 15103 6924 15103 2784 15104 6923 15104 6922 15104 2784 15105 2785 15105 6923 15105 2783 15106 6922 15106 6921 15106 2783 15107 2784 15107 6922 15107 2782 15108 6921 15108 6920 15108 2782 15109 2783 15109 6921 15109 2781 15110 6920 15110 6919 15110 2781 15111 2782 15111 6920 15111 2780 15112 6919 15112 6918 15112 2780 15113 2781 15113 6919 15113 2779 15114 6918 15114 6917 15114 2779 15115 2780 15115 6918 15115 2778 15116 6917 15116 6916 15116 2778 15117 2779 15117 6917 15117 2777 15118 6916 15118 6915 15118 2777 15119 2778 15119 6916 15119 2776 15120 6915 15120 6914 15120 2776 15121 2777 15121 6915 15121 2775 15122 6914 15122 6913 15122 2775 15123 2776 15123 6914 15123 2774 15124 6913 15124 6912 15124 2774 15125 2775 15125 6913 15125 2773 15126 6912 15126 6911 15126 2773 15127 2774 15127 6912 15127 2772 15128 2773 15128 6911 15128 2772 15129 6911 15129 6910 15129 2771 15130 2772 15130 6910 15130 2771 15131 6910 15131 6909 15131 2770 15132 2771 15132 6909 15132 2770 15133 6909 15133 6908 15133 2769 15134 2770 15134 6908 15134 2769 15135 6908 15135 6907 15135 2768 15136 2769 15136 6907 15136 2768 15137 6907 15137 6906 15137 2767 15138 2768 15138 6906 15138 2767 15139 6906 15139 6905 15139 2766 15140 2767 15140 6905 15140 2766 15141 6905 15141 6904 15141 2763 15142 2766 15142 6904 15142 2763 15143 6904 15143 6901 15143 2760 15144 2763 15144 6901 15144 2760 15145 6901 15145 6898 15145 2757 15146 2760 15146 6898 15146 2757 15147 6898 15147 6895 15147 2754 15148 2757 15148 6895 15148 2754 15149 6895 15149 6892 15149 2751 15150 2754 15150 6892 15150 2751 15151 6892 15151 6889 15151 2748 15152 2751 15152 6889 15152 2748 15153 6889 15153 6886 15153 2745 15154 2748 15154 6886 15154 2745 15155 6886 15155 6883 15155 2742 15156 6883 15156 6880 15156 2742 15157 2745 15157 6883 15157 2742 15158 6880 15158 6877 15158 2739 15159 2742 15159 6877 15159 2736 15160 6877 15160 6874 15160 2736 15161 6874 15161 6871 15161 2736 15162 2739 15162 6877 15162 2733 15163 6871 15163 6868 15163 2733 15164 2736 15164 6871 15164 2730 15165 2733 15165 6868 15165 2727 15166 6868 15166 6865 15166 2727 15167 2730 15167 6868 15167 2724 15168 6865 15168 6862 15168 2724 15169 6862 15169 6859 15169 2724 15170 2727 15170 6865 15170 2721 15171 2724 15171 6859 15171 2718 15172 6859 15172 6856 15172 2718 15173 6856 15173 6852 15173 2718 15174 2721 15174 6859 15174 2715 15175 2718 15175 6852 15175 2712 15176 6852 15176 6849 15176 2712 15177 2715 15177 6852 15177 2716 15178 2712 15178 6849 15178 2716 15179 6849 15179 6854 15179 2719 15180 2716 15180 6854 15180 2719 15181 6854 15181 6857 15181 2722 15182 2719 15182 6857 15182 2722 15183 6857 15183 6860 15183 2725 15184 2722 15184 6860 15184 2725 15185 6860 15185 6863 15185 2728 15186 2725 15186 6863 15186 2728 15187 6863 15187 6866 15187 2731 15188 2728 15188 6866 15188 2731 15189 6866 15189 6869 15189 2731 15190 6869 15190 6872 15190 2734 15191 2731 15191 6872 15191 2737 15192 2734 15192 6872 15192 2737 15193 6872 15193 6875 15193 2740 15194 2737 15194 6875 15194 2740 15195 6875 15195 6878 15195 2743 15196 2740 15196 6878 15196 2743 15197 6878 15197 6881 15197 2746 15198 2743 15198 6881 15198 2746 15199 6881 15199 6884 15199 2749 15200 2746 15200 6884 15200 2749 15201 6884 15201 6887 15201 2752 15202 2749 15202 6887 15202 2752 15203 6887 15203 6890 15203 2755 15204 2752 15204 6890 15204 2755 15205 6890 15205 6893 15205 2755 15206 6893 15206 6896 15206 2758 15207 2755 15207 6896 15207 2761 15208 2758 15208 6896 15208 2761 15209 6896 15209 6899 15209 2764 15210 2761 15210 6899 15210 2764 15211 6899 15211 6902 15211 2944 15212 2764 15212 6902 15212 2944 15213 6902 15213 7050 15213 2940 15214 2944 15214 7050 15214 2940 15215 7050 15215 7046 15215 2937 15216 2940 15216 7046 15216 2937 15217 7046 15217 7043 15217 2937 15218 7043 15218 7035 15218 2929 15219 2937 15219 7035 15219 2928 15220 2929 15220 7035 15220 2928 15221 7035 15221 7034 15221 2921 15222 2928 15222 7034 15222 2921 15223 7034 15223 7027 15223 2920 15224 7027 15224 7026 15224 2920 15225 2921 15225 7027 15225 2917 15226 7026 15226 7023 15226 2917 15227 2920 15227 7026 15227 2912 15228 2917 15228 7023 15228 2912 15229 7023 15229 7018 15229 2912 15230 7018 15230 7015 15230 2909 15231 2912 15231 7015 15231 2907 15232 2909 15232 7015 15232 2907 15233 7015 15233 7014 15233 2913 15234 2907 15234 7014 15234 2913 15235 7014 15235 7020 15235 2915 15236 2913 15236 7020 15236 2915 15237 7020 15237 7021 15237 2922 15238 7021 15238 7029 15238 2922 15239 2915 15239 7021 15239 2925 15240 7029 15240 7032 15240 2925 15241 2922 15241 7029 15241 2930 15242 7032 15242 7037 15242 2930 15243 7037 15243 7040 15243 2930 15244 2925 15244 7032 15244 2933 15245 2930 15245 7040 15245 2935 15246 7040 15246 7041 15246 2935 15247 2933 15247 7040 15247 2941 15248 7041 15248 7048 15248 2941 15249 7048 15249 7052 15249 2941 15250 2935 15250 7041 15250 2945 15251 7052 15251 7053 15251 2945 15252 2941 15252 7052 15252 2947 15253 2945 15253 7053 15253 2952 15254 7053 15254 7059 15254 2952 15255 2947 15255 7053 15255 2955 15256 7059 15256 7062 15256 2955 15257 2952 15257 7059 15257 2959 15258 7062 15258 7066 15258 2959 15259 2955 15259 7062 15259 3643 15260 3644 15260 7750 15260 3643 15261 7750 15261 7749 15261 3646 15262 7749 15262 7752 15262 3646 15263 3643 15263 7749 15263 3648 15264 7752 15264 7754 15264 3648 15265 3646 15265 7752 15265 3650 15266 7754 15266 7756 15266 3650 15267 3648 15267 7754 15267 3652 15268 7756 15268 7758 15268 3652 15269 3650 15269 7756 15269 3654 15270 7758 15270 7760 15270 3654 15271 3652 15271 7758 15271 3656 15272 7760 15272 7762 15272 3656 15273 7762 15273 7764 15273 3656 15274 3654 15274 7760 15274 3658 15275 7764 15275 7765 15275 3658 15276 3656 15276 7764 15276 3659 15277 3658 15277 7765 15277 3660 15278 7765 15278 7766 15278 3660 15279 7766 15279 7767 15279 3660 15280 3659 15280 7765 15280 3661 15281 3660 15281 7767 15281 3912 15282 7767 15282 8018 15282 3912 15283 3661 15283 7767 15283 3908 15284 8018 15284 8014 15284 3908 15285 3912 15285 8018 15285 3904 15286 8014 15286 8010 15286 3904 15287 8010 15287 8006 15287 3904 15288 3908 15288 8014 15288 3900 15289 3904 15289 8006 15289 3896 15290 8006 15290 8002 15290 3896 15291 3900 15291 8006 15291 3894 15292 8002 15292 8001 15292 3894 15293 3896 15293 8002 15293 3898 15294 8001 15294 8004 15294 3898 15295 3894 15295 8001 15295 3901 15296 8004 15296 8008 15296 3901 15297 8008 15297 8012 15297 3901 15298 3898 15298 8004 15298 3905 15299 3901 15299 8012 15299 3910 15300 3905 15300 8012 15300 3910 15301 8012 15301 8016 15301 3914 15302 3910 15302 8016 15302 3914 15303 8016 15303 8020 15303 3917 15304 3914 15304 8020 15304 3917 15305 8020 15305 8023 15305 3920 15306 3917 15306 8023 15306 3920 15307 8023 15307 8026 15307 3923 15308 3920 15308 8026 15308 3923 15309 8026 15309 8029 15309 3926 15310 8029 15310 8032 15310 3926 15311 3923 15311 8029 15311 3928 15312 8032 15312 8035 15312 3928 15313 3926 15313 8032 15313 3932 15314 8035 15314 8038 15314 3932 15315 3928 15315 8035 15315 3755 15316 8038 15316 7861 15316 3755 15317 3932 15317 8038 15317 3753 15318 7861 15318 7859 15318 3753 15319 3755 15319 7861 15319 3623 15320 7859 15320 7729 15320 3623 15321 3753 15321 7859 15321 3622 15322 7729 15322 7727 15322 3622 15323 3623 15323 7729 15323 3620 15324 7727 15324 7726 15324 3620 15325 3622 15325 7727 15325 3619 15326 7726 15326 7724 15326 3619 15327 3620 15327 7726 15327 3616 15328 7724 15328 7721 15328 3616 15329 3619 15329 7724 15329 3614 15330 7721 15330 7719 15330 3614 15331 3616 15331 7721 15331 3612 15332 7719 15332 7718 15332 3612 15333 3614 15333 7719 15333 3610 15334 7718 15334 7715 15334 3610 15335 3612 15335 7718 15335 3608 15336 7715 15336 7713 15336 3608 15337 3610 15337 7715 15337 3606 15338 7713 15338 7712 15338 3606 15339 3608 15339 7713 15339 3604 15340 7712 15340 7709 15340 3604 15341 3606 15341 7712 15341 3601 15342 7709 15342 7707 15342 3601 15343 3604 15343 7709 15343 3600 15344 7707 15344 7706 15344 3600 15345 3601 15345 7707 15345 3598 15346 7706 15346 7703 15346 3598 15347 3600 15347 7706 15347 3596 15348 3598 15348 7703 15348 3596 15349 7703 15349 7701 15349 3594 15350 3596 15350 7701 15350 3594 15351 7701 15351 7700 15351 3592 15352 3594 15352 7700 15352 3592 15353 7700 15353 7698 15353 3591 15354 3592 15354 7698 15354 3591 15355 7698 15355 7696 15355 3588 15356 3591 15356 7696 15356 3588 15357 7696 15357 7693 15357 3586 15358 3588 15358 7693 15358 3586 15359 7693 15359 7691 15359 3584 15360 3586 15360 7691 15360 3584 15361 7691 15361 7690 15361 3582 15362 3584 15362 7690 15362 3582 15363 7690 15363 7688 15363 3581 15364 3582 15364 7688 15364 3581 15365 7688 15365 7686 15365 3577 15366 3581 15366 7686 15366 3577 15367 7686 15367 7683 15367 3576 15368 3577 15368 7683 15368 3576 15369 7683 15369 7682 15369 3573 15370 3576 15370 7682 15370 3573 15371 7682 15371 7679 15371 3572 15372 3573 15372 7679 15372 3572 15373 7679 15373 7678 15373 3570 15374 3572 15374 7678 15374 3570 15375 7678 15375 7675 15375 3567 15376 7675 15376 7673 15376 3567 15377 3570 15377 7675 15377 3567 15378 7673 15378 7670 15378 3565 15379 3567 15379 7670 15379 3561 15380 7670 15380 7667 15380 3561 15381 7667 15381 7662 15381 3561 15382 3565 15382 7670 15382 3556 15383 7662 15383 7659 15383 3556 15384 3561 15384 7662 15384 3554 15385 3556 15385 7659 15385 3550 15386 7659 15386 7655 15386 3550 15387 3554 15387 7659 15387 3545 15388 7655 15388 7650 15388 3545 15389 7650 15389 7646 15389 3545 15390 3550 15390 7655 15390 3541 15391 3545 15391 7646 15391 3537 15392 7646 15392 7643 15392 3537 15393 7643 15393 7636 15393 3537 15394 3541 15394 7646 15394 3531 15395 3537 15395 7636 15395 3534 15396 7636 15396 7640 15396 3534 15397 3531 15397 7636 15397 3535 15398 3534 15398 7640 15398 3535 15399 7640 15399 7641 15399 3538 15400 3535 15400 7641 15400 3538 15401 7641 15401 7644 15401 3542 15402 3538 15402 7644 15402 3542 15403 7644 15403 7648 15403 3547 15404 3542 15404 7648 15404 3547 15405 7648 15405 7652 15405 3551 15406 3547 15406 7652 15406 3551 15407 7652 15407 7657 15407 3555 15408 3551 15408 7657 15408 3555 15409 7657 15409 7661 15409 3555 15410 7661 15410 7665 15410 3559 15411 3555 15411 7665 15411 3562 15412 3559 15412 7665 15412 3562 15413 7665 15413 7668 15413 3566 15414 3562 15414 7668 15414 3566 15415 7668 15415 7672 15415 3662 15416 3566 15416 7672 15416 3662 15417 7672 15417 7768 15417 3663 15418 3662 15418 7768 15418 3663 15419 7768 15419 7769 15419 3664 15420 3663 15420 7769 15420 3664 15421 7769 15421 7770 15421 3665 15422 3664 15422 7770 15422 3665 15423 7770 15423 7771 15423 3666 15424 3665 15424 7771 15424 3666 15425 7771 15425 7772 15425 3666 15426 7772 15426 7773 15426 3667 15427 3666 15427 7773 15427 3668 15428 3667 15428 7773 15428 3668 15429 7773 15429 7774 15429 3627 15430 3668 15430 7774 15430 3627 15431 7774 15431 7733 15431 3625 15432 3627 15432 7733 15432 3625 15433 7733 15433 7732 15433 3628 15434 3625 15434 7732 15434 3628 15435 7732 15435 7734 15435 3629 15436 3628 15436 7734 15436 3629 15437 7734 15437 7735 15437 3629 15438 7735 15438 7736 15438 3630 15439 3629 15439 7736 15439 3631 15440 3630 15440 7736 15440 3631 15441 7736 15441 7737 15441 3632 15442 3631 15442 7737 15442 3632 15443 7737 15443 7738 15443 3633 15444 7738 15444 7739 15444 3633 15445 3632 15445 7738 15445 3634 15446 7739 15446 7740 15446 3634 15447 3633 15447 7739 15447 3635 15448 3634 15448 7740 15448 3635 15449 7740 15449 7741 15449 3635 15450 7741 15450 7742 15450 3636 15451 3635 15451 7742 15451 3637 15452 3636 15452 7742 15452 3637 15453 7742 15453 7743 15453 3638 15454 3637 15454 7743 15454 3638 15455 7743 15455 7744 15455 3639 15456 3638 15456 7744 15456 3639 15457 7744 15457 7745 15457 3640 15458 7745 15458 7746 15458 3640 15459 3639 15459 7745 15459 3641 15460 7746 15460 7747 15460 3641 15461 3640 15461 7746 15461 3642 15462 7747 15462 7748 15462 3642 15463 7748 15463 7751 15463 3642 15464 3641 15464 7747 15464 3645 15465 3642 15465 7751 15465 3647 15466 7751 15466 7753 15466 3647 15467 3645 15467 7751 15467 3649 15468 7753 15468 7755 15468 3649 15469 7755 15469 7757 15469 3649 15470 3647 15470 7753 15470 3651 15471 7757 15471 7759 15471 3651 15472 3649 15472 7757 15472 3653 15473 3651 15473 7759 15473 3655 15474 7759 15474 7761 15474 3655 15475 3653 15475 7759 15475 3657 15476 7761 15476 7763 15476 3657 15477 3655 15477 7761 15477 3644 15478 7763 15478 7750 15478 3644 15479 3657 15479 7763 15479 3578 15480 3575 15480 7681 15480 3578 15481 7681 15481 7684 15481 3579 15482 7684 15482 7685 15482 3579 15483 3578 15483 7684 15483 3580 15484 7685 15484 7687 15484 3580 15485 3579 15485 7685 15485 3583 15486 7687 15486 7689 15486 3583 15487 3580 15487 7687 15487 3585 15488 7689 15488 7692 15488 3585 15489 3583 15489 7689 15489 3587 15490 7692 15490 7694 15490 3587 15491 3585 15491 7692 15491 3589 15492 7694 15492 7695 15492 3589 15493 7695 15493 7697 15493 3589 15494 3587 15494 7694 15494 3590 15495 7697 15495 7699 15495 3590 15496 3589 15496 7697 15496 3593 15497 3590 15497 7699 15497 3595 15498 7699 15498 7702 15498 3595 15499 7702 15499 7704 15499 3595 15500 3593 15500 7699 15500 3597 15501 3595 15501 7704 15501 3599 15502 7704 15502 7705 15502 3599 15503 3597 15503 7704 15503 3602 15504 7705 15504 7708 15504 3602 15505 3599 15505 7705 15505 3603 15506 7708 15506 7710 15506 3603 15507 7710 15507 7711 15507 3603 15508 3602 15508 7708 15508 3605 15509 3603 15509 7711 15509 3607 15510 7711 15510 7714 15510 3607 15511 3605 15511 7711 15511 3609 15512 7714 15512 7716 15512 3609 15513 3607 15513 7714 15513 3611 15514 7716 15514 7717 15514 3611 15515 3609 15515 7716 15515 3613 15516 7717 15516 7720 15516 3613 15517 7720 15517 7722 15517 3613 15518 3611 15518 7717 15518 3615 15519 3613 15519 7722 15519 3617 15520 3615 15520 7722 15520 3617 15521 7722 15521 7723 15521 3618 15522 3617 15522 7723 15522 3618 15523 7723 15523 7725 15523 3621 15524 3618 15524 7725 15524 3621 15525 7725 15525 7728 15525 3624 15526 3621 15526 7728 15526 3624 15527 7728 15527 7730 15527 3750 15528 3624 15528 7730 15528 3750 15529 7730 15529 7856 15529 3748 15530 7856 15530 7854 15530 3748 15531 3750 15531 7856 15531 3746 15532 7854 15532 7852 15532 3746 15533 3748 15533 7854 15533 3744 15534 7852 15534 7850 15534 3744 15535 3746 15535 7852 15535 3742 15536 7850 15536 7848 15536 3742 15537 3744 15537 7850 15537 3739 15538 7848 15538 7845 15538 3739 15539 3742 15539 7848 15539 3735 15540 7845 15540 7841 15540 3735 15541 3739 15541 7845 15541 3731 15542 7841 15542 7837 15542 3731 15543 3735 15543 7841 15543 3727 15544 7837 15544 7833 15544 3727 15545 3731 15545 7837 15545 3723 15546 7833 15546 7829 15546 3723 15547 3727 15547 7833 15547 3719 15548 7829 15548 7825 15548 3719 15549 3723 15549 7829 15549 3715 15550 7825 15550 7821 15550 3715 15551 3719 15551 7825 15551 3711 15552 7821 15552 7817 15552 3711 15553 3715 15553 7821 15553 3707 15554 7817 15554 7813 15554 3707 15555 3711 15555 7817 15555 3703 15556 7813 15556 7809 15556 3703 15557 3707 15557 7813 15557 3699 15558 7809 15558 7805 15558 3699 15559 3703 15559 7809 15559 3695 15560 7805 15560 7801 15560 3695 15561 3699 15561 7805 15561 3691 15562 7801 15562 7797 15562 3691 15563 3695 15563 7801 15563 3388 15564 7797 15564 7494 15564 3388 15565 3691 15565 7797 15565 3387 15566 7494 15566 7493 15566 3387 15567 3388 15567 7494 15567 3386 15568 3387 15568 7493 15568 3386 15569 7493 15569 7492 15569 3385 15570 3386 15570 7492 15570 3385 15571 7492 15571 7491 15571 3384 15572 3385 15572 7491 15572 3384 15573 7491 15573 7490 15573 3383 15574 3384 15574 7490 15574 3383 15575 7490 15575 7489 15575 3382 15576 3383 15576 7489 15576 3382 15577 7489 15577 7488 15577 3381 15578 3382 15578 7488 15578 3381 15579 7488 15579 7487 15579 3379 15580 3381 15580 7487 15580 3379 15581 7487 15581 7485 15581 3377 15582 3379 15582 7485 15582 3377 15583 7485 15583 7483 15583 3375 15584 3377 15584 7483 15584 3375 15585 7483 15585 7481 15585 3373 15586 3375 15586 7481 15586 3373 15587 7481 15587 7479 15587 3371 15588 3373 15588 7479 15588 3371 15589 7479 15589 7477 15589 3369 15590 3371 15590 7477 15590 3369 15591 7477 15591 7475 15591 3367 15592 3369 15592 7475 15592 3367 15593 7475 15593 7473 15593 3363 15594 3367 15594 7473 15594 3363 15595 7473 15595 7469 15595 3360 15596 7469 15596 7466 15596 3360 15597 3363 15597 7469 15597 3360 15598 7466 15598 7464 15598 3358 15599 3360 15599 7464 15599 3354 15600 7464 15600 7460 15600 3354 15601 7460 15601 7458 15601 3354 15602 3358 15602 7464 15602 3352 15603 7458 15603 7456 15603 3352 15604 3354 15604 7458 15604 3350 15605 3352 15605 7456 15605 3346 15606 7456 15606 7452 15606 3346 15607 3350 15607 7456 15607 3344 15608 7452 15608 7450 15608 3344 15609 7450 15609 7448 15609 3344 15610 3346 15610 7452 15610 3342 15611 3344 15611 7448 15611 3340 15612 7448 15612 7446 15612 3340 15613 7446 15613 7443 15613 3340 15614 3342 15614 7448 15614 3337 15615 3340 15615 7443 15615 3338 15616 7443 15616 7444 15616 3338 15617 3337 15617 7443 15617 3339 15618 3338 15618 7444 15618 3339 15619 7444 15619 7445 15619 3341 15620 3339 15620 7445 15620 3341 15621 7445 15621 7447 15621 3343 15622 3341 15622 7447 15622 3343 15623 7447 15623 7449 15623 3345 15624 3343 15624 7449 15624 3345 15625 7449 15625 7451 15625 3349 15626 3345 15626 7451 15626 3349 15627 7451 15627 7455 15627 3351 15628 3349 15628 7455 15628 3351 15629 7455 15629 7457 15629 3351 15630 7457 15630 7459 15630 3353 15631 3351 15631 7459 15631 3357 15632 3353 15632 7459 15632 3357 15633 7459 15633 7463 15633 3359 15634 3357 15634 7463 15634 3359 15635 7463 15635 7465 15635 3362 15636 3359 15636 7465 15636 3362 15637 7465 15637 7468 15637 3364 15638 3362 15638 7468 15638 3364 15639 7468 15639 7470 15639 3368 15640 3364 15640 7470 15640 3368 15641 7470 15641 7474 15641 3370 15642 3368 15642 7474 15642 3370 15643 7474 15643 7476 15643 3372 15644 3370 15644 7476 15644 3372 15645 7476 15645 7478 15645 3372 15646 7478 15646 7480 15646 3374 15647 3372 15647 7480 15647 3376 15648 3374 15648 7480 15648 3376 15649 7480 15649 7482 15649 3378 15650 3376 15650 7482 15650 3378 15651 7482 15651 7484 15651 3380 15652 3378 15652 7484 15652 3380 15653 7484 15653 7486 15653 3563 15654 3380 15654 7486 15654 3563 15655 7486 15655 7669 15655 3560 15656 3563 15656 7669 15656 3560 15657 7669 15657 7666 15657 3560 15658 7666 15658 7658 15658 3552 15659 3560 15659 7658 15659 3548 15660 3552 15660 7658 15660 3548 15661 7658 15661 7654 15661 3546 15662 3548 15662 7654 15662 3546 15663 7654 15663 7653 15663 3543 15664 7653 15664 7649 15664 3543 15665 3546 15665 7653 15665 3539 15666 7649 15666 7645 15666 3539 15667 3543 15667 7649 15667 3536 15668 3539 15668 7645 15668 3536 15669 7645 15669 7642 15669 3536 15670 7642 15670 7638 15670 3532 15671 3536 15671 7638 15671 3530 15672 3532 15672 7638 15672 3530 15673 7638 15673 7637 15673 3533 15674 3530 15674 7637 15674 3533 15675 7637 15675 7639 15675 3540 15676 3533 15676 7639 15676 3540 15677 7639 15677 7647 15677 3544 15678 7647 15678 7651 15678 3544 15679 3540 15679 7647 15679 3549 15680 7651 15680 7656 15680 3549 15681 3544 15681 7651 15681 3553 15682 7656 15682 7660 15682 3553 15683 7660 15683 7663 15683 3553 15684 3549 15684 7656 15684 3557 15685 3553 15685 7663 15685 3558 15686 7663 15686 7664 15686 3558 15687 3557 15687 7663 15687 3564 15688 7664 15688 7671 15688 3564 15689 7671 15689 7674 15689 3564 15690 3558 15690 7664 15690 3568 15691 7674 15691 7676 15691 3568 15692 3564 15692 7674 15692 3569 15693 3568 15693 7676 15693 3571 15694 7676 15694 7677 15694 3571 15695 3569 15695 7676 15695 3574 15696 7677 15696 7680 15696 3574 15697 3571 15697 7677 15697 3575 15698 7680 15698 7681 15698 3575 15699 3574 15699 7680 15699 1054 15700 1052 15700 5191 15700 1054 15701 5191 15701 5194 15701 1056 15702 5194 15702 5196 15702 1056 15703 1054 15703 5194 15703 1058 15704 5196 15704 5197 15704 1058 15705 1056 15705 5196 15705 1060 15706 5197 15706 5200 15706 1060 15707 1058 15707 5197 15707 1062 15708 5200 15708 5202 15708 1062 15709 1060 15709 5200 15709 1064 15710 5202 15710 5204 15710 1064 15711 1062 15711 5202 15711 1066 15712 5204 15712 5206 15712 1066 15713 5206 15713 5208 15713 1066 15714 1064 15714 5204 15714 1069 15715 5208 15715 5210 15715 1069 15716 1066 15716 5208 15716 1070 15717 1069 15717 5210 15717 1073 15718 5210 15718 5212 15718 1073 15719 5212 15719 5214 15719 1073 15720 1070 15720 5210 15720 1074 15721 1073 15721 5214 15721 1076 15722 5214 15722 5215 15722 1076 15723 1074 15723 5214 15723 1078 15724 5215 15724 5218 15724 1078 15725 1076 15725 5215 15725 1080 15726 5218 15726 5220 15726 1080 15727 5220 15727 5221 15727 1080 15728 1078 15728 5218 15728 1082 15729 1080 15729 5221 15729 1087 15730 5221 15730 5226 15730 1087 15731 1082 15731 5221 15731 1088 15732 5226 15732 5228 15732 1088 15733 1087 15733 5226 15733 1090 15734 5228 15734 5230 15734 1090 15735 1088 15735 5228 15735 1092 15736 5230 15736 5232 15736 1092 15737 5232 15737 5233 15737 1092 15738 1090 15738 5230 15738 1094 15739 1092 15739 5233 15739 1095 15740 1094 15740 5233 15740 1095 15741 5233 15741 5235 15741 1097 15742 1095 15742 5235 15742 1097 15743 5235 15743 5237 15743 1099 15744 1097 15744 5237 15744 1099 15745 5237 15745 5239 15745 1102 15746 1099 15746 5239 15746 1102 15747 5239 15747 5241 15747 1723 15748 1102 15748 5241 15748 1723 15749 5241 15749 5861 15749 962 15750 5861 15750 5101 15750 962 15751 1723 15751 5861 15751 960 15752 5101 15752 5099 15752 960 15753 962 15753 5101 15753 958 15754 5099 15754 5097 15754 958 15755 960 15755 5099 15755 956 15756 5097 15756 5095 15756 956 15757 958 15757 5097 15757 954 15758 5095 15758 5093 15758 954 15759 956 15759 5095 15759 952 15760 5093 15760 5091 15760 952 15761 954 15761 5093 15761 950 15762 5091 15762 5089 15762 950 15763 952 15763 5091 15763 948 15764 5089 15764 5087 15764 948 15765 950 15765 5089 15765 946 15766 5087 15766 5085 15766 946 15767 948 15767 5087 15767 944 15768 5085 15768 5083 15768 944 15769 946 15769 5085 15769 942 15770 5083 15770 5081 15770 942 15771 944 15771 5083 15771 940 15772 5081 15772 5079 15772 940 15773 942 15773 5081 15773 938 15774 5079 15774 5077 15774 938 15775 940 15775 5079 15775 936 15776 5077 15776 5075 15776 936 15777 938 15777 5077 15777 934 15778 5075 15778 5073 15778 934 15779 936 15779 5075 15779 932 15780 5073 15780 5071 15780 932 15781 934 15781 5073 15781 930 15782 5071 15782 5069 15782 930 15783 932 15783 5071 15783 928 15784 5069 15784 5067 15784 928 15785 930 15785 5069 15785 897 15786 5067 15786 5036 15786 897 15787 928 15787 5067 15787 896 15788 897 15788 5036 15788 896 15789 5036 15789 5035 15789 895 15790 896 15790 5035 15790 895 15791 5035 15791 5034 15791 894 15792 895 15792 5034 15792 894 15793 5034 15793 5033 15793 893 15794 894 15794 5033 15794 893 15795 5033 15795 5032 15795 892 15796 893 15796 5032 15796 892 15797 5032 15797 5031 15797 891 15798 892 15798 5031 15798 891 15799 5031 15799 5030 15799 889 15800 891 15800 5030 15800 889 15801 5030 15801 5028 15801 887 15802 889 15802 5028 15802 887 15803 5028 15803 5026 15803 885 15804 887 15804 5026 15804 885 15805 5026 15805 5024 15805 883 15806 885 15806 5024 15806 883 15807 5024 15807 5022 15807 881 15808 883 15808 5022 15808 881 15809 5022 15809 5020 15809 879 15810 881 15810 5020 15810 879 15811 5020 15811 5018 15811 877 15812 879 15812 5018 15812 877 15813 5018 15813 5016 15813 875 15814 877 15814 5016 15814 875 15815 5016 15815 5014 15815 873 15816 5014 15816 5012 15816 873 15817 875 15817 5014 15817 873 15818 5012 15818 5010 15818 871 15819 873 15819 5010 15819 869 15820 5010 15820 5008 15820 869 15821 5008 15821 5006 15821 869 15822 871 15822 5010 15822 867 15823 5006 15823 5004 15823 867 15824 869 15824 5006 15824 865 15825 867 15825 5004 15825 863 15826 5004 15826 5002 15826 863 15827 865 15827 5004 15827 861 15828 5002 15828 5000 15828 861 15829 5000 15829 4998 15829 861 15830 863 15830 5002 15830 859 15831 861 15831 4998 15831 857 15832 4998 15832 4996 15832 857 15833 4996 15833 4993 15833 857 15834 859 15834 4998 15834 854 15835 857 15835 4993 15835 855 15836 4993 15836 4994 15836 855 15837 854 15837 4993 15837 856 15838 855 15838 4994 15838 856 15839 4994 15839 4995 15839 858 15840 856 15840 4995 15840 858 15841 4995 15841 4997 15841 860 15842 858 15842 4997 15842 860 15843 4997 15843 4999 15843 862 15844 860 15844 4999 15844 862 15845 4999 15845 5001 15845 864 15846 862 15846 5001 15846 864 15847 5001 15847 5003 15847 866 15848 864 15848 5003 15848 866 15849 5003 15849 5005 15849 866 15850 5005 15850 5007 15850 868 15851 866 15851 5007 15851 870 15852 868 15852 5007 15852 870 15853 5007 15853 5009 15853 872 15854 870 15854 5009 15854 872 15855 5009 15855 5011 15855 874 15856 872 15856 5011 15856 874 15857 5011 15857 5013 15857 876 15858 874 15858 5013 15858 876 15859 5013 15859 5015 15859 878 15860 876 15860 5015 15860 878 15861 5015 15861 5017 15861 880 15862 878 15862 5017 15862 880 15863 5017 15863 5019 15863 882 15864 880 15864 5019 15864 882 15865 5019 15865 5021 15865 882 15866 5021 15866 5023 15866 884 15867 882 15867 5023 15867 886 15868 884 15868 5023 15868 886 15869 5023 15869 5025 15869 888 15870 886 15870 5025 15870 888 15871 5025 15871 5027 15871 890 15872 888 15872 5027 15872 890 15873 5027 15873 5029 15873 1036 15874 890 15874 5029 15874 1036 15875 5029 15875 5175 15875 1034 15876 1036 15876 5175 15876 1034 15877 5175 15877 5174 15877 1034 15878 5174 15878 5169 15878 1030 15879 1034 15879 5169 15879 1023 15880 1030 15880 5169 15880 1023 15881 5169 15881 5162 15881 1020 15882 1023 15882 5162 15882 1020 15883 5162 15883 5159 15883 1018 15884 5159 15884 5158 15884 1018 15885 1020 15885 5159 15885 1014 15886 5158 15886 5153 15886 1014 15887 1018 15887 5158 15887 1007 15888 1014 15888 5153 15888 1007 15889 5153 15889 5146 15889 1007 15890 5146 15890 5145 15890 1005 15891 1007 15891 5145 15891 1009 15892 1005 15892 5145 15892 1009 15893 5145 15893 5148 15893 1010 15894 1009 15894 5148 15894 1010 15895 5148 15895 5149 15895 1016 15896 1010 15896 5149 15896 1016 15897 5149 15897 5155 15897 1017 15898 5155 15898 5156 15898 1017 15899 1016 15899 5155 15899 1024 15900 5156 15900 5164 15900 1024 15901 1017 15901 5156 15901 1027 15902 5164 15902 5167 15902 1027 15903 5167 15903 5171 15903 1027 15904 1024 15904 5164 15904 1032 15905 1027 15905 5171 15905 1033 15906 5171 15906 5172 15906 1033 15907 1032 15907 5171 15907 1038 15908 5172 15908 5177 15908 1038 15909 5177 15909 5182 15909 1038 15910 1033 15910 5172 15910 1042 15911 5182 15911 5183 15911 1042 15912 1038 15912 5182 15912 1044 15913 1042 15913 5183 15913 1046 15914 5183 15914 5185 15914 1046 15915 1044 15915 5183 15915 1050 15916 5185 15916 5190 15916 1050 15917 1046 15917 5185 15917 1052 15918 5190 15918 5191 15918 1052 15919 1050 15919 5190 15919 1187 15920 1188 15920 5327 15920 1187 15921 5327 15921 5326 15921 1190 15922 5326 15922 5329 15922 1190 15923 1187 15923 5326 15923 1192 15924 5329 15924 5331 15924 1192 15925 1190 15925 5329 15925 1194 15926 5331 15926 5333 15926 1194 15927 1192 15927 5331 15927 1196 15928 5333 15928 5335 15928 1196 15929 1194 15929 5333 15929 1198 15930 5335 15930 5337 15930 1198 15931 1196 15931 5335 15931 1200 15932 5337 15932 5339 15932 1200 15933 5339 15933 5341 15933 1200 15934 1198 15934 5337 15934 1202 15935 5341 15935 5342 15935 1202 15936 1200 15936 5341 15936 1203 15937 1202 15937 5342 15937 1204 15938 5342 15938 5343 15938 1204 15939 5343 15939 5344 15939 1204 15940 1203 15940 5342 15940 1205 15941 1204 15941 5344 15941 1206 15942 5344 15942 5345 15942 1206 15943 1205 15943 5344 15943 1788 15944 5345 15944 5926 15944 1788 15945 1206 15945 5345 15945 1785 15946 5926 15946 5923 15946 1785 15947 5923 15947 5920 15947 1785 15948 1788 15948 5926 15948 1782 15949 1785 15949 5920 15949 1779 15950 5920 15950 5917 15950 1779 15951 1782 15951 5920 15951 1776 15952 5917 15952 5914 15952 1776 15953 1779 15953 5917 15953 1773 15954 5914 15954 5911 15954 1773 15955 1776 15955 5914 15955 1770 15956 5911 15956 5908 15956 1770 15957 5908 15957 5905 15957 1770 15958 1773 15958 5911 15958 1767 15959 1770 15959 5905 15959 1764 15960 1767 15960 5905 15960 1764 15961 5905 15961 5902 15961 1761 15962 1764 15962 5902 15962 1761 15963 5902 15963 5899 15963 1758 15964 1761 15964 5899 15964 1758 15965 5899 15965 5896 15965 1754 15966 1758 15966 5896 15966 1754 15967 5896 15967 5892 15967 1750 15968 1754 15968 5892 15968 1750 15969 5892 15969 5888 15969 1746 15970 5888 15970 5884 15970 1746 15971 1750 15971 5888 15971 1742 15972 5884 15972 5880 15972 1742 15973 1746 15973 5884 15973 1738 15974 5880 15974 5876 15974 1738 15975 1742 15975 5880 15975 1734 15976 5876 15976 5872 15976 1734 15977 1738 15977 5876 15977 1730 15978 5872 15978 5868 15978 1730 15979 1734 15979 5872 15979 1103 15980 5868 15980 5242 15980 1103 15981 1730 15981 5868 15981 1101 15982 5242 15982 5240 15982 1101 15983 1103 15983 5242 15983 1100 15984 5240 15984 5238 15984 1100 15985 1101 15985 5240 15985 1098 15986 5238 15986 5236 15986 1098 15987 1100 15987 5238 15987 1096 15988 5236 15988 5234 15988 1096 15989 1098 15989 5236 15989 1093 15990 5234 15990 5231 15990 1093 15991 1096 15991 5234 15991 1091 15992 5231 15992 5229 15992 1091 15993 1093 15993 5231 15993 1089 15994 5229 15994 5227 15994 1089 15995 1091 15995 5229 15995 1086 15996 5227 15996 5225 15996 1086 15997 1089 15997 5227 15997 1083 15998 5225 15998 5222 15998 1083 15999 1086 15999 5225 15999 1081 16000 5222 16000 5219 16000 1081 16001 1083 16001 5222 16001 1079 16002 5219 16002 5217 16002 1079 16003 1081 16003 5219 16003 1077 16004 5217 16004 5216 16004 1077 16005 1079 16005 5217 16005 1075 16006 5216 16006 5213 16006 1075 16007 1077 16007 5216 16007 1072 16008 1075 16008 5213 16008 1072 16009 5213 16009 5211 16009 1071 16010 1072 16010 5211 16010 1071 16011 5211 16011 5209 16011 1068 16012 1071 16012 5209 16012 1068 16013 5209 16013 5207 16013 1067 16014 1068 16014 5207 16014 1067 16015 5207 16015 5205 16015 1065 16016 1067 16016 5205 16016 1065 16017 5205 16017 5203 16017 1063 16018 1065 16018 5203 16018 1063 16019 5203 16019 5201 16019 1061 16020 1063 16020 5201 16020 1061 16021 5201 16021 5199 16021 1059 16022 1061 16022 5199 16022 1059 16023 5199 16023 5198 16023 1057 16024 1059 16024 5198 16024 1057 16025 5198 16025 5195 16025 1055 16026 1057 16026 5195 16026 1055 16027 5195 16027 5193 16027 1053 16028 1055 16028 5193 16028 1053 16029 5193 16029 5192 16029 1051 16030 1053 16030 5192 16030 1051 16031 5192 16031 5189 16031 1047 16032 1051 16032 5189 16032 1047 16033 5189 16033 5186 16033 1045 16034 1047 16034 5186 16034 1045 16035 5186 16035 5184 16035 1043 16036 5184 16036 5181 16036 1043 16037 1045 16037 5184 16037 1043 16038 5181 16038 5179 16038 1040 16039 1043 16039 5179 16039 1037 16040 5179 16040 5176 16040 1037 16041 5176 16041 5170 16041 1037 16042 1040 16042 5179 16042 1031 16043 5170 16043 5166 16043 1031 16044 1037 16044 5170 16044 1028 16045 1031 16045 5166 16045 1025 16046 5166 16046 5163 16046 1025 16047 1028 16047 5166 16047 1021 16048 5163 16048 5160 16048 1021 16049 5160 16049 5154 16049 1021 16050 1025 16050 5163 16050 1015 16051 1021 16051 5154 16051 1012 16052 5154 16052 5151 16052 1012 16053 5151 16053 5147 16053 1012 16054 1015 16054 5154 16054 1008 16055 1012 16055 5147 16055 1006 16056 5147 16056 5144 16056 1006 16057 1008 16057 5147 16057 1011 16058 1006 16058 5144 16058 1011 16059 5144 16059 5150 16059 1013 16060 1011 16060 5150 16060 1013 16061 5150 16061 5152 16061 1019 16062 1013 16062 5152 16062 1019 16063 5152 16063 5157 16063 1022 16064 1019 16064 5157 16064 1022 16065 5157 16065 5161 16065 1026 16066 1022 16066 5161 16066 1026 16067 5161 16067 5165 16067 1029 16068 1026 16068 5165 16068 1029 16069 5165 16069 5168 16069 1029 16070 5168 16070 5173 16070 1035 16071 1029 16071 5173 16071 1039 16072 1035 16072 5173 16072 1039 16073 5173 16073 5178 16073 1041 16074 1039 16074 5178 16074 1041 16075 5178 16075 5180 16075 1162 16076 1041 16076 5180 16076 1162 16077 5180 16077 5302 16077 1164 16078 1162 16078 5302 16078 1164 16079 5302 16079 5303 16079 1165 16080 1164 16080 5303 16080 1165 16081 5303 16081 5304 16081 1166 16082 1165 16082 5304 16082 1166 16083 5304 16083 5305 16083 1167 16084 1166 16084 5305 16084 1167 16085 5305 16085 5306 16085 1167 16086 5306 16086 5307 16086 1168 16087 1167 16087 5307 16087 1169 16088 1168 16088 5307 16088 1169 16089 5307 16089 5308 16089 1170 16090 1169 16090 5308 16090 1170 16091 5308 16091 5309 16091 1171 16092 1170 16092 5309 16092 1171 16093 5309 16093 5310 16093 1172 16094 1171 16094 5310 16094 1172 16095 5310 16095 5311 16095 1173 16096 1172 16096 5311 16096 1173 16097 5311 16097 5312 16097 1173 16098 5312 16098 5313 16098 1174 16099 1173 16099 5313 16099 1175 16100 1174 16100 5313 16100 1175 16101 5313 16101 5314 16101 1176 16102 1175 16102 5314 16102 1176 16103 5314 16103 5315 16103 1177 16104 5315 16104 5316 16104 1177 16105 1176 16105 5315 16105 1178 16106 5316 16106 5317 16106 1178 16107 1177 16107 5316 16107 1179 16108 1178 16108 5317 16108 1179 16109 5317 16109 5318 16109 1179 16110 5318 16110 5319 16110 1180 16111 1179 16111 5319 16111 1181 16112 1180 16112 5319 16112 1181 16113 5319 16113 5320 16113 1182 16114 1181 16114 5320 16114 1182 16115 5320 16115 5321 16115 1183 16116 1182 16116 5321 16116 1183 16117 5321 16117 5322 16117 1184 16118 5322 16118 5323 16118 1184 16119 1183 16119 5322 16119 1185 16120 5323 16120 5324 16120 1185 16121 1184 16121 5323 16121 1186 16122 5324 16122 5325 16122 1186 16123 5325 16123 5328 16123 1186 16124 1185 16124 5324 16124 1189 16125 1186 16125 5328 16125 1191 16126 5328 16126 5330 16126 1191 16127 1189 16127 5328 16127 1193 16128 5330 16128 5332 16128 1193 16129 5332 16129 5334 16129 1193 16130 1191 16130 5330 16130 1195 16131 5334 16131 5336 16131 1195 16132 1193 16132 5334 16132 1197 16133 1195 16133 5336 16133 1199 16134 5336 16134 5338 16134 1199 16135 1197 16135 5336 16135 1201 16136 5338 16136 5340 16136 1201 16137 1199 16137 5338 16137 1188 16138 5340 16138 5327 16138 1188 16139 1201 16139 5340 16139 505 16140 498 16140 4637 16140 505 16141 4637 16141 4644 16141 506 16142 4644 16142 4645 16142 506 16143 505 16143 4644 16143 512 16144 4645 16144 4652 16144 512 16145 506 16145 4645 16145 516 16146 4652 16146 4656 16146 516 16147 512 16147 4652 16147 520 16148 4656 16148 4660 16148 520 16149 516 16149 4656 16149 525 16150 4660 16150 4664 16150 525 16151 520 16151 4660 16151 544 16152 4664 16152 4683 16152 544 16153 4683 16153 4699 16153 544 16154 525 16154 4664 16154 559 16155 4699 16155 4712 16155 559 16156 544 16156 4699 16156 573 16157 559 16157 4712 16157 583 16158 4712 16158 4722 16158 583 16159 4722 16159 4734 16159 583 16160 573 16160 4712 16160 595 16161 583 16161 4734 16161 604 16162 4734 16162 4743 16162 604 16163 595 16163 4734 16163 605 16164 4743 16164 4744 16164 605 16165 604 16165 4743 16165 623 16166 4744 16166 4762 16166 623 16167 4762 16167 4769 16167 623 16168 605 16168 4744 16168 630 16169 623 16169 4769 16169 631 16170 4769 16170 4770 16170 631 16171 630 16171 4769 16171 646 16172 4770 16172 4785 16172 646 16173 631 16173 4770 16173 647 16174 4785 16174 4786 16174 647 16175 646 16175 4785 16175 658 16176 4786 16176 4797 16176 658 16177 4797 16177 4803 16177 658 16178 647 16178 4786 16178 664 16179 658 16179 4803 16179 669 16180 664 16180 4803 16180 669 16181 4803 16181 4809 16181 676 16182 669 16182 4809 16182 676 16183 4809 16183 4815 16183 355 16184 676 16184 4815 16184 355 16185 4815 16185 4494 16185 354 16186 355 16186 4494 16186 354 16187 4494 16187 4493 16187 353 16188 354 16188 4493 16188 353 16189 4493 16189 4492 16189 352 16190 4492 16190 4491 16190 352 16191 353 16191 4492 16191 351 16192 4491 16192 4490 16192 351 16193 352 16193 4491 16193 350 16194 4490 16194 4489 16194 350 16195 351 16195 4490 16195 349 16196 4489 16196 4488 16196 349 16197 350 16197 4489 16197 348 16198 4488 16198 4487 16198 348 16199 349 16199 4488 16199 347 16200 4487 16200 4486 16200 347 16201 348 16201 4487 16201 346 16202 4486 16202 4485 16202 346 16203 347 16203 4486 16203 345 16204 4485 16204 4484 16204 345 16205 346 16205 4485 16205 344 16206 4484 16206 4483 16206 344 16207 345 16207 4484 16207 343 16208 4483 16208 4482 16208 343 16209 344 16209 4483 16209 342 16210 4482 16210 4481 16210 342 16211 343 16211 4482 16211 341 16212 4481 16212 4480 16212 341 16213 342 16213 4481 16213 340 16214 4480 16214 4479 16214 340 16215 341 16215 4480 16215 339 16216 4479 16216 4478 16216 339 16217 340 16217 4479 16217 338 16218 4478 16218 4477 16218 338 16219 339 16219 4478 16219 337 16220 4477 16220 4476 16220 337 16221 338 16221 4477 16221 336 16222 4476 16222 4475 16222 336 16223 337 16223 4476 16223 335 16224 4475 16224 4474 16224 335 16225 336 16225 4475 16225 334 16226 4474 16226 4473 16226 334 16227 335 16227 4474 16227 333 16228 334 16228 4473 16228 333 16229 4473 16229 4472 16229 332 16230 333 16230 4472 16230 332 16231 4472 16231 4471 16231 331 16232 332 16232 4471 16232 331 16233 4471 16233 4470 16233 330 16234 331 16234 4470 16234 330 16235 4470 16235 4469 16235 329 16236 330 16236 4469 16236 329 16237 4469 16237 4468 16237 328 16238 329 16238 4468 16238 328 16239 4468 16239 4467 16239 327 16240 328 16240 4467 16240 327 16241 4467 16241 4466 16241 325 16242 327 16242 4466 16242 325 16243 4466 16243 4464 16243 322 16244 325 16244 4464 16244 322 16245 4464 16245 4461 16245 319 16246 322 16246 4461 16246 319 16247 4461 16247 4458 16247 317 16248 319 16248 4458 16248 317 16249 4458 16249 4456 16249 314 16250 317 16250 4456 16250 314 16251 4456 16251 4453 16251 311 16252 314 16252 4453 16252 311 16253 4453 16253 4450 16253 308 16254 311 16254 4450 16254 308 16255 4450 16255 4447 16255 305 16256 4447 16256 4444 16256 305 16257 308 16257 4447 16257 305 16258 4444 16258 4441 16258 302 16259 305 16259 4441 16259 299 16260 4441 16260 4438 16260 299 16261 4438 16261 4435 16261 299 16262 302 16262 4441 16262 296 16263 4435 16263 4432 16263 296 16264 299 16264 4435 16264 293 16265 296 16265 4432 16265 290 16266 4432 16266 4429 16266 290 16267 293 16267 4432 16267 287 16268 4429 16268 4426 16268 287 16269 4426 16269 4423 16269 287 16270 290 16270 4429 16270 284 16271 287 16271 4423 16271 280 16272 4423 16272 4419 16272 280 16273 4419 16273 4415 16273 280 16274 284 16274 4423 16274 277 16275 280 16275 4415 16275 274 16276 4415 16276 4412 16276 274 16277 277 16277 4415 16277 278 16278 274 16278 4412 16278 278 16279 4412 16279 4417 16279 282 16280 278 16280 4417 16280 282 16281 4417 16281 4421 16281 285 16282 282 16282 4421 16282 285 16283 4421 16283 4424 16283 288 16284 285 16284 4424 16284 288 16285 4424 16285 4427 16285 291 16286 288 16286 4427 16286 291 16287 4427 16287 4430 16287 294 16288 291 16288 4430 16288 294 16289 4430 16289 4433 16289 294 16290 4433 16290 4436 16290 297 16291 294 16291 4436 16291 300 16292 297 16292 4436 16292 300 16293 4436 16293 4439 16293 303 16294 300 16294 4439 16294 303 16295 4439 16295 4442 16295 306 16296 303 16296 4442 16296 306 16297 4442 16297 4445 16297 309 16298 306 16298 4445 16298 309 16299 4445 16299 4448 16299 312 16300 309 16300 4448 16300 312 16301 4448 16301 4451 16301 315 16302 312 16302 4451 16302 315 16303 4451 16303 4454 16303 318 16304 315 16304 4454 16304 318 16305 4454 16305 4457 16305 318 16306 4457 16306 4459 16306 320 16307 318 16307 4459 16307 323 16308 320 16308 4459 16308 323 16309 4459 16309 4462 16309 326 16310 323 16310 4462 16310 326 16311 4462 16311 4465 16311 483 16312 326 16312 4465 16312 483 16313 4465 16313 4622 16313 476 16314 483 16314 4622 16314 476 16315 4622 16315 4615 16315 474 16316 476 16316 4615 16316 474 16317 4615 16317 4614 16317 474 16318 4614 16318 4610 16318 471 16319 474 16319 4610 16319 468 16320 471 16320 4610 16320 468 16321 4610 16321 4607 16321 463 16322 468 16322 4607 16322 463 16323 4607 16323 4602 16323 459 16324 4602 16324 4598 16324 459 16325 463 16325 4602 16325 455 16326 4598 16326 4594 16326 455 16327 459 16327 4598 16327 451 16328 455 16328 4594 16328 451 16329 4594 16329 4590 16329 451 16330 4590 16330 4587 16330 448 16331 451 16331 4587 16331 446 16332 448 16332 4587 16332 446 16333 4587 16333 4586 16333 453 16334 446 16334 4586 16334 453 16335 4586 16335 4592 16335 456 16336 453 16336 4592 16336 456 16337 4592 16337 4596 16337 461 16338 4596 16338 4600 16338 461 16339 456 16339 4596 16339 465 16340 4600 16340 4604 16340 465 16341 461 16341 4600 16341 466 16342 4604 16342 4605 16342 466 16343 4605 16343 4612 16343 466 16344 465 16344 4604 16344 472 16345 466 16345 4612 16345 478 16346 4612 16346 4617 16346 478 16347 472 16347 4612 16347 479 16348 4617 16348 4618 16348 479 16349 4618 16349 4624 16349 479 16350 478 16350 4617 16350 484 16351 4624 16351 4628 16351 484 16352 479 16352 4624 16352 488 16353 484 16353 4628 16353 490 16354 4628 16354 4629 16354 490 16355 488 16355 4628 16355 497 16356 4629 16356 4636 16356 497 16357 490 16357 4629 16357 498 16358 4636 16358 4637 16358 498 16359 497 16359 4636 16359 716 16360 717 16360 4856 16360 716 16361 4856 16361 4855 16361 719 16362 4855 16362 4858 16362 719 16363 716 16363 4855 16363 721 16364 4858 16364 4860 16364 721 16365 719 16365 4858 16365 723 16366 4860 16366 4862 16366 723 16367 721 16367 4860 16367 725 16368 4862 16368 4864 16368 725 16369 723 16369 4862 16369 727 16370 4864 16370 4866 16370 727 16371 725 16371 4864 16371 729 16372 4866 16372 4868 16372 729 16373 4868 16373 4870 16373 729 16374 727 16374 4866 16374 731 16375 4870 16375 4871 16375 731 16376 729 16376 4870 16376 732 16377 731 16377 4871 16377 733 16378 4871 16378 4872 16378 733 16379 4872 16379 4873 16379 733 16380 732 16380 4871 16380 734 16381 733 16381 4873 16381 735 16382 4873 16382 4874 16382 735 16383 734 16383 4873 16383 736 16384 4874 16384 4875 16384 736 16385 735 16385 4874 16385 737 16386 4875 16386 4876 16386 737 16387 4876 16387 4877 16387 737 16388 736 16388 4875 16388 738 16389 737 16389 4877 16389 739 16390 4877 16390 4878 16390 739 16391 738 16391 4877 16391 740 16392 4878 16392 4879 16392 740 16393 739 16393 4878 16393 741 16394 4879 16394 4880 16394 741 16395 740 16395 4879 16395 742 16396 4880 16396 4881 16396 742 16397 4881 16397 4884 16397 742 16398 741 16398 4880 16398 745 16399 742 16399 4884 16399 746 16400 745 16400 4884 16400 746 16401 4884 16401 4885 16401 747 16402 746 16402 4885 16402 747 16403 4885 16403 4886 16403 748 16404 747 16404 4886 16404 748 16405 4886 16405 4887 16405 749 16406 748 16406 4887 16406 749 16407 4887 16407 4888 16407 750 16408 749 16408 4888 16408 750 16409 4888 16409 4889 16409 751 16410 4889 16410 4890 16410 751 16411 750 16411 4889 16411 752 16412 4890 16412 4891 16412 752 16413 751 16413 4890 16413 753 16414 4891 16414 4892 16414 753 16415 752 16415 4891 16415 754 16416 4892 16416 4893 16416 754 16417 753 16417 4892 16417 755 16418 4893 16418 4894 16418 755 16419 754 16419 4893 16419 756 16420 4894 16420 4895 16420 756 16421 755 16421 4894 16421 680 16422 4895 16422 4819 16422 680 16423 756 16423 4895 16423 675 16424 4819 16424 4814 16424 675 16425 680 16425 4819 16425 670 16426 4814 16426 4808 16426 670 16427 675 16427 4814 16427 663 16428 4808 16428 4802 16428 663 16429 670 16429 4808 16429 657 16430 4802 16430 4796 16430 657 16431 663 16431 4802 16431 653 16432 4796 16432 4792 16432 653 16433 657 16433 4796 16433 645 16434 4792 16434 4784 16434 645 16435 653 16435 4792 16435 641 16436 4784 16436 4780 16436 641 16437 645 16437 4784 16437 629 16438 4780 16438 4768 16438 629 16439 641 16439 4780 16439 622 16440 4768 16440 4761 16440 622 16441 629 16441 4768 16441 612 16442 4761 16442 4751 16442 612 16443 622 16443 4761 16443 603 16444 4751 16444 4742 16444 603 16445 612 16445 4751 16445 594 16446 4742 16446 4733 16446 594 16447 603 16447 4742 16447 582 16448 594 16448 4733 16448 582 16449 4733 16449 4721 16449 572 16450 582 16450 4721 16450 572 16451 4721 16451 4711 16451 560 16452 572 16452 4711 16452 560 16453 4711 16453 4698 16453 543 16454 560 16454 4698 16454 543 16455 4698 16455 4682 16455 524 16456 543 16456 4682 16456 524 16457 4682 16457 4663 16457 521 16458 524 16458 4663 16458 521 16459 4663 16459 4659 16459 517 16460 521 16460 4659 16460 517 16461 4659 16461 4655 16461 513 16462 517 16462 4655 16462 513 16463 4655 16463 4651 16463 509 16464 513 16464 4651 16464 509 16465 4651 16465 4648 16465 504 16466 509 16466 4648 16466 504 16467 4648 16467 4643 16467 501 16468 504 16468 4643 16468 501 16469 4643 16469 4640 16469 496 16470 501 16470 4640 16470 496 16471 4640 16471 4635 16471 493 16472 496 16472 4635 16472 493 16473 4635 16473 4632 16473 489 16474 493 16474 4632 16474 489 16475 4632 16475 4627 16475 485 16476 4627 16476 4623 16476 485 16477 489 16477 4627 16477 485 16478 4623 16478 4620 16478 481 16479 485 16479 4620 16479 477 16480 4620 16480 4616 16480 477 16481 4616 16481 4611 16481 477 16482 481 16482 4620 16482 473 16483 4611 16483 4608 16483 473 16484 477 16484 4611 16484 469 16485 473 16485 4608 16485 464 16486 4608 16486 4603 16486 464 16487 469 16487 4608 16487 460 16488 4603 16488 4599 16488 460 16489 4599 16489 4595 16489 460 16490 464 16490 4603 16490 457 16491 460 16491 4595 16491 452 16492 4595 16492 4591 16492 452 16493 4591 16493 4585 16493 452 16494 457 16494 4595 16494 447 16495 452 16495 4585 16495 449 16496 4585 16496 4588 16496 449 16497 447 16497 4585 16497 450 16498 449 16498 4588 16498 450 16499 4588 16499 4589 16499 454 16500 450 16500 4589 16500 454 16501 4589 16501 4593 16501 458 16502 454 16502 4593 16502 458 16503 4593 16503 4597 16503 462 16504 458 16504 4597 16504 462 16505 4597 16505 4601 16505 467 16506 462 16506 4601 16506 467 16507 4601 16507 4606 16507 470 16508 467 16508 4606 16508 470 16509 4606 16509 4609 16509 470 16510 4609 16510 4613 16510 475 16511 470 16511 4613 16511 480 16512 475 16512 4613 16512 480 16513 4613 16513 4619 16513 482 16514 480 16514 4619 16514 482 16515 4619 16515 4621 16515 486 16516 482 16516 4621 16516 486 16517 4621 16517 4625 16517 491 16518 486 16518 4625 16518 491 16519 4625 16519 4630 16519 494 16520 491 16520 4630 16520 494 16521 4630 16521 4633 16521 499 16522 494 16522 4633 16522 499 16523 4633 16523 4638 16523 502 16524 499 16524 4638 16524 502 16525 4638 16525 4641 16525 502 16526 4641 16526 4646 16526 507 16527 502 16527 4646 16527 510 16528 507 16528 4646 16528 510 16529 4646 16529 4649 16529 514 16530 510 16530 4649 16530 514 16531 4649 16531 4653 16531 518 16532 514 16532 4653 16532 518 16533 4653 16533 4657 16533 522 16534 518 16534 4657 16534 522 16535 4657 16535 4661 16535 526 16536 522 16536 4661 16536 526 16537 4661 16537 4665 16537 526 16538 4665 16538 4689 16538 550 16539 526 16539 4689 16539 567 16540 550 16540 4689 16540 567 16541 4689 16541 4706 16541 579 16542 567 16542 4706 16542 579 16543 4706 16543 4718 16543 588 16544 4718 16544 4727 16544 588 16545 579 16545 4718 16545 598 16546 4727 16546 4737 16546 598 16547 588 16547 4727 16547 608 16548 598 16548 4737 16548 608 16549 4737 16549 4747 16549 608 16550 4747 16550 4757 16550 618 16551 608 16551 4757 16551 626 16552 618 16552 4757 16552 626 16553 4757 16553 4765 16553 634 16554 626 16554 4765 16554 634 16555 4765 16555 4773 16555 712 16556 634 16556 4773 16556 712 16557 4773 16557 4851 16557 713 16558 4851 16558 4852 16558 713 16559 712 16559 4851 16559 714 16560 4852 16560 4853 16560 714 16561 713 16561 4852 16561 715 16562 4853 16562 4854 16562 715 16563 4854 16563 4857 16563 715 16564 714 16564 4853 16564 718 16565 715 16565 4857 16565 720 16566 4857 16566 4859 16566 720 16567 718 16567 4857 16567 722 16568 4859 16568 4861 16568 722 16569 4861 16569 4863 16569 722 16570 720 16570 4859 16570 724 16571 4863 16571 4865 16571 724 16572 722 16572 4863 16572 726 16573 724 16573 4865 16573 728 16574 4865 16574 4867 16574 728 16575 726 16575 4865 16575 730 16576 4867 16576 4869 16576 730 16577 728 16577 4867 16577 717 16578 4869 16578 4856 16578 717 16579 730 16579 4869 16579</p>
        </triangles>
      </mesh>
    </geometry>
  </library_geometries>
  <library_materials>
    <material id="mat_Body" name="Body">
      <instance_effect url="#effect_Body"/>
    </material>
  </library_materials>
  <library_visual_scenes>
    <visual_scene id="scene">
      <node id="node0" name="node0">
        <instance_geometry url="#geometry0">
          <bind_material>
            <technique_common>
              <instance_material symbol="ref_Body" target="#mat_Body"/>
            </technique_common>
          </bind_material>
        </instance_geometry>
      </node>
    </visual_scene>
  </library_visual_scenes>
  <scene>
    <instance_visual_scene url="#scene"/>
  </scene>
</COLLADA>
