<COLLADA xmlns="http://www.collada.org/2005/11/COLLADASchema" version="1.4.1">
  <asset>
    <contributor/>
    <created>2026-04-07T23:23:16.757483</created>
    <modified>2026-04-07T23:23:16.757483</modified>
    <unit name="meter" meter="1.0"/>
    <up_axis>Z_UP</up_axis>
  </asset>
  <library_effects>
    <effect id="effect_Body002" name="effect_Body002">
      <profile_COMMON>
        <technique sid="common">
          <phong>
            <emission>
              <color>0.0 0.0 0.0 1.0</color>
            </emission>
            <ambient>
              <color>0.0 0.0 0.0 1.0</color>
            </ambient>
            <diffuse>
              <color>0.09803921729326248 0.09803921729326248 0.09803921729326248 1.0</color>
            </diffuse>
            <specular>
              <color>1 1 1 1.0</color>
            </specular>
            <shininess>
              <float>0.0</float>
            </shininess>
            <reflective>
              <color>0.0 0.0 0.0 1.0</color>
            </reflective>
            <reflectivity>
              <float>0.0</float>
            </reflectivity>
            <transparent>
              <color>0.0 0.0 0.0 1.0</color>
            </transparent>
            <transparency>
              <float>1.0</float>
            </transparency>
          </phong>
        </technique>
        <extra>
          <technique profile="GOOGLEEARTH">
            <double_sided>0</double_sided>
          </technique>
        </extra>
      </profile_COMMON>
    </effect>
  </library_effects>
  <library_geometries>
    <geometry id="geometry0" name="Cover_Wheel_Left">
      <mesh>
        <source id="cubeverts-array0">
          <float_array count="5238" id="cubeverts-array0-array">0.046 -0.1055 0.007 0.057 -0.1055 0.007 0.057 -0.1055 0.004 0.04 -0.1055 0.004 0.04398532 -0.1055 0.007777147 0.04409682 -0.1055 0.007680969 0.0442129 -0.1055 0.007590377 0.04433329 -0.1055 0.007505591 0.04445769 -0.1055 0.007426814 0.04458581 -0.1055 0.007354236 0.04471733 -0.1055 0.007288032 0.04485195 -0.1055 0.007228362 0.04498933 -0.1055 0.007175368 0.04512915 -0.1055 0.007129179 0.04527106 -0.1055 0.007089906 0.04541473 -0.1055 0.007057644 0.04555981 -0.1055 0.007032471 0.04570595 -0.1055 0.007014446 0.0458528 -0.1055 0.007003613 0.04387868 -0.1055 0.00787868 0.04377715 -0.1055 0.007985323 0.04368097 -0.1055 0.00809682 0.04359038 -0.1055 0.008212902 0.04350559 -0.1055 0.008333289 0.04342682 -0.1055 0.008457692 0.04335424 -0.1055 0.00858581 0.04328803 -0.1055 0.008717335 0.04322836 -0.1055 0.00885195 0.04317537 -0.1055 0.00898933 0.04312918 -0.1055 0.009129146 0.0430899 -0.1055 0.009271059 0.04305764 -0.1055 0.009414729 0.04303247 -0.1055 0.009559809 0.04301445 -0.1055 0.009705949 0.04300361 -0.1055 0.009852797 0.043 -0.1055 0.01 0.04 -0.1055 0.03574902 0.043 -0.1055 0.03686335 0.03999536 -0.1055 0.03594167 0.03998144 -0.1055 0.03613388 0.04299564 -0.1055 0.03705001 0.03988448 -0.1055 0.03670337 0.04298258 -0.1055 0.03723626 0.04296084 -0.1055 0.03742169 0.04289154 -0.1055 0.03778852 0.03977464 -0.1055 0.03707269 0.04278834 -0.1055 0.03814728 0.0427243 -0.1055 0.03832266 0.0397065 -0.1055 0.03725295 0.04265215 -0.1055 0.03849486 0.04257204 -0.1055 0.03866351 0.03962977 -0.1055 0.03742973 0.04248415 -0.1055 0.03882823 0.04228579 -0.1055 0.03914449 0.03954461 -0.1055 0.0376026 0.04217577 -0.1055 0.03929533 0.04205882 -0.1055 0.03944087 0.03945122 -0.1055 0.03777117 0.03934982 -0.1055 0.03793504 0.03924064 -0.1055 0.03809385 0.03912395 -0.1055 0.0382472 0.039 -0.1055 0.03839477 0.0363216 -0.1055 0.04530062 0.0334358 -0.1055 0.04382521 0.0342229 -0.1055 0.04705569 0.03203952 -0.1055 0.04870424 0.02257014 -0.1055 0.05415565 0.02020607 -0.1055 0.05191362 0.0177917 -0.1055 0.0528616 0.01747648 -0.1055 0.05614952 0.01533307 -0.1055 0.053688 0.01486161 -0.1055 0.05695406 0.01283629 -0.1055 0.05439077 0.01220997 -0.1055 0.05762757 0.01030757 -0.1055 0.05496817 0.009528118 -0.1055 0.0581684 -0.04398532 -0.1055 0.007777147 -0.04387868 -0.1055 0.00787868 -0.04 -0.1055 0.004 -0.04377715 -0.1055 0.007985323 -0.04368097 -0.1055 0.00809682 -0.04409682 -0.1055 0.007680969 -0.04359038 -0.1055 0.008212902 -0.0442129 -0.1055 0.007590377 -0.04433329 -0.1055 0.007505591 -0.04350559 -0.1055 0.008333289 -0.04445769 -0.1055 0.007426814 -0.04342682 -0.1055 0.008457692 -0.04458581 -0.1055 0.007354236 -0.04335424 -0.1055 0.00858581 -0.04471733 -0.1055 0.007288032 -0.04328803 -0.1055 0.008717335 -0.04485195 -0.1055 0.007228362 -0.04322836 -0.1055 0.00885195 -0.04498933 -0.1055 0.007175368 -0.04317537 -0.1055 0.00898933 -0.04512915 -0.1055 0.007129179 -0.04312918 -0.1055 0.009129146 -0.04527106 -0.1055 0.007089906 -0.0430899 -0.1055 0.009271059 -0.04541473 -0.1055 0.007057644 -0.04305764 -0.1055 0.009414729 -0.04555981 -0.1055 0.007032471 -0.04303247 -0.1055 0.009559809 -0.04570595 -0.1055 0.007014446 -0.04301445 -0.1055 0.009705949 -0.0458528 -0.1055 0.007003613 -0.04300361 -0.1055 0.009852797 -0.043 -0.1055 0.01 -0.046 -0.1055 0.007 0.002592996 -0.1055 0.05593531 0.001367921 -0.1055 0.05898299 9.63679e-17 -0.1055 0.056 -0.001367921 -0.1055 0.05898299 -0.002592996 -0.1055 0.05593531 -0.057 -0.1055 0.007 -0.009528118 -0.1055 0.0581684 -0.01030757 -0.1055 0.05496817 -0.01220997 -0.1055 0.05762757 -0.01283629 -0.1055 0.05439077 -0.01486161 -0.1055 0.05695406 -0.01533307 -0.1055 0.053688 -0.01747648 -0.1055 0.05614952 -0.0177917 -0.1055 0.0528616 -0.02004811 -0.1055 0.05521595 -0.02020607 -0.1055 0.05191362 -0.04 -0.1055 0.03574902 -0.02257014 -0.1055 0.05415565 -0.02257016 -0.1055 0.05084643 -0.02503631 -0.1055 0.05297125 -0.02487809 -0.1055 0.04966268 -0.02744054 -0.1055 0.05166568 -0.02712412 -0.1055 0.04836532 -0.043 -0.1055 0.03686335 -0.03999536 -0.1055 0.03594167 -0.03998144 -0.1055 0.03613388 -0.03995829 -0.1055 0.03632519 -0.03992594 -0.1055 0.03651517 -0.02977687 -0.1055 0.05024217 -0.02930267 -0.1055 0.04695758 -0.04299564 -0.1055 0.03705001 -0.03988448 -0.1055 0.03670337 -0.03983401 -0.1055 0.03688935 -0.04289154 -0.1055 0.03778852 -0.03977464 -0.1055 0.03707269 -0.03203952 -0.1055 0.04870424 -0.03140831 -0.1055 0.04544295 -0.04284413 -0.1055 0.0379691 -0.04278834 -0.1055 0.03814728 -0.0397065 -0.1055 0.03725295 -0.04265215 -0.1055 0.03849486 -0.04257204 -0.1055 0.03866351 -0.0342229 -0.1055 0.04705569 -0.0334358 -0.1055 0.04382521 -0.04248415 -0.1055 0.03882823 -0.04238866 -0.1055 0.03898867 -0.04228579 -0.1055 0.03914449 -0.03954461 -0.1055 0.0376026 -0.04217577 -0.1055 0.03929533 -0.04205882 -0.1055 0.03944087 -0.03945122 -0.1055 0.03777117 -0.03934982 -0.1055 0.03793504 -0.03924064 -0.1055 0.03809385 -0.03912395 -0.1055 0.0382472 -0.039 -0.1055 0.03839477 -0.0363216 -0.1055 0.04530062 -0.0353801 -0.1055 0.04210838 -0.04024442 -0.1055 0.04148849 -0.03723638 -0.1055 0.04029673 -0.03833043 -0.1055 0.04344336 -0.0492107 -0.1083167 0.007 -0.04928036 -0.108245 0.007 -0.04935399 -0.1081774 0.007 -0.04914525 -0.1083922 0.007 -0.04943137 -0.1081142 0.007 -0.04908422 -0.1084714 0.007 -0.04951223 -0.1080554 0.007 -0.04902781 -0.1085539 0.007 -0.04959631 -0.1080014 0.007 -0.04897619 -0.1086395 0.007 -0.04968333 -0.1079522 0.007 -0.04892955 -0.1087279 0.007 -0.04977303 -0.1079081 0.007 -0.04888803 -0.1088188 0.007 -0.04986509 -0.1078692 0.007 -0.04885177 -0.1089119 0.007 -0.04995922 -0.1078356 0.007 -0.04882089 -0.109007 0.007 -0.05005512 -0.1078075 0.007 -0.04879548 -0.1091036 0.007 -0.05015247 -0.1077849 0.007 -0.04877563 -0.1092016 0.007 -0.05025095 -0.1077678 0.007 -0.04876141 -0.1093005 0.007 -0.05035024 -0.1077564 0.007 -0.04875285 -0.1094001 0.007 -0.05045003 -0.1077507 0.007 -0.04875 -0.1095 0.007 -0.05054997 -0.1077507 0.007 -0.04875285 -0.1095999 0.007 -0.05064976 -0.1077564 0.007 -0.04876141 -0.1096995 0.007 -0.04877563 -0.1097984 0.007 -0.04879548 -0.1098964 0.007 -0.04882089 -0.109993 0.007 -0.04885177 -0.1100881 0.007 -0.05104078 -0.1078356 0.007 -0.05094488 -0.1078075 0.007 -0.05113491 -0.1078692 0.007 -0.05122697 -0.1079081 0.007 -0.05131667 -0.1079522 0.007 -0.05140369 -0.1080014 0.007 -0.05148777 -0.1080554 0.007 -0.05156863 -0.1081142 0.007 -0.05164601 -0.1081774 0.007 -0.05171964 -0.108245 0.007 -0.0517893 -0.1083167 0.007 -0.05185475 -0.1083922 0.007 -0.05191578 -0.1084714 0.007 -0.05197219 -0.1085539 0.007 -0.05202381 -0.1086395 0.007 -0.05207045 -0.1087279 0.007 -0.05211197 -0.1088188 0.007 -0.05214823 -0.1089119 0.007 -0.05217911 -0.109007 0.007 -0.05220452 -0.1091036 0.007 -0.05222437 -0.1092016 0.007 -0.05223859 -0.1093005 0.007 -0.05224715 -0.1094001 0.007 -0.05074905 -0.1077678 0.007 -0.05084753 -0.1077849 0.007 -0.05744019 -0.1055325 0.007 -0.0571472 -0.1055036 0.007 -0.05729405 -0.1055144 0.007 -0.05772894 -0.1055899 0.007 -0.05758527 -0.1055576 0.007 -0.05828267 -0.105788 0.007 -0.05787085 -0.1056292 0.007 -0.05801067 -0.1056754 0.007 -0.05814805 -0.1057284 0.007 -0.05866671 -0.1060056 0.007 -0.05841419 -0.1058542 0.007 -0.05854231 -0.1059268 0.007 -0.0587871 -0.1060904 0.007 -0.05901468 -0.1062771 0.007 -0.05890318 -0.106181 0.007 -0.05912132 -0.1063787 0.007 -0.05931903 -0.1065968 0.007 -0.05922285 -0.1064853 0.007 -0.05940962 -0.1067129 0.007 -0.0492107 -0.1173167 0.007 -0.04928036 -0.110755 0.007 -0.04928036 -0.117245 0.007 -0.0492107 -0.1106833 0.007 -0.05957318 -0.1069577 0.007 -0.05949441 -0.1068333 0.007 -0.04935399 -0.1171774 0.007 -0.04935399 -0.1108226 0.007 -0.04914525 -0.1173922 0.007 -0.04914525 -0.1106078 0.007 -0.04943137 -0.1171142 0.007 -0.04943137 -0.1108858 0.007 -0.04908422 -0.1174714 0.007 -0.04908422 -0.1105286 0.007 -0.04902781 -0.1104461 0.007 -0.04951223 -0.1170554 0.007 -0.04951223 -0.1109446 0.007 -0.04902781 -0.1175539 0.007 -0.04897619 -0.1103605 0.007 -0.04959631 -0.1170014 0.007 -0.04959631 -0.1109986 0.007 -0.04897619 -0.1176395 0.007 -0.04968333 -0.1169522 0.007 -0.04968333 -0.1110478 0.007 -0.04977303 -0.1110919 0.007 -0.04892955 -0.1177279 0.007 -0.04892955 -0.1102721 0.007 -0.04977303 -0.1169081 0.007 -0.04888803 -0.1178188 0.007 -0.04888803 -0.1101812 0.007 -0.04986509 -0.1168692 0.007 -0.04986509 -0.1111308 0.007 -0.04885177 -0.1179119 0.007 -0.04995922 -0.1168356 0.007 -0.04995922 -0.1111644 0.007 -0.04882089 -0.118007 0.007 -0.05005512 -0.1168075 0.007 -0.05005512 -0.1111925 0.007 -0.05015247 -0.1112151 0.007 -0.04879548 -0.1181036 0.007 -0.05971197 -0.1072173 0.007 -0.05964576 -0.1070858 0.007 -0.05015247 -0.1167849 0.007 -0.05025095 -0.1167678 0.007 -0.05025095 -0.1112322 0.007 -0.05035024 -0.1167564 0.007 -0.05035024 -0.1112436 0.007 -0.05045003 -0.1112493 0.007 -0.05045003 -0.1167507 0.007 -0.05054997 -0.1112493 0.007 -0.05054997 -0.1167507 0.007 -0.05982463 -0.1074893 0.007 -0.05977164 -0.107352 0.007 -0.05064976 -0.1167564 0.007 -0.05064976 -0.1112436 0.007 -0.05074905 -0.1112322 0.007 -0.05987082 -0.1076291 0.007 -0.05074905 -0.1167678 0.007 -0.05084753 -0.1112151 0.007 -0.05084753 -0.1167849 0.007 -0.0599101 -0.1077711 0.007 -0.05094488 -0.1168075 0.007 -0.05094488 -0.1111925 0.007 -0.05104078 -0.1168356 0.007 -0.05104078 -0.1111644 0.007 -0.05113491 -0.1168692 0.007 -0.05113491 -0.1111308 0.007 -0.05996753 -0.1080598 0.007 -0.05994236 -0.1079147 0.007 -0.05122697 -0.1169081 0.007 -0.05122697 -0.1110919 0.007 -0.05998555 -0.1082059 0.007 -0.05131667 -0.1169522 0.007 -0.05131667 -0.1110478 0.007 -0.05140369 -0.1170014 0.007 -0.05140369 -0.1109986 0.007 -0.06 -0.1085 0.007 -0.05225 -0.1095 0.007 -0.05224715 -0.1095999 0.007 -0.05223859 -0.1096995 0.007 -0.05222437 -0.1097984 0.007 -0.05220452 -0.1098964 0.007 -0.05217911 -0.109993 0.007 -0.05214823 -0.1100881 0.007 -0.05211197 -0.1101812 0.007 -0.05207045 -0.1102721 0.007 -0.05202381 -0.1103605 0.007 -0.05197219 -0.1104461 0.007 -0.05999639 -0.1083528 0.007 -0.05148777 -0.1170554 0.007 -0.05148777 -0.1109446 0.007 -0.05156863 -0.1108858 0.007 -0.05156863 -0.1171142 0.007 -0.05164601 -0.1171774 0.007 -0.05164601 -0.1108226 0.007 -0.05171964 -0.110755 0.007 -0.05171964 -0.117245 0.007 -0.0517893 -0.1106833 0.007 -0.0517893 -0.1173167 0.007 -0.05185475 -0.1173922 0.007 -0.05185475 -0.1106078 0.007 -0.05191578 -0.1105286 0.007 -0.05191578 -0.1174714 0.007 -0.046 -0.1235 0.007 -0.04943137 -0.1198858 0.007 -0.04951223 -0.1199446 0.007 -0.04935399 -0.1198226 0.007 -0.04928036 -0.119755 0.007 -0.0492107 -0.1196833 0.007 -0.04914525 -0.1196078 0.007 -0.04908422 -0.1195286 0.007 -0.04902781 -0.1194461 0.007 -0.04897619 -0.1193605 0.007 -0.04875285 -0.1184001 0.007 -0.04875 -0.1185 0.007 -0.04892955 -0.1192721 0.007 -0.04876141 -0.1183005 0.007 -0.04888803 -0.1191812 0.007 -0.04877563 -0.1182016 0.007 -0.04885177 -0.1190881 0.007 -0.04882089 -0.118993 0.007 -0.04879548 -0.1188964 0.007 -0.04877563 -0.1187984 0.007 -0.04876141 -0.1186995 0.007 -0.04875285 -0.1185999 0.007 -0.05197219 -0.1175539 0.007 -0.04959631 -0.1199986 0.007 -0.05202381 -0.1176395 0.007 -0.04968333 -0.1200478 0.007 -0.04977303 -0.1200919 0.007 -0.04986509 -0.1201308 0.007 -0.04995922 -0.1201644 0.007 -0.05005512 -0.1201925 0.007 -0.05015247 -0.1202151 0.007 -0.05025095 -0.1202322 0.007 -0.05035024 -0.1202436 0.007 -0.05045003 -0.1202493 0.007 -0.05054997 -0.1202493 0.007 -0.05064976 -0.1202436 0.007 -0.05074905 -0.1202322 0.007 -0.06 -0.1205 0.007 -0.05207045 -0.1177279 0.007 -0.05211197 -0.1178188 0.007 -0.05214823 -0.1179119 0.007 -0.05217911 -0.118007 0.007 -0.05220452 -0.1181036 0.007 -0.05222437 -0.1182016 0.007 -0.05223859 -0.1183005 0.007 -0.05224715 -0.1184001 0.007 -0.05225 -0.1185 0.007 -0.05224715 -0.1185999 0.007 -0.05223859 -0.1186995 0.007 -0.05222437 -0.1187984 0.007 -0.057 -0.1235 0.007 -0.05220452 -0.1188964 0.007 -0.05217911 -0.118993 0.007 -0.05214823 -0.1190881 0.007 -0.05211197 -0.1191812 0.007 -0.05207045 -0.1192721 0.007 -0.05202381 -0.1193605 0.007 -0.05197219 -0.1194461 0.007 -0.05191578 -0.1195286 0.007 -0.05185475 -0.1196078 0.007 -0.0517893 -0.1196833 0.007 -0.05171964 -0.119755 0.007 -0.05164601 -0.1198226 0.007 -0.05156863 -0.1198858 0.007 -0.05148777 -0.1199446 0.007 -0.05140369 -0.1199986 0.007 -0.05131667 -0.1200478 0.007 -0.05122697 -0.1200919 0.007 -0.05113491 -0.1201308 0.007 -0.05104078 -0.1201644 0.007 -0.05094488 -0.1201925 0.007 -0.05084753 -0.1202151 0.007 -0.05998555 -0.1207941 0.007 -0.05999639 -0.1206472 0.007 -0.05744019 -0.1234675 0.007 -0.05729405 -0.1234856 0.007 -0.0571472 -0.1234964 0.007 -0.05994236 -0.1210853 0.007 -0.05996753 -0.1209402 0.007 -0.05758527 -0.1234424 0.007 -0.05787085 -0.1233708 0.007 -0.05772894 -0.1234101 0.007 -0.05982463 -0.1215107 0.007 -0.0599101 -0.1212289 0.007 -0.05987082 -0.1213709 0.007 -0.05971197 -0.1217827 0.007 -0.05977164 -0.121648 0.007 -0.05964576 -0.1219142 0.007 -0.05957318 -0.1220423 0.007 -0.05854231 -0.1230732 0.007 -0.05841419 -0.1231458 0.007 -0.05828267 -0.123212 0.007 -0.05814805 -0.1232716 0.007 -0.05866671 -0.1229944 0.007 -0.05801067 -0.1233246 0.007 -0.05890318 -0.122819 0.007 -0.0587871 -0.1229096 0.007 -0.05922285 -0.1225147 0.007 -0.05949441 -0.1221667 0.007 -0.05940962 -0.1222871 0.007 -0.05931903 -0.1224032 0.007 -0.05901468 -0.1227229 0.007 -0.05912132 -0.1226213 0.007 -0.0571472 -0.1055036 0.004 -0.057 -0.1055 0.004 -0.05729405 -0.1055144 0.004 -0.05744019 -0.1055325 0.004 -0.05758527 -0.1055576 0.004 -0.05772894 -0.1055899 0.004 -0.05787085 -0.1056292 0.004 -0.05801067 -0.1056754 0.004 -0.05814805 -0.1057284 0.004 -0.05828267 -0.105788 0.004 -0.05841419 -0.1058542 0.004 -0.05854231 -0.1059268 0.004 -0.05866671 -0.1060056 0.004 -0.0587871 -0.1060904 0.004 -0.05890318 -0.106181 0.004 -0.05901468 -0.1062771 0.004 -0.05912132 -0.1063787 0.004 -0.05922285 -0.1064853 0.004 -0.05931903 -0.1065968 0.004 -0.05940962 -0.1067129 0.004 -0.05949441 -0.1068333 0.004 -0.05957318 -0.1069577 0.004 -0.05964576 -0.1070858 0.004 -0.05971197 -0.1072173 0.004 -0.05977164 -0.107352 0.004 -0.05982463 -0.1074893 0.004 -0.05987082 -0.1076291 0.004 -0.0599101 -0.1077711 0.004 -0.05994236 -0.1079147 0.004 -0.05996753 -0.1080598 0.004 -0.05998555 -0.1082059 0.004 -0.05999639 -0.1083528 0.004 -0.06 -0.1085 0.004 -0.043 -0.1235 0.01 -0.04300361 -0.1235 0.009852797 -0.04301445 -0.1235 0.009705949 -0.04303247 -0.1235 0.009559809 -0.04305764 -0.1235 0.009414729 -0.0430899 -0.1235 0.009271059 -0.04312918 -0.1235 0.009129146 -0.04317537 -0.1235 0.00898933 -0.04322836 -0.1235 0.00885195 -0.04328803 -0.1235 0.008717335 -0.04335424 -0.1235 0.00858581 -0.04342682 -0.1235 0.008457692 -0.04350559 -0.1235 0.008333289 -0.04359038 -0.1235 0.008212902 -0.04368097 -0.1235 0.00809682 -0.04377715 -0.1235 0.007985323 -0.04387868 -0.1235 0.00787868 -0.04398532 -0.1235 0.007777147 -0.04409682 -0.1235 0.007680969 -0.0442129 -0.1235 0.007590377 -0.04433329 -0.1235 0.007505591 -0.04445769 -0.1235 0.007426814 -0.04458581 -0.1235 0.007354236 -0.04471733 -0.1235 0.007288032 -0.04485195 -0.1235 0.007228362 -0.04498933 -0.1235 0.007175368 -0.04512915 -0.1235 0.007129179 -0.04527106 -0.1235 0.007089906 -0.04541473 -0.1235 0.007057644 -0.04555981 -0.1235 0.007032471 -0.04570595 -0.1235 0.007014446 -0.0458528 -0.1235 0.007003613 -0.0492107 -0.1083167 0.004 -0.04928036 -0.108245 0.004 -0.04935399 -0.1081774 0.004 -0.04914525 -0.1083922 0.004 -0.04943137 -0.1081142 0.004 -0.04908422 -0.1084714 0.004 -0.04951223 -0.1080554 0.004 -0.04902781 -0.1085539 0.004 -0.04959631 -0.1080014 0.004 -0.04897619 -0.1086395 0.004 -0.04968333 -0.1079522 0.004 -0.04892955 -0.1087279 0.004 -0.04977303 -0.1079081 0.004 -0.04888803 -0.1088188 0.004 -0.04986509 -0.1078692 0.004 -0.04885177 -0.1089119 0.004 -0.04995922 -0.1078356 0.004 -0.04882089 -0.109007 0.004 -0.05005512 -0.1078075 0.004 -0.04879548 -0.1091036 0.004 -0.05015247 -0.1077849 0.004 -0.04877563 -0.1092016 0.004 -0.05025095 -0.1077678 0.004 -0.04876141 -0.1093005 0.004 -0.05035024 -0.1077564 0.004 -0.04875285 -0.1094001 0.004 -0.04875 -0.1095 0.004 -0.04875285 -0.1095999 0.004 -0.04876141 -0.1096995 0.004 -0.04877563 -0.1097984 0.004 -0.04879548 -0.1098964 0.004 -0.04882089 -0.109993 0.004 -0.04885177 -0.1100881 0.004 -0.04888803 -0.1101812 0.004 -0.04892955 -0.1102721 0.004 -0.05054997 -0.1077507 0.004 -0.05064976 -0.1077564 0.004 -0.05074905 -0.1077678 0.004 -0.05084753 -0.1077849 0.004 -0.05094488 -0.1078075 0.004 -0.05104078 -0.1078356 0.004 -0.05113491 -0.1078692 0.004 -0.05122697 -0.1079081 0.004 -0.05131667 -0.1079522 0.004 -0.05140369 -0.1080014 0.004 -0.05148777 -0.1080554 0.004 -0.05156863 -0.1081142 0.004 -0.05164601 -0.1081774 0.004 -0.05171964 -0.108245 0.004 -0.0517893 -0.1083167 0.004 -0.05185475 -0.1083922 0.004 -0.05191578 -0.1084714 0.004 -0.05197219 -0.1085539 0.004 -0.05202381 -0.1086395 0.004 -0.05207045 -0.1087279 0.004 -0.05211197 -0.1088188 0.004 -0.05214823 -0.1089119 0.004 -0.05217911 -0.109007 0.004 -0.05220452 -0.1091036 0.004 -0.05222437 -0.1092016 0.004 -0.05223859 -0.1093005 0.004 -0.05224715 -0.1094001 0.004 -0.05045003 -0.1077507 0.004 -0.0492107 -0.1173167 0.004 -0.04928036 -0.117245 0.004 -0.04928036 -0.110755 0.004 -0.0492107 -0.1106833 0.004 -0.04935399 -0.1171774 0.004 -0.04935399 -0.1108226 0.004 -0.04914525 -0.1173922 0.004 -0.04914525 -0.1106078 0.004 -0.04943137 -0.1171142 0.004 -0.04951223 -0.1109446 0.004 -0.04943137 -0.1108858 0.004 -0.04908422 -0.1174714 0.004 -0.04908422 -0.1105286 0.004 -0.04951223 -0.1170554 0.004 -0.04959631 -0.1109986 0.004 -0.04902781 -0.1175539 0.004 -0.04902781 -0.1104461 0.004 -0.04959631 -0.1170014 0.004 -0.04897619 -0.1176395 0.004 -0.04897619 -0.1103605 0.004 -0.04968333 -0.1169522 0.004 -0.04977303 -0.1110919 0.004 -0.04968333 -0.1110478 0.004 -0.04892955 -0.1177279 0.004 -0.04977303 -0.1169081 0.004 -0.04888803 -0.1178188 0.004 -0.04986509 -0.1168692 0.004 -0.04986509 -0.1111308 0.004 -0.04885177 -0.1179119 0.004 -0.043 -0.1235 0.004 -0.04995922 -0.1168356 0.004 -0.04995922 -0.1111644 0.004 -0.04882089 -0.118007 0.004 -0.05005512 -0.1168075 0.004 -0.05015247 -0.1112151 0.004 -0.05005512 -0.1111925 0.004 -0.04879548 -0.1181036 0.004 -0.05015247 -0.1167849 0.004 -0.04877563 -0.1182016 0.004 -0.05025095 -0.1167678 0.004 -0.05025095 -0.1112322 0.004 -0.04876141 -0.1183005 0.004 -0.05035024 -0.1167564 0.004 -0.05035024 -0.1112436 0.004 -0.04875285 -0.1184001 0.004 -0.05045003 -0.1167507 0.004 -0.05054997 -0.1112493 0.004 -0.05045003 -0.1112493 0.004 -0.04875 -0.1185 0.004 -0.05054997 -0.1167507 0.004 -0.04875285 -0.1185999 0.004 -0.05064976 -0.1167564 0.004 -0.05064976 -0.1112436 0.004 -0.04876141 -0.1186995 0.004 -0.05074905 -0.1167678 0.004 -0.05084753 -0.1112151 0.004 -0.05074905 -0.1112322 0.004 -0.04877563 -0.1187984 0.004 -0.05084753 -0.1167849 0.004 -0.04879548 -0.1188964 0.004 -0.05094488 -0.1168075 0.004 -0.05094488 -0.1111925 0.004 -0.04882089 -0.118993 0.004 -0.05104078 -0.1168356 0.004 -0.05104078 -0.1111644 0.004 -0.04885177 -0.1190881 0.004 -0.05113491 -0.1168692 0.004 -0.05122697 -0.1110919 0.004 -0.05113491 -0.1111308 0.004 -0.04888803 -0.1191812 0.004 -0.05122697 -0.1169081 0.004 -0.05131667 -0.1110478 0.004 -0.04892955 -0.1192721 0.004 -0.05131667 -0.1169522 0.004 -0.04897619 -0.1193605 0.004 -0.05140369 -0.1170014 0.004 -0.05148777 -0.1109446 0.004 -0.05140369 -0.1109986 0.004 -0.04902781 -0.1194461 0.004 -0.05225 -0.1095 0.004 -0.05224715 -0.1095999 0.004 -0.05223859 -0.1096995 0.004 -0.05222437 -0.1097984 0.004 -0.05220452 -0.1098964 0.004 -0.05217911 -0.109993 0.004 -0.05214823 -0.1100881 0.004 -0.05211197 -0.1101812 0.004 -0.05207045 -0.1102721 0.004 -0.05202381 -0.1103605 0.004 -0.05197219 -0.1104461 0.004 -0.05148777 -0.1170554 0.004 -0.04908422 -0.1195286 0.004 -0.05156863 -0.1171142 0.004 -0.05156863 -0.1108858 0.004 -0.04914525 -0.1196078 0.004 -0.05164601 -0.1171774 0.004 -0.05164601 -0.1108226 0.004 -0.0492107 -0.1196833 0.004 -0.05171964 -0.117245 0.004 -0.0517893 -0.1106833 0.004 -0.05171964 -0.110755 0.004 -0.04928036 -0.119755 0.004 -0.0517893 -0.1173167 0.004 -0.04935399 -0.1198226 0.004 -0.05185475 -0.1173922 0.004 -0.05185475 -0.1106078 0.004 -0.04943137 -0.1198858 0.004 -0.05191578 -0.1174714 0.004 -0.05191578 -0.1105286 0.004 -0.04951223 -0.1199446 0.004 -0.05197219 -0.1175539 0.004 -0.04959631 -0.1199986 0.004 -0.05202381 -0.1176395 0.004 -0.04968333 -0.1200478 0.004 -0.04977303 -0.1200919 0.004 -0.04986509 -0.1201308 0.004 -0.04995922 -0.1201644 0.004 -0.05005512 -0.1201925 0.004 -0.05015247 -0.1202151 0.004 -0.04 -0.1335 0.004 -0.043 -0.1325 0.004 -0.046 -0.1335 0.004 -0.046 -0.1325 0.004 -0.057 -0.1235 0.004 -0.05222437 -0.1187984 0.004 -0.05220452 -0.1188964 0.004 -0.05217911 -0.118993 0.004 -0.05214823 -0.1190881 0.004 -0.05211197 -0.1191812 0.004 -0.05207045 -0.1192721 0.004 -0.05202381 -0.1193605 0.004 -0.05197219 -0.1194461 0.004 -0.05191578 -0.1195286 0.004 -0.05185475 -0.1196078 0.004 -0.0517893 -0.1196833 0.004 -0.05171964 -0.119755 0.004 -0.05164601 -0.1198226 0.004 -0.05156863 -0.1198858 0.004 -0.05148777 -0.1199446 0.004 -0.05140369 -0.1199986 0.004 -0.05131667 -0.1200478 0.004 -0.05122697 -0.1200919 0.004 -0.05113491 -0.1201308 0.004 -0.05104078 -0.1201644 0.004 -0.05094488 -0.1201925 0.004 -0.05084753 -0.1202151 0.004 -0.05074905 -0.1202322 0.004 -0.05064976 -0.1202436 0.004 -0.05054997 -0.1202493 0.004 -0.06 -0.1205 0.004 -0.05207045 -0.1177279 0.004 -0.05211197 -0.1178188 0.004 -0.05214823 -0.1179119 0.004 -0.05217911 -0.118007 0.004 -0.05220452 -0.1181036 0.004 -0.05222437 -0.1182016 0.004 -0.05223859 -0.1183005 0.004 -0.05224715 -0.1184001 0.004 -0.05225 -0.1185 0.004 -0.05224715 -0.1185999 0.004 -0.05223859 -0.1186995 0.004 -0.05998555 -0.1207941 0.004 -0.05999639 -0.1206472 0.004 -0.0599101 -0.1212289 0.004 -0.05996753 -0.1209402 0.004 -0.05994236 -0.1210853 0.004 -0.05772894 -0.1234101 0.004 -0.05744019 -0.1234675 0.004 -0.05758527 -0.1234424 0.004 -0.05787085 -0.1233708 0.004 -0.05729405 -0.1234856 0.004 -0.0571472 -0.1234964 0.004 -0.05982463 -0.1215107 0.004 -0.05987082 -0.1213709 0.004 -0.05957318 -0.1220423 0.004 -0.05964576 -0.1219142 0.004 -0.05971197 -0.1217827 0.004 -0.05854231 -0.1230732 0.004 -0.05828267 -0.123212 0.004 -0.05841419 -0.1231458 0.004 -0.05814805 -0.1232716 0.004 -0.05801067 -0.1233246 0.004 -0.05940962 -0.1222871 0.004 -0.05977164 -0.121648 0.004 -0.05949441 -0.1221667 0.004 -0.05931903 -0.1224032 0.004 -0.05890318 -0.122819 0.004 -0.05866671 -0.1229944 0.004 -0.0587871 -0.1229096 0.004 -0.05912132 -0.1226213 0.004 -0.05922285 -0.1225147 0.004 -0.05901468 -0.1227229 0.004 -0.05045003 -0.1202493 0.004 -0.05035024 -0.1202436 0.004 -0.05025095 -0.1202322 0.004 -0.043 -0.1325 0.03686335 -0.043 -0.1235 0.007 -0.04 -0.1345 0.005 -0.04 -0.1345 0.03574902 -0.04 -0.1336951 0.004019215 -0.04 -0.133598 0.004004815 -0.04 -0.1337903 0.00404306 -0.04 -0.1344569 0.004709715 -0.04 -0.1344952 0.004901983 -0.04 -0.1344808 0.00480491 -0.04 -0.1338827 0.00407612 -0.04 -0.1343819 0.004528603 -0.04 -0.1344239 0.004617317 -0.04 -0.1340556 0.00416853 -0.04 -0.1339714 0.004118079 -0.04 -0.1341344 0.00422699 -0.04 -0.134273 0.004365607 -0.04 -0.1343315 0.00444443 -0.04 -0.1342071 0.004292893 -0.04299564 -0.1325 0.03705001 -0.04298258 -0.1325 0.03723626 -0.04298258 -0.1055 0.03723626 -0.04296084 -0.1325 0.03742169 -0.04296084 -0.1055 0.03742169 -0.04293047 -0.1055 0.03760592 -0.04293047 -0.1325 0.03760592 -0.04289154 -0.1325 0.03778852 -0.04284413 -0.1325 0.0379691 -0.04278834 -0.1325 0.03814728 -0.0427243 -0.1055 0.03832266 -0.0427243 -0.1325 0.03832266 -0.04265215 -0.1325 0.03849486 -0.04257204 -0.1325 0.03866351 -0.04248415 -0.1325 0.03882823 -0.04238866 -0.1325 0.03898867 -0.04228579 -0.1325 0.03914449 -0.04217577 -0.1325 0.03929533 -0.04205882 -0.1325 0.03944087 -0.03999536 -0.1345 0.03594167 -0.03998144 -0.1345 0.03613388 -0.03995829 -0.1345 0.03632519 -0.03992594 -0.1345 0.03651517 -0.03988448 -0.1345 0.03670337 -0.03983401 -0.1345 0.03688935 -0.03977464 -0.1345 0.03707269 -0.0397065 -0.1345 0.03725295 -0.03962977 -0.1055 0.03742973 -0.03962977 -0.1345 0.03742973 -0.03945122 -0.1345 0.03777117 -0.03934982 -0.1345 0.03793504 -0.03924064 -0.1345 0.03809385 -0.03912395 -0.1345 0.0382472 -0.04024442 -0.1325 0.04148849 -0.03833043 -0.1325 0.04344336 -0.0363216 -0.1325 0.04530062 -0.0342229 -0.1325 0.04705569 -0.03203952 -0.1325 0.04870424 -0.02977687 -0.1325 0.05024217 -0.02744054 -0.1325 0.05166568 -0.02503631 -0.1325 0.05297125 -0.02257014 -0.1325 0.05415565 -0.02004811 -0.1325 0.05521595 -0.01747648 -0.1325 0.05614952 -0.01486161 -0.1325 0.05695406 -0.01220997 -0.1325 0.05762757 -0.009528118 -0.1325 0.0581684 -0.006822689 -0.1325 0.05857519 -0.006822689 -0.1055 0.05857519 -0.004100378 -0.1055 0.05884694 -0.004100378 -0.1325 0.05884694 -0.001367921 -0.1325 0.05898299 0.001367921 -0.1325 0.05898299 0.004100378 -0.1325 0.05884694 0.004100378 -0.1055 0.05884694 0.006822689 -0.1055 0.05857519 0.006822689 -0.1325 0.05857519 0.009528118 -0.1325 0.0581684 0.01220997 -0.1325 0.05762757 0.01486161 -0.1325 0.05695406 0.01747648 -0.1325 0.05614952 0.02004811 -0.1325 0.05521595 0.02004811 -0.1055 0.05521595 0.02257014 -0.1325 0.05415565 0.02503631 -0.1325 0.05297125 0.02503631 -0.1055 0.05297125 0.02744054 -0.1055 0.05166568 0.02744054 -0.1325 0.05166568 0.02977687 -0.1325 0.05024217 0.02977687 -0.1055 0.05024217 0.03203952 -0.1325 0.04870424 0.0342229 -0.1325 0.04705569 0.0363216 -0.1325 0.04530062 0.03833043 -0.1055 0.04344336 0.03833043 -0.1325 0.04344336 0.04024442 -0.1325 0.04148849 0.04024442 -0.1055 0.04148849 0.04205882 -0.1325 0.03944087 -0.03723638 -0.1345 0.04029673 -0.0353801 -0.1345 0.04210838 -0.0334358 -0.1345 0.04382521 -0.03140831 -0.1345 0.04544295 -0.02930267 -0.1345 0.04695758 -0.02712412 -0.1345 0.04836532 -0.02487809 -0.1345 0.04966268 -0.02257016 -0.1345 0.05084643 -0.02020607 -0.1345 0.05191362 -0.0177917 -0.1345 0.0528616 -0.01533307 -0.1345 0.053688 -0.01283629 -0.1345 0.05439077 -0.01030757 -0.1345 0.05496817 -0.007753199 -0.1055 0.05541875 -0.005179541 -0.1055 0.0557414 -0.005179541 -0.1345 0.0557414 -0.002592996 -0.1345 0.05593531 9.385663e-17 -0.1345 0.056 0.002592996 -0.1345 0.05593531 0.005179541 -0.1345 0.0557414 0.005179541 -0.1055 0.0557414 0.007753199 -0.1345 0.05541875 0.007753199 -0.1055 0.05541875 0.01030757 -0.1345 0.05496817 0.01283629 -0.1345 0.05439077 0.01533307 -0.1345 0.053688 0.0177917 -0.1345 0.0528616 0.02020607 -0.1345 0.05191362 0.02257016 -0.1055 0.05084643 0.02257016 -0.1345 0.05084643 0.02487809 -0.1345 0.04966268 0.02487809 -0.1055 0.04966268 0.02712412 -0.1345 0.04836532 0.02712412 -0.1055 0.04836532 0.02930267 -0.1345 0.04695758 0.02930267 -0.1055 0.04695758 0.03140831 -0.1345 0.04544295 0.03140831 -0.1055 0.04544295 0.0334358 -0.1345 0.04382521 0.0353801 -0.1055 0.04210838 0.0353801 -0.1345 0.04210838 0.03723638 -0.1345 0.04029673 0.03723638 -0.1055 0.04029673 0.039 -0.1345 0.03839477 0.043 -0.1325 0.03686335 0.04299564 -0.1325 0.03705001 0.04298258 -0.1325 0.03723626 0.04296084 -0.1325 0.03742169 0.04293047 -0.1055 0.03760592 0.04293047 -0.1325 0.03760592 0.04289154 -0.1325 0.03778852 0.04284413 -0.1325 0.0379691 0.04284413 -0.1055 0.0379691 0.04278834 -0.1325 0.03814728 0.0427243 -0.1325 0.03832266 0.04265215 -0.1325 0.03849486 0.04257204 -0.1325 0.03866351 0.04248415 -0.1325 0.03882823 0.04238866 -0.1055 0.03898867 0.04238866 -0.1325 0.03898867 0.04228579 -0.1325 0.03914449 0.04217577 -0.1325 0.03929533 0.03999536 -0.1345 0.03594167 0.04 -0.1345 0.03574902 0.03995829 -0.1345 0.03632519 0.03995829 -0.1055 0.03632519 0.03992594 -0.1345 0.03651517 0.03992594 -0.1055 0.03651517 0.03988448 -0.1345 0.03670337 0.03983401 -0.1345 0.03688935 0.03983401 -0.1055 0.03688935 0.0397065 -0.1345 0.03725295 0.03962977 -0.1345 0.03742973 0.03954461 -0.1345 0.0376026 0.03945122 -0.1345 0.03777117 0.03912395 -0.1345 0.0382472 0.043 -0.1235 0.01 0.043 -0.1325 0.004 0.043 -0.1235 0.004 0.043 -0.1235 0.007 0.04 -0.1345 0.005 0.04 -0.1344808 0.00480491 0.04 -0.1344952 0.004901983 0.04 -0.1344569 0.004709715 0.04 -0.1344239 0.004617317 0.04 -0.1343819 0.004528603 0.04 -0.1343315 0.00444443 0.04 -0.134273 0.004365607 0.04 -0.1342071 0.004292893 0.04 -0.1340556 0.00416853 0.04 -0.1341344 0.00422699 0.04 -0.1337903 0.00404306 0.04 -0.1338827 0.00407612 0.04 -0.1339714 0.004118079 0.04 -0.1336951 0.004019215 0.04 -0.133598 0.004004815 0.04 -0.1335 0.004 0.04300361 -0.1235 0.009852797 0.04301445 -0.1235 0.009705949 0.04303247 -0.1235 0.009559809 0.04305764 -0.1235 0.009414729 0.0430899 -0.1235 0.009271059 0.04312918 -0.1235 0.009129146 0.04317537 -0.1235 0.00898933 0.04322836 -0.1235 0.00885195 0.04328803 -0.1235 0.008717335 0.04335424 -0.1235 0.00858581 0.04342682 -0.1235 0.008457692 0.04350559 -0.1235 0.008333289 0.04359038 -0.1235 0.008212902 0.04368097 -0.1235 0.00809682 0.04377715 -0.1235 0.007985323 0.04387868 -0.1235 0.00787868 0.04398532 -0.1235 0.007777147 0.04409682 -0.1235 0.007680969 0.0442129 -0.1235 0.007590377 0.04433329 -0.1235 0.007505591 0.04445769 -0.1235 0.007426814 0.04458581 -0.1235 0.007354236 0.04471733 -0.1235 0.007288032 0.04485195 -0.1235 0.007228362 0.04498933 -0.1235 0.007175368 0.04512915 -0.1235 0.007129179 0.04527106 -0.1235 0.007089906 0.04541473 -0.1235 0.007057644 0.04555981 -0.1235 0.007032471 0.04570595 -0.1235 0.007014446 0.0458528 -0.1235 0.007003613 0.046 -0.1235 0.007 0.05866671 -0.1060056 0.004 0.0587871 -0.1060904 0.004 0.05890318 -0.106181 0.004 0.05957318 -0.1069577 0.004 0.05931903 -0.1065968 0.004 0.05940962 -0.1067129 0.004 0.05949441 -0.1068333 0.004 0.05854231 -0.1059268 0.004 0.05901468 -0.1062771 0.004 0.05912132 -0.1063787 0.004 0.05964576 -0.1070858 0.004 0.05922285 -0.1064853 0.004 0.05977164 -0.107352 0.004 0.05971197 -0.1072173 0.004 0.05814805 -0.1057284 0.004 0.05828267 -0.105788 0.004 0.05841419 -0.1058542 0.004 0.05982463 -0.1074893 0.004 0.05787085 -0.1056292 0.004 0.05801067 -0.1056754 0.004 0.0599101 -0.1077711 0.004 0.05987082 -0.1076291 0.004 0.05758527 -0.1055576 0.004 0.05772894 -0.1055899 0.004 0.05996753 -0.1080598 0.004 0.05994236 -0.1079147 0.004 0.05999639 -0.1083528 0.004 0.05998555 -0.1082059 0.004 0.0571472 -0.1055036 0.004 0.05729405 -0.1055144 0.004 0.05744019 -0.1055325 0.004 0.06 -0.1085 0.004 0.0517893 -0.1083167 0.004 0.05171964 -0.108245 0.004 0.05164601 -0.1081774 0.004 0.05185475 -0.1083922 0.004 0.05156863 -0.1081142 0.004 0.05191578 -0.1084714 0.004 0.05148777 -0.1080554 0.004 0.05197219 -0.1085539 0.004 0.05140369 -0.1080014 0.004 0.05202381 -0.1086395 0.004 0.05131667 -0.1079522 0.004 0.05207045 -0.1087279 0.004 0.05122697 -0.1079081 0.004 0.05211197 -0.1088188 0.004 0.05113491 -0.1078692 0.004 0.05214823 -0.1089119 0.004 0.05104078 -0.1078356 0.004 0.05217911 -0.109007 0.004 0.05094488 -0.1078075 0.004 0.05220452 -0.1091036 0.004 0.05084753 -0.1077849 0.004 0.05222437 -0.1092016 0.004 0.05074905 -0.1077678 0.004 0.05223859 -0.1093005 0.004 0.05064976 -0.1077564 0.004 0.05224715 -0.1094001 0.004 0.05054997 -0.1077507 0.004 0.05225 -0.1095 0.004 0.05045003 -0.1077507 0.004 0.05224715 -0.1095999 0.004 0.05035024 -0.1077564 0.004 0.05223859 -0.1096995 0.004 0.05222437 -0.1097984 0.004 0.05220452 -0.1098964 0.004 0.05217911 -0.109993 0.004 0.05214823 -0.1100881 0.004 0.05211197 -0.1101812 0.004 0.05207045 -0.1102721 0.004 0.05202381 -0.1103605 0.004 0.05197219 -0.1104461 0.004 0.05996753 -0.1209402 0.004 0.05999639 -0.1206472 0.004 0.05998555 -0.1207941 0.004 0.05994236 -0.1210853 0.004 0.06 -0.1205 0.004 0.05982463 -0.1215107 0.004 0.0599101 -0.1212289 0.004 0.05987082 -0.1213709 0.004 0.05971197 -0.1217827 0.004 0.05977164 -0.121648 0.004 0.05964576 -0.1219142 0.004 0.05957318 -0.1220423 0.004 0.05922285 -0.1225147 0.004 0.05949441 -0.1221667 0.004 0.05940962 -0.1222871 0.004 0.05931903 -0.1224032 0.004 0.05901468 -0.1227229 0.004 0.05912132 -0.1226213 0.004 0.0587871 -0.1229096 0.004 0.05890318 -0.122819 0.004 0.05854231 -0.1230732 0.004 0.05866671 -0.1229944 0.004 0.05814805 -0.1232716 0.004 0.05841419 -0.1231458 0.004 0.05828267 -0.123212 0.004 0.05787085 -0.1233708 0.004 0.05801067 -0.1233246 0.004 0.05025095 -0.1077678 0.004 0.05015247 -0.1077849 0.004 0.05005512 -0.1078075 0.004 0.04995922 -0.1078356 0.004 0.04986509 -0.1078692 0.004 0.04977303 -0.1079081 0.004 0.04968333 -0.1079522 0.004 0.04959631 -0.1080014 0.004 0.04951223 -0.1080554 0.004 0.04943137 -0.1081142 0.004 0.04935399 -0.1081774 0.004 0.04928036 -0.108245 0.004 0.0492107 -0.1083167 0.004 0.04914525 -0.1083922 0.004 0.04908422 -0.1084714 0.004 0.04902781 -0.1085539 0.004 0.04897619 -0.1086395 0.004 0.04892955 -0.1087279 0.004 0.04888803 -0.1088188 0.004 0.04885177 -0.1089119 0.004 0.04882089 -0.109007 0.004 0.04879548 -0.1091036 0.004 0.04877563 -0.1092016 0.004 0.04876141 -0.1093005 0.004 0.04875285 -0.1094001 0.004 0.04875 -0.1095 0.004 0.04875285 -0.1095999 0.004 0.04876141 -0.1096995 0.004 0.04877563 -0.1097984 0.004 0.04879548 -0.1098964 0.004 0.04882089 -0.109993 0.004 0.04885177 -0.1100881 0.004 0.04888803 -0.1101812 0.004 0.04892955 -0.1102721 0.004 0.05171964 -0.117245 0.004 0.05171964 -0.110755 0.004 0.0517893 -0.1106833 0.004 0.0517893 -0.1173167 0.004 0.05164601 -0.1171774 0.004 0.05156863 -0.1108858 0.004 0.05164601 -0.1108226 0.004 0.05185475 -0.1173922 0.004 0.05185475 -0.1106078 0.004 0.05191578 -0.1105286 0.004 0.05156863 -0.1171142 0.004 0.05191578 -0.1174714 0.004 0.05148777 -0.1170554 0.004 0.05148777 -0.1109446 0.004 0.05197219 -0.1175539 0.004 0.05140369 -0.1170014 0.004 0.05140369 -0.1109986 0.004 0.05202381 -0.1176395 0.004 0.05131667 -0.1169522 0.004 0.05122697 -0.1110919 0.004 0.05131667 -0.1110478 0.004 0.05207045 -0.1177279 0.004 0.05772894 -0.1234101 0.004 0.05122697 -0.1169081 0.004 0.05113491 -0.1111308 0.004 0.05211197 -0.1178188 0.004 0.05113491 -0.1168692 0.004 0.05214823 -0.1179119 0.004 0.05104078 -0.1168356 0.004 0.05104078 -0.1111644 0.004 0.05217911 -0.118007 0.004 0.05758527 -0.1234424 0.004 0.05094488 -0.1168075 0.004 0.05094488 -0.1111925 0.004 0.05220452 -0.1181036 0.004 0.05084753 -0.1167849 0.004 0.05084753 -0.1112151 0.004 0.05222437 -0.1182016 0.004 0.05074905 -0.1167678 0.004 0.05064976 -0.1112436 0.004 0.05074905 -0.1112322 0.004 0.05223859 -0.1183005 0.004 0.05064976 -0.1167564 0.004 0.05224715 -0.1184001 0.004 0.05729405 -0.1234856 0.004 0.05744019 -0.1234675 0.004 0.05054997 -0.1167507 0.004 0.05054997 -0.1112493 0.004 0.05225 -0.1185 0.004 0.05045003 -0.1167507 0.004 0.05045003 -0.1112493 0.004 0.0571472 -0.1234964 0.004 0.05224715 -0.1185999 0.004 0.05035024 -0.1167564 0.004 0.05035024 -0.1112436 0.004 0.05223859 -0.1186995 0.004 0.057 -0.1235 0.004 0.05025095 -0.1167678 0.004 0.05015247 -0.1112151 0.004 0.05025095 -0.1112322 0.004 0.05222437 -0.1187984 0.004 0.05015247 -0.1167849 0.004 0.05220452 -0.1188964 0.004 0.05005512 -0.1168075 0.004 0.05005512 -0.1111925 0.004 0.05217911 -0.118993 0.004 0.04995922 -0.1168356 0.004 0.04995922 -0.1111644 0.004 0.05214823 -0.1190881 0.004 0.04986509 -0.1168692 0.004 0.04986509 -0.1111308 0.004 0.05211197 -0.1191812 0.004 0.04977303 -0.1169081 0.004 0.04977303 -0.1110919 0.004 0.05207045 -0.1192721 0.004 0.04968333 -0.1169522 0.004 0.04968333 -0.1110478 0.004 0.05202381 -0.1193605 0.004 0.04959631 -0.1170014 0.004 0.04959631 -0.1109986 0.004 0.05197219 -0.1194461 0.004 0.04951223 -0.1170554 0.004 0.04943137 -0.1108858 0.004 0.04951223 -0.1109446 0.004 0.05191578 -0.1195286 0.004 0.04943137 -0.1171142 0.004 0.05185475 -0.1196078 0.004 0.04935399 -0.1171774 0.004 0.04935399 -0.1108226 0.004 0.0517893 -0.1196833 0.004 0.04928036 -0.117245 0.004 0.0492107 -0.1106833 0.004 0.04928036 -0.110755 0.004 0.05171964 -0.119755 0.004 0.0492107 -0.1173167 0.004 0.05164601 -0.1198226 0.004 0.04914525 -0.1173922 0.004 0.04914525 -0.1106078 0.004 0.05156863 -0.1198858 0.004 0.04908422 -0.1174714 0.004 0.04908422 -0.1105286 0.004 0.05148777 -0.1199446 0.004 0.04902781 -0.1175539 0.004 0.04902781 -0.1104461 0.004 0.05140369 -0.1199986 0.004 0.04897619 -0.1176395 0.004 0.04897619 -0.1103605 0.004 0.05131667 -0.1200478 0.004 0.04892955 -0.1177279 0.004 0.05122697 -0.1200919 0.004 0.04888803 -0.1178188 0.004 0.05113491 -0.1201308 0.004 0.04885177 -0.1179119 0.004 0.05104078 -0.1201644 0.004 0.05094488 -0.1201925 0.004 0.05084753 -0.1202151 0.004 0.05074905 -0.1202322 0.004 0.05064976 -0.1202436 0.004 0.05054997 -0.1202493 0.004 0.04882089 -0.118007 0.004 0.04879548 -0.1181036 0.004 0.04877563 -0.1182016 0.004 0.04876141 -0.1183005 0.004 0.04875285 -0.1184001 0.004 0.04875 -0.1185 0.004 0.04875285 -0.1185999 0.004 0.04876141 -0.1186995 0.004 0.04877563 -0.1187984 0.004 0.04879548 -0.1188964 0.004 0.04882089 -0.118993 0.004 0.04885177 -0.1190881 0.004 0.04888803 -0.1191812 0.004 0.04892955 -0.1192721 0.004 0.04897619 -0.1193605 0.004 0.04902781 -0.1194461 0.004 0.04908422 -0.1195286 0.004 0.04914525 -0.1196078 0.004 0.0492107 -0.1196833 0.004 0.04928036 -0.119755 0.004 0.04935399 -0.1198226 0.004 0.04943137 -0.1198858 0.004 0.04951223 -0.1199446 0.004 0.04959631 -0.1199986 0.004 0.04968333 -0.1200478 0.004 0.04977303 -0.1200919 0.004 0.04986509 -0.1201308 0.004 0.04995922 -0.1201644 0.004 0.05005512 -0.1201925 0.004 0.05015247 -0.1202151 0.004 0.046 -0.1325 0.004 0.046 -0.1335 0.004 0.05045003 -0.1202493 0.004 0.05035024 -0.1202436 0.004 0.05025095 -0.1202322 0.004 0.0492107 -0.1083167 0.007 0.04928036 -0.108245 0.007 0.04935399 -0.1081774 0.007 0.04914525 -0.1083922 0.007 0.04943137 -0.1081142 0.007 0.04908422 -0.1084714 0.007 0.04951223 -0.1080554 0.007 0.04902781 -0.1085539 0.007 0.04959631 -0.1080014 0.007 0.04897619 -0.1086395 0.007 0.04968333 -0.1079522 0.007 0.04892955 -0.1087279 0.007 0.04977303 -0.1079081 0.007 0.04888803 -0.1088188 0.007 0.04986509 -0.1078692 0.007 0.04885177 -0.1089119 0.007 0.04995922 -0.1078356 0.007 0.04882089 -0.109007 0.007 0.05005512 -0.1078075 0.007 0.04879548 -0.1091036 0.007 0.05015247 -0.1077849 0.007 0.04877563 -0.1092016 0.007 0.05025095 -0.1077678 0.007 0.04876141 -0.1093005 0.007 0.05035024 -0.1077564 0.007 0.04875285 -0.1094001 0.007 0.05045003 -0.1077507 0.007 0.04875 -0.1095 0.007 0.05054997 -0.1077507 0.007 0.04875285 -0.1095999 0.007 0.05064976 -0.1077564 0.007 0.04876141 -0.1096995 0.007 0.04877563 -0.1097984 0.007 0.04879548 -0.1098964 0.007 0.04882089 -0.109993 0.007 0.04885177 -0.1100881 0.007 0.05224715 -0.1094001 0.007 0.05223859 -0.1093005 0.007 0.05222437 -0.1092016 0.007 0.05220452 -0.1091036 0.007 0.05217911 -0.109007 0.007 0.05214823 -0.1089119 0.007 0.05211197 -0.1088188 0.007 0.05207045 -0.1087279 0.007 0.05202381 -0.1086395 0.007 0.05197219 -0.1085539 0.007 0.05191578 -0.1084714 0.007 0.05185475 -0.1083922 0.007 0.0517893 -0.1083167 0.007 0.05171964 -0.108245 0.007 0.05164601 -0.1081774 0.007 0.05156863 -0.1081142 0.007 0.05148777 -0.1080554 0.007 0.05140369 -0.1080014 0.007 0.05131667 -0.1079522 0.007 0.05122697 -0.1079081 0.007 0.05113491 -0.1078692 0.007 0.05104078 -0.1078356 0.007 0.05094488 -0.1078075 0.007 0.05084753 -0.1077849 0.007 0.05074905 -0.1077678 0.007 0.05729405 -0.1055144 0.007 0.0571472 -0.1055036 0.007 0.05744019 -0.1055325 0.007 0.05758527 -0.1055576 0.007 0.05772894 -0.1055899 0.007 0.05801067 -0.1056754 0.007 0.05787085 -0.1056292 0.007 0.05814805 -0.1057284 0.007 0.05841419 -0.1058542 0.007 0.05828267 -0.105788 0.007 0.0587871 -0.1060904 0.007 0.05854231 -0.1059268 0.007 0.05866671 -0.1060056 0.007 0.05890318 -0.106181 0.007 0.05901468 -0.1062771 0.007 0.05922285 -0.1064853 0.007 0.05912132 -0.1063787 0.007 0.05931903 -0.1065968 0.007 0.05949441 -0.1068333 0.007 0.05940962 -0.1067129 0.007 0.0492107 -0.1106833 0.007 0.04928036 -0.117245 0.007 0.04928036 -0.110755 0.007 0.0492107 -0.1173167 0.007 0.05957318 -0.1069577 0.007 0.04935399 -0.1171774 0.007 0.04935399 -0.1108226 0.007 0.04914525 -0.1106078 0.007 0.04914525 -0.1173922 0.007 0.04943137 -0.1171142 0.007 0.04943137 -0.1108858 0.007 0.04908422 -0.1174714 0.007 0.04902781 -0.1104461 0.007 0.04908422 -0.1105286 0.007 0.04951223 -0.1170554 0.007 0.04951223 -0.1109446 0.007 0.04902781 -0.1175539 0.007 0.04959631 -0.1170014 0.007 0.04959631 -0.1109986 0.007 0.04892955 -0.1102721 0.007 0.04897619 -0.1176395 0.007 0.04897619 -0.1103605 0.007 0.04968333 -0.1169522 0.007 0.04968333 -0.1110478 0.007 0.04892955 -0.1177279 0.007 0.04977303 -0.1169081 0.007 0.04977303 -0.1110919 0.007 0.04888803 -0.1101812 0.007 0.04888803 -0.1178188 0.007 0.05964576 -0.1070858 0.007 0.04986509 -0.1168692 0.007 0.04986509 -0.1111308 0.007 0.04885177 -0.1179119 0.007 0.04995922 -0.1168356 0.007 0.04995922 -0.1111644 0.007 0.05005512 -0.1111925 0.007 0.04882089 -0.118007 0.007 0.05005512 -0.1168075 0.007 0.04879548 -0.1181036 0.007 0.05015247 -0.1167849 0.007 0.05015247 -0.1112151 0.007 0.05025095 -0.1167678 0.007 0.05025095 -0.1112322 0.007 0.05035024 -0.1167564 0.007 0.05035024 -0.1112436 0.007 0.05977164 -0.107352 0.007 0.05971197 -0.1072173 0.007 0.05045003 -0.1167507 0.007 0.05045003 -0.1112493 0.007 0.05054997 -0.1167507 0.007 0.05054997 -0.1112493 0.007 0.05064976 -0.1167564 0.007 0.05064976 -0.1112436 0.007 0.05987082 -0.1076291 0.007 0.05982463 -0.1074893 0.007 0.05074905 -0.1167678 0.007 0.05074905 -0.1112322 0.007 0.05084753 -0.1167849 0.007 0.05084753 -0.1112151 0.007 0.05094488 -0.1168075 0.007 0.05094488 -0.1111925 0.007 0.05994236 -0.1079147 0.007 0.0599101 -0.1077711 0.007 0.05104078 -0.1168356 0.007 0.05104078 -0.1111644 0.007 0.05113491 -0.1168692 0.007 0.05113491 -0.1111308 0.007 0.05122697 -0.1169081 0.007 0.05122697 -0.1110919 0.007 0.05998555 -0.1082059 0.007 0.05996753 -0.1080598 0.007 0.05131667 -0.1169522 0.007 0.05131667 -0.1110478 0.007 0.05140369 -0.1170014 0.007 0.05140369 -0.1109986 0.007 0.06 -0.1085 0.007 0.05999639 -0.1083528 0.007 0.05197219 -0.1104461 0.007 0.05202381 -0.1103605 0.007 0.05225 -0.1095 0.007 0.05207045 -0.1102721 0.007 0.05211197 -0.1101812 0.007 0.05214823 -0.1100881 0.007 0.05217911 -0.109993 0.007 0.05220452 -0.1098964 0.007 0.05222437 -0.1097984 0.007 0.05223859 -0.1096995 0.007 0.05224715 -0.1095999 0.007 0.05148777 -0.1170554 0.007 0.05148777 -0.1109446 0.007 0.05156863 -0.1171142 0.007 0.05156863 -0.1108858 0.007 0.05164601 -0.1171774 0.007 0.05164601 -0.1108226 0.007 0.05171964 -0.117245 0.007 0.05171964 -0.110755 0.007 0.0517893 -0.1173167 0.007 0.0517893 -0.1106833 0.007 0.05185475 -0.1173922 0.007 0.05185475 -0.1106078 0.007 0.05191578 -0.1174714 0.007 0.05191578 -0.1105286 0.007 0.04877563 -0.1182016 0.007 0.04876141 -0.1183005 0.007 0.04875285 -0.1184001 0.007 0.04875 -0.1185 0.007 0.04875285 -0.1185999 0.007 0.04876141 -0.1186995 0.007 0.04877563 -0.1187984 0.007 0.04879548 -0.1188964 0.007 0.04882089 -0.118993 0.007 0.04885177 -0.1190881 0.007 0.04888803 -0.1191812 0.007 0.04892955 -0.1192721 0.007 0.04897619 -0.1193605 0.007 0.04902781 -0.1194461 0.007 0.04908422 -0.1195286 0.007 0.04914525 -0.1196078 0.007 0.0492107 -0.1196833 0.007 0.04928036 -0.119755 0.007 0.04935399 -0.1198226 0.007 0.04943137 -0.1198858 0.007 0.04951223 -0.1199446 0.007 0.05197219 -0.1175539 0.007 0.04959631 -0.1199986 0.007 0.05202381 -0.1176395 0.007 0.04968333 -0.1200478 0.007 0.04977303 -0.1200919 0.007 0.04986509 -0.1201308 0.007 0.04995922 -0.1201644 0.007 0.05005512 -0.1201925 0.007 0.05015247 -0.1202151 0.007 0.05025095 -0.1202322 0.007 0.05035024 -0.1202436 0.007 0.05045003 -0.1202493 0.007 0.05054997 -0.1202493 0.007 0.05064976 -0.1202436 0.007 0.05074905 -0.1202322 0.007 0.057 -0.1235 0.007 0.05084753 -0.1202151 0.007 0.05094488 -0.1201925 0.007 0.05104078 -0.1201644 0.007 0.05113491 -0.1201308 0.007 0.05122697 -0.1200919 0.007 0.05131667 -0.1200478 0.007 0.05140369 -0.1199986 0.007 0.05148777 -0.1199446 0.007 0.05156863 -0.1198858 0.007 0.05164601 -0.1198226 0.007 0.05171964 -0.119755 0.007 0.0517893 -0.1196833 0.007 0.05185475 -0.1196078 0.007 0.05191578 -0.1195286 0.007 0.05197219 -0.1194461 0.007 0.05202381 -0.1193605 0.007 0.05207045 -0.1192721 0.007 0.05211197 -0.1191812 0.007 0.05214823 -0.1190881 0.007 0.05217911 -0.118993 0.007 0.05220452 -0.1188964 0.007 0.05222437 -0.1187984 0.007 0.06 -0.1205 0.007 0.05225 -0.1185 0.007 0.05224715 -0.1184001 0.007 0.05223859 -0.1183005 0.007 0.05222437 -0.1182016 0.007 0.05220452 -0.1181036 0.007 0.05217911 -0.118007 0.007 0.05214823 -0.1179119 0.007 0.05211197 -0.1178188 0.007 0.05223859 -0.1186995 0.007 0.05207045 -0.1177279 0.007 0.05224715 -0.1185999 0.007 0.05729405 -0.1234856 0.007 0.05999639 -0.1206472 0.007 0.05998555 -0.1207941 0.007 0.0571472 -0.1234964 0.007 0.05744019 -0.1234675 0.007 0.05758527 -0.1234424 0.007 0.05772894 -0.1234101 0.007 0.05996753 -0.1209402 0.007 0.05994236 -0.1210853 0.007 0.0599101 -0.1212289 0.007 0.05814805 -0.1232716 0.007 0.05987082 -0.1213709 0.007 0.05982463 -0.1215107 0.007 0.05977164 -0.121648 0.007 0.05801067 -0.1233246 0.007 0.05787085 -0.1233708 0.007 0.05841419 -0.1231458 0.007 0.05854231 -0.1230732 0.007 0.05828267 -0.123212 0.007 0.05866671 -0.1229944 0.007 0.05971197 -0.1217827 0.007 0.05964576 -0.1219142 0.007 0.05931903 -0.1224032 0.007 0.05957318 -0.1220423 0.007 0.05949441 -0.1221667 0.007 0.05940962 -0.1222871 0.007 0.05912132 -0.1226213 0.007 0.05922285 -0.1225147 0.007 0.05901468 -0.1227229 0.007 0.05890318 -0.122819 0.007 0.0587871 -0.1229096 0.007 -0.046 -0.133598 0.004004815 -0.046 -0.1336951 0.004019215 -0.046 -0.1337903 0.00404306 -0.046 -0.1338827 0.00407612 -0.046 -0.1339714 0.004118079 -0.046 -0.1340556 0.00416853 -0.046 -0.1341344 0.00422699 -0.046 -0.1342071 0.004292893 -0.046 -0.134273 0.004365607 -0.046 -0.1343315 0.00444443 -0.046 -0.1343819 0.004528603 -0.046 -0.1344239 0.004617317 -0.046 -0.1344569 0.004709715 -0.046 -0.1344808 0.00480491 -0.046 -0.1344952 0.004901983 -0.046 -0.1345 0.005 -0.046 -0.1325 0.03794112 0.046 -0.1325 0.03794112 0.04599529 -0.1325 0.03813524 0.04598116 -0.1325 0.0383289 0.04595765 -0.1325 0.03852164 0.04592482 -0.1325 0.03871302 0.04588273 -0.1325 0.03890258 0.0458315 -0.1325 0.03908987 0.04577124 -0.1325 0.03927446 0.04570209 -0.1325 0.0394559 0.04562421 -0.1325 0.03963378 0.0455378 -0.1325 0.03980766 0.04544305 -0.1325 0.03997715 0.04534019 -0.1325 0.04014184 0.04522945 -0.1325 0.04030134 0.04511111 -0.1325 0.04045528 0.04325179 -0.1325 0.04264301 0.04128649 -0.1325 0.04473605 0.03922002 -0.1325 0.04672927 0.03705744 -0.1325 0.04861778 0.03480405 -0.1325 0.05039696 0.03246539 -0.1325 0.05206245 0.03004716 -0.1325 0.05361016 0.02755531 -0.1325 0.05503631 0.02499594 -0.1325 0.0563374 0.02237531 -0.1325 0.05751024 0.01969986 -0.1325 0.05855195 0.01697613 -0.1325 0.05946 0.01421081 -0.1325 0.06023214 0.01141066 -0.1325 0.06086648 0.00858255 -0.1325 0.06136148 0.005733411 -0.1325 0.06171592 0.002870222 -0.1325 0.06192894 2.104566e-18 -0.1325 0.062 -0.002870222 -0.1325 0.06192894 -0.005733411 -0.1325 0.06171592 -0.00858255 -0.1325 0.06136148 -0.01141066 -0.1325 0.06086648 -0.01421081 -0.1325 0.06023214 -0.01697613 -0.1325 0.05946 -0.01969986 -0.1325 0.05855195 -0.02237531 -0.1325 0.05751024 -0.02499594 -0.1325 0.0563374 -0.02755531 -0.1325 0.05503631 -0.03004716 -0.1325 0.05361016 -0.04599529 -0.1325 0.03813524 -0.04598116 -0.1325 0.0383289 -0.04595765 -0.1325 0.03852164 -0.03246539 -0.1325 0.05206245 -0.04592482 -0.1325 0.03871302 -0.04588273 -0.1325 0.03890258 -0.0458315 -0.1325 0.03908987 -0.04577124 -0.1325 0.03927446 -0.04570209 -0.1325 0.0394559 -0.03480405 -0.1325 0.05039696 -0.04562421 -0.1325 0.03963378 -0.0455378 -0.1325 0.03980766 -0.04544305 -0.1325 0.03997715 -0.04534019 -0.1325 0.04014184 -0.04522945 -0.1325 0.04030134 -0.04511111 -0.1325 0.04045528 -0.03705744 -0.1325 0.04861778 -0.04325179 -0.1325 0.04264301 -0.03922002 -0.1325 0.04672927 -0.04128649 -0.1325 0.04473605 0.046 -0.1345 0.03794112 0.046 -0.1345 0.005 0.03998144 -0.1345 0.03613388 0.03977464 -0.1345 0.03707269 0.04598116 -0.1345 0.0383289 0.04592482 -0.1345 0.03871302 0.04577124 -0.1345 0.03927446 0.04570209 -0.1345 0.0394559 0.04544305 -0.1345 0.03997715 0.04511111 -0.1345 0.04045528 0.03934982 -0.1345 0.03793504 0.04325179 -0.1345 0.04264301 0.03924064 -0.1345 0.03809385 0.04128649 -0.1345 0.04473605 0.03922002 -0.1345 0.04672927 0.03480405 -0.1345 0.05039696 0.03246539 -0.1345 0.05206245 0.03004716 -0.1345 0.05361016 0.02499594 -0.1345 0.0563374 0.02237531 -0.1345 0.05751024 0.01969986 -0.1345 0.05855195 0.01697613 -0.1345 0.05946 0.01421081 -0.1345 0.06023214 0.01141066 -0.1345 0.06086648 0.00858255 -0.1345 0.06136148 0.002870222 -0.1345 0.06192894 -0.002870222 -0.1345 0.06192894 -0.00858255 -0.1345 0.06136148 -0.007753199 -0.1345 0.05541875 -0.01141066 -0.1345 0.06086648 -0.01421081 -0.1345 0.06023214 -0.01697613 -0.1345 0.05946 -0.01969986 -0.1345 0.05855195 -0.02237531 -0.1345 0.05751024 -0.02499594 -0.1345 0.0563374 -0.02755531 -0.1345 0.05503631 -0.03004716 -0.1345 0.05361016 -0.046 -0.1345 0.03794112 -0.04599529 -0.1345 0.03813524 -0.04595765 -0.1345 0.03852164 -0.03246539 -0.1345 0.05206245 -0.04588273 -0.1345 0.03890258 -0.0458315 -0.1345 0.03908987 -0.04577124 -0.1345 0.03927446 -0.04570209 -0.1345 0.0394559 -0.03480405 -0.1345 0.05039696 -0.04562421 -0.1345 0.03963378 -0.0455378 -0.1345 0.03980766 -0.04544305 -0.1345 0.03997715 -0.04534019 -0.1345 0.04014184 -0.04522945 -0.1345 0.04030134 -0.03954461 -0.1345 0.0376026 -0.03705744 -0.1345 0.04861778 -0.039 -0.1345 0.03839477 -0.03922002 -0.1345 0.04672927 0.046 -0.133598 0.004004815 0.046 -0.1336951 0.004019215 0.046 -0.1337903 0.00404306 0.046 -0.1338827 0.00407612 0.046 -0.1339714 0.004118079 0.046 -0.1340556 0.00416853 0.046 -0.1341344 0.00422699 0.046 -0.1342071 0.004292893 0.046 -0.134273 0.004365607 0.046 -0.1343315 0.00444443 0.046 -0.1343819 0.004528603 0.046 -0.1344239 0.004617317 0.046 -0.1344569 0.004709715 0.046 -0.1344808 0.00480491 0.046 -0.1344952 0.004901983 -0.04598116 -0.1345 0.0383289 -0.04592482 -0.1345 0.03871302 -0.04511111 -0.1345 0.04045528 -0.04325179 -0.1345 0.04264301 -0.04128649 -0.1345 0.04473605 -0.005733411 -0.1345 0.06171592 1.931375e-18 -0.1345 0.062 0.005733411 -0.1345 0.06171592 0.02755531 -0.1345 0.05503631 0.03705744 -0.1345 0.04861778 0.04599529 -0.1345 0.03813524 0.04595765 -0.1345 0.03852164 0.04588273 -0.1345 0.03890258 0.0458315 -0.1345 0.03908987 0.04562421 -0.1345 0.03963378 0.0455378 -0.1345 0.03980766 0.04534019 -0.1345 0.04014184 0.04522945 -0.1345 0.04030134</float_array>
          <technique_common>
            <accessor count="1746" source="#cubeverts-array0-array" stride="3">
              <param type="float" name="X"/>
              <param type="float" name="Y"/>
              <param type="float" name="Z"/>
            </accessor>
          </technique_common>
        </source>
        <source id="cubenormals-array0">
          <float_array count="10512" id="cubenormals-array0-array">-0 1 0 0 1 0 0 1 0 0 1 0 0 1 0 0 1 0 0 1 0 0 1 0 0 1 0 0 1 0 0 1 0 0 1 0 0 1 0 0 1 0 0 1 0 0 1 0 0 1 0 0 1 0 0 1 0 0 1 0 0 1 0 0 1 0 0 1 0 0 1 0 0 1 0 0 1 0 0 1 0 0 1 0 0 1 0 0 1 0 0 1 0 0 1 0 0 1 0 0 1 0 0 1 0 -0 1 0 -0 1 0 -0 1 0 -0 1 0 0 1 0 -0 1 0 0 1 0 0 1 0 -0 1 0 -0 1 0 0 1 0 0 1 0 -0 1 0 0 1 0 0 1 0 0 1 0 -0 1 0 0 1 0 0 1 0 -0 1 0 0 1 0 0 1 0 0 1 0 -0 1 0 0 1 0 0 1 0 -0 1 0 -0 1 0 -0 1 0 -0 1 0 -0 1 0 0 1 0 -0 1 0 0 1 0 -0 1 0 0 1 0 -0 1 0 0 1 0 -0 1 0 0 1 0 -0 1 0 0 1 0 -0 1 0 0 1 0 -0 1 0 0 1 0 -0 1 0 0 1 0 -0 1 0 0 1 0 0 1 0 0 1 0 0 1 0 0 1 0 0 1 0 0 1 0 0 1 0 0 1 0 0 1 0 0 1 0 0 1 0 -0 1 0 0 1 0 0 1 0 -0 1 0 0 1 0 -0 1 0 -0 1 0 0 1 0 -0 1 0 0 1 0 -0 1 0 0 1 0 -0 1 0 0 1 0 -0 1 0 0 1 0 -0 1 0 0 1 0 -0 1 0 0 1 0 -0 1 0 0 1 0 -0 1 0 0 1 0 -0 1 0 0 1 0 -0 1 0 0 1 0 -0 1 0 0 1 0 0 1 0 -0 1 0 0 1 0 0 1 0 0 1 0 0 1 0 0 1 0 -0 1 0 0 1 0 0 1 0 -0 1 0 -0 1 0 0 1 0 -0 1 0 0 1 0 -0 1 0 0 1 0 -0 1 0 0 1 0 -0 1 0 0 1 0 -0 1 0 -0 1 0 0 1 0 0 1 0 -0 1 0 0 1 0 -0 1 0 0 1 0 0 1 0 -0 1 0 0 1 0 0 1 0 0 1 0 0 1 0 0 1 0 0 1 0 -0 1 0 0 1 0 0 1 0 0 1 0 0 1 0 0 1 0 0 1 0 0 1 0 0 1 0 0 1 0 -0 1 0 0 1 0 0 1 0 0 1 0 0 1 0 0 1 0 0 1 0 0 1 0 0 1 0 -0 1 0 0 1 0 0 1 0 0 1 0 0 1 0 0 1 0 0 1 0 0 1 0 0 1 0 0 1 0 0 1 0 0 1 0 0 1 0 -0 1 0 0 1 0 0 1 0 0 1 0 0 1 0 -0 1 0 0 -0 1 -0 0 1 0 -0 1 -0 0 1 0 -0 1 -0 0 1 0 -0 1 -0 0 1 0 -0 1 -0 0 1 0 -0 1 -0 0 1 0 -0 1 -0 0 1 0 -0 1 -0 0 1 0 -0 1 -0 0 1 0 -0 1 -0 0 1 0 -0 1 -0 0 1 0 -0 1 -0 0 1 0 -0 1 -0 0 1 0 -0 1 0 0 1 0 0 1 0 0 1 0 0 1 0 0 1 0 0 1 0 0 1 0 0 1 0 0 1 0 0 1 0 0 1 0 0 1 0 0 1 0 0 1 0 0 1 0 0 1 0 0 1 0 0 1 0 0 1 0 0 1 0 0 1 0 0 1 0 0 1 0 0 1 0 0 1 0 0 1 0 0 1 0 0 1 0 0 1 0 0 1 -0 0 1 0 0 1 0 0 1 0 0 1 0 0 1 0 0 1 0 0 1 0 0 1 0 0 1 0 0 1 0 0 1 0 0 1 0 0 1 0 0 1 0 0 1 0 0 1 0 0 1 0 0 1 0 0 1 0 0 1 0 0 1 0 0 1 0 0 1 0 -0 1 0 0 1 -0 0 1 0 0 1 0 -0 1 0 0 1 -0 0 1 0 0 1 0 0 1 0 -0 1 0 0 1 0 0 1 -0 0 1 0 -0 1 0 0 1 0 0 1 -0 0 1 0 -0 1 0 -0 1 0 0 1 -0 0 1 0 -0 1 0 0 1 -0 0 1 0 -0 1 0 0 1 0 0 1 -0 0 1 0 0 1 0 -0 1 0 0 1 -0 0 1 0 0 1 0 -0 1 0 -0 1 0 0 1 -0 0 1 0 -0 1 0 0 1 0 0 1 -0 0 1 0 0 1 -0 0 1 0 -0 1 0 0 1 -0 0 1 0 -0 1 -0 0 1 0 0 1 0 0 1 0 0 1 0 0 1 0 -0 1 0 0 1 0 0 1 0 0 1 0 -0 1 0 0 1 0 0 1 0 0 1 0 0 1 0 0 1 0 0 1 0 0 1 0 0 1 0 0 1 0 0 1 0 0 1 0 0 1 0 0 1 0 0 1 0 0 1 0 0 1 0 0 1 0 0 1 0 0 1 0 0 1 0 0 1 0 0 1 0 0 1 0 0 1 0 0 1 0 0 1 0 0 1 0 0 1 0 0 1 0 0 1 0 0 1 -0 0 1 0 0 1 0 -0 1 0 0 1 0 0 1 0 -0 1 0 0 1 0 0 1 0 -0 1 0 0 1 0 0 1 0 -0 1 0 0 1 0 0 1 0 0 1 0 0 1 0 0 1 0 0 1 0 0 1 0 0 1 0 0 1 0 0 1 0 0 1 0 0 1 0 0 1 0 0 1 0 0 1 0 0 1 0 0 1 0 0 1 0 0 1 0 0 1 0 0 1 0 0 1 0 0 1 0 0 1 0 -0 1 0 0 1 0 -0 1 0 0 1 -0 0 1 0 -0 1 -0 0 1 -0 0 1 -0 0 1 -0 0 1 -0 0 1 -0 0 1 -0 0 1 -0 0 1 -0 0 1 -0 0 1 0 0 1 0 0 1 0 0 1 0 0 1 0 0 1 0 0 1 0 0 1 0 0 1 0 0 1 0 0 1 0 0 1 0 0 1 0 0 1 0 0 1 0 0 1 0 0 1 0 0 1 0 0 1 0 0 1 0 0 1 0 0 1 0 0 1 0 0 1 0 0 1 0 0 1 0 0 1 0 0 1 0 0 1 0 0 1 0 0 1 0 0 1 0 0 1 0 0 1 0 0 1 0 0 1 0 0 1 0 0 1 0 0 1 0 -0 1 0 0 1 0 0 1 0 0 1 0 0 1 0 0 1 0 0 1 0 0 1 0 0 1 -0 -0 1 0 0 1 0 0 1 0 0 1 0 0 1 0 0 1 0 0 1 0 0 1 0 0 1 0 0 1 0 0 1 0 0 1 0 0 1 0 0 1 0 0 1 0 0 1 0 0 1 0 0 1 0 0 1 0 0 1 -0 -0 1 0 0 1 0 0 1 -0.02455981 0.9996983 0 -0.02455981 0.9996983 0 -0.07352243 0.9972936 0 -0.07352243 0.9972936 0 -0.122434 0.9924766 0 -0.122434 0.9924766 0 -0.1709869 0.9852733 0 -0.1709869 0.9852733 0 -0.2190695 0.9757092 0 -0.2190695 0.9757092 0 -0.2667325 0.9637706 0 -0.2667325 0.9637706 0 -0.3136774 0.9495296 0 -0.3136774 0.9495296 0 -0.3599007 0.9329906 0 -0.3599007 0.9329906 0 -0.4052297 0.9142149 0 -0.4052297 0.9142149 0 -0.4495955 0.8932323 0 -0.4495955 0.8932323 0 -0.4928936 0.8700896 0 -0.4928936 0.8700896 0 -0.5350218 0.8448382 0 -0.5350218 0.8448382 0 -0.5758021 0.8175892 0 -0.5758021 0.8175892 0 -0.6152347 0.788344 0 -0.6152347 0.788344 0 -0.6531692 0.757212 0 -0.6531692 0.757212 0 -0.6895362 0.7242513 0 -0.6895362 0.7242513 0 -0.7242383 0.6895497 0 -0.7242383 0.6895497 0 -0.757212 0.6531692 0 -0.7883636 0.6152096 0 -0.757212 0.6531692 0 -0.7883636 0.6152096 0 -0.8175805 0.5758142 0 -0.8175805 0.5758142 0 -0.8448573 0.5349917 0 -0.870077 0.4929158 0 -0.8448573 0.5349917 0 -0.870077 0.4929158 0 -0.8932219 0.4496162 0 -0.8932219 0.4496162 0 -0.9142191 0.4052201 0 -0.9142191 0.4052201 0 -0.9329939 0.359892 0 -0.9329939 0.359892 0 -0.9495168 0.3137162 0 -0.9495168 0.3137162 0 -0.9637772 0.2667084 0 -0.9637772 0.2667084 0 -0.9757037 0.2190942 0 -0.9852784 0.1709574 0 -0.9757037 0.2190942 0 -0.9924798 0.1224084 0 -0.9852784 0.1709574 0 -0.9924798 0.1224084 0 -0.9972898 0.07357395 0 -0.9972898 0.07357395 0 -0.9996989 0.02453392 0 -0.9996989 0.02453392 0 -0.999699 0 0.0245336 -0.9972897 0 0.07357538 -0.999699 0 0.0245336 -0.9924797 0 0.1224092 -0.9972897 0 0.07357538 -0.9852782 0 0.1709585 -0.9924797 0 0.1224092 -0.9852782 0 0.1709585 -0.975704 0 0.2190928 -0.9637768 0 0.2667101 -0.975704 0 0.2190928 -0.9637768 0 0.2667101 -0.9495212 0 0.3137027 -0.9329923 0 0.3598964 -0.9495212 0 0.3137027 -0.9329923 0 0.3598964 -0.9142128 0 0.4052345 -0.9142128 0 0.4052345 -0.8932245 0 0.4496109 -0.8932245 0 0.4496109 -0.8700848 0 0.4929019 -0.8700848 0 0.4929019 -0.8448536 0 0.5349975 -0.8448536 0 0.5349975 -0.817587 0 0.5758051 -0.817587 0 0.5758051 -0.7883465 0 0.6152316 -0.7883465 0 0.6152316 -0.7572147 0 0.653166 -0.7572147 0 0.653166 -0.7242368 0 0.6895514 -0.7242368 0 0.6895514 -0.6895396 0 0.7242481 -0.6895396 0 0.7242481 -0.6531766 0 0.7572056 -0.6152347 0 0.788344 -0.6531766 0 0.7572056 -0.6152347 0 0.788344 -0.5758042 0 0.8175877 -0.5350034 0 0.8448499 -0.5758042 0 0.8175877 -0.5350034 0 0.8448499 -0.4928911 0 0.870091 -0.4928911 0 0.870091 -0.4496161 0 0.8932219 -0.4052351 0 0.9142125 -0.4496161 0 0.8932219 -0.4052351 0 0.9142125 -0.3599007 0 0.9329906 -0.3136803 0 0.9495286 -0.3599007 0 0.9329906 -0.3136803 0 0.9495286 -0.2667114 0 0.9637764 -0.2667114 0 0.9637764 -0.2191004 0 0.9757023 -0.2191004 0 0.9757023 -0.1709649 0 0.9852772 -0.1709649 0 0.9852772 -0.1224116 0 0.9924794 -0.07356429 0 0.9972904 -0.1224116 0 0.9924794 -0.02454039 0 0.9996988 -0.07356429 0 0.9972904 -0.02454039 0 0.9996988 0 0 -1 0 0 -1 0 0 -1 0 0 -1 0 0 -1 0 0 -1 0 0 -1 0 0 -1 0 0 -1 0 0 -1 0 0 -1 0 0 -1 0 0 -1 0 0 -1 0 0 -1 0 0 -1 0 0 -1 0 0 -1 0 0 -1 0 0 -1 0 0 -1 0 0 -1 0 0 -1 0 0 -1 0 0 -1 0 0 -1 0 0 -1 0 0 -1 0 0 -1 0 0 -1 0 0 -1 0 0 -1 0 0 -1 0 0 -1 0 0 -1 0 0 -1 0 0 -1 0 0 -1 0 0 -1 0 0 -1 0 0 -1 0 0 -1 0 0 -1 0 0 -1 0 0 -1 0 0 -1 0 0 -1 0 0 -1 0 0 -1 0 0 -1 0 0 -1 0 0 -1 0 0 -1 0 0 -1 0 0 -1 0 0 -1 0 0 -1 0 0 -1 0 0 -1 0 0 -1 0 0 -1 0 0 -1 0 0 -1 0 0 -1 0 0 -1 0 0 -1 0 0 -1 0 0 -1 0 0 -1 0 0 -1 0 0 -1 0 0 -1 0 0 -1 0 0 -1 0 0 -1 0 0 -1 0 0 -1 0 0 -1 0 0 -1 0 0 -1 0 0 -1 0 0 -1 0 0 -1 0 0 -1 0 0 -1 0 0 -1 0 0 -1 0 0 -1 0 0 -1 0 0 -1 0 0 -1 0 0 -1 0 0 -1 0 0 -1 0 0 -1 0 0 -1 0 0 -1 0 0 -1 0 0 -1 0 0 -1 0 0 -1 0 0 -1 0 0 -1 0 0 -1 0 0 -1 0 0 -1 0 0 -1 0 0 -1 0 0 -1 0 0 -1 0 0 -1 0 0 -1 0 0 -1 0 0 -1 0 0 -1 0 0 -1 0 0 -1 0 0 -1 0 0 -1 0 0 -1 0 0 -1 0 0 -1 0 0 -1 0 0 -1 0 0 -1 0 0 -1 0 0 -1 0 0 -1 0 0 -1 0 0 -1 0 0 -1 0 0 -1 0 0 -1 0 0 -1 0 0 -1 0 0 -1 0 0 -1 0 0 -1 0 0 -1 0 0 -1 0 0 -1 0 0 -1 0 0 -1 0 0 -1 0 0 -1 0 0 -1 0 0 -1 0 0 -1 0 0 -1 0 0 -1 0 0 -1 0 0 -1 0 0 -1 0 0 -1 0 0 -1 0 0 -1 0 0 -1 0 0 -1 0 0 -1 0 0 -1 0 0 -1 0 0 -1 0 0 -1 0 0 -1 0 0 -1 0 0 -1 0 0 -1 0 0 -1 0 0 -1 0 0 -1 0 0 -1 0 0 -1 0 0 -1 0 0 -1 0 0 -1 0 0 -1 0 0 -1 0 0 -1 0 0 -1 0 0 -1 0 0 -1 0 0 -1 0 0 -1 0 0 -1 0 0 -1 0 0 -1 0 0 -1 0 0 -1 0 0 -1 0 0 -1 0 0 -1 0 0 -1 0 0 -1 0 0 -1 0 0 -1 0 0 -1 0 0 -1 0 0 -1 0 0 -1 0 0 -1 0 0 -1 0 0 -1 0 0 -1 0 0 -1 0 0 -1 0 0 -1 0 0 -1 0 0 -1 0 0 -1 0 0 -1 0 0 -1 0 0 -1 0 0 -1 0 0 -1 0 0 -1 0 0 -1 0 0 -1 0 0 -1 0 0 -1 0 0 -1 0 0 -1 0 0 -1 0 0 -1 0 0 -1 0 0 -1 0 0 -1 0 0 -1 0 0 -1 0 0 -1 0 0 -1 0 0 -1 0 0 -1 0 0 -1 0 0 -1 0 0 -1 0 0 -1 0 0 -1 0 0 -1 0 0 -1 0 0 -1 0 0 -1 0 0 -1 0 0 -1 0 0 -1 0 0 -1 0 0 -1 0 0 -1 0 0 -1 0 0 -1 0 0 -1 0 0 -1 0 0 -1 0 0 -1 0 0 -1 0 0 -1 0 0 -1 0 0 -1 0 0 -1 0 0 -1 0 0 -1 0 0 -1 0 0 -1 0 0 -1 0 0 -1 0 0 -1 0 0 -1 0 0 -1 0 0 -1 0 0 -1 0 0 -1 0 0 -1 0 0 -1 0 0 -1 0 0 -1 0 0 -1 0 0 -1 0 0 -1 0 0 -1 0 0 -1 0 0 -1 0 0 -1 0 0 -1 0 0 -1 0 0 -1 0 0 -1 0 0 -1 0 0 -1 0 0 -1 0 0 -1 0 0 -1 0 0 -1 0 0 -1 0 0 -1 0 0 -1 -1 -0 0 -1 0 0 -1 -0 0 -1 0 0 -1 0 0 1 0 0 1 -0 0 1 0 0 1 0 0 1 0 0 1 0 0 1 0 0 1 -0 -0 1 0 0 1 0 0 1 0 0 1 0 0 1 0 0 1 0 0 1 -0 -0 1 0 0 1 0 0 1 -0 -0 -0.9997277 0 0.02333311 -0.9975485 0 0.06997795 -0.9997277 0 0.02333311 -0.9932002 0 0.1164192 -0.9975485 0 0.06997795 -0.9932002 0 0.1164192 -0.9866802 0 0.1626726 -0.9866802 0 0.1626726 -0.9780213 0 0.2085048 -0.9780213 0 0.2085048 -0.9672183 0 0.2539462 -0.9672183 0 0.2539462 -0.9543184 0 0.2987915 -0.9543184 0 0.2987915 -0.9393409 0 0.3429846 -0.9393409 0 0.3429846 -0.9223044 0 0.3864644 -0.9032676 0 0.4290777 -0.9223044 0 0.3864644 -0.9032676 0 0.4290777 -0.8822669 0 0.4707494 -0.8593299 0 0.5114217 -0.8822669 0 0.4707494 -0.8345376 0 0.5509509 -0.8593299 0 0.5114217 -0.8345376 0 0.5509509 -0.8079171 0 0.5892961 -0.7795335 0 0.6263605 -0.8079171 0 0.5892961 -0.7795335 0 0.6263605 0.9997098 0 -0.02409059 0.9997098 0 -0.02409059 0.9973893 0 -0.07221205 0.9927551 0 -0.1201552 0.9973893 0 -0.07221205 0.9858139 0 -0.1678423 0.9927551 0 -0.1201552 0.9858139 0 -0.1678423 0.976585 0 -0.2151318 0.9650938 0 -0.2619045 0.976585 0 -0.2151318 0.9650938 0 -0.2619045 0.9513565 0 -0.3080922 0.9354149 0 -0.3535518 0.9513565 0 -0.3080922 0.9354149 0 -0.3535518 0.9173002 0 -0.3981962 0.9173002 0 -0.3981962 0.8970523 0 -0.4419245 0.8970523 0 -0.4419245 0.8747365 0 -0.4845989 0.8747365 0 -0.4845989 0.8503773 0 -0.5261734 0.8503773 0 -0.5261734 0.8240413 0 -0.5665296 0.8240413 0 -0.5665296 0.7958047 0 -0.6055534 0.7657216 0 -0.6431721 0.7958047 0 -0.6055534 0.7657216 0 -0.6431721 -0.7484426 0 0.6631995 -0.7484426 0 0.6631995 -0.7145382 0 0.6995965 -0.7145382 0 0.6995965 -0.6788648 0 0.7342634 -0.6415113 0 0.7671136 -0.6788648 0 0.7342634 -0.6415113 0 0.7671136 -0.602573 0 0.7980638 -0.602573 0 0.7980638 -0.5621414 0 0.8270411 -0.5621414 0 0.8270411 -0.5203183 0 0.8539724 -0.5203183 0 0.8539724 -0.4772105 0 0.8787891 -0.4772105 0 0.8787891 -0.4329196 0 0.9014326 -0.4329196 0 0.9014326 -0.3875585 0 0.9218451 -0.3875585 0 0.9218451 -0.3412384 0 0.9399768 -0.3412384 0 0.9399768 -0.2940736 0 0.9557828 -0.2940736 0 0.9557828 -0.2461808 0 0.9692239 -0.2461808 0 0.9692239 -0.1976813 0 0.9802663 -0.1976813 0 0.9802663 -0.1486898 0 0.9888839 -0.1486898 0 0.9888839 -0.09933012 0 0.9950545 -0.09933012 0 0.9950545 -0.04972779 0 0.9987627 -0.04972779 0 0.9987627 0 0 1 -0 0 1 0.04972779 -0 0.9987627 0.04972779 0 0.9987627 0.09933012 0 0.9950545 0.09933012 0 0.9950545 0.1486898 0 0.9888839 0.1976813 0 0.9802663 0.1486898 -0 0.9888839 0.1976813 0 0.9802663 0.2461808 0 0.9692239 0.2461808 -0 0.9692239 0.2940736 0 0.9557828 0.2940736 -0 0.9557828 0.3412384 0 0.9399768 0.3412384 -0 0.9399768 0.3875585 -0 0.9218451 0.3875585 0 0.9218451 0.4329196 0 0.9014326 0.4772105 0 0.8787891 0.4329196 -0 0.9014326 0.4772105 0 0.8787891 0.5203183 0 0.8539724 0.5621414 0 0.8270411 0.5203183 -0 0.8539724 0.5621414 0 0.8270411 0.602573 -0 0.7980638 0.602573 0 0.7980638 0.6415113 -0 0.7671136 0.6415113 0 0.7671136 0.6788648 0 0.7342634 0.6788648 0 0.7342634 0.7145382 -0 0.6995965 0.7145382 0 0.6995965 0.7484426 -0 0.6631995 0.7484426 0 0.6631995 0.7332705 0 -0.6799371 0.7332705 0 -0.6799371 0.6984524 0 -0.7156565 0.6984524 0 -0.7156565 0.6618971 0 -0.7495947 0.623695 0 -0.7816678 0.6618971 0 -0.7495947 0.623695 0 -0.7816678 0.5839415 0 -0.8117957 0.5839415 0 -0.8117957 0.5427337 0 -0.8399047 0.5427337 0 -0.8399047 0.5001766 0 -0.8659235 0.5001766 0 -0.8659235 0.4563763 0 -0.8897869 0.4563763 0 -0.8897869 0.4114375 0 -0.911438 0.4114375 0 -0.911438 0.365477 0 -0.9308203 0.365477 0 -0.9308203 0.3186058 0 -0.9478874 0.3186058 0 -0.9478874 0.2709435 0 -0.9625952 0.2709435 0 -0.9625952 0.2226061 0 -0.9749085 0.2226061 0 -0.9749085 0.1737157 0 -0.9847959 0.1737157 0 -0.9847959 0.1243915 0 -0.9922332 0.1243915 0 -0.9922332 0.07475991 0 -0.9972015 0.07475991 0 -0.9972015 0.02494007 0 -0.9996889 0.02494007 -2.159698e-18 -0.9996889 -0.02494007 2.159698e-18 -0.9996889 -0.02494007 0 -0.9996889 -0.07475991 0 -0.9972015 -0.07475991 0 -0.9972015 -0.1243915 0 -0.9922332 -0.1243915 0 -0.9922332 -0.1737157 0 -0.9847959 -0.2226061 0 -0.9749085 -0.1737157 0 -0.9847959 -0.2226061 0 -0.9749085 -0.2709435 0 -0.9625952 -0.2709435 0 -0.9625952 -0.3186058 0 -0.9478874 -0.3186058 0 -0.9478874 -0.365477 0 -0.9308203 -0.4114375 0 -0.911438 -0.365477 0 -0.9308203 -0.4114375 0 -0.911438 -0.4563763 0 -0.8897869 -0.4563763 0 -0.8897869 -0.5001766 0 -0.8659235 -0.5001766 0 -0.8659235 -0.5427337 0 -0.8399047 -0.5427337 0 -0.8399047 -0.5839415 0 -0.8117957 -0.5839415 0 -0.8117957 -0.623695 0 -0.7816678 -0.6618971 0 -0.7495947 -0.623695 0 -0.7816678 -0.6618971 0 -0.7495947 -0.6984524 0 -0.7156565 -0.6984524 0 -0.7156565 -0.7332705 0 -0.6799371 -0.7332705 0 -0.6799371 0.9997277 -0 0.02333311 0.9975485 -0 0.06997795 0.9997277 0 0.02333311 0.9932002 -0 0.1164192 0.9975485 0 0.06997795 0.9932002 0 0.1164192 0.9866802 0 0.1626726 0.9780213 -0 0.2085048 0.9866802 0 0.1626726 0.9672183 -0 0.2539462 0.9780213 0 0.2085048 0.9672183 0 0.2539462 0.9543184 0 0.2987915 0.9543184 0 0.2987915 0.9393409 0 0.3429846 0.9393409 0 0.3429846 0.9223044 0 0.3864644 0.9032676 -0 0.4290777 0.9223044 0 0.3864644 0.9032676 0 0.4290777 0.8822669 0 0.4707494 0.8822669 0 0.4707494 0.8593299 0 0.5114217 0.8345376 -0 0.5509509 0.8593299 0 0.5114217 0.8345376 0 0.5509509 0.8079171 0 0.5892961 0.7795335 -0 0.6263605 0.8079171 0 0.5892961 0.7795335 0 0.6263605 -0.9997098 0 -0.02409059 -0.9997098 0 -0.02409059 -0.9973893 0 -0.07221205 -0.9973893 0 -0.07221205 -0.9927551 0 -0.1201552 -0.9927551 0 -0.1201552 -0.9858139 0 -0.1678423 -0.9858139 0 -0.1678423 -0.976585 0 -0.2151318 -0.976585 0 -0.2151318 -0.9650938 0 -0.2619045 -0.9650938 0 -0.2619045 -0.9513565 0 -0.3080922 -0.9513565 0 -0.3080922 -0.9354149 0 -0.3535518 -0.9354149 0 -0.3535518 -0.9173002 0 -0.3981962 -0.9173002 0 -0.3981962 -0.8970523 0 -0.4419245 -0.8970523 0 -0.4419245 -0.8747365 0 -0.4845989 -0.8747365 0 -0.4845989 -0.8503773 0 -0.5261734 -0.8240413 -0 -0.5665296 -0.8503773 0 -0.5261734 -0.8240413 0 -0.5665296 -0.7958047 0 -0.6055534 -0.7657216 -0 -0.6431721 -0.7958047 0 -0.6055534 -0.7657216 0 -0.6431721 1 0 0 1 0 -0 1 0 0 1 0 0 1 0 0 -1 0 0 -1 0 0 -1 0 0 -1 0 0 -1 0 0 -1 0 0 -1 0 0 -1 0 0 -1 0 0 -1 0 0 -1 0 0 -1 0 0 -1 0 0 -1 0 0 -1 0 0 -1 0 0 -1 0 0 -1 0 0 0.999699 0 0.0245336 0.9972897 0 0.07357538 0.999699 0 0.0245336 0.9924797 0 0.1224092 0.9972897 0 0.07357538 0.9852782 0 0.1709585 0.9924797 0 0.1224092 0.9852782 0 0.1709585 0.975704 0 0.2190928 0.9637768 0 0.2667101 0.975704 0 0.2190928 0.9637768 0 0.2667101 0.9495212 0 0.3137027 0.9329923 0 0.3598964 0.9495212 0 0.3137027 0.9329923 0 0.3598964 0.9142128 0 0.4052345 0.9142128 0 0.4052345 0.8932245 0 0.4496109 0.8932245 0 0.4496109 0.8700848 0 0.4929019 0.8700848 0 0.4929019 0.8448536 0 0.5349975 0.8448536 0 0.5349975 0.817587 0 0.5758051 0.817587 0 0.5758051 0.7883465 0 0.6152316 0.7883465 0 0.6152316 0.7572147 0 0.653166 0.7572147 0 0.653166 0.7242368 0 0.6895514 0.7242368 0 0.6895514 0.6895396 0 0.7242481 0.6895396 0 0.7242481 0.6531766 0 0.7572056 0.6152347 0 0.788344 0.6531766 0 0.7572056 0.6152347 0 0.788344 0.5758042 0 0.8175877 0.5350034 0 0.8448499 0.5758042 0 0.8175877 0.5350034 0 0.8448499 0.4928911 0 0.870091 0.4928911 0 0.870091 0.4496161 0 0.8932219 0.4052351 0 0.9142125 0.4496161 0 0.8932219 0.4052351 0 0.9142125 0.3599007 0 0.9329906 0.3136803 0 0.9495286 0.3599007 0 0.9329906 0.3136803 0 0.9495286 0.2667114 0 0.9637764 0.2667114 0 0.9637764 0.2191004 0 0.9757023 0.2191004 0 0.9757023 0.1709649 0 0.9852772 0.1709649 0 0.9852772 0.1224116 0 0.9924794 0.07356429 0 0.9972904 0.1224116 0 0.9924794 0.02454039 0 0.9996988 0.07356429 0 0.9972904 0.02454039 0 0.9996988 0 0 -1 0 0 -1 0 0 -1 0 0 -1 0 0 -1 0 0 -1 0 0 -1 0 0 -1 0 0 -1 0 0 -1 0 0 -1 0 0 -1 0 0 -1 0 0 -1 0 0 -1 0 0 -1 0 0 -1 0 0 -1 0 0 -1 0 0 -1 0 0 -1 0 0 -1 0 0 -1 0 0 -1 0 0 -1 0 0 -1 0 0 -1 0 0 -1 0 0 -1 0 0 -1 0 0 -1 0 0 -1 0 0 -1 0 0 -1 0 0 -1 0 0 -1 0 0 -1 0 0 -1 0 0 -1 0 0 -1 0 0 -1 0 0 -1 0 0 -1 0 0 -1 0 0 -1 0 0 -1 0 0 -1 0 0 -1 0 0 -1 0 0 -1 0 0 -1 0 0 -1 0 0 -1 0 0 -1 0 0 -1 0 0 -1 0 0 -1 0 0 -1 0 0 -1 0 0 -1 0 0 -1 0 0 -1 0 0 -1 0 0 -1 0 0 -1 0 0 -1 0 0 -1 0 0 -1 0 0 -1 0 0 -1 0 0 -1 0 0 -1 0 0 -1 0 0 -1 0 0 -1 0 0 -1 0 0 -1 0 0 -1 0 0 -1 0 0 -1 0 0 -1 0 0 -1 0 0 -1 0 0 -1 0 0 -1 0 0 -1 0 0 -1 0 0 -1 0 0 -1 0 0 -1 0 0 -1 0 0 -1 0 0 -1 0 0 -1 0 0 -1 0 0 -1 0 0 -1 0 0 -1 0 0 -1 0 0 -1 0 0 -1 0 0 -1 0 0 -1 0 0 -1 0 0 -1 0 0 -1 0 0 -1 0 0 -1 0 0 -1 0 0 -1 0 0 -1 0 0 -1 0 0 -1 0 0 -1 0 0 -1 0 0 -1 0 0 -1 0 0 -1 0 0 -1 0 0 -1 0 0 -1 0 0 -1 0 0 -1 0 0 -1 0 0 -1 0 0 -1 0 0 -1 0 0 -1 0 0 -1 0 0 -1 0 0 -1 0 0 -1 0 0 -1 0 0 -1 0 0 -1 0 0 -1 0 0 -1 0 0 -1 0 0 -1 0 0 -1 0 0 -1 0 0 -1 0 0 -1 0 0 -1 0 0 -1 0 0 -1 0 0 -1 0 0 -1 0 0 -1 0 0 -1 0 0 -1 0 0 -1 0 0 -1 0 0 -1 0 0 -1 0 0 -1 0 0 -1 0 0 -1 0 0 -1 0 0 -1 0 0 -1 0 0 -1 0 0 -1 0 0 -1 0 0 -1 0 0 -1 0 0 -1 0 0 -1 0 0 -1 0 0 -1 0 0 -1 0 0 -1 0 0 -1 0 0 -1 0 0 -1 0 0 -1 0 0 -1 0 0 -1 0 0 -1 0 0 -1 0 0 -1 0 0 -1 0 0 -1 0 0 -1 0 0 -1 0 0 -1 0 0 -1 0 0 -1 0 0 -1 0 0 -1 0 0 -1 0 0 -1 0 0 -1 0 0 -1 0 0 -1 0 0 -1 0 0 -1 0 0 -1 0 0 -1 0 0 -1 0 0 -1 0 0 -1 0 0 -1 0 0 -1 0 0 -1 0 0 -1 0 0 -1 0 0 -1 0 0 -1 0 0 -1 0 0 -1 0 0 -1 0 0 -1 0 0 -1 0 0 -1 0 0 -1 0 0 -1 0 0 -1 0 0 -1 0 0 -1 0 0 -1 0 0 -1 0 0 -1 0 0 -1 0 0 -1 0 0 -1 0 0 -1 0 0 -1 0 0 -1 0 0 -1 0 0 -1 0 0 -1 0 0 -1 0 0 -1 0 0 -1 0 0 -1 0 0 -1 0 0 -1 0 0 -1 0 0 -1 0 0 -1 0 0 -1 0 0 -1 0 0 -1 0 0 -1 0 0 -1 0 0 -1 0 0 -1 0 0 -1 0 0 -1 0 0 -1 0 0 -1 0 0 -1 0 0 -1 0 0 -1 0 0 -1 0 0 -1 0 0 -1 0 0 -1 0 0 -1 0 0 -1 0 0 -1 0 0 -1 0 0 -1 0 0 -1 0 0 -1 0 0 -1 0 0 -1 0 0 -1 0 0 -1 0 0 -1 0 0 -1 0 0 -1 0 0 -1 0 0 -1 0 0 -1 0 0 -1 0 0 -1 0 0 -1 0 0 -1 0 0 -1 0 0 -1 0 0 -1 0 0 -1 0 0 -1 0 0 -1 0 0 -1 0 0 -1 0 0 -1 -0 0 -1 -0 0 -1 -0 0 -1 0 0 -1 0 0 -1 0 0 1 0 -0 1 0 0 1 0 -0 1 0 0 1 0 -0 1 0 0 1 0 -0 1 0 0 1 0 -0 1 0 0 1 0 -0 1 0 0 1 0 -0 1 0 0 1 0 -0 1 0 0 1 0 -0 1 0 0 1 0 -0 1 0 0 1 0 -0 1 0 0 1 0 -0 1 0 0 1 0 -0 1 0 0 1 0 -0 1 0 0 1 -0 -0 1 0 0 1 0 0 1 0 0 1 0 0 1 0 0 1 0 -0 1 0 -0 1 0 -0 1 0 -0 1 0 -0 1 0 -0 1 0 -0 1 0 -0 1 0 -0 1 0 -0 1 0 -0 1 0 -0 1 0 -0 1 0 -0 1 0 -0 1 0 -0 1 0 -0 1 0 -0 1 0 -0 1 0 -0 1 0 -0 1 0 -0 1 0 -0 1 0 -0 1 0 -0 1 0 -0 1 0 0 1 0 0 1 0 0 1 0 0 1 0 0 1 0 0 1 0 0 1 0 0 1 0 0 1 0 0 1 0 0 1 0 0 1 0 0 1 0 0 1 0 0 1 0 0 1 0 0 1 0 0 1 0 0 1 0 0 1 0 0 1 0 0 1 0 0 1 0 0 1 0 0 1 0 0 1 0 0 1 0 0 1 0 0 1 0 0 1 0 0 1 0 0 1 0 0 1 0 0 1 0 0 1 0 0 1 0 0 1 0 0 1 0 0 1 0 0 1 0 0 1 0 0 1 0 0 1 0 0 1 0 0 1 0 0 1 0 0 1 0 0 1 0 0 1 0 0 1 0 0 1 0 0 1 0 0 1 0 0 1 0 0 1 0 0 1 0 0 1 0 0 1 0 0 1 0 0 1 0 0 1 0 0 1 0 0 1 0 0 1 0 0 1 0 0 1 -0 0 1 0 0 1 -0 0 1 -0 0 1 0 0 1 0 0 1 0 0 1 -0 0 1 -0 0 1 -0 0 1 -0 0 1 -0 0 1 -0 0 1 0 0 1 -0 0 1 -0 0 1 -0 0 1 -0 0 1 -0 0 1 -0 0 1 0 0 1 -0 0 1 -0 0 1 -0 0 1 -0 0 1 0 0 1 0 0 1 0 0 1 0 -0 1 0 0 1 0 0 1 0 0 1 0 0 1 0 0 1 0 0 1 0 0 1 0 0 1 0 0 1 0 0 1 0 0 1 0 0 1 0 0 1 -0 0 1 -0 0 1 -0 0 1 -0 0 1 -0 0 1 -0 0 1 -0 0 1 -0 0 1 -0 0 1 -0 0 1 -0 0 1 -0 0 1 -0 0 1 -0 0 1 0 0 1 0 0 1 0 0 1 0 0 1 0 0 1 0 0 1 0 0 1 0 0 1 0 0 1 0 0 1 0 0 1 0 0 1 0 0 1 0 0 1 0 0 1 0 0 1 0 0 1 0 0 1 0 0 1 0 0 1 0 0 1 0 0 1 -0 0 1 -0 0 1 -0 0 1 0 0 1 -0 0 1 0 0 1 0 0 1 0 0 1 0 0 1 0 0 1 0 0 1 0 0 1 0 0 1 0 0 1 0 0 1 0 0 1 0 0 1 0 0 1 -0 0 1 -0 0 1 -0 0 1 -0 0 1 -0 0 1 -0 0 1 -0 0 1 -0 0 1 -0 0 1 -0 0 1 -0 0 1 -0 0 1 -0 0 1 -0 0 1 -0 0 1 -0 0 1 -0 0 1 -0 0 1 -0 0 1 -0 0 1 -0 0 1 -0 0 1 0 -0 1 -0 -0 1 -0 -0 1 -0 -0 1 -0 -0 1 -0 0 1 -0 -0 1 -0 -0 1 -0 -0 1 -0 0 1 -0 -0 1 -0 0 1 -0 -0 1 -0 0 1 0 0 1 0 0 1 0 -0 1 0 0 1 0 -0 1 0 -0 1 0 0 1 0 0 1 0 0 1 0 0 1 0 0 1 0 0 1 0 0 1 0 0 1 0 -0 1 0 -0 1 0 -0 1 0 0 1 0 -0 1 0 0 1 0 0 1 0 -0 1 0 0 1 0 0 1 0 0 1 0 0 1 0 0 1 0 0 1 0 -0 1 0 -0 1 0 -0 1 0.02455981 0.9996983 -0 0.02455981 0.9996983 0 0.07352243 0.9972936 -0 0.07352243 0.9972936 0 0.122434 0.9924766 -0 0.122434 0.9924766 0 0.1709869 0.9852733 -0 0.1709869 0.9852733 0 0.2190695 0.9757092 -0 0.2190695 0.9757092 0 0.2667325 0.9637706 -0 0.2667325 0.9637706 0 0.3136774 0.9495296 -0 0.3136774 0.9495296 0 0.3599007 0.9329906 -0 0.3599007 0.9329906 0 0.4052297 0.9142149 0 0.4052297 0.9142149 -0 0.4495955 0.8932323 -0 0.4495955 0.8932323 0 0.4928936 0.8700896 -0 0.4928936 0.8700896 0 0.5350218 0.8448382 -0 0.5350218 0.8448382 0 0.5758021 0.8175892 -0 0.5758021 0.8175892 0 0.6152347 0.788344 -0 0.6152347 0.788344 0 0.6531692 0.757212 -0 0.6531692 0.757212 0 0.6895362 0.7242513 -0 0.6895362 0.7242513 0 0.7242383 0.6895497 -0 0.7242383 0.6895497 0 0.757212 0.6531692 -0 0.7883636 0.6152096 -0 0.757212 0.6531692 0 0.7883636 0.6152096 -0 0.8175805 0.5758142 -0 0.8175805 0.5758142 0 0.8448573 0.5349917 -0 0.870077 0.4929158 -0 0.8448573 0.5349917 0 0.870077 0.4929158 -0 0.8932219 0.4496162 -0 0.8932219 0.4496162 0 0.9142191 0.4052201 -0 0.9142191 0.4052201 0 0.9329939 0.359892 -0 0.9329939 0.359892 0 0.9495168 0.3137162 -0 0.9495168 0.3137162 0 0.9637772 0.2667084 -0 0.9637772 0.2667084 0 0.9757037 0.2190942 -0 0.9852784 0.1709574 -0 0.9757037 0.2190942 0 0.9924798 0.1224084 -0 0.9852784 0.1709574 -0 0.9924798 0.1224084 -0 0.9972898 0.07357395 -0 0.9972898 0.07357395 0 0.9996989 0.02453392 -0 0.9996989 0.02453392 0 0 -1 -0 0 -1 0 0 -1 -0 0 -1 0 0 -1 -0 0 -1 0 0 -1 -0 0 -1 0 0 -1 -0 0 -1 0 0 -1 -0 0 -1 0 0 -1 -0 0 -1 0 -0 -1 -0 0 -1 -0 0 -1 0 0 -1 -0 0 -1 0 0 -1 -0 0 -1 0 0 -1 -0 0 -1 0 0 -1 -0 0 -1 0 0 -1 -0 0 -1 0 0 -1 -0 0 -1 0 0 -1 -0 0 -1 -0 0 -1 -0 -0 -1 0 0 -1 0 0 -1 0 -0.9996989 -0.02453392 0 -0.9996989 -0.02453392 0 -0.9972898 -0.07357395 0 -0.9972898 -0.07357395 0 -0.9924798 -0.1224084 0 -0.9924798 -0.1224084 0 -0.9852784 -0.1709574 0 -0.9852784 -0.1709574 0 -0.9757037 -0.2190942 0 -0.9757037 -0.2190942 0 -0.9637772 -0.2667084 0 -0.9637772 -0.2667084 0 -0.9495168 -0.3137162 0 -0.9495168 -0.3137162 0 -0.9329939 -0.359892 0 -0.9329939 -0.359892 0 -0.9142191 -0.4052201 0 -0.9142191 -0.4052201 0 -0.8932219 -0.4496162 0 -0.8932219 -0.4496162 0 -0.870077 -0.4929158 0 -0.870077 -0.4929158 0 -0.8448573 -0.5349917 0 -0.8448573 -0.5349917 0 -0.8175805 -0.5758142 0 -0.8175805 -0.5758142 0 -0.7883636 -0.6152096 0 -0.7883636 -0.6152096 0 -0.757212 -0.6531692 0 -0.757212 -0.6531692 0 -0.7242383 -0.6895497 0 -0.7242383 -0.6895497 0 -0.6895362 -0.7242513 0 -0.6895362 -0.7242513 0 -0.6531692 -0.757212 0 -0.6152347 -0.788344 -0 -0.6531692 -0.757212 0 -0.6152347 -0.788344 0 -0.5758021 -0.8175892 0 -0.5758021 -0.8175892 0 -0.5350218 -0.8448382 0 -0.4928936 -0.8700896 -0 -0.5350218 -0.8448382 0 -0.4928936 -0.8700896 0 -0.4495955 -0.8932323 0 -0.4495955 -0.8932323 0 -0.4052297 -0.9142149 0 -0.4052297 -0.9142149 0 -0.3599007 -0.9329906 0 -0.3599007 -0.9329906 0 -0.3136774 -0.9495296 0 -0.3136774 -0.9495296 0 -0.2667325 -0.9637706 0 -0.2667325 -0.9637706 0 -0.2190695 -0.9757092 0 -0.1709869 -0.9852733 -0 -0.2190695 -0.9757092 0 -0.122434 -0.9924766 -0 -0.1709869 -0.9852733 0 -0.122434 -0.9924766 0 -0.07352243 -0.9972936 0 -0.07352243 -0.9972936 0 -0.02455981 -0.9996983 0 -0.02455981 -0.9996983 0 -1 0 0 -1 0 0 -0.9995924 -0.02854888 -0 -0.9995924 -0.02854888 0 -0.9963319 -0.08557218 0 -0.9963319 -0.08557218 -0 -0.9898201 -0.1423243 0 -0.9800829 -0.1985891 0 -0.9898201 -0.1423243 -0 -0.9800829 -0.1985891 0 -0.9671443 -0.2542284 0 -0.9671443 -0.2542284 -0 -0.9510605 -0.309005 0 -0.9510605 -0.309005 -0 -0.9318542 -0.3628331 0 -0.909641 -0.4153953 0 -0.9318542 -0.3628331 -0 -0.909641 -0.4153953 0 -0.8844425 -0.4666491 0 -0.8844425 -0.4666491 -0 -0.856339 -0.5164141 0 -0.856339 -0.5164141 -0 -0.8254692 -0.5644472 0 -0.8254692 -0.5644472 -0 -0.7919041 -0.6106455 0 -0.7919041 -0.6106455 -0 -0.7557269 -0.654887 0 -0.7557269 -0.654887 -0 -0.7171677 -0.6969007 0 -0.6761721 -0.7367436 0 -0.7171677 -0.6969007 -0 -0.6329821 -0.7741665 0 -0.6761721 -0.7367436 0 -0.6329821 -0.7741665 0 -0.5877723 -0.8090265 0 -0.5877723 -0.8090265 -0 -0.5406708 -0.8412343 0 -0.4917592 -0.8707312 0 -0.5406708 -0.8412343 -0 -0.4917592 -0.8707312 0 -0.4412038 -0.897407 0 -0.3892477 -0.921133 0 -0.4412038 -0.897407 -0 -0.3892477 -0.921133 0 -0.3360922 -0.9418291 -0 -0.3360922 -0.9418291 0 -0.2816807 -0.9595082 0 -0.2816807 -0.9595082 0 -0.2264899 -0.9740136 -0 -0.2264899 -0.9740136 0 -0.1705293 -0.9853526 -0 -0.1705293 -0.9853526 0 -0.1140461 -0.9934754 -0 -0.1140461 -0.9934754 0 -0.05702153 -0.9983729 0 -0.05702153 -0.9983729 0 0 -1 0 -0 -1 0 0.05702153 -0.9983729 0 0.05702153 -0.9983729 0 0.1140461 -0.9934754 0 0.1140461 -0.9934754 0 0.1705293 -0.9853526 0 0.2264899 -0.9740136 0 0.1705293 -0.9853526 0 0.2264899 -0.9740136 0 0.2816807 -0.9595082 0 0.3360922 -0.9418291 0 0.2816807 -0.9595082 0 0.3360922 -0.9418291 0 0.3892477 -0.921133 0 0.4412038 -0.897407 0 0.3892477 -0.921133 0 0.4412038 -0.897407 0 0.4917592 -0.8707312 0 0.4917592 -0.8707312 0 0.5406708 -0.8412343 0 0.5406708 -0.8412343 0 0.5877723 -0.8090265 0 0.5877723 -0.8090265 0 0.6329821 -0.7741665 0 0.6761721 -0.7367436 0 0.6329821 -0.7741665 0 0.6761721 -0.7367436 0 0.7171677 -0.6969007 0 0.7557269 -0.654887 0 0.7171677 -0.6969007 0 0.7557269 -0.654887 0 0.7919041 -0.6106455 0 0.8254692 -0.5644472 0 0.7919041 -0.6106455 0 0.8254692 -0.5644472 0 0.856339 -0.5164141 0 0.856339 -0.5164141 0 0.8844425 -0.4666491 0 0.8844425 -0.4666491 0 0.909641 -0.4153953 0 0.909641 -0.4153953 0 0.9318542 -0.3628331 0 0.9318542 -0.3628331 0 0.9510605 -0.309005 0 0.9510605 -0.309005 0 0.9671443 -0.2542284 0 0.9671443 -0.2542284 0 0.9800829 -0.1985891 0 0.9800829 -0.1985891 0 0.9898201 -0.1423243 0 0.9898201 -0.1423243 0 0.9963319 -0.08557218 0 0.9963319 -0.08557218 0 0.9995924 -0.02854888 0 0.9995924 -0.02854888 0 0.9995924 0.02854888 -0 0.9995924 0.02854888 0 0.9963319 0.08557218 -0 0.9963319 0.08557218 0 0.9898201 0.1423243 0 0.9898201 0.1423243 0 0.9800829 0.1985891 0 0.9800829 0.1985891 0 0.9671443 0.2542284 0 0.9671443 0.2542284 0 0.9510605 0.309005 0 0.9510605 0.309005 0 0.9318542 0.3628331 0 0.9318542 0.3628331 0 0.909641 0.4153953 0 0.909641 0.4153953 0 0.8844425 0.4666491 0 0.856339 0.5164141 -0 0.8844425 0.4666491 0 0.8254692 0.5644472 -0 0.856339 0.5164141 0 0.8254692 0.5644472 0 0.7919041 0.6106455 0 0.7557269 0.654887 -0 0.7919041 0.6106455 0 0.7557269 0.654887 0 0.7171677 0.6969007 0 0.7171677 0.6969007 0 0.6761721 0.7367436 0 0.6761721 0.7367436 0 0.6329821 0.7741665 0 0.6329821 0.7741665 0 0.5877723 0.8090265 -0 0.5877723 0.8090265 0 0.5406708 0.8412343 0 0.5406708 0.8412343 0 0.4917592 0.8707312 0 0.4917592 0.8707312 0 0.4412038 0.897407 0 0.4412038 0.897407 0 0.3892477 0.921133 0 0.3892477 0.921133 0 0.3360922 0.9418291 0 0.3360922 0.9418291 0 0.2816807 0.9595082 0 0.2816807 0.9595082 0 0.2264899 0.9740136 0 0.2264899 0.9740136 0 0.1705293 0.9853526 0 0.1705293 0.9853526 0 0.1140461 0.9934754 -0 0.1140461 0.9934754 0 0.05702153 0.9983729 0 0.05702153 0.9983729 0 -0 1 0 0 1 0 -0.05702153 0.9983729 0 -0.05702153 0.9983729 0 -0.1140461 0.9934754 0 -0.1140461 0.9934754 0 -0.1705293 0.9853526 0 -0.1705293 0.9853526 0 -0.2264899 0.9740136 0 -0.2264899 0.9740136 0 -0.2816807 0.9595082 0 -0.2816807 0.9595082 0 -0.3360922 0.9418291 0 -0.3360922 0.9418291 0 -0.3892477 0.921133 0 -0.4412038 0.897407 0 -0.3892477 0.921133 0 -0.4412038 0.897407 0 -0.4917592 0.8707312 0 -0.5406708 0.8412343 0 -0.4917592 0.8707312 0 -0.5406708 0.8412343 0 -0.5877723 0.8090265 0 -0.6329821 0.7741665 0 -0.5877723 0.8090265 0 -0.6329821 0.7741665 0 -0.6761721 0.7367436 0 -0.6761721 0.7367436 0 -0.7171677 0.6969007 0 -0.7171677 0.6969007 0 -0.7557269 0.654887 0 -0.7557269 0.654887 0 -0.7919041 0.6106455 0 -0.7919041 0.6106455 0 -0.8254692 0.5644472 0 -0.8254692 0.5644472 0 -0.856339 0.5164141 0 -0.856339 0.5164141 0 -0.8844425 0.4666491 0 -0.909641 0.4153953 0 -0.8844425 0.4666491 0 -0.909641 0.4153953 0 -0.9318542 0.3628331 0 -0.9318542 0.3628331 0 -0.9510605 0.309005 0 -0.9671443 0.2542284 0 -0.9510605 0.309005 0 -0.9671443 0.2542284 0 -0.9800829 0.1985891 0 -0.9800829 0.1985891 0 -0.9898201 0.1423243 0 -0.9963319 0.08557218 0 -0.9898201 0.1423243 0 -0.9963319 0.08557218 0 -0.9995924 0.02854888 0 -0.9995924 0.02854888 0 -0.9995924 -0.02854888 -0 -0.9995924 -0.02854888 0 -0.9963319 -0.08557218 0 -0.9963319 -0.08557218 -0 -0.9898201 -0.1423243 0 -0.9898201 -0.1423243 -0 -0.9800829 -0.1985891 0 -0.9800829 -0.1985891 -0 -0.9671443 -0.2542284 0 -0.9510605 -0.309005 0 -0.9671443 -0.2542284 -0 -0.9510605 -0.309005 0 -0.9318542 -0.3628331 0 -0.9318542 -0.3628331 -0 -0.909641 -0.4153953 0 -0.909641 -0.4153953 -0 -0.8844425 -0.4666491 0 -0.8844425 -0.4666491 -0 -0.856339 -0.5164141 0 -0.8254692 -0.5644472 0 -0.856339 -0.5164141 -0 -0.7919041 -0.6106455 0 -0.8254692 -0.5644472 0 -0.7919041 -0.6106455 0 -0.7557269 -0.654887 0 -0.7171677 -0.6969007 0 -0.7557269 -0.654887 -0 -0.7171677 -0.6969007 0 -0.6761721 -0.7367436 0 -0.6329821 -0.7741665 0 -0.6761721 -0.7367436 -0 -0.5877723 -0.8090265 0 -0.6329821 -0.7741665 0 -0.5877723 -0.8090265 0 -0.5406708 -0.8412343 0 -0.5406708 -0.8412343 -0 -0.4917592 -0.8707312 0 -0.4412038 -0.897407 0 -0.4917592 -0.8707312 -0 -0.4412038 -0.897407 0 -0.3892477 -0.921133 0 -0.3892477 -0.921133 0 -0.3360922 -0.9418291 -0 -0.3360922 -0.9418291 0 -0.2816807 -0.9595082 -0 -0.2816807 -0.9595082 0 -0.2264899 -0.9740136 -0 -0.2264899 -0.9740136 0 -0.1705293 -0.9853526 -0 -0.1705293 -0.9853526 0 -0.1140461 -0.9934754 0 -0.1140461 -0.9934754 0 -0.05702153 -0.9983729 0 -0.05702153 -0.9983729 0 -0 -1 -0 0 -1 0 0.05702153 -0.9983729 0 0.05702153 -0.9983729 0 0.1140461 -0.9934754 0 0.1140461 -0.9934754 0 0.1705293 -0.9853526 0 0.1705293 -0.9853526 0 0.2264899 -0.9740136 0 0.2264899 -0.9740136 0 0.2816807 -0.9595082 0 0.2816807 -0.9595082 0 0.3360922 -0.9418291 0 0.3892477 -0.921133 0 0.3360922 -0.9418291 0 0.4412038 -0.897407 0 0.3892477 -0.921133 0 0.4412038 -0.897407 0 0.4917592 -0.8707312 0 0.5406708 -0.8412343 0 0.4917592 -0.8707312 0 0.5877723 -0.8090265 0 0.5406708 -0.8412343 0 0.6329821 -0.7741665 0 0.5877723 -0.8090265 0 0.6761721 -0.7367436 0 0.6329821 -0.7741665 0 0.6761721 -0.7367436 0 0.7171677 -0.6969007 0 0.7557269 -0.654887 0 0.7171677 -0.6969007 0 0.7919041 -0.6106455 0 0.7557269 -0.654887 0 0.7919041 -0.6106455 0 0.8254692 -0.5644472 0 0.8254692 -0.5644472 0 0.856339 -0.5164141 0 0.856339 -0.5164141 0 0.8844425 -0.4666491 0 0.8844425 -0.4666491 0 0.909641 -0.4153953 0 0.909641 -0.4153953 0 0.9318542 -0.3628331 0 0.9318542 -0.3628331 0 0.9510605 -0.309005 0 0.9510605 -0.309005 0 0.9671443 -0.2542284 0 0.9671443 -0.2542284 0 0.9800829 -0.1985891 0 0.9800829 -0.1985891 0 0.9898201 -0.1423243 0 0.9898201 -0.1423243 0 0.9963319 -0.08557218 0 0.9963319 -0.08557218 0 0.9995924 -0.02854888 0 0.9995924 -0.02854888 0 0.9995924 0.02854888 0 0.9995924 0.02854888 0 0.9963319 0.08557218 -0 0.9963319 0.08557218 0 0.9898201 0.1423243 0 0.9898201 0.1423243 0 0.9800829 0.1985891 0 0.9800829 0.1985891 0 0.9671443 0.2542284 0 0.9671443 0.2542284 0 0.9510605 0.309005 0 0.9510605 0.309005 0 0.9318542 0.3628331 -0 0.9318542 0.3628331 0 0.909641 0.4153953 0 0.909641 0.4153953 0 0.8844425 0.4666491 0 0.8844425 0.4666491 0 0.856339 0.5164141 0 0.856339 0.5164141 0 0.8254692 0.5644472 0 0.7919041 0.6106455 -0 0.8254692 0.5644472 0 0.7919041 0.6106455 0 0.7557269 0.654887 0 0.7557269 0.654887 0 0.7171677 0.6969007 0 0.6761721 0.7367436 -0 0.7171677 0.6969007 0 0.6761721 0.7367436 0 0.6329821 0.7741665 0 0.6329821 0.7741665 0 0.5877723 0.8090265 0 0.5877723 0.8090265 0 0.5406708 0.8412343 0 0.5406708 0.8412343 0 0.4917592 0.8707312 0 0.4917592 0.8707312 0 0.4412038 0.897407 0 0.4412038 0.897407 0 0.3892477 0.921133 0 0.3892477 0.921133 0 0.3360922 0.9418291 -0 0.3360922 0.9418291 0 0.2816807 0.9595082 0 0.2816807 0.9595082 0 0.2264899 0.9740136 0 0.2264899 0.9740136 0 0.1705293 0.9853526 0 0.1705293 0.9853526 0 0.1140461 0.9934754 0 0.1140461 0.9934754 0 0.05702153 0.9983729 -0 0.05702153 0.9983729 0 -0 1 0 0 1 0 -0.05702153 0.9983729 0 -0.05702153 0.9983729 0 -0.1140461 0.9934754 0 -0.1140461 0.9934754 0 -0.1705293 0.9853526 0 -0.1705293 0.9853526 0 -0.2264899 0.9740136 0 -0.2264899 0.9740136 0 -0.2816807 0.9595082 0 -0.2816807 0.9595082 0 -0.3360922 0.9418291 0 -0.3360922 0.9418291 0 -0.4412038 0.897407 0 -0.3892477 0.921133 0 -0.3892477 0.921133 0 -0.4412038 0.897407 0 -0.4917592 0.8707312 0 -0.5406708 0.8412343 0 -0.4917592 0.8707312 0 -0.5406708 0.8412343 0 -0.5877723 0.8090265 0 -0.5877723 0.8090265 0 -0.6329821 0.7741665 0 -0.6329821 0.7741665 0 -0.6761721 0.7367436 0 -0.6761721 0.7367436 0 -0.7171677 0.6969007 0 -0.7171677 0.6969007 0 -0.7557269 0.654887 0 -0.7919041 0.6106455 0 -0.7557269 0.654887 0 -0.7919041 0.6106455 0 -0.8254692 0.5644472 0 -0.8254692 0.5644472 0 -0.856339 0.5164141 0 -0.856339 0.5164141 0 -0.8844425 0.4666491 0 -0.8844425 0.4666491 0 -0.909641 0.4153953 0 -0.9318542 0.3628331 0 -0.909641 0.4153953 0 -0.9318542 0.3628331 0 -0.9510605 0.309005 0 -0.9671443 0.2542284 0 -0.9510605 0.309005 0 -0.9800829 0.1985891 0 -0.9671443 0.2542284 0 -0.9800829 0.1985891 0 -0.9898201 0.1423243 0 -0.9898201 0.1423243 0 -0.9963319 0.08557218 0 -0.9963319 0.08557218 0 -0.9995924 0.02854888 0 -0.9995924 0.02854888 0 0 -0.04906327 -0.9987956 0 -0.1467491 -0.9891737 0 -0.04906327 -0.9987956 0 -0.24297 -0.9700338 0 -0.1467491 -0.9891737 0 -0.3368602 -0.9415547 0 -0.24297 -0.9700338 0 -0.4276106 -0.903963 0 -0.3368602 -0.9415547 0 -0.514062 -0.857753 0 -0.4276106 -0.903963 0 -0.5956813 -0.8032208 0 -0.514062 -0.857753 0 -0.6715862 -0.7409266 0 -0.5956813 -0.8032208 0 -0.6715862 -0.7409266 0 -0.7409555 -0.6715542 0 -0.7409555 -0.6715542 0 -0.803221 -0.5956811 0 -0.803221 -0.5956811 0 -0.8576867 -0.5141728 0 -0.9040366 -0.427455 0 -0.8576867 -0.5141728 0 -0.9415277 -0.3369353 0 -0.9040366 -0.427455 0 -0.9415277 -0.3369353 0 -0.9700204 -0.2430238 0 -0.9891919 -0.1466269 0 -0.9700204 -0.2430238 0 -0.9891919 -0.1466269 0 -0.9987922 -0.04913376 0 -0.9987922 -0.04913376 -1 -0 0 -1 0 0 -1 0 0 -1 0 0 -1 0 0 -1 0 0 -1 0 0 -1 0 0 -1 0 0 -1 0 0 -1 0 0 -1 0 0 -1 0 0 -1 0 0 -1 0 0 -1 0 0 -1 0 -0 -1 0 0 -0 1 0 0 1 0 -0 1 0 -0 1 0 -0 1 0 0 1 0 -0 1 0 0 1 0 0 1 0 -0 1 0 0 1 0 0 1 0 -0 1 0 0 1 0 0 1 0 -0 1 0 0 1 0 0 1 0 0 1 0 -0 1 0 0 1 0 0 1 0 -0 1 0 0 1 0 0 1 0 -0 1 0 -0 1 0 -0 1 0 -0 1 0 -0 1 0 -0 1 0 0 1 0 -0 1 0 0 1 0 -0 1 0 0 1 0 -0 1 0 0 1 0 -0 1 0 0 1 0 -0 1 0 0 1 0 -0 1 0 0 1 0 -0 1 0 0 1 0 -0 1 0 0 1 0 -0 1 0 0 1 0 -0 1 0 0 1 0 0 1 0 0 1 0 0 1 0 0 1 0 0 1 0 0 1 0 0 1 0 0 1 0 0 1 0 0 1 0 0 1 0 0 1 0 0 1 0 0 1 0 0 1 0 -0 1 0 0 1 0 -0 1 0 0 1 0 -0 1 0 0 1 0 -0 1 0 0 1 0 0 1 0 -0 1 0 0 1 0 -0 1 0 0 1 0 -0 1 0 0 1 0 -0 1 0 0 1 0 -0 1 0 0 1 0 -0 1 0 0 1 0 -0 1 0 0 1 0 0 1 0 0 1 0 0 1 0 0 1 0 0 1 0 0 1 0 0 1 0 0 1 0 0 1 0 0 1 0 -0 1 0 0 1 0 0 1 0 0 1 0 0 1 0 0 1 0 0 1 0 0 1 0 0 1 0 -0 1 0 0 1 0 0 1 0 0 1 0 0 1 0 0 1 0 0 1 0 0 1 0 0 1 0 0 1 0 0 1 0 0 1 0 0 1 0 0 1 0 0 1 0 -0 1 0 0 1 0 0 1 0 0 1 0 0 1 0 -0 1 0 -0 1 0 0 1 0 0 1 0 0 -1 -0 0 -1 0 0 -1 0 0 -1 0 0 -1 0 0 -1 0 0 -1 0 0 -1 0 0 -1 -0 0 -1 -0 0 -1 -0 0 -1 -0 0 -1 -0 0 -1 -0 0 -1 -0 0 -1 -0 0 -1 -0 0 -1 0 0 -1 0 0 -1 -0 0 -1 -0 0 -1 -0 0 -1 -0 0 -1 -0 0 -1 0 0 -1 0 0 -1 0 0 -1 0 0 -1 0 0 -1 0 -0 -1 0 0 -1 0 0 -1 0 -0 -1 0 0 -1 0 -0 -1 0 0 -1 0 -0 -1 0 0 -1 0 -0 -1 0 0 -1 0 -0 -1 0 0 -1 0 -0 -1 0 0 -1 0 -0 -1 0 0 -1 0 -0 -1 0 0 -1 0 0 -1 0 -0 -1 0 0 -1 0 -0 -1 0 0 -1 0 -0 -1 0 0 -1 0 -0 -1 0 0 -1 0 -0 -1 0 0 -1 0 -0 -1 0 0 -1 0 -0 -1 0 0 -1 0 -0 -1 0 -0 -1 0 0 -1 -0 -0 -1 0 0 -1 -0 -0 -1 0 0 -1 -0 -0 -1 0 0 -1 -0 -0 -1 0 0 -1 -0 -0 -1 0 0 -1 0 0 -1 -0 -0 -1 0 0 -1 -0 -0 -1 0 0 -1 -0 -0 -1 0 0 -1 -0 -0 -1 0 0 -1 -0 -0 -1 0 0 -1 -0 -0 -1 0 -0 -1 0 -0 -1 0 -0 -1 0 -0 -1 0 -0 -1 0 -0 -1 0 -0 -1 0 -0 -1 0 0 -1 0 0 -1 0 0 -1 0 0 -1 -0 -0 -1 0 0 -1 0 0 -1 0 0 -1 0 0 -1 0 0 -1 0 0 -1 -0 -0 -1 0 -0 -1 0 0 -1 0 0 -1 0 0 -1 0 0 -1 0 0 -1 0 -0 -1 0 -0 -1 0 -0 -1 0 -0 -1 0 0 -1 0 0 -1 -0 -0 -1 0 -0 -1 0 -0 -1 0 -0 -1 0 0 -1 0 -0 -1 0 -0 -1 0 0 -1 -0 -0 -1 0 0 -1 -0 0 -1 0 -0 -1 0 0 -1 -0 -0 -1 0 0 -1 -0 -0 -1 0 0 -1 -0 -0 -1 0 0 -1 -0 -0 -1 0 0 -1 -0 -0 -1 0 0 -1 -0 -0 -1 0 0 -1 -0 0 -1 0 -0 -1 0 0 -1 -0 -0 -1 0 0 -1 -0 -0 -1 0 0 -1 -0 -0 -1 0 0 -1 -0 -0 -1 0 0 -1 -0 -0 -1 0 0 -1 -0 -0 -1 0 0 -1 -0 -0 -1 0 -0 -1 0 0 -1 0 -0 -1 -0 0 -1 0 0 -1 -0 0 -0.04906327 -0.9987956 0 -0.04906327 -0.9987956 0 -0.1467491 -0.9891737 0 -0.1467491 -0.9891737 0 -0.24297 -0.9700338 0 -0.24297 -0.9700338 0 -0.3368602 -0.9415547 0 -0.3368602 -0.9415547 0 -0.4276106 -0.903963 0 -0.4276106 -0.903963 0 -0.514062 -0.857753 0 -0.514062 -0.857753 0 -0.5956813 -0.8032208 0 -0.5956813 -0.8032208 0 -0.6715862 -0.7409266 0 -0.6715862 -0.7409266 0 -0.7409555 -0.6715542 0 -0.7409555 -0.6715542 0 -0.803221 -0.5956811 0 -0.803221 -0.5956811 0 -0.8576867 -0.5141728 0 -0.8576867 -0.5141728 0 -0.9040366 -0.427455 0 -0.9415277 -0.3369353 0 -0.9040366 -0.427455 0 -0.9415277 -0.3369353 0 -0.9700204 -0.2430238 0 -0.9700204 -0.2430238 0 -0.9891919 -0.1466269 0 -0.9891919 -0.1466269 0 -0.9987922 -0.04913376 0 -0.9987922 -0.04913376 1 -0 0 1 0 0 0.9996989 -0.02453392 0 0.9996989 -0.02453392 0 0.9972898 -0.07357395 0 0.9972898 -0.07357395 0 0.9924798 -0.1224084 0 0.9924798 -0.1224084 0 0.9852784 -0.1709574 0 0.9852784 -0.1709574 0 0.9757037 -0.2190942 0 0.9757037 -0.2190942 0 0.9637772 -0.2667084 0 0.9637772 -0.2667084 0 0.9495168 -0.3137162 0 0.9495168 -0.3137162 0 0.9329939 -0.359892 0 0.9329939 -0.359892 0 0.9142191 -0.4052201 0 0.9142191 -0.4052201 0 0.8932219 -0.4496162 0 0.8932219 -0.4496162 0 0.870077 -0.4929158 0 0.870077 -0.4929158 0 0.8448573 -0.5349917 0 0.8448573 -0.5349917 0 0.8175805 -0.5758142 0 0.8175805 -0.5758142 0 0.7883636 -0.6152096 0 0.7883636 -0.6152096 0 0.757212 -0.6531692 0 0.757212 -0.6531692 0 0.7242383 -0.6895497 0 0.7242383 -0.6895497 0 0.6895362 -0.7242513 0 0.6895362 -0.7242513 0 0.6531692 -0.757212 0 0.6152347 -0.788344 0 0.6531692 -0.757212 0 0.6152347 -0.788344 0 0.5758021 -0.8175892 0 0.5758021 -0.8175892 0 0.5350218 -0.8448382 0 0.4928936 -0.8700896 0 0.5350218 -0.8448382 0 0.4928936 -0.8700896 0 0.4495955 -0.8932323 0 0.4495955 -0.8932323 0 0.4052297 -0.9142149 0 0.4052297 -0.9142149 0 0.3599007 -0.9329906 0 0.3599007 -0.9329906 0 0.3136774 -0.9495296 0 0.3136774 -0.9495296 0 0.2667325 -0.9637706 0 0.2667325 -0.9637706 0 0.2190695 -0.9757092 0 0.1709869 -0.9852733 0 0.2190695 -0.9757092 0 0.122434 -0.9924766 0 0.1709869 -0.9852733 0 0.122434 -0.9924766 0 0.07352243 -0.9972936 0 0.07352243 -0.9972936 0 0.02455981 -0.9996983 0 0.02455981 -0.9996983 0 1 0 0 1 0 0 1 0 0 1 0 0 1 0 0 1 0 0 1 0 0 1 0 0 1 0 0 1 0 0 1 0 0 1 0 0 1 0 0 1 0 0 1 0 0 1 0 0 1 0 -0 1 0 0 -0.9995924 -0.02854888 -0 -0.9995924 -0.02854888 0 -0.9963319 -0.08557218 0 -0.9963319 -0.08557218 -0 -0.9898201 -0.1423243 0 -0.9800829 -0.1985891 0 -0.9898201 -0.1423243 -0 -0.9800829 -0.1985891 0 -0.9671443 -0.2542284 0 -0.9671443 -0.2542284 -0 -0.9510605 -0.309005 0 -0.9510605 -0.309005 -0 -0.9318542 -0.3628331 0 -0.909641 -0.4153953 0 -0.9318542 -0.3628331 -0 -0.909641 -0.4153953 0 -0.8844425 -0.4666491 0 -0.8844425 -0.4666491 -0 -0.856339 -0.5164141 0 -0.856339 -0.5164141 -0 -0.8254692 -0.5644472 0 -0.8254692 -0.5644472 -0 -0.7919041 -0.6106455 0 -0.7919041 -0.6106455 -0 -0.7557269 -0.654887 0 -0.7557269 -0.654887 -0 -0.7171677 -0.6969007 0 -0.6761721 -0.7367436 0 -0.7171677 -0.6969007 -0 -0.6329821 -0.7741665 0 -0.6761721 -0.7367436 0 -0.6329821 -0.7741665 0 -0.5877723 -0.8090265 0 -0.5877723 -0.8090265 -0 -0.5406708 -0.8412343 0 -0.4917592 -0.8707312 0 -0.5406708 -0.8412343 -0 -0.4917592 -0.8707312 0 -0.4412038 -0.897407 0 -0.3892477 -0.921133 0 -0.4412038 -0.897407 -0 -0.3892477 -0.921133 0 -0.3360922 -0.9418291 -0 -0.3360922 -0.9418291 0 -0.2816807 -0.9595082 0 -0.2816807 -0.9595082 0 -0.2264899 -0.9740136 -0 -0.2264899 -0.9740136 0 -0.1705293 -0.9853526 -0 -0.1705293 -0.9853526 0 -0.1140461 -0.9934754 -0 -0.1140461 -0.9934754 0 -0.05702153 -0.9983729 0 -0.05702153 -0.9983729 0 0 -1 0 -0 -1 0 0.05702153 -0.9983729 0 0.05702153 -0.9983729 0 0.1140461 -0.9934754 0 0.1140461 -0.9934754 0 0.1705293 -0.9853526 0 0.2264899 -0.9740136 0 0.1705293 -0.9853526 0 0.2264899 -0.9740136 0 0.2816807 -0.9595082 0 0.3360922 -0.9418291 0 0.2816807 -0.9595082 0 0.3360922 -0.9418291 0 0.3892477 -0.921133 0 0.4412038 -0.897407 0 0.3892477 -0.921133 0 0.4412038 -0.897407 0 0.4917592 -0.8707312 0 0.4917592 -0.8707312 0 0.5406708 -0.8412343 0 0.5406708 -0.8412343 0 0.5877723 -0.8090265 0 0.5877723 -0.8090265 0 0.6329821 -0.7741665 0 0.6761721 -0.7367436 0 0.6329821 -0.7741665 0 0.6761721 -0.7367436 0 0.7171677 -0.6969007 0 0.7557269 -0.654887 0 0.7171677 -0.6969007 0 0.7557269 -0.654887 0 0.7919041 -0.6106455 0 0.8254692 -0.5644472 0 0.7919041 -0.6106455 0 0.8254692 -0.5644472 0 0.856339 -0.5164141 0 0.856339 -0.5164141 0 0.8844425 -0.4666491 0 0.8844425 -0.4666491 0 0.909641 -0.4153953 0 0.909641 -0.4153953 0 0.9318542 -0.3628331 0 0.9318542 -0.3628331 0 0.9510605 -0.309005 0 0.9510605 -0.309005 0 0.9671443 -0.2542284 0 0.9671443 -0.2542284 0 0.9800829 -0.1985891 0 0.9800829 -0.1985891 0 0.9898201 -0.1423243 0 0.9898201 -0.1423243 0 0.9963319 -0.08557218 0 0.9963319 -0.08557218 0 0.9995924 -0.02854888 0 0.9995924 -0.02854888 0 0.9995924 0.02854888 -0 0.9995924 0.02854888 0 0.9963319 0.08557218 -0 0.9963319 0.08557218 0 0.9898201 0.1423243 0 0.9898201 0.1423243 0 0.9800829 0.1985891 0 0.9800829 0.1985891 0 0.9671443 0.2542284 0 0.9671443 0.2542284 0 0.9510605 0.309005 0 0.9510605 0.309005 0 0.9318542 0.3628331 0 0.9318542 0.3628331 0 0.909641 0.4153953 0 0.909641 0.4153953 0 0.8844425 0.4666491 0 0.856339 0.5164141 -0 0.8844425 0.4666491 0 0.8254692 0.5644472 -0 0.856339 0.5164141 0 0.8254692 0.5644472 0 0.7919041 0.6106455 0 0.7557269 0.654887 -0 0.7919041 0.6106455 0 0.7557269 0.654887 0 0.7171677 0.6969007 0 0.7171677 0.6969007 0 0.6761721 0.7367436 0 0.6761721 0.7367436 0 0.6329821 0.7741665 0 0.6329821 0.7741665 0 0.5877723 0.8090265 -0 0.5877723 0.8090265 0 0.5406708 0.8412343 0 0.5406708 0.8412343 0 0.4917592 0.8707312 0 0.4917592 0.8707312 0 0.4412038 0.897407 0 0.4412038 0.897407 0 0.3892477 0.921133 0 0.3892477 0.921133 0 0.3360922 0.9418291 0 0.3360922 0.9418291 0 0.2816807 0.9595082 0 0.2816807 0.9595082 0 0.2264899 0.9740136 0 0.2264899 0.9740136 0 0.1705293 0.9853526 0 0.1705293 0.9853526 0 0.1140461 0.9934754 -0 0.1140461 0.9934754 0 0.05702153 0.9983729 0 0.05702153 0.9983729 0 -0 1 0 0 1 0 -0.05702153 0.9983729 0 -0.05702153 0.9983729 0 -0.1140461 0.9934754 0 -0.1140461 0.9934754 0 -0.1705293 0.9853526 0 -0.1705293 0.9853526 0 -0.2264899 0.9740136 0 -0.2264899 0.9740136 0 -0.2816807 0.9595082 0 -0.2816807 0.9595082 0 -0.3360922 0.9418291 0 -0.3360922 0.9418291 0 -0.3892477 0.921133 0 -0.4412038 0.897407 0 -0.3892477 0.921133 0 -0.4412038 0.897407 0 -0.4917592 0.8707312 0 -0.5406708 0.8412343 0 -0.4917592 0.8707312 0 -0.5406708 0.8412343 0 -0.5877723 0.8090265 0 -0.6329821 0.7741665 0 -0.5877723 0.8090265 0 -0.6329821 0.7741665 0 -0.6761721 0.7367436 0 -0.6761721 0.7367436 0 -0.7171677 0.6969007 0 -0.7171677 0.6969007 0 -0.7557269 0.654887 0 -0.7557269 0.654887 0 -0.7919041 0.6106455 0 -0.7919041 0.6106455 0 -0.8254692 0.5644472 0 -0.8254692 0.5644472 0 -0.856339 0.5164141 0 -0.856339 0.5164141 0 -0.8844425 0.4666491 0 -0.909641 0.4153953 0 -0.8844425 0.4666491 0 -0.909641 0.4153953 0 -0.9318542 0.3628331 0 -0.9318542 0.3628331 0 -0.9510605 0.309005 0 -0.9671443 0.2542284 0 -0.9510605 0.309005 0 -0.9671443 0.2542284 0 -0.9800829 0.1985891 0 -0.9800829 0.1985891 0 -0.9898201 0.1423243 0 -0.9963319 0.08557218 0 -0.9898201 0.1423243 0 -0.9963319 0.08557218 0 -0.9995924 0.02854888 0 -0.9995924 0.02854888 0 -0.9995924 -0.02854888 -0 -0.9995924 -0.02854888 0 -0.9963319 -0.08557218 0 -0.9963319 -0.08557218 -0 -0.9898201 -0.1423243 0 -0.9898201 -0.1423243 -0 -0.9800829 -0.1985891 0 -0.9800829 -0.1985891 -0 -0.9671443 -0.2542284 0 -0.9510605 -0.309005 0 -0.9671443 -0.2542284 -0 -0.9510605 -0.309005 0 -0.9318542 -0.3628331 0 -0.9318542 -0.3628331 -0 -0.909641 -0.4153953 0 -0.909641 -0.4153953 -0 -0.8844425 -0.4666491 0 -0.8844425 -0.4666491 -0 -0.856339 -0.5164141 0 -0.8254692 -0.5644472 0 -0.856339 -0.5164141 -0 -0.7919041 -0.6106455 0 -0.8254692 -0.5644472 0 -0.7919041 -0.6106455 0 -0.7557269 -0.654887 0 -0.7171677 -0.6969007 0 -0.7557269 -0.654887 -0 -0.7171677 -0.6969007 0 -0.6761721 -0.7367436 0 -0.6329821 -0.7741665 0 -0.6761721 -0.7367436 -0 -0.5877723 -0.8090265 0 -0.6329821 -0.7741665 0 -0.5877723 -0.8090265 0 -0.5406708 -0.8412343 0 -0.5406708 -0.8412343 -0 -0.4917592 -0.8707312 0 -0.4412038 -0.897407 0 -0.4917592 -0.8707312 -0 -0.4412038 -0.897407 0 -0.3892477 -0.921133 0 -0.3892477 -0.921133 0 -0.3360922 -0.9418291 -0 -0.3360922 -0.9418291 0 -0.2816807 -0.9595082 -0 -0.2816807 -0.9595082 0 -0.2264899 -0.9740136 -0 -0.2264899 -0.9740136 0 -0.1705293 -0.9853526 -0 -0.1705293 -0.9853526 0 -0.1140461 -0.9934754 0 -0.1140461 -0.9934754 0 -0.05702153 -0.9983729 0 -0.05702153 -0.9983729 0 -0 -1 -0 0 -1 0 0.05702153 -0.9983729 0 0.05702153 -0.9983729 0 0.1140461 -0.9934754 0 0.1140461 -0.9934754 0 0.1705293 -0.9853526 0 0.1705293 -0.9853526 0 0.2264899 -0.9740136 0 0.2264899 -0.9740136 0 0.2816807 -0.9595082 0 0.2816807 -0.9595082 0 0.3360922 -0.9418291 0 0.3892477 -0.921133 0 0.3360922 -0.9418291 0 0.4412038 -0.897407 0 0.3892477 -0.921133 0 0.4412038 -0.897407 0 0.4917592 -0.8707312 0 0.5406708 -0.8412343 0 0.4917592 -0.8707312 0 0.5877723 -0.8090265 0 0.5406708 -0.8412343 0 0.6329821 -0.7741665 0 0.5877723 -0.8090265 0 0.6761721 -0.7367436 0 0.6329821 -0.7741665 0 0.6761721 -0.7367436 0 0.7171677 -0.6969007 0 0.7557269 -0.654887 0 0.7171677 -0.6969007 0 0.7919041 -0.6106455 0 0.7557269 -0.654887 0 0.7919041 -0.6106455 0 0.8254692 -0.5644472 0 0.8254692 -0.5644472 0 0.856339 -0.5164141 0 0.856339 -0.5164141 0 0.8844425 -0.4666491 0 0.8844425 -0.4666491 0 0.909641 -0.4153953 0 0.909641 -0.4153953 0 0.9318542 -0.3628331 0 0.9318542 -0.3628331 0 0.9510605 -0.309005 0 0.9510605 -0.309005 0 0.9671443 -0.2542284 0 0.9671443 -0.2542284 0 0.9800829 -0.1985891 0 0.9800829 -0.1985891 0 0.9898201 -0.1423243 0 0.9898201 -0.1423243 0 0.9963319 -0.08557218 0 0.9963319 -0.08557218 0 0.9995924 -0.02854888 0 0.9995924 -0.02854888 0 0.9995924 0.02854888 0 0.9995924 0.02854888 0 0.9963319 0.08557218 -0 0.9963319 0.08557218 0 0.9898201 0.1423243 0 0.9898201 0.1423243 0 0.9800829 0.1985891 0 0.9800829 0.1985891 0 0.9671443 0.2542284 0 0.9671443 0.2542284 0 0.9510605 0.309005 0 0.9510605 0.309005 0 0.9318542 0.3628331 -0 0.9318542 0.3628331 0 0.909641 0.4153953 0 0.909641 0.4153953 0 0.8844425 0.4666491 0 0.8844425 0.4666491 0 0.856339 0.5164141 0 0.856339 0.5164141 0 0.8254692 0.5644472 0 0.7919041 0.6106455 -0 0.8254692 0.5644472 0 0.7919041 0.6106455 0 0.7557269 0.654887 0 0.7557269 0.654887 0 0.7171677 0.6969007 0 0.6761721 0.7367436 -0 0.7171677 0.6969007 0 0.6761721 0.7367436 0 0.6329821 0.7741665 0 0.6329821 0.7741665 0 0.5877723 0.8090265 0 0.5877723 0.8090265 0 0.5406708 0.8412343 0 0.5406708 0.8412343 0 0.4917592 0.8707312 0 0.4917592 0.8707312 0 0.4412038 0.897407 0 0.4412038 0.897407 0 0.3892477 0.921133 0 0.3892477 0.921133 0 0.3360922 0.9418291 -0 0.3360922 0.9418291 0 0.2816807 0.9595082 0 0.2816807 0.9595082 0 0.2264899 0.9740136 0 0.2264899 0.9740136 0 0.1705293 0.9853526 0 0.1705293 0.9853526 0 0.1140461 0.9934754 0 0.1140461 0.9934754 0 0.05702153 0.9983729 -0 0.05702153 0.9983729 0 -0 1 0 0 1 0 -0.05702153 0.9983729 0 -0.05702153 0.9983729 0 -0.1140461 0.9934754 0 -0.1140461 0.9934754 0 -0.1705293 0.9853526 0 -0.1705293 0.9853526 0 -0.2264899 0.9740136 0 -0.2264899 0.9740136 0 -0.2816807 0.9595082 0 -0.2816807 0.9595082 0 -0.3360922 0.9418291 0 -0.3360922 0.9418291 0 -0.4412038 0.897407 0 -0.3892477 0.921133 0 -0.3892477 0.921133 0 -0.4412038 0.897407 0 -0.4917592 0.8707312 0 -0.5406708 0.8412343 0 -0.4917592 0.8707312 0 -0.5406708 0.8412343 0 -0.5877723 0.8090265 0 -0.5877723 0.8090265 0 -0.6329821 0.7741665 0 -0.6329821 0.7741665 0 -0.6761721 0.7367436 0 -0.6761721 0.7367436 0 -0.7171677 0.6969007 0 -0.7171677 0.6969007 0 -0.7557269 0.654887 0 -0.7919041 0.6106455 0 -0.7557269 0.654887 0 -0.7919041 0.6106455 0 -0.8254692 0.5644472 0 -0.8254692 0.5644472 0 -0.856339 0.5164141 0 -0.856339 0.5164141 0 -0.8844425 0.4666491 0 -0.8844425 0.4666491 0 -0.909641 0.4153953 0 -0.9318542 0.3628331 0 -0.909641 0.4153953 0 -0.9318542 0.3628331 0 -0.9510605 0.309005 0 -0.9671443 0.2542284 0 -0.9510605 0.309005 0 -0.9800829 0.1985891 0 -0.9671443 0.2542284 0 -0.9800829 0.1985891 0 -0.9898201 0.1423243 0 -0.9898201 0.1423243 0 -0.9963319 0.08557218 0 -0.9963319 0.08557218 0 -0.9995924 0.02854888 0 -0.9995924 0.02854888 0 -0.9997056 0 0.02426231 -0.9997056 0 0.02426231 -0.9973488 0 0.07276879 -0.9973488 0 0.07276879 -0.9926431 0 0.121077 -0.9926431 0 0.121077 -0.9856007 0 0.1690898 -0.9856007 0 0.1690898 -0.9762304 0 0.2167349 -0.9762304 0 0.2167349 -0.9645609 0 0.2638604 -0.9645609 0 0.2638604 -0.9506238 0 0.3103456 -0.9506238 0 0.3103456 -0.9344395 0 0.356122 -0.9344395 0 0.356122 -0.9160577 0 0.4010466 -0.9160577 0 0.4010466 -0.8955207 0 0.4450198 -0.8955207 0 0.4450198 -0.8728558 0 0.4879781 -0.8728558 0 0.4879781 -0.8481616 0 0.5297376 -0.8481616 0 0.5297376 -0.8214418 0 0.5702924 -0.7928072 0 0.6094724 -0.8214418 0 0.5702924 -0.7928072 0 0.6094724 -0.7619826 0 0.6475975 -0.7619826 0 0.6475975 -0.7290018 0 0.6845118 -0.7290018 0 0.6845118 -0.694234 0 0.7197494 -0.694234 0 0.7197494 -0.6577656 0 0.7532227 -0.6577656 0 0.7532227 -0.6196862 0 0.7848496 -0.6196862 0 0.7848496 -0.5800862 0 0.814555 -0.5800862 0 0.814555 -0.5390662 0 0.8422634 -0.5390662 0 0.8422634 -0.4967249 0 0.8679081 -0.4967249 0 0.8679081 -0.4531674 0 0.8914254 -0.4531674 0 0.8914254 -0.4084982 0 0.9127591 -0.4084982 0 0.9127591 -0.3628273 0 0.9318563 -0.3628273 0 0.9318563 -0.3162698 0 0.9486693 -0.3162698 0 0.9486693 -0.2689352 0 0.9631582 -0.2689352 0 0.9631582 -0.2209418 0 0.975287 -0.2209418 0 0.975287 -0.1724086 0 0.9850255 -0.1724086 0 0.9850255 -0.1234505 0 0.9923507 -0.1234505 0 0.9923507 -0.07419197 0 0.9972439 -0.07419197 0 0.9972439 -0.02475148 0 0.9996937 -0.02475148 2.143368e-18 0.9996937 0.02475148 0 0.9996937 0.02475148 0 0.9996937 0.07419197 0 0.9972439 0.07419197 0 0.9972439 0.1234505 0 0.9923507 0.1234505 0 0.9923507 0.1724086 0 0.9850255 0.1724086 0 0.9850255 0.2209418 0 0.975287 0.2209418 0 0.975287 0.2689352 0 0.9631582 0.3162698 0 0.9486693 0.2689352 0 0.9631582 0.3628273 0 0.9318563 0.3162698 0 0.9486693 0.3628273 0 0.9318563 0.4084982 0 0.9127591 0.4084982 0 0.9127591 0.4531674 0 0.8914254 0.4967249 0 0.8679081 0.4531674 0 0.8914254 0.4967249 0 0.8679081 0.5390662 0 0.8422634 0.5390662 0 0.8422634 0.5800862 0 0.814555 0.5800862 0 0.814555 0.6196862 0 0.7848496 0.6196862 0 0.7848496 0.6577656 0 0.7532227 0.6577656 0 0.7532227 0.694234 0 0.7197494 0.694234 0 0.7197494 0.7290018 0 0.6845118 0.7290018 0 0.6845118 0.7619826 0 0.6475975 0.7619826 0 0.6475975 0.9997056 -0 0.02426231 0.9997056 0 0.02426231 0.9973488 -0 0.07276879 0.9973488 0 0.07276879 0.9926431 -0 0.121077 0.9926431 0 0.121077 0.9856007 -0 0.1690898 0.9856007 0 0.1690898 0.9762304 -0 0.2167349 0.9762304 0 0.2167349 0.9645609 -0 0.2638604 0.9645609 0 0.2638604 0.9506238 -0 0.3103456 0.9506238 0 0.3103456 0.9344395 -0 0.356122 0.9344395 0 0.356122 0.9160577 -0 0.4010466 0.9160577 0 0.4010466 0.8955207 -0 0.4450198 0.8955207 0 0.4450198 0.8728558 -0 0.4879781 0.8728558 0 0.4879781 0.8481616 -0 0.5297376 0.8481616 0 0.5297376 0.8214418 -0 0.5702924 0.8214418 0 0.5702924 0.7928072 -0 0.6094724 0.7928072 0 0.6094724</float_array>
          <technique_common>
            <accessor count="3504" source="#cubenormals-array0-array" stride="3">
              <param type="float" name="X"/>
              <param type="float" name="Y"/>
              <param type="float" name="Z"/>
            </accessor>
          </technique_common>
        </source>
        <vertices id="cubeverts-array0-vertices">
          <input semantic="POSITION" source="#cubeverts-array0"/>
        </vertices>
        <triangles count="3504" material="ref_Body002">
          <input offset="0" semantic="VERTEX" source="#cubeverts-array0-vertices"/>
          <input offset="1" semantic="NORMAL" source="#cubenormals-array0"/>
          <p>0 0 1 0 2 0 3 1 0 1 2 1 3 2 4 2 5 2 3 3 5 3 6 3 3 4 6 4 7 4 3 5 7 5 8 5 3 6 8 6 9 6 3 7 9 7 10 7 3 8 10 8 11 8 3 9 11 9 12 9 3 10 12 10 13 10 3 11 13 11 14 11 3 12 14 12 15 12 3 13 15 13 16 13 3 14 16 14 17 14 3 15 17 15 18 15 3 16 18 16 0 16 19 17 4 17 3 17 20 18 19 18 3 18 21 19 20 19 3 19 22 20 21 20 3 20 23 21 22 21 3 21 24 22 23 22 3 22 25 23 24 23 3 23 26 24 25 24 3 24 27 25 26 25 3 25 28 26 27 26 3 26 29 27 28 27 3 27 30 28 29 28 3 28 31 29 30 29 3 29 32 30 31 30 3 30 33 31 32 31 3 31 34 32 33 32 3 32 35 33 34 33 3 33 36 34 35 34 3 34 36 35 37 35 35 35 38 36 37 36 36 36 39 37 37 37 38 37 941 38 37 38 39 38 943 39 40 39 37 39 943 40 37 40 941 40 41 41 42 41 40 41 41 42 43 42 42 42 41 43 40 43 943 43 946 44 43 44 41 44 946 45 924 45 43 45 946 46 44 46 924 46 45 47 44 47 946 47 45 48 928 48 44 48 45 49 46 49 928 49 45 50 47 50 46 50 48 51 47 51 45 51 48 52 49 52 47 52 48 53 50 53 49 53 51 54 50 54 48 54 51 55 52 55 50 55 51 56 934 56 52 56 51 57 53 57 934 57 54 58 53 58 51 58 54 59 55 59 53 59 54 60 56 60 55 60 57 61 56 61 54 61 58 62 56 62 57 62 59 63 56 63 58 63 60 64 56 64 59 64 61 65 56 65 60 65 874 66 56 66 61 66 918 67 874 67 61 67 871 68 874 68 918 68 915 69 871 69 918 69 62 70 871 70 915 70 63 71 62 71 915 71 64 72 62 72 63 72 913 73 64 73 63 73 65 74 64 74 913 74 911 75 65 75 913 75 867 76 65 76 911 76 909 77 867 77 911 77 864 78 867 78 909 78 907 79 864 79 909 79 863 80 864 80 907 80 904 81 863 81 907 81 66 82 863 82 904 82 67 83 66 83 904 83 860 84 67 84 68 84 860 85 66 85 67 85 69 86 68 86 70 86 69 87 860 87 68 87 71 88 70 88 72 88 71 89 69 89 70 89 73 90 72 90 74 90 73 91 71 91 72 91 75 92 74 92 898 92 75 93 73 93 74 93 853 94 898 94 896 94 853 95 75 95 898 95 76 96 77 96 78 96 79 97 78 97 77 97 80 98 78 98 79 98 81 99 76 99 78 99 82 100 78 100 80 100 83 101 81 101 78 101 84 102 83 102 78 102 85 103 78 103 82 103 86 104 84 104 78 104 87 105 78 105 85 105 88 106 86 106 78 106 89 107 78 107 87 107 90 108 88 108 78 108 91 109 78 109 89 109 92 110 90 110 78 110 93 111 78 111 91 111 94 112 92 112 78 112 95 113 78 113 93 113 96 114 94 114 78 114 97 115 78 115 95 115 98 116 96 116 78 116 99 117 78 117 97 117 100 118 98 118 78 118 101 119 78 119 99 119 102 120 100 120 78 120 103 121 78 121 101 121 104 122 102 122 78 122 105 123 78 123 103 123 106 124 104 124 78 124 107 125 78 125 105 125 108 126 78 126 107 126 109 127 106 127 78 127 852 128 853 128 896 128 852 129 896 129 110 129 111 130 110 130 112 130 111 131 852 131 110 131 113 132 112 132 114 132 113 133 111 133 112 133 457 134 109 134 78 134 847 135 114 135 890 135 847 136 113 136 114 136 115 137 109 137 457 137 846 138 890 138 889 138 846 139 847 139 890 139 116 140 889 140 117 140 116 141 846 141 889 141 118 142 117 142 119 142 118 143 116 143 117 143 120 144 119 144 121 144 120 145 118 145 119 145 122 146 121 146 123 146 122 147 120 147 121 147 124 148 122 148 123 148 124 149 123 149 125 149 126 150 78 150 108 150 127 151 124 151 125 151 127 152 125 152 128 152 129 153 127 153 128 153 129 154 128 154 130 154 131 155 130 155 132 155 131 156 129 156 130 156 133 157 126 157 108 157 133 158 134 158 126 158 133 159 135 159 134 159 133 160 136 160 135 160 133 161 137 161 136 161 138 162 132 162 139 162 138 163 131 163 132 163 140 164 137 164 133 164 140 165 141 165 137 165 800 166 141 166 140 166 802 167 141 167 800 167 802 168 142 168 141 168 803 169 142 169 802 169 143 170 142 170 803 170 143 171 144 171 142 171 145 172 139 172 146 172 145 173 138 173 139 173 147 174 144 174 143 174 148 175 144 175 147 175 808 176 144 176 148 176 808 177 149 177 144 177 150 178 149 178 808 178 151 179 149 179 150 179 151 180 825 180 149 180 152 181 146 181 153 181 152 182 145 182 146 182 154 183 825 183 151 183 155 184 825 184 154 184 156 185 825 185 155 185 156 186 157 186 825 186 158 187 157 187 156 187 159 188 160 188 157 188 159 189 157 189 158 189 159 190 161 190 160 190 159 191 162 191 161 191 159 192 163 192 162 192 159 193 164 193 163 193 165 194 153 194 166 194 165 195 152 195 153 195 167 196 168 196 164 196 167 197 164 197 159 197 169 198 168 198 167 198 169 199 166 199 168 199 169 200 165 200 166 200 170 201 109 201 171 201 172 202 171 202 109 202 173 203 109 203 170 203 174 204 172 204 109 204 175 205 109 205 173 205 176 206 174 206 109 206 177 207 109 207 175 207 178 208 176 208 109 208 179 209 109 209 177 209 180 210 178 210 109 210 181 211 109 211 179 211 182 212 180 212 109 212 183 213 109 213 181 213 184 214 182 214 109 214 185 215 109 215 183 215 186 216 184 216 109 216 187 217 109 217 185 217 188 218 186 218 109 218 189 219 109 219 187 219 190 220 188 220 109 220 191 221 109 221 189 221 192 222 190 222 109 222 193 223 109 223 191 223 194 224 192 224 109 224 195 225 109 225 193 225 196 226 194 226 109 226 197 227 109 227 195 227 198 228 196 228 109 228 199 229 109 229 197 229 200 230 198 230 109 230 201 231 109 231 199 231 202 232 109 232 201 232 203 233 109 233 202 233 204 234 109 234 203 234 205 235 109 235 204 235 115 236 206 236 207 236 115 237 208 237 206 237 115 238 209 238 208 238 115 239 210 239 209 239 115 240 211 240 210 240 115 241 212 241 211 241 115 242 213 242 212 242 115 243 214 243 213 243 115 244 215 244 214 244 115 245 216 245 215 245 115 246 217 246 216 246 115 247 218 247 217 247 115 248 219 248 218 248 115 249 220 249 219 249 115 250 221 250 220 250 115 251 222 251 221 251 115 252 223 252 222 252 115 253 224 253 223 253 115 254 225 254 224 254 115 255 226 255 225 255 115 256 227 256 226 256 115 257 228 257 227 257 115 258 200 258 109 258 115 259 229 259 200 259 115 260 230 260 229 260 115 261 207 261 230 261 231 262 115 262 232 262 231 263 232 263 233 263 234 264 231 264 235 264 236 265 234 265 237 265 236 266 237 266 238 266 236 267 238 267 239 267 236 268 115 268 231 268 236 269 231 269 234 269 240 270 236 270 241 270 240 271 241 271 242 271 243 272 236 272 240 272 244 273 243 273 245 273 246 274 236 274 243 274 246 275 243 275 244 275 247 276 246 276 248 276 249 277 246 277 247 277 249 278 236 278 246 278 249 279 115 279 236 279 250 280 251 280 252 280 250 281 253 281 251 281 254 282 249 282 255 282 256 283 252 283 251 283 256 284 251 284 257 284 258 285 259 285 253 285 258 286 253 286 250 286 260 287 256 287 257 287 260 288 257 288 261 288 262 289 259 289 258 289 262 290 263 290 259 290 262 291 264 291 263 291 265 292 261 292 266 292 265 293 260 293 261 293 267 294 264 294 262 294 267 295 268 295 264 295 269 296 266 296 270 296 269 297 265 297 266 297 271 298 268 298 267 298 272 299 273 299 274 299 272 300 270 300 273 300 272 301 269 301 270 301 275 302 276 302 268 302 275 303 268 303 271 303 277 304 272 304 274 304 278 305 279 305 276 305 278 306 276 306 275 306 280 307 274 307 281 307 280 308 277 308 274 308 282 309 109 309 205 309 282 310 205 310 279 310 282 311 279 311 278 311 283 312 280 312 281 312 283 313 281 313 284 313 285 314 109 314 282 314 286 315 287 315 288 315 286 316 284 316 287 316 286 317 283 317 284 317 289 318 109 318 285 318 290 319 254 319 291 319 290 320 249 320 254 320 292 321 286 321 288 321 293 322 288 322 294 322 293 323 292 323 288 323 295 324 296 324 297 324 295 325 294 325 296 325 295 326 293 326 294 326 298 327 297 327 299 327 298 328 295 328 297 328 300 329 298 329 299 329 301 330 290 330 302 330 301 331 249 331 290 331 303 332 300 332 299 332 303 333 304 333 305 333 303 334 299 334 304 334 306 335 249 335 301 335 307 336 303 336 305 336 307 337 305 337 308 337 309 338 307 338 308 338 310 339 249 339 306 339 311 340 308 340 312 340 311 341 309 341 308 341 313 342 311 342 312 342 313 343 312 343 314 343 315 344 314 344 316 344 315 345 313 345 314 345 317 346 310 346 318 346 319 347 315 347 316 347 319 348 316 348 320 348 321 349 249 349 310 349 321 350 115 350 249 350 321 351 310 351 317 351 322 352 320 352 323 352 322 353 319 353 320 353 324 354 323 354 325 354 324 355 322 355 323 355 326 356 327 356 228 356 326 357 328 357 327 357 326 358 329 358 328 358 326 359 330 359 329 359 326 360 331 360 330 360 326 361 332 361 331 361 326 362 333 362 332 362 326 363 334 363 333 363 326 364 335 364 334 364 326 365 336 365 335 365 326 366 337 366 336 366 326 367 321 367 338 367 326 368 115 368 321 368 326 369 228 369 115 369 339 370 324 370 325 370 339 371 340 371 341 371 339 372 325 372 340 372 342 373 339 373 341 373 343 374 344 374 345 374 343 375 341 375 344 375 343 376 342 376 341 376 346 377 345 377 347 377 346 378 343 378 345 378 348 379 346 379 347 379 349 380 350 380 351 380 349 381 347 381 350 381 349 382 348 382 347 382 352 383 349 383 351 383 353 384 354 384 355 384 353 385 356 385 354 385 353 386 357 386 356 386 353 387 358 387 357 387 353 388 359 388 358 388 353 389 360 389 359 389 353 390 361 390 360 390 353 391 362 391 361 391 353 392 363 392 364 392 353 393 365 393 362 393 353 394 366 394 363 394 353 395 367 395 365 395 353 396 368 396 366 396 353 397 369 397 367 397 353 398 289 398 368 398 353 399 370 399 369 399 353 400 371 400 370 400 353 401 372 401 371 401 353 402 373 402 372 402 353 403 374 403 373 403 353 404 364 404 374 404 353 405 109 405 289 405 375 406 351 406 337 406 375 407 337 407 326 407 375 408 352 408 351 408 376 409 353 409 355 409 377 410 375 410 326 410 378 411 353 411 376 411 379 412 353 412 378 412 380 413 353 413 379 413 381 414 353 414 380 414 382 415 353 415 381 415 383 416 353 416 382 416 384 417 353 417 383 417 385 418 353 418 384 418 386 419 353 419 385 419 387 420 353 420 386 420 388 421 353 421 387 421 389 422 353 422 388 422 390 423 377 423 326 423 390 424 391 424 377 424 390 425 392 425 391 425 390 426 393 426 392 426 390 427 394 427 393 427 390 428 395 428 394 428 390 429 396 429 395 429 390 430 397 430 396 430 390 431 398 431 397 431 390 432 399 432 398 432 390 433 400 433 399 433 390 434 401 434 400 434 390 435 402 435 401 435 403 436 353 436 389 436 403 437 404 437 402 437 403 438 405 438 404 438 403 439 406 439 405 439 403 440 407 440 406 440 403 441 408 441 407 441 403 442 409 442 408 442 403 443 410 443 409 443 403 444 411 444 410 444 403 445 412 445 411 445 403 446 413 446 412 446 403 447 414 447 413 447 403 448 415 448 414 448 403 449 416 449 415 449 403 450 417 450 416 450 403 451 418 451 417 451 403 452 419 452 418 452 403 453 420 453 419 453 403 454 421 454 420 454 403 455 422 455 421 455 403 456 423 456 422 456 403 457 424 457 423 457 403 458 389 458 424 458 403 459 402 459 390 459 425 460 390 460 426 460 427 461 428 461 429 461 427 462 429 462 403 462 430 463 425 463 431 463 432 464 427 464 403 464 433 465 390 465 425 465 433 466 432 466 403 466 433 467 434 467 432 467 433 468 403 468 390 468 435 469 436 469 437 469 438 470 436 470 435 470 438 471 435 471 439 471 440 472 425 472 430 472 440 473 436 473 438 473 440 474 430 474 436 474 441 475 425 475 440 475 442 476 443 476 444 476 442 477 444 477 445 477 446 478 442 478 445 478 446 479 445 479 447 479 446 480 447 480 433 480 448 481 446 481 433 481 448 482 449 482 446 482 450 483 425 483 441 483 450 484 441 484 451 484 450 485 451 485 452 485 450 486 452 486 453 486 454 487 448 487 433 487 455 488 433 488 425 488 455 489 454 489 433 489 455 490 425 490 450 490 115 491 456 491 232 491 457 492 456 492 115 492 232 493 458 493 233 493 456 494 458 494 232 494 233 495 459 495 231 495 458 496 459 496 233 496 231 497 460 497 235 497 459 498 460 498 231 498 235 499 461 499 234 499 460 500 461 500 235 500 234 501 462 501 237 501 461 502 462 502 234 502 237 503 463 503 238 503 462 504 463 504 237 504 238 505 464 505 239 505 463 506 464 506 238 506 464 507 465 507 239 507 239 508 465 508 236 508 236 509 466 509 241 509 465 510 466 510 236 510 241 511 467 511 242 511 466 512 467 512 241 512 242 513 468 513 240 513 467 514 468 514 242 514 240 515 469 515 243 515 468 516 469 516 240 516 243 517 470 517 245 517 469 518 470 518 243 518 245 519 471 519 244 519 470 520 471 520 245 520 244 521 472 521 246 521 471 522 472 522 244 522 246 523 473 523 248 523 472 524 473 524 246 524 248 525 474 525 247 525 247 526 474 526 249 526 473 527 474 527 248 527 474 528 475 528 249 528 249 529 476 529 255 529 475 530 476 530 249 530 255 531 477 531 254 531 254 532 477 532 291 532 476 533 477 533 255 533 477 534 478 534 291 534 291 535 479 535 290 535 478 536 479 536 291 536 290 537 480 537 302 537 479 538 480 538 290 538 302 539 481 539 301 539 480 540 481 540 302 540 301 541 482 541 306 541 481 542 482 542 301 542 306 543 483 543 310 543 482 544 483 544 306 544 310 545 484 545 318 545 318 546 484 546 317 546 483 547 484 547 310 547 317 548 485 548 321 548 484 549 485 549 317 549 485 550 486 550 321 550 321 551 487 551 338 551 486 552 487 552 321 552 338 553 488 553 326 553 487 554 488 554 338 554 489 555 107 555 490 555 490 556 107 556 491 556 108 557 107 557 489 557 491 558 105 558 492 558 107 559 105 559 491 559 492 560 103 560 493 560 105 561 103 561 492 561 103 562 101 562 493 562 493 563 99 563 494 563 494 564 99 564 495 564 101 565 99 565 493 565 99 566 97 566 495 566 495 567 95 567 496 567 496 568 95 568 497 568 97 569 95 569 495 569 95 570 93 570 497 570 93 571 91 571 497 571 497 572 91 572 498 572 498 573 91 573 499 573 91 574 89 574 499 574 89 575 87 575 499 575 499 576 87 576 500 576 500 577 85 577 501 577 87 578 85 578 500 578 501 579 82 579 502 579 85 580 82 580 501 580 502 581 80 581 503 581 82 582 80 582 502 582 503 583 79 583 504 583 80 584 79 584 503 584 504 585 77 585 505 585 79 586 77 586 504 586 505 587 76 587 506 587 77 588 76 588 505 588 506 589 81 589 507 589 507 590 81 590 508 590 76 591 81 591 506 591 81 592 83 592 508 592 508 593 84 593 509 593 509 594 84 594 510 594 83 595 84 595 508 595 84 596 86 596 510 596 510 597 88 597 511 597 86 598 88 598 510 598 511 599 90 599 512 599 512 600 90 600 513 600 88 601 90 601 511 601 90 602 92 602 513 602 513 603 94 603 514 603 514 604 94 604 515 604 92 605 94 605 513 605 94 606 96 606 515 606 515 607 98 607 516 607 96 608 98 608 515 608 516 609 100 609 517 609 98 610 100 610 516 610 517 611 102 611 518 611 100 612 102 612 517 612 518 613 104 613 519 613 519 614 104 614 520 614 102 615 104 615 518 615 520 616 106 616 353 616 104 617 106 617 520 617 106 618 109 618 353 618 521 619 522 619 78 619 523 620 78 620 522 620 524 621 521 621 78 621 525 622 78 622 523 622 526 623 524 623 78 623 527 624 78 624 525 624 528 625 526 625 78 625 529 626 78 626 527 626 530 627 528 627 78 627 531 628 78 628 529 628 532 629 530 629 78 629 533 630 78 630 531 630 534 631 532 631 78 631 535 632 78 632 533 632 536 633 534 633 78 633 537 634 78 634 535 634 538 635 536 635 78 635 539 636 78 636 537 636 540 637 538 637 78 637 541 638 78 638 539 638 542 639 540 639 78 639 543 640 78 640 541 640 544 641 542 641 78 641 545 642 78 642 543 642 546 643 544 643 78 643 547 644 546 644 78 644 548 645 547 645 78 645 549 646 548 646 78 646 550 647 549 647 78 647 551 648 550 648 78 648 552 649 551 649 78 649 553 650 552 650 78 650 554 651 553 651 78 651 555 652 554 652 78 652 457 653 556 653 557 653 457 654 557 654 558 654 457 655 558 655 559 655 457 656 559 656 560 656 457 657 560 657 561 657 457 658 561 658 562 658 457 659 562 659 563 659 457 660 563 660 564 660 457 661 564 661 565 661 457 662 565 662 566 662 457 663 566 663 567 663 457 664 567 664 568 664 457 665 568 665 569 665 457 666 569 666 570 666 457 667 570 667 571 667 457 668 571 668 572 668 457 669 572 669 573 669 457 670 573 670 574 670 457 671 574 671 575 671 457 672 575 672 576 672 457 673 576 673 577 673 457 674 577 674 578 674 457 675 578 675 579 675 457 676 579 676 580 676 457 677 580 677 581 677 457 678 581 678 582 678 457 679 78 679 545 679 457 680 545 680 583 680 457 681 583 681 556 681 459 682 458 682 456 682 460 683 456 683 457 683 460 684 459 684 456 684 461 685 460 685 457 685 463 686 461 686 457 686 463 687 462 687 461 687 465 688 464 688 463 688 465 689 463 689 457 689 468 690 465 690 457 690 468 691 466 691 465 691 468 692 467 692 466 692 470 693 469 693 468 693 471 694 470 694 468 694 472 695 471 695 468 695 475 696 472 696 468 696 475 697 473 697 472 697 475 698 474 698 473 698 475 699 468 699 457 699 584 700 585 700 586 700 584 701 586 701 587 701 477 702 475 702 457 702 477 703 476 703 475 703 588 704 586 704 585 704 588 705 589 705 586 705 590 706 584 706 587 706 590 707 587 707 591 707 592 708 593 708 594 708 592 709 589 709 588 709 592 710 594 710 589 710 595 711 590 711 591 711 595 712 591 712 596 712 597 713 593 713 592 713 597 714 598 714 593 714 599 715 596 715 600 715 599 716 595 716 596 716 601 717 598 717 597 717 602 718 600 718 603 718 602 719 599 719 600 719 604 720 598 720 601 720 604 721 605 721 606 721 604 722 606 722 598 722 607 723 555 723 78 723 607 724 603 724 555 724 607 725 602 725 603 725 608 726 605 726 604 726 609 727 607 727 78 727 478 728 477 728 457 728 610 729 611 729 605 729 610 730 605 730 608 730 612 731 78 731 613 731 612 732 609 732 78 732 614 733 615 733 611 733 614 734 611 734 610 734 616 735 612 735 613 735 617 736 618 736 619 736 617 737 619 737 615 737 617 738 615 738 614 738 620 739 616 739 613 739 479 740 478 740 457 740 621 741 618 741 617 741 622 742 620 742 613 742 623 743 618 743 621 743 623 744 624 744 618 744 625 745 622 745 613 745 626 746 624 746 623 746 626 747 627 747 624 747 480 748 479 748 457 748 628 749 625 749 613 749 629 750 627 750 626 750 629 751 630 751 631 751 629 752 631 752 627 752 632 753 628 753 613 753 633 754 630 754 629 754 634 755 632 755 613 755 635 756 630 756 633 756 635 757 636 757 630 757 637 758 634 758 613 758 482 759 481 759 480 759 638 760 636 760 635 760 638 761 639 761 640 761 638 762 640 762 636 762 641 763 637 763 613 763 642 764 639 764 638 764 483 765 482 765 480 765 643 766 641 766 613 766 644 767 645 767 639 767 644 768 639 768 642 768 646 769 643 769 613 769 647 770 645 770 644 770 647 771 648 771 645 771 649 772 646 772 613 772 650 773 651 773 652 773 650 774 652 774 648 774 650 775 648 775 647 775 485 776 483 776 480 776 485 777 484 777 483 777 653 778 649 778 613 778 654 779 655 779 651 779 654 780 651 780 650 780 486 781 485 781 480 781 486 782 480 782 457 782 656 783 653 783 613 783 657 784 655 784 654 784 658 785 656 785 613 785 487 786 486 786 457 786 659 787 655 787 657 787 659 788 660 788 661 788 659 789 661 789 655 789 662 790 658 790 613 790 488 791 582 791 663 791 488 792 663 792 664 792 488 793 664 793 665 793 488 794 665 794 666 794 488 795 666 795 667 795 488 796 667 796 668 796 488 797 668 797 669 797 488 798 669 798 670 798 488 799 670 799 671 799 488 800 671 800 672 800 488 801 672 801 673 801 488 802 487 802 457 802 488 803 457 803 582 803 674 804 660 804 659 804 675 805 662 805 613 805 676 806 677 806 660 806 676 807 660 807 674 807 678 808 675 808 613 808 679 809 680 809 677 809 679 810 677 810 676 810 681 811 678 811 613 811 682 812 683 812 684 812 682 813 684 813 680 813 682 814 680 814 679 814 685 815 681 815 613 815 686 816 683 816 682 816 687 817 685 817 613 817 688 818 689 818 683 818 688 819 683 819 686 819 690 820 687 820 613 820 691 821 673 821 692 821 691 822 692 822 689 822 691 823 689 823 688 823 693 824 690 824 613 824 694 825 488 825 673 825 694 826 673 826 691 826 695 827 693 827 613 827 696 828 488 828 694 828 697 829 695 829 613 829 698 830 697 830 613 830 699 831 698 831 613 831 700 832 699 832 613 832 701 833 700 833 613 833 702 834 701 834 613 834 703 835 613 835 78 835 704 836 613 836 703 836 705 837 706 837 704 837 705 838 704 838 703 838 707 839 708 839 709 839 707 840 709 840 710 840 707 841 710 841 711 841 707 842 711 842 712 842 707 843 712 843 713 843 707 844 713 844 714 844 707 845 714 845 715 845 707 846 715 846 716 846 707 847 716 847 717 847 707 848 717 848 718 848 707 849 718 849 719 849 707 850 719 850 720 850 707 851 720 851 721 851 707 852 721 852 722 852 707 853 722 853 723 853 707 854 723 854 724 854 707 855 724 855 725 855 707 856 725 856 726 856 707 857 726 857 727 857 707 858 727 858 728 858 707 859 728 859 729 859 707 860 729 860 730 860 707 861 730 861 731 861 707 862 731 862 732 862 733 863 488 863 696 863 733 864 696 864 734 864 733 865 734 865 735 865 733 866 735 866 736 866 733 867 736 867 737 867 733 868 737 868 738 868 733 869 738 869 739 869 733 870 739 870 740 870 733 871 740 871 741 871 733 872 741 872 742 872 733 873 742 873 743 873 733 874 743 874 744 874 733 875 744 875 708 875 733 876 708 876 707 876 745 877 746 877 733 877 747 878 748 878 745 878 747 879 749 879 748 879 747 880 745 880 733 880 747 881 733 881 707 881 750 882 751 882 752 882 753 883 751 883 750 883 753 884 754 884 751 884 753 885 755 885 754 885 756 886 757 886 747 886 756 887 747 887 707 887 756 888 707 888 755 888 758 889 759 889 760 889 761 890 762 890 763 890 761 891 764 891 762 891 761 892 765 892 764 892 761 893 753 893 765 893 766 894 767 894 756 894 766 895 760 895 767 895 766 896 768 896 758 896 766 897 758 897 760 897 769 898 755 898 753 898 769 899 756 899 755 899 769 900 766 900 756 900 770 901 771 901 772 901 770 902 761 902 771 902 773 903 774 903 769 903 773 904 770 904 775 904 773 905 753 905 761 905 773 906 769 906 753 906 773 907 761 907 770 907 613 908 707 908 732 908 613 909 732 909 776 909 613 910 776 910 777 910 613 911 777 911 778 911 613 912 778 912 702 912 489 913 704 913 779 913 489 914 779 914 133 914 780 915 704 915 489 915 613 916 704 916 780 916 108 917 489 917 133 917 781 918 703 918 78 918 781 919 78 919 126 919 781 920 126 920 782 920 783 921 784 921 703 921 785 922 783 922 703 922 786 923 787 923 788 923 786 924 781 924 787 924 786 925 703 925 781 925 789 926 785 926 703 926 790 927 786 927 791 927 792 928 793 928 789 928 794 929 789 929 703 929 794 930 792 930 789 930 795 931 790 931 796 931 795 932 703 932 786 932 795 933 786 933 790 933 797 934 794 934 703 934 797 935 703 935 795 935 133 936 779 936 798 936 140 937 798 937 799 937 140 938 133 938 798 938 800 939 799 939 801 939 800 940 140 940 799 940 802 941 800 941 801 941 803 942 801 942 804 942 803 943 802 943 801 943 143 944 804 944 805 944 143 945 803 945 804 945 147 946 805 946 806 946 147 947 143 947 805 947 148 948 806 948 807 948 148 949 147 949 806 949 808 950 807 950 809 950 808 951 148 951 807 951 150 952 809 952 810 952 150 953 810 953 811 953 150 954 808 954 809 954 151 955 150 955 811 955 154 956 811 956 812 956 154 957 812 957 813 957 154 958 151 958 811 958 155 959 813 959 814 959 155 960 154 960 813 960 156 961 155 961 814 961 158 962 814 962 815 962 158 963 815 963 816 963 158 964 156 964 814 964 159 965 158 965 816 965 782 966 134 966 817 966 126 967 134 967 782 967 817 968 135 968 818 968 818 969 135 969 819 969 134 970 135 970 817 970 819 971 136 971 820 971 135 972 136 972 819 972 136 973 137 973 820 973 820 974 141 974 821 974 821 975 141 975 822 975 137 976 141 976 820 976 141 977 142 977 822 977 822 978 144 978 823 978 823 979 144 979 824 979 142 980 144 980 822 980 144 981 149 981 824 981 824 982 825 982 826 982 149 983 825 983 824 983 826 984 157 984 1709 984 825 985 157 985 826 985 1709 986 160 986 827 986 157 987 160 987 1709 987 827 988 161 988 828 988 160 989 161 989 827 989 828 990 162 990 829 990 161 991 162 991 828 991 829 992 163 992 830 992 830 993 163 993 1711 993 162 994 163 994 829 994 163 995 164 995 1711 995 816 996 831 996 159 996 159 997 831 997 167 997 167 998 832 998 169 998 831 999 832 999 167 999 169 1000 833 1000 165 1000 165 1001 833 1001 152 1001 832 1002 833 1002 169 1002 833 1003 834 1003 152 1003 152 1004 835 1004 145 1004 834 1005 835 1005 152 1005 835 1006 836 1006 145 1006 145 1007 836 1007 138 1007 836 1008 837 1008 138 1008 138 1009 837 1009 131 1009 837 1010 838 1010 131 1010 131 1011 838 1011 129 1011 838 1012 839 1012 129 1012 129 1013 839 1013 127 1013 839 1014 840 1014 127 1014 127 1015 840 1015 124 1015 124 1016 840 1016 122 1016 840 1017 841 1017 122 1017 122 1018 841 1018 120 1018 841 1019 842 1019 120 1019 842 1020 843 1020 120 1020 120 1021 843 1021 118 1021 843 1022 844 1022 118 1022 118 1023 844 1023 116 1023 844 1024 845 1024 116 1024 116 1025 845 1025 846 1025 846 1026 845 1026 847 1026 845 1027 848 1027 847 1027 848 1028 849 1028 847 1028 847 1029 849 1029 113 1029 849 1030 850 1030 113 1030 113 1031 850 1031 111 1031 850 1032 851 1032 111 1032 111 1033 851 1033 852 1033 852 1034 851 1034 853 1034 851 1035 854 1035 853 1035 853 1036 855 1036 75 1036 75 1037 855 1037 73 1037 854 1038 855 1038 853 1038 855 1039 856 1039 73 1039 73 1040 857 1040 71 1040 856 1041 857 1041 73 1041 71 1042 858 1042 69 1042 857 1043 858 1043 71 1043 69 1044 859 1044 860 1044 858 1045 859 1045 69 1045 859 1046 861 1046 860 1046 860 1047 861 1047 66 1047 66 1048 862 1048 863 1048 863 1049 862 1049 864 1049 861 1050 862 1050 66 1050 862 1051 865 1051 864 1051 864 1052 866 1052 867 1052 867 1053 866 1053 65 1053 865 1054 866 1054 864 1054 866 1055 868 1055 65 1055 868 1056 869 1056 65 1056 65 1057 869 1057 64 1057 869 1058 870 1058 64 1058 64 1059 870 1059 62 1059 62 1060 870 1060 871 1060 870 1061 872 1061 871 1061 872 1062 873 1062 871 1062 871 1063 873 1063 874 1063 873 1064 875 1064 874 1064 874 1065 875 1065 56 1065 876 1066 1711 1066 164 1066 876 1067 164 1067 168 1067 876 1068 168 1068 166 1068 877 1069 876 1069 166 1069 878 1070 166 1070 153 1070 878 1071 153 1071 146 1071 878 1072 877 1072 166 1072 879 1073 878 1073 146 1073 880 1074 146 1074 139 1074 880 1075 879 1075 146 1075 881 1076 139 1076 132 1076 881 1077 880 1077 139 1077 882 1078 132 1078 130 1078 882 1079 881 1079 132 1079 883 1080 882 1080 130 1080 883 1081 130 1081 128 1081 884 1082 883 1082 128 1082 884 1083 128 1083 125 1083 884 1084 125 1084 123 1084 885 1085 884 1085 123 1085 886 1086 885 1086 123 1086 886 1087 123 1087 121 1087 887 1088 886 1088 121 1088 887 1089 121 1089 119 1089 887 1090 119 1090 117 1090 888 1091 887 1091 117 1091 1686 1092 888 1092 117 1092 1686 1093 117 1093 889 1093 1686 1094 889 1094 890 1094 891 1095 1686 1095 890 1095 892 1096 891 1096 890 1096 892 1097 890 1097 114 1097 893 1098 892 1098 114 1098 893 1099 114 1099 112 1099 893 1100 112 1100 110 1100 894 1101 893 1101 110 1101 895 1102 894 1102 110 1102 895 1103 110 1103 896 1103 897 1104 896 1104 898 1104 897 1105 895 1105 896 1105 899 1106 898 1106 74 1106 899 1107 74 1107 72 1107 899 1108 897 1108 898 1108 900 1109 899 1109 72 1109 901 1110 72 1110 70 1110 901 1111 900 1111 72 1111 902 1112 70 1112 68 1112 902 1113 901 1113 70 1113 903 1114 68 1114 67 1114 903 1115 67 1115 904 1115 903 1116 902 1116 68 1116 905 1117 903 1117 904 1117 906 1118 904 1118 907 1118 906 1119 905 1119 904 1119 908 1120 907 1120 909 1120 908 1121 906 1121 907 1121 910 1122 909 1122 911 1122 910 1123 908 1123 909 1123 912 1124 911 1124 913 1124 912 1125 910 1125 911 1125 914 1126 913 1126 63 1126 914 1127 63 1127 915 1127 914 1128 912 1128 913 1128 916 1129 914 1129 915 1129 917 1130 915 1130 918 1130 917 1131 916 1131 915 1131 919 1132 917 1132 918 1132 919 1133 918 1133 61 1133 920 1134 37 1134 921 1134 921 1135 40 1135 922 1135 37 1136 40 1136 921 1136 922 1137 42 1137 923 1137 40 1138 42 1138 922 1138 42 1139 43 1139 923 1139 923 1140 924 1140 925 1140 925 1141 924 1141 926 1141 43 1142 924 1142 923 1142 926 1143 44 1143 927 1143 924 1144 44 1144 926 1144 44 1145 928 1145 927 1145 927 1146 46 1146 929 1146 928 1147 46 1147 927 1147 929 1148 47 1148 930 1148 46 1149 47 1149 929 1149 930 1150 49 1150 931 1150 931 1151 49 1151 932 1151 47 1152 49 1152 930 1152 49 1153 50 1153 932 1153 932 1154 52 1154 933 1154 50 1155 52 1155 932 1155 933 1156 934 1156 935 1156 935 1157 934 1157 936 1157 52 1158 934 1158 933 1158 934 1159 53 1159 936 1159 936 1160 55 1160 937 1160 937 1161 55 1161 875 1161 53 1162 55 1162 936 1162 55 1163 56 1163 875 1163 36 1164 938 1164 38 1164 939 1165 938 1165 36 1165 38 1166 1660 1166 39 1166 938 1167 1660 1167 38 1167 39 1168 940 1168 941 1168 1660 1169 940 1169 39 1169 941 1170 942 1170 943 1170 940 1171 942 1171 941 1171 943 1172 944 1172 41 1172 942 1173 944 1173 943 1173 41 1174 945 1174 946 1174 944 1175 945 1175 41 1175 946 1176 1661 1176 45 1176 945 1177 1661 1177 946 1177 45 1178 947 1178 48 1178 1661 1179 947 1179 45 1179 48 1180 948 1180 51 1180 947 1181 948 1181 48 1181 51 1182 949 1182 54 1182 948 1183 949 1183 51 1183 54 1184 950 1184 57 1184 949 1185 950 1185 54 1185 57 1186 1668 1186 58 1186 58 1187 1668 1187 59 1187 950 1188 1668 1188 57 1188 1668 1189 1670 1189 59 1189 59 1190 951 1190 60 1190 60 1191 951 1191 61 1191 1670 1192 951 1192 59 1192 951 1193 919 1193 61 1193 952 1194 35 1194 37 1194 952 1195 37 1195 920 1195 953 1196 954 1196 955 1196 953 1197 955 1197 952 1197 953 1198 952 1198 920 1198 956 1199 939 1199 36 1199 957 1200 958 1200 956 1200 959 1201 957 1201 956 1201 960 1202 959 1202 956 1202 961 1203 960 1203 956 1203 962 1204 961 1204 956 1204 963 1205 962 1205 956 1205 964 1206 963 1206 956 1206 965 1207 966 1207 964 1207 965 1208 964 1208 956 1208 967 1209 968 1209 969 1209 970 1210 969 1210 965 1210 970 1211 967 1211 969 1211 971 1212 970 1212 965 1212 972 1213 965 1213 956 1213 972 1214 971 1214 965 1214 3 1215 956 1215 36 1215 3 1216 972 1216 956 1216 34 1217 952 1217 973 1217 34 1218 973 1218 974 1218 34 1219 35 1219 952 1219 33 1220 974 1220 975 1220 33 1221 34 1221 974 1221 32 1222 975 1222 976 1222 32 1223 33 1223 975 1223 31 1224 32 1224 976 1224 30 1225 976 1225 977 1225 30 1226 977 1226 978 1226 30 1227 31 1227 976 1227 29 1228 30 1228 978 1228 28 1229 978 1229 979 1229 28 1230 979 1230 980 1230 28 1231 29 1231 978 1231 27 1232 28 1232 980 1232 26 1233 27 1233 980 1233 26 1234 980 1234 981 1234 26 1235 981 1235 982 1235 25 1236 26 1236 982 1236 24 1237 25 1237 982 1237 24 1238 982 1238 983 1238 23 1239 983 1239 984 1239 23 1240 24 1240 983 1240 22 1241 984 1241 985 1241 22 1242 23 1242 984 1242 21 1243 985 1243 986 1243 21 1244 22 1244 985 1244 20 1245 986 1245 987 1245 20 1246 21 1246 986 1246 19 1247 987 1247 988 1247 19 1248 20 1248 987 1248 4 1249 988 1249 989 1249 4 1250 19 1250 988 1250 5 1251 989 1251 990 1251 5 1252 990 1252 991 1252 5 1253 4 1253 989 1253 6 1254 5 1254 991 1254 7 1255 991 1255 992 1255 7 1256 992 1256 993 1256 7 1257 6 1257 991 1257 8 1258 7 1258 993 1258 9 1259 993 1259 994 1259 9 1260 8 1260 993 1260 10 1261 994 1261 995 1261 10 1262 995 1262 996 1262 10 1263 9 1263 994 1263 11 1264 10 1264 996 1264 12 1265 996 1265 997 1265 12 1266 997 1266 998 1266 12 1267 11 1267 996 1267 13 1268 12 1268 998 1268 14 1269 998 1269 999 1269 14 1270 13 1270 998 1270 15 1271 999 1271 1000 1271 15 1272 14 1272 999 1272 16 1273 1000 1273 1001 1273 16 1274 15 1274 1000 1274 17 1275 1001 1275 1002 1275 17 1276 1002 1276 1003 1276 17 1277 16 1277 1001 1277 18 1278 1003 1278 1004 1278 18 1279 17 1279 1003 1279 0 1280 18 1280 1004 1280 1005 1281 1006 1281 1007 1281 1008 1282 1009 1282 1010 1282 1008 1283 1010 1283 1011 1283 1012 1284 1005 1284 1007 1284 1012 1285 1007 1285 1013 1285 1012 1286 1013 1286 1014 1286 1015 1287 1009 1287 1008 1287 1015 1288 1014 1288 1016 1288 1015 1289 1016 1289 1009 1289 1017 1290 1015 1290 1018 1290 1019 1291 1020 1291 1021 1291 1019 1292 1021 1292 1012 1292 1022 1293 1015 1293 1017 1293 1022 1294 1014 1294 1015 1294 1023 1295 1012 1295 1014 1295 1023 1296 1024 1296 1019 1296 1023 1297 1019 1297 1012 1297 1025 1298 1022 1298 1026 1298 1027 1299 1028 1299 1023 1299 1029 1300 1025 1300 1030 1300 1031 1301 1029 1301 1032 1301 1031 1302 1025 1302 1029 1302 1033 1303 1034 1303 1035 1303 1033 1304 1035 1304 1027 1304 1033 1305 1014 1305 1022 1305 1033 1306 1023 1306 1014 1306 1033 1307 1027 1307 1023 1307 1036 1308 1022 1308 1025 1308 1036 1309 1025 1309 1031 1309 1036 1310 1033 1310 1022 1310 2 1311 1033 1311 1036 1311 1037 1312 1038 1312 2 1312 1039 1313 2 1313 1038 1313 1040 1314 1037 1314 2 1314 1041 1315 2 1315 1039 1315 1042 1316 1040 1316 2 1316 1043 1317 2 1317 1041 1317 1044 1318 1042 1318 2 1318 1045 1319 2 1319 1043 1319 1046 1320 1044 1320 2 1320 1047 1321 2 1321 1045 1321 1048 1322 1046 1322 2 1322 1049 1323 2 1323 1047 1323 1050 1324 1048 1324 2 1324 1051 1325 2 1325 1049 1325 1052 1326 1050 1326 2 1326 1053 1327 2 1327 1051 1327 1054 1328 1052 1328 2 1328 1055 1329 2 1329 1053 1329 1056 1330 1054 1330 2 1330 1057 1331 2 1331 1055 1331 1058 1332 1056 1332 2 1332 1059 1333 2 1333 1057 1333 1060 1334 1058 1334 2 1334 1061 1335 2 1335 1059 1335 1062 1336 2 1336 1036 1336 1062 1337 1060 1337 2 1337 1063 1338 2 1338 1061 1338 1064 1339 1062 1339 1036 1339 1065 1340 2 1340 1063 1340 1066 1341 1064 1341 1036 1341 1067 1342 2 1342 1065 1342 1068 1343 1066 1343 1036 1343 1069 1344 1068 1344 1036 1344 1070 1345 1069 1345 1036 1345 1071 1346 1070 1346 1036 1346 1072 1347 1071 1347 1036 1347 1073 1348 1072 1348 1036 1348 1074 1349 1073 1349 1036 1349 1075 1350 1074 1350 1036 1350 1076 1351 1075 1351 1036 1351 1077 1352 1078 1352 1079 1352 1080 1353 1078 1353 1077 1353 1080 1354 1081 1354 1078 1354 1082 1355 1083 1355 1084 1355 1085 1356 1083 1356 1082 1356 1085 1357 1080 1357 1083 1357 1085 1358 1082 1358 1086 1358 1087 1359 1081 1359 1080 1359 1087 1360 1080 1360 1085 1360 1088 1361 1081 1361 1087 1361 1089 1362 1081 1362 1088 1362 1089 1363 1088 1363 1090 1363 1089 1364 1090 1364 1091 1364 1089 1365 1091 1365 1092 1365 1093 1366 1081 1366 1089 1366 1093 1367 1089 1367 1094 1367 1095 1368 1093 1368 1096 1368 1097 1369 1081 1369 1093 1369 1097 1370 1095 1370 1098 1370 1097 1371 1093 1371 1095 1371 1099 1372 1100 1372 1101 1372 1102 1373 1099 1373 1103 1373 1102 1374 1100 1374 1099 1374 3 1375 1067 1375 1104 1375 3 1376 1104 1376 1105 1376 3 1377 1105 1377 1106 1377 3 1378 1106 1378 1107 1378 3 1379 1107 1379 1108 1379 3 1380 1108 1380 1109 1380 3 1381 1109 1381 1110 1381 3 1382 1110 1382 1111 1382 3 1383 1111 1383 1112 1383 3 1384 1112 1384 1113 1384 3 1385 1113 1385 1114 1385 3 1386 1114 1386 1115 1386 3 1387 1115 1387 1116 1387 3 1388 1116 1388 1117 1388 3 1389 1117 1389 1118 1389 3 1390 2 1390 1067 1390 3 1391 1118 1391 1119 1391 3 1392 1119 1392 1120 1392 3 1393 1120 1393 1121 1393 3 1394 1121 1394 1122 1394 3 1395 1122 1395 1123 1395 3 1396 1123 1396 1124 1396 3 1397 1124 1397 1125 1397 3 1398 1125 1398 1126 1398 3 1399 1126 1399 1127 1399 3 1400 1127 1400 1128 1400 3 1401 1128 1401 1129 1401 3 1402 1129 1402 1130 1402 3 1403 1130 1403 1131 1403 3 1404 1131 1404 1132 1404 3 1405 1132 1405 1133 1405 3 1406 1133 1406 1134 1406 3 1407 1134 1407 1135 1407 3 1408 1135 1408 1136 1408 3 1409 1136 1409 1137 1409 1138 1410 1139 1410 1140 1410 1141 1411 1138 1411 1140 1411 1142 1412 1139 1412 1138 1412 1142 1413 1143 1413 1144 1413 1142 1414 1144 1414 1139 1414 1145 1415 1141 1415 1140 1415 1145 1416 1140 1416 1146 1416 1145 1417 1146 1417 1147 1417 1148 1418 1143 1418 1142 1418 1149 1419 1145 1419 1147 1419 1150 1420 1143 1420 1148 1420 1150 1421 1151 1421 1143 1421 1152 1422 1076 1422 1036 1422 1152 1423 1149 1423 1147 1423 1152 1424 1147 1424 1076 1424 1153 1425 1151 1425 1150 1425 1153 1426 1154 1426 1151 1426 1155 1427 1152 1427 1036 1427 1155 1428 1036 1428 1081 1428 1156 1429 1154 1429 1153 1429 1156 1430 1157 1430 1158 1430 1156 1431 1158 1431 1154 1431 1159 1432 1155 1432 1081 1432 1160 1433 1100 1433 1102 1433 1160 1434 1097 1434 1100 1434 1161 1435 1157 1435 1156 1435 1161 1436 1162 1436 1157 1436 1163 1437 1159 1437 1081 1437 1164 1438 1162 1438 1161 1438 1165 1439 1163 1439 1081 1439 1166 1440 1167 1440 1162 1440 1166 1441 1162 1441 1164 1441 1168 1442 1165 1442 1081 1442 1169 1443 1097 1443 1160 1443 1170 1444 1167 1444 1166 1444 1170 1445 1171 1445 1167 1445 1172 1446 1168 1446 1081 1446 1173 1447 1174 1447 1171 1447 1173 1448 1171 1448 1170 1448 1175 1449 1172 1449 1081 1449 1176 1450 1177 1450 1178 1450 1176 1451 1178 1451 1174 1451 1176 1452 1174 1452 1173 1452 1179 1453 1175 1453 1081 1453 1180 1454 1177 1454 1176 1454 1181 1455 1179 1455 1081 1455 1182 1456 1169 1456 1183 1456 1182 1457 1097 1457 1169 1457 1184 1458 1177 1458 1180 1458 1184 1459 1185 1459 1177 1459 1186 1460 1181 1460 1081 1460 1187 1461 1188 1461 1185 1461 1187 1462 1185 1462 1184 1462 1189 1463 1097 1463 1182 1463 1190 1464 1186 1464 1081 1464 1191 1465 1188 1465 1187 1465 1191 1466 1192 1466 1188 1466 1193 1467 1190 1467 1081 1467 1194 1468 1097 1468 1189 1468 1194 1469 1081 1469 1097 1469 1195 1470 1192 1470 1191 1470 1195 1471 1196 1471 1197 1471 1195 1472 1197 1472 1192 1472 1198 1473 1193 1473 1081 1473 1198 1474 1081 1474 1194 1474 1199 1475 1196 1475 1195 1475 1200 1476 1198 1476 1194 1476 1201 1477 1202 1477 1196 1477 1201 1478 1196 1478 1199 1478 1203 1479 1200 1479 1194 1479 1204 1480 1205 1480 1202 1480 1204 1481 1202 1481 1201 1481 1206 1482 1203 1482 1194 1482 1207 1483 1205 1483 1204 1483 1207 1484 1208 1484 1205 1484 1209 1485 1206 1485 1194 1485 1210 1486 1208 1486 1207 1486 1210 1487 1211 1487 1208 1487 1212 1488 1209 1488 1194 1488 1213 1489 1211 1489 1210 1489 1213 1490 1214 1490 1211 1490 1215 1491 1212 1491 1194 1491 1216 1492 1214 1492 1213 1492 1216 1493 1217 1493 1214 1493 1218 1494 1215 1494 1194 1494 1219 1495 1217 1495 1216 1495 1219 1496 1220 1496 1221 1496 1219 1497 1221 1497 1217 1497 1222 1498 1218 1498 1194 1498 1223 1499 1220 1499 1219 1499 1224 1500 1222 1500 1194 1500 1225 1501 1226 1501 1220 1501 1225 1502 1220 1502 1223 1502 1227 1503 1224 1503 1194 1503 1228 1504 1229 1504 1230 1504 1228 1505 1230 1505 1226 1505 1228 1506 1226 1506 1225 1506 1231 1507 1227 1507 1194 1507 1232 1508 1229 1508 1228 1508 1233 1509 1231 1509 1194 1509 1234 1510 1235 1510 1229 1510 1234 1511 1229 1511 1232 1511 1236 1512 1233 1512 1194 1512 1237 1513 1235 1513 1234 1513 1237 1514 1238 1514 1235 1514 1239 1515 1236 1515 1194 1515 1240 1516 1241 1516 1238 1516 1240 1517 1238 1517 1237 1517 1242 1518 1239 1518 1194 1518 1243 1519 1244 1519 1241 1519 1243 1520 1241 1520 1240 1520 1245 1521 1242 1521 1194 1521 1246 1522 3 1522 1137 1522 1246 1523 1137 1523 1244 1523 1246 1524 1244 1524 1243 1524 1247 1525 1245 1525 1194 1525 1248 1526 3 1526 1246 1526 1249 1527 1247 1527 1194 1527 1250 1528 3 1528 1248 1528 1251 1529 1249 1529 1194 1529 1252 1530 1251 1530 1194 1530 1253 1531 1252 1531 1194 1531 1254 1532 1253 1532 1194 1532 1255 1533 1254 1533 1194 1533 1256 1534 1255 1534 1194 1534 954 1535 1250 1535 1257 1535 954 1536 1257 1536 1258 1536 954 1537 1258 1537 1259 1537 954 1538 1259 1538 1260 1538 954 1539 1260 1539 1261 1539 954 1540 1261 1540 1262 1540 954 1541 1262 1541 1263 1541 954 1542 1263 1542 1264 1542 954 1543 1264 1543 1265 1543 954 1544 1265 1544 1266 1544 954 1545 1266 1545 1267 1545 954 1546 1267 1546 1268 1546 954 1547 1268 1547 1269 1547 954 1548 1269 1548 1270 1548 954 1549 1270 1549 1271 1549 954 1550 1271 1550 1272 1550 954 1551 1272 1551 1273 1551 954 1552 1273 1552 1274 1552 954 1553 1274 1553 1275 1553 954 1554 1275 1554 1276 1554 954 1555 1276 1555 1277 1555 954 1556 1277 1556 1278 1556 954 1557 1278 1557 1279 1557 954 1558 1279 1558 1280 1558 954 1559 1280 1559 1281 1559 954 1560 1281 1560 1282 1560 954 1561 1282 1561 1283 1561 954 1562 1283 1562 1284 1562 954 1563 1284 1563 1285 1563 954 1564 1285 1564 1286 1564 954 1565 3 1565 1250 1565 953 1566 1287 1566 1288 1566 972 1567 953 1567 1288 1567 972 1568 954 1568 953 1568 1194 1569 954 1569 1289 1569 1289 1570 954 1570 1290 1570 1290 1571 954 1571 1291 1571 1291 1572 954 1572 1286 1572 1194 1573 1289 1573 1256 1573 972 1574 3 1574 954 1574 0 1575 1292 1575 1293 1575 1293 1576 1294 1576 0 1576 0 1577 1295 1577 1292 1577 1294 1578 1296 1578 0 1578 0 1579 1297 1579 1295 1579 1296 1580 1298 1580 0 1580 0 1581 1299 1581 1297 1581 1298 1582 1300 1582 0 1582 0 1583 1301 1583 1299 1583 1300 1584 1302 1584 0 1584 0 1585 1303 1585 1301 1585 1302 1586 1304 1586 0 1586 0 1587 1305 1587 1303 1587 1304 1588 1306 1588 0 1588 0 1589 1307 1589 1305 1589 1306 1590 1308 1590 0 1590 0 1591 1309 1591 1307 1591 1308 1592 1310 1592 0 1592 0 1593 1311 1593 1309 1593 1310 1594 1312 1594 0 1594 0 1595 1313 1595 1311 1595 1312 1596 1314 1596 0 1596 0 1597 1315 1597 1313 1597 1314 1598 1316 1598 0 1598 0 1599 1317 1599 1315 1599 1316 1600 1318 1600 0 1600 0 1601 1319 1601 1317 1601 1318 1602 1320 1602 0 1602 0 1603 1321 1603 1319 1603 1320 1604 1322 1604 0 1604 0 1605 1323 1605 1321 1605 0 1606 1324 1606 1323 1606 0 1607 1325 1607 1324 1607 0 1608 1326 1608 1325 1608 0 1609 1327 1609 1326 1609 1322 1610 1 1610 0 1610 1328 1611 1 1611 1329 1611 1329 1612 1 1612 1330 1612 1330 1613 1 1613 1331 1613 1331 1614 1 1614 1332 1614 1332 1615 1 1615 1333 1615 1333 1616 1 1616 1334 1616 1334 1617 1 1617 1335 1617 1335 1618 1 1618 1336 1618 1336 1619 1 1619 1337 1619 1337 1620 1 1620 1338 1620 1338 1621 1 1621 1339 1621 1339 1622 1 1622 1340 1622 1340 1623 1 1623 1341 1623 1341 1624 1 1624 1342 1624 1342 1625 1 1625 1343 1625 1343 1626 1 1626 1344 1626 1344 1627 1 1627 1345 1627 1345 1628 1 1628 1346 1628 1346 1629 1 1629 1347 1629 1347 1630 1 1630 1348 1630 1348 1631 1 1631 1349 1631 1349 1632 1 1632 1350 1632 1350 1633 1 1633 1351 1633 1351 1634 1 1634 1352 1634 1352 1635 1 1635 1322 1635 1 1636 1353 1636 1354 1636 1 1637 1355 1637 1353 1637 1 1638 1356 1638 1355 1638 1 1639 1357 1639 1356 1639 1357 1640 1358 1640 1359 1640 1357 1641 1360 1641 1358 1641 1360 1642 1361 1642 1362 1642 1357 1643 1361 1643 1360 1643 1361 1644 1363 1644 1364 1644 1364 1645 1363 1645 1365 1645 1357 1646 1366 1646 1361 1646 1361 1647 1366 1647 1363 1647 1367 1648 1368 1648 1369 1648 1366 1649 1370 1649 1367 1649 1367 1650 1370 1650 1368 1650 1370 1651 1371 1651 1372 1651 1366 1652 1371 1652 1370 1652 1373 1653 1374 1653 1375 1653 1373 1654 1376 1654 1374 1654 1366 1655 1377 1655 1371 1655 1374 1656 1378 1656 1375 1656 1375 1657 1378 1657 1379 1657 1380 1658 1381 1658 1373 1658 1373 1659 1381 1659 1376 1659 1379 1660 1382 1660 1383 1660 1378 1661 1382 1661 1379 1661 1380 1662 1384 1662 1381 1662 1385 1663 1384 1663 1386 1663 1386 1664 1384 1664 1380 1664 1382 1665 1387 1665 1383 1665 1383 1666 1387 1666 1388 1666 1385 1667 1389 1667 1384 1667 1388 1668 1390 1668 1391 1668 1387 1669 1390 1669 1388 1669 1392 1670 1393 1670 1394 1670 1394 1671 1393 1671 1385 1671 1385 1672 1393 1672 1389 1672 1391 1673 1395 1673 1396 1673 1390 1674 1395 1674 1391 1674 1392 1675 1397 1675 1393 1675 1396 1676 1398 1676 1399 1676 1395 1677 1398 1677 1396 1677 1400 1678 1401 1678 1392 1678 1392 1679 1401 1679 1397 1679 1366 1680 1402 1680 1377 1680 1399 1681 1403 1681 1404 1681 1398 1682 1403 1682 1399 1682 1327 1683 1405 1683 1400 1683 0 1684 1405 1684 1327 1684 1400 1685 1405 1685 1401 1685 1404 1686 1406 1686 1407 1686 1407 1687 1406 1687 1408 1687 1403 1688 1406 1688 1404 1688 0 1689 1409 1689 1405 1689 1406 1690 1410 1690 1408 1690 0 1691 1411 1691 1409 1691 1408 1692 1412 1692 1413 1692 1410 1693 1412 1693 1408 1693 1412 1694 1414 1694 1413 1694 1413 1695 1414 1695 1415 1695 1415 1696 1416 1696 1417 1696 1414 1697 1416 1697 1415 1697 1366 1698 1418 1698 1402 1698 1402 1699 1418 1699 1419 1699 1417 1700 1420 1700 1421 1700 1416 1701 1420 1701 1417 1701 1421 1702 1422 1702 1423 1702 1420 1703 1422 1703 1421 1703 1423 1704 1424 1704 1425 1704 1422 1705 1424 1705 1423 1705 1418 1706 1426 1706 1427 1706 1366 1707 1426 1707 1418 1707 1357 1708 1426 1708 1366 1708 1425 1709 1428 1709 1429 1709 1424 1710 1428 1710 1425 1710 1429 1711 1430 1711 1431 1711 1428 1712 1430 1712 1429 1712 1431 1713 1432 1713 1433 1713 1430 1714 1432 1714 1431 1714 1426 1715 1434 1715 1435 1715 1433 1716 1436 1716 1437 1716 1432 1717 1436 1717 1433 1717 1437 1718 1438 1718 1439 1718 1436 1719 1438 1719 1437 1719 1439 1720 1440 1720 1441 1720 1438 1721 1440 1721 1439 1721 1434 1722 1442 1722 1443 1722 1441 1723 1444 1723 1445 1723 1440 1724 1444 1724 1441 1724 1444 1725 1446 1725 1445 1725 1445 1726 1446 1726 1447 1726 1434 1727 1448 1727 1442 1727 1442 1728 1448 1728 1449 1728 1450 1729 1448 1729 1451 1729 1452 1730 1448 1730 1328 1730 1451 1731 1448 1731 1453 1731 1453 1732 1448 1732 1454 1732 1454 1733 1448 1733 1455 1733 1455 1734 1448 1734 1456 1734 1456 1735 1448 1735 1457 1735 1457 1736 1448 1736 1458 1736 1458 1737 1448 1737 1459 1737 1459 1738 1448 1738 1460 1738 1460 1739 1448 1739 1452 1739 1426 1740 1448 1740 1434 1740 1 1741 1448 1741 1357 1741 1357 1742 1448 1742 1426 1742 1328 1743 1448 1743 1 1743 1446 1744 1461 1744 1447 1744 1447 1745 1461 1745 1462 1745 1461 1746 1463 1746 1462 1746 1462 1747 1463 1747 1464 1747 1463 1748 1465 1748 1464 1748 1464 1749 1465 1749 1466 1749 1466 1750 1467 1750 1468 1750 1465 1751 1467 1751 1466 1751 1468 1752 1469 1752 1470 1752 1467 1753 1469 1753 1468 1753 1470 1754 1471 1754 1472 1754 1469 1755 1471 1755 1470 1755 1472 1756 1473 1756 1474 1756 1471 1757 1473 1757 1472 1757 1411 1758 1004 1758 1475 1758 1475 1759 1004 1759 1476 1759 1476 1760 1004 1760 1477 1760 1477 1761 1004 1761 1478 1761 1478 1762 1004 1762 1479 1762 1479 1763 1004 1763 1480 1763 1480 1764 1004 1764 1481 1764 1481 1765 1004 1765 1482 1765 1482 1766 1004 1766 1483 1766 1483 1767 1004 1767 1484 1767 1484 1768 1004 1768 1485 1768 1485 1769 1004 1769 1486 1769 1486 1770 1004 1770 1487 1770 1487 1771 1004 1771 1488 1771 1488 1772 1004 1772 1489 1772 1489 1773 1004 1773 1490 1773 1490 1774 1004 1774 1491 1774 1491 1775 1004 1775 1492 1775 1492 1776 1004 1776 1493 1776 1493 1777 1004 1777 1494 1777 1494 1778 1004 1778 1495 1778 0 1779 1004 1779 1411 1779 1450 1780 1496 1780 1448 1780 1473 1781 1496 1781 1474 1781 1474 1782 1496 1782 1450 1782 1004 1783 1497 1783 1495 1783 1496 1784 1498 1784 1448 1784 1004 1785 1499 1785 1497 1785 1004 1786 1500 1786 1499 1786 1004 1787 1501 1787 1500 1787 1004 1788 1502 1788 1501 1788 1004 1789 1503 1789 1502 1789 1004 1790 1504 1790 1503 1790 1004 1791 1505 1791 1504 1791 1004 1792 1506 1792 1505 1792 1004 1793 1507 1793 1506 1793 1004 1794 1508 1794 1507 1794 1004 1795 1509 1795 1508 1795 1004 1796 1510 1796 1509 1796 1004 1797 1511 1797 1510 1797 1510 1798 1511 1798 1512 1798 1512 1799 1511 1799 1513 1799 1513 1800 1511 1800 1514 1800 1514 1801 1511 1801 1515 1801 1515 1802 1511 1802 1516 1802 1516 1803 1511 1803 1517 1803 1517 1804 1511 1804 1518 1804 1518 1805 1511 1805 1519 1805 1519 1806 1511 1806 1520 1806 1520 1807 1511 1807 1521 1807 1521 1808 1511 1808 1522 1808 1522 1809 1511 1809 1523 1809 1523 1810 1511 1810 1524 1810 1524 1811 1511 1811 1525 1811 1525 1812 1511 1812 1526 1812 1526 1813 1511 1813 1527 1813 1527 1814 1511 1814 1528 1814 1528 1815 1511 1815 1529 1815 1529 1816 1511 1816 1530 1816 1530 1817 1511 1817 1531 1817 1531 1818 1511 1818 1532 1818 1532 1819 1511 1819 1533 1819 1511 1820 1534 1820 1533 1820 1535 1821 1534 1821 1536 1821 1536 1822 1534 1822 1537 1822 1537 1823 1534 1823 1538 1823 1538 1824 1534 1824 1539 1824 1498 1825 1534 1825 1448 1825 1539 1826 1534 1826 1540 1826 1540 1827 1534 1827 1541 1827 1541 1828 1534 1828 1542 1828 1533 1829 1534 1829 1543 1829 1542 1830 1534 1830 1544 1830 1543 1831 1534 1831 1545 1831 1544 1832 1534 1832 1498 1832 1545 1833 1534 1833 1535 1833 1534 1834 1546 1834 1547 1834 1547 1835 1546 1835 1548 1835 1549 1836 1546 1836 1511 1836 1511 1837 1546 1837 1534 1837 1550 1838 1551 1838 1546 1838 1551 1839 1552 1839 1546 1839 1548 1840 1552 1840 1553 1840 1553 1841 1552 1841 1554 1841 1554 1842 1552 1842 1555 1842 1546 1843 1552 1843 1548 1843 1552 1844 1556 1844 1555 1844 1555 1845 1556 1845 1557 1845 1557 1846 1556 1846 1558 1846 1558 1847 1556 1847 1559 1847 1560 1848 1556 1848 1561 1848 1561 1849 1556 1849 1552 1849 1562 1850 1563 1850 1564 1850 1556 1851 1565 1851 1559 1851 1563 1852 1565 1852 1564 1852 1559 1853 1565 1853 1566 1853 1566 1854 1565 1854 1567 1854 1564 1855 1565 1855 1556 1855 1567 1856 1568 1856 1569 1856 1569 1857 1568 1857 1570 1857 1570 1858 1568 1858 1571 1858 1565 1859 1572 1859 1567 1859 1567 1860 1572 1860 1568 1860 1568 1861 1572 1861 1573 1861 1574 1862 1572 1862 1575 1862 1575 1863 1572 1863 1576 1863 1576 1864 1572 1864 1565 1864 1033 1865 1 1865 1354 1865 1033 1866 2 1866 1 1866 1034 1867 1354 1867 1353 1867 1034 1868 1033 1868 1354 1868 1035 1869 1353 1869 1355 1869 1035 1870 1034 1870 1353 1870 1027 1871 1355 1871 1356 1871 1027 1872 1035 1872 1355 1872 1028 1873 1356 1873 1357 1873 1028 1874 1027 1874 1356 1874 1023 1875 1357 1875 1359 1875 1023 1876 1028 1876 1357 1876 1024 1877 1359 1877 1358 1877 1024 1878 1023 1878 1359 1878 1019 1879 1358 1879 1360 1879 1019 1880 1024 1880 1358 1880 1020 1881 1019 1881 1360 1881 1020 1882 1360 1882 1362 1882 1021 1883 1362 1883 1361 1883 1021 1884 1020 1884 1362 1884 1012 1885 1361 1885 1364 1885 1012 1886 1021 1886 1361 1886 1005 1887 1364 1887 1365 1887 1005 1888 1012 1888 1364 1888 1006 1889 1365 1889 1363 1889 1006 1890 1005 1890 1365 1890 1007 1891 1363 1891 1366 1891 1007 1892 1006 1892 1363 1892 1013 1893 1366 1893 1367 1893 1013 1894 1007 1894 1366 1894 1014 1895 1367 1895 1369 1895 1014 1896 1013 1896 1367 1896 1016 1897 1369 1897 1368 1897 1016 1898 1014 1898 1369 1898 1009 1899 1368 1899 1370 1899 1009 1900 1370 1900 1372 1900 1009 1901 1016 1901 1368 1901 1010 1902 1009 1902 1372 1902 1011 1903 1372 1903 1371 1903 1011 1904 1010 1904 1372 1904 1008 1905 1371 1905 1377 1905 1008 1906 1377 1906 1402 1906 1008 1907 1011 1907 1371 1907 1015 1908 1008 1908 1402 1908 1018 1909 1402 1909 1419 1909 1018 1910 1015 1910 1402 1910 1017 1911 1419 1911 1418 1911 1017 1912 1018 1912 1419 1912 1022 1913 1418 1913 1427 1913 1022 1914 1017 1914 1418 1914 1026 1915 1427 1915 1426 1915 1026 1916 1022 1916 1427 1916 1025 1917 1426 1917 1435 1917 1025 1918 1026 1918 1426 1918 1030 1919 1435 1919 1434 1919 1030 1920 1434 1920 1443 1920 1030 1921 1025 1921 1435 1921 1029 1922 1443 1922 1442 1922 1029 1923 1030 1923 1443 1923 1032 1924 1029 1924 1442 1924 1031 1925 1442 1925 1449 1925 1031 1926 1032 1926 1442 1926 1036 1927 1449 1927 1448 1927 1036 1928 1031 1928 1449 1928 505 1929 506 1929 780 1929 780 1930 504 1930 505 1930 506 1931 507 1931 780 1931 780 1932 503 1932 504 1932 507 1933 508 1933 780 1933 780 1934 502 1934 503 1934 508 1935 509 1935 780 1935 780 1936 501 1936 502 1936 509 1937 510 1937 780 1937 780 1938 500 1938 501 1938 510 1939 511 1939 780 1939 780 1940 499 1940 500 1940 511 1941 512 1941 780 1941 780 1942 498 1942 499 1942 780 1943 513 1943 613 1943 512 1944 513 1944 780 1944 780 1945 497 1945 498 1945 513 1946 514 1946 613 1946 780 1947 496 1947 497 1947 514 1948 515 1948 613 1948 780 1949 495 1949 496 1949 515 1950 516 1950 613 1950 780 1951 494 1951 495 1951 516 1952 517 1952 613 1952 780 1953 493 1953 494 1953 517 1954 518 1954 613 1954 780 1955 492 1955 493 1955 518 1956 519 1956 613 1956 780 1957 491 1957 492 1957 519 1958 520 1958 613 1958 520 1959 353 1959 613 1959 353 1960 707 1960 613 1960 353 1961 403 1961 707 1961 780 1962 489 1962 490 1962 780 1963 490 1963 491 1963 390 1964 746 1964 426 1964 733 1965 746 1965 390 1965 426 1966 745 1966 425 1966 746 1967 745 1967 426 1967 425 1968 748 1968 431 1968 745 1969 748 1969 425 1969 431 1970 749 1970 430 1970 748 1971 749 1971 431 1971 430 1972 747 1972 436 1972 749 1973 747 1973 430 1973 436 1974 757 1974 437 1974 747 1975 757 1975 436 1975 437 1976 756 1976 435 1976 757 1977 756 1977 437 1977 435 1978 767 1978 439 1978 756 1979 767 1979 435 1979 767 1980 760 1980 439 1980 439 1981 760 1981 438 1981 438 1982 759 1982 440 1982 760 1983 759 1983 438 1983 440 1984 758 1984 441 1984 759 1985 758 1985 440 1985 441 1986 768 1986 451 1986 758 1987 768 1987 441 1987 451 1988 766 1988 452 1988 768 1989 766 1989 451 1989 452 1990 769 1990 453 1990 766 1991 769 1991 452 1991 453 1992 774 1992 450 1992 769 1993 774 1993 453 1993 450 1994 773 1994 455 1994 774 1995 773 1995 450 1995 455 1996 775 1996 454 1996 773 1997 775 1997 455 1997 454 1998 770 1998 448 1998 448 1999 770 1999 449 1999 775 2000 770 2000 454 2000 770 2001 772 2001 449 2001 449 2002 771 2002 446 2002 772 2003 771 2003 449 2003 446 2004 761 2004 442 2004 442 2005 761 2005 443 2005 771 2006 761 2006 446 2006 761 2007 763 2007 443 2007 443 2008 762 2008 444 2008 763 2009 762 2009 443 2009 444 2010 764 2010 445 2010 762 2011 764 2011 444 2011 445 2012 765 2012 447 2012 764 2013 765 2013 445 2013 447 2014 753 2014 433 2014 765 2015 753 2015 447 2015 433 2016 750 2016 434 2016 753 2017 750 2017 433 2017 434 2018 752 2018 432 2018 432 2019 752 2019 427 2019 750 2020 752 2020 434 2020 427 2021 751 2021 428 2021 752 2022 751 2022 427 2022 751 2023 754 2023 428 2023 428 2024 755 2024 429 2024 754 2025 755 2025 428 2025 429 2026 707 2026 403 2026 755 2027 707 2027 429 2027 733 2028 390 2028 326 2028 733 2029 326 2029 488 2029 197 2030 195 2030 547 2030 547 2031 195 2031 546 2031 546 2032 193 2032 544 2032 195 2033 193 2033 546 2033 544 2034 191 2034 542 2034 542 2035 191 2035 540 2035 193 2036 191 2036 544 2036 191 2037 189 2037 540 2037 540 2038 187 2038 538 2038 189 2039 187 2039 540 2039 538 2040 185 2040 536 2040 187 2041 185 2041 538 2041 536 2042 183 2042 534 2042 534 2043 183 2043 532 2043 185 2044 183 2044 536 2044 183 2045 181 2045 532 2045 532 2046 179 2046 530 2046 181 2047 179 2047 532 2047 530 2048 177 2048 528 2048 179 2049 177 2049 530 2049 528 2050 175 2050 526 2050 177 2051 175 2051 528 2051 526 2052 173 2052 524 2052 175 2053 173 2053 526 2053 524 2054 170 2054 521 2054 173 2055 170 2055 524 2055 521 2056 171 2056 522 2056 522 2057 171 2057 523 2057 170 2058 171 2058 521 2058 523 2059 172 2059 525 2059 171 2060 172 2060 523 2060 172 2061 174 2061 525 2061 525 2062 176 2062 527 2062 174 2063 176 2063 525 2063 527 2064 178 2064 529 2064 529 2065 178 2065 531 2065 176 2066 178 2066 527 2066 178 2067 180 2067 531 2067 531 2068 182 2068 533 2068 533 2069 182 2069 535 2069 180 2070 182 2070 531 2070 182 2071 184 2071 535 2071 184 2072 186 2072 535 2072 535 2073 186 2073 537 2073 537 2074 186 2074 539 2074 186 2075 188 2075 539 2075 188 2076 190 2076 539 2076 539 2077 190 2077 541 2077 190 2078 192 2078 541 2078 541 2079 192 2079 543 2079 192 2080 194 2080 543 2080 543 2081 194 2081 545 2081 545 2082 194 2082 583 2082 194 2083 196 2083 583 2083 583 2084 196 2084 556 2084 196 2085 198 2085 556 2085 556 2086 198 2086 557 2086 198 2087 200 2087 557 2087 557 2088 229 2088 558 2088 200 2089 229 2089 557 2089 558 2090 230 2090 559 2090 559 2091 230 2091 560 2091 229 2092 230 2092 558 2092 230 2093 207 2093 560 2093 560 2094 206 2094 561 2094 561 2095 206 2095 562 2095 207 2096 206 2096 560 2096 206 2097 208 2097 562 2097 562 2098 209 2098 563 2098 563 2099 209 2099 564 2099 208 2100 209 2100 562 2100 209 2101 210 2101 564 2101 564 2102 211 2102 565 2102 210 2103 211 2103 564 2103 565 2104 212 2104 566 2104 211 2105 212 2105 565 2105 566 2106 213 2106 567 2106 212 2107 213 2107 566 2107 567 2108 214 2108 568 2108 568 2109 214 2109 569 2109 213 2110 214 2110 567 2110 214 2111 215 2111 569 2111 569 2112 216 2112 570 2112 570 2113 216 2113 571 2113 215 2114 216 2114 569 2114 216 2115 217 2115 571 2115 571 2116 218 2116 572 2116 572 2117 218 2117 573 2117 217 2118 218 2118 571 2118 218 2119 219 2119 573 2119 573 2120 219 2120 574 2120 219 2121 220 2121 574 2121 220 2122 221 2122 574 2122 574 2123 221 2123 575 2123 575 2124 221 2124 576 2124 221 2125 222 2125 576 2125 576 2126 222 2126 577 2126 222 2127 223 2127 577 2127 577 2128 223 2128 578 2128 223 2129 224 2129 578 2129 224 2130 225 2130 578 2130 578 2131 225 2131 579 2131 225 2132 226 2132 579 2132 579 2133 226 2133 580 2133 580 2134 226 2134 581 2134 226 2135 227 2135 581 2135 227 2136 228 2136 581 2136 581 2137 228 2137 582 2137 228 2138 327 2138 582 2138 582 2139 327 2139 663 2139 663 2140 327 2140 664 2140 327 2141 328 2141 664 2141 664 2142 328 2142 665 2142 328 2143 329 2143 665 2143 329 2144 330 2144 665 2144 665 2145 330 2145 666 2145 330 2146 331 2146 666 2146 666 2147 331 2147 667 2147 331 2148 332 2148 667 2148 667 2149 332 2149 668 2149 332 2150 333 2150 668 2150 668 2151 333 2151 669 2151 669 2152 334 2152 670 2152 333 2153 334 2153 669 2153 670 2154 335 2154 671 2154 334 2155 335 2155 670 2155 671 2156 336 2156 672 2156 672 2157 336 2157 673 2157 335 2158 336 2158 671 2158 673 2159 337 2159 692 2159 336 2160 337 2160 673 2160 337 2161 351 2161 692 2161 692 2162 350 2162 689 2162 689 2163 350 2163 683 2163 351 2164 350 2164 692 2164 350 2165 347 2165 683 2165 683 2166 345 2166 684 2166 347 2167 345 2167 683 2167 345 2168 344 2168 684 2168 684 2169 344 2169 680 2169 344 2170 341 2170 680 2170 680 2171 341 2171 677 2171 677 2172 341 2172 660 2172 341 2173 340 2173 660 2173 340 2174 325 2174 660 2174 660 2175 325 2175 661 2175 325 2176 323 2176 661 2176 661 2177 323 2177 655 2177 323 2178 320 2178 655 2178 655 2179 320 2179 651 2179 320 2180 316 2180 651 2180 651 2181 316 2181 652 2181 316 2182 314 2182 652 2182 652 2183 314 2183 648 2183 314 2184 312 2184 648 2184 648 2185 312 2185 645 2185 312 2186 308 2186 645 2186 645 2187 308 2187 639 2187 308 2188 305 2188 639 2188 639 2189 305 2189 640 2189 640 2190 305 2190 636 2190 305 2191 304 2191 636 2191 304 2192 299 2192 636 2192 636 2193 299 2193 630 2193 299 2194 297 2194 630 2194 630 2195 297 2195 631 2195 297 2196 296 2196 631 2196 631 2197 296 2197 627 2197 296 2198 294 2198 627 2198 627 2199 294 2199 624 2199 624 2200 294 2200 618 2200 294 2201 288 2201 618 2201 288 2202 287 2202 618 2202 618 2203 287 2203 619 2203 287 2204 284 2204 619 2204 619 2205 284 2205 615 2205 284 2206 281 2206 615 2206 615 2207 281 2207 611 2207 611 2208 281 2208 605 2208 605 2209 274 2209 606 2209 281 2210 274 2210 605 2210 274 2211 273 2211 606 2211 606 2212 270 2212 598 2212 598 2213 270 2213 593 2213 273 2214 270 2214 606 2214 270 2215 266 2215 593 2215 593 2216 261 2216 594 2216 594 2217 261 2217 589 2217 266 2218 261 2218 593 2218 261 2219 257 2219 589 2219 589 2220 251 2220 586 2220 257 2221 251 2221 589 2221 586 2222 253 2222 587 2222 251 2223 253 2223 586 2223 587 2224 259 2224 591 2224 253 2225 259 2225 587 2225 591 2226 263 2226 596 2226 259 2227 263 2227 591 2227 596 2228 264 2228 600 2228 263 2229 264 2229 596 2229 600 2230 268 2230 603 2230 264 2231 268 2231 600 2231 603 2232 276 2232 555 2232 555 2233 276 2233 554 2233 268 2234 276 2234 603 2234 276 2235 279 2235 554 2235 554 2236 205 2236 553 2236 279 2237 205 2237 554 2237 553 2238 204 2238 552 2238 552 2239 204 2239 551 2239 205 2240 204 2240 553 2240 204 2241 203 2241 551 2241 551 2242 202 2242 550 2242 203 2243 202 2243 551 2243 550 2244 201 2244 549 2244 549 2245 201 2245 548 2245 202 2246 201 2246 550 2246 201 2247 199 2247 548 2247 548 2248 197 2248 547 2248 199 2249 197 2249 548 2249 364 2250 363 2250 632 2250 632 2251 363 2251 628 2251 628 2252 366 2252 625 2252 363 2253 366 2253 628 2253 625 2254 368 2254 622 2254 366 2255 368 2255 625 2255 622 2256 289 2256 620 2256 368 2257 289 2257 622 2257 620 2258 285 2258 616 2258 616 2259 285 2259 612 2259 289 2260 285 2260 620 2260 285 2261 282 2261 612 2261 612 2262 278 2262 609 2262 282 2263 278 2263 612 2263 609 2264 275 2264 607 2264 278 2265 275 2265 609 2265 607 2266 271 2266 602 2266 275 2267 271 2267 607 2267 602 2268 267 2268 599 2268 599 2269 267 2269 595 2269 271 2270 267 2270 602 2270 595 2271 262 2271 590 2271 267 2272 262 2272 595 2272 262 2273 258 2273 590 2273 590 2274 250 2274 584 2274 584 2275 250 2275 585 2275 258 2276 250 2276 590 2276 250 2277 252 2277 585 2277 585 2278 256 2278 588 2278 588 2279 256 2279 592 2279 252 2280 256 2280 585 2280 592 2281 260 2281 597 2281 256 2282 260 2282 592 2282 260 2283 265 2283 597 2283 597 2284 269 2284 601 2284 265 2285 269 2285 597 2285 601 2286 272 2286 604 2286 604 2287 272 2287 608 2287 269 2288 272 2288 601 2288 272 2289 277 2289 608 2289 608 2290 277 2290 610 2290 277 2291 280 2291 610 2291 280 2292 283 2292 610 2292 610 2293 283 2293 614 2293 283 2294 286 2294 614 2294 614 2295 286 2295 617 2295 286 2296 292 2296 617 2296 617 2297 292 2297 621 2297 292 2298 293 2298 621 2298 621 2299 293 2299 623 2299 623 2300 293 2300 626 2300 293 2301 295 2301 626 2301 626 2302 295 2302 629 2302 295 2303 298 2303 629 2303 298 2304 300 2304 629 2304 629 2305 300 2305 633 2305 633 2306 303 2306 635 2306 300 2307 303 2307 633 2307 635 2308 303 2308 638 2308 303 2309 307 2309 638 2309 638 2310 309 2310 642 2310 307 2311 309 2311 638 2311 642 2312 311 2312 644 2312 309 2313 311 2313 642 2313 644 2314 313 2314 647 2314 311 2315 313 2315 644 2315 647 2316 315 2316 650 2316 650 2317 315 2317 654 2317 313 2318 315 2318 647 2318 654 2319 319 2319 657 2319 315 2320 319 2320 654 2320 319 2321 322 2321 657 2321 657 2322 324 2322 659 2322 659 2323 324 2323 674 2323 322 2324 324 2324 657 2324 674 2325 339 2325 676 2325 324 2326 339 2326 674 2326 676 2327 342 2327 679 2327 339 2328 342 2328 676 2328 679 2329 343 2329 682 2329 342 2330 343 2330 679 2330 343 2331 346 2331 682 2331 682 2332 348 2332 686 2332 686 2333 348 2333 688 2333 346 2334 348 2334 682 2334 688 2335 349 2335 691 2335 348 2336 349 2336 688 2336 349 2337 352 2337 691 2337 352 2338 375 2338 691 2338 691 2339 375 2339 694 2339 375 2340 377 2340 694 2340 694 2341 377 2341 696 2341 377 2342 391 2342 696 2342 696 2343 391 2343 734 2343 734 2344 391 2344 735 2344 391 2345 392 2345 735 2345 392 2346 393 2346 735 2346 735 2347 393 2347 736 2347 393 2348 394 2348 736 2348 736 2349 394 2349 737 2349 737 2350 394 2350 738 2350 394 2351 395 2351 738 2351 395 2352 396 2352 738 2352 738 2353 396 2353 739 2353 396 2354 397 2354 739 2354 739 2355 397 2355 740 2355 740 2356 397 2356 741 2356 397 2357 398 2357 741 2357 398 2358 399 2358 741 2358 741 2359 399 2359 742 2359 399 2360 400 2360 742 2360 742 2361 400 2361 743 2361 743 2362 400 2362 744 2362 400 2363 401 2363 744 2363 401 2364 402 2364 744 2364 744 2365 402 2365 708 2365 402 2366 404 2366 708 2366 708 2367 404 2367 709 2367 404 2368 405 2368 709 2368 709 2369 405 2369 710 2369 405 2370 406 2370 710 2370 710 2371 406 2371 711 2371 711 2372 406 2372 712 2372 406 2373 407 2373 712 2373 712 2374 408 2374 713 2374 407 2375 408 2375 712 2375 713 2376 409 2376 714 2376 408 2377 409 2377 713 2377 714 2378 410 2378 715 2378 409 2379 410 2379 714 2379 715 2380 411 2380 716 2380 716 2381 411 2381 717 2381 410 2382 411 2382 715 2382 411 2383 412 2383 717 2383 717 2384 413 2384 718 2384 412 2385 413 2385 717 2385 718 2386 414 2386 719 2386 719 2387 414 2387 720 2387 413 2388 414 2388 718 2388 414 2389 415 2389 720 2389 415 2390 416 2390 720 2390 720 2391 416 2391 721 2391 416 2392 417 2392 721 2392 721 2393 417 2393 722 2393 417 2394 418 2394 722 2394 722 2395 418 2395 723 2395 418 2396 419 2396 723 2396 723 2397 419 2397 724 2397 419 2398 420 2398 724 2398 724 2399 420 2399 725 2399 420 2400 421 2400 725 2400 725 2401 421 2401 726 2401 726 2402 421 2402 727 2402 421 2403 422 2403 727 2403 422 2404 423 2404 727 2404 727 2405 423 2405 728 2405 423 2406 424 2406 728 2406 728 2407 424 2407 729 2407 424 2408 389 2408 729 2408 729 2409 389 2409 730 2409 389 2410 388 2410 730 2410 730 2411 388 2411 731 2411 731 2412 388 2412 732 2412 388 2413 387 2413 732 2413 387 2414 386 2414 732 2414 732 2415 386 2415 776 2415 386 2416 385 2416 776 2416 776 2417 385 2417 777 2417 777 2418 385 2418 778 2418 385 2419 384 2419 778 2419 778 2420 384 2420 702 2420 384 2421 383 2421 702 2421 383 2422 382 2422 702 2422 702 2423 382 2423 701 2423 382 2424 381 2424 701 2424 701 2425 381 2425 700 2425 381 2426 380 2426 700 2426 700 2427 380 2427 699 2427 698 2428 379 2428 697 2428 380 2429 379 2429 699 2429 699 2430 379 2430 698 2430 379 2431 378 2431 697 2431 697 2432 376 2432 695 2432 695 2433 376 2433 693 2433 378 2434 376 2434 697 2434 376 2435 355 2435 693 2435 693 2436 354 2436 690 2436 355 2437 354 2437 693 2437 354 2438 356 2438 690 2438 690 2439 356 2439 687 2439 687 2440 357 2440 685 2440 356 2441 357 2441 687 2441 685 2442 358 2442 681 2442 357 2443 358 2443 685 2443 681 2444 359 2444 678 2444 678 2445 359 2445 675 2445 358 2446 359 2446 681 2446 359 2447 360 2447 675 2447 675 2448 361 2448 662 2448 360 2449 361 2449 675 2449 662 2450 362 2450 658 2450 361 2451 362 2451 662 2451 658 2452 365 2452 656 2452 362 2453 365 2453 658 2453 656 2454 367 2454 653 2454 653 2455 367 2455 649 2455 365 2456 367 2456 656 2456 367 2457 369 2457 649 2457 649 2458 370 2458 646 2458 646 2459 370 2459 643 2459 369 2460 370 2460 649 2460 643 2461 371 2461 641 2461 370 2462 371 2462 643 2462 371 2463 372 2463 641 2463 641 2464 373 2464 637 2464 372 2465 373 2465 641 2465 637 2466 374 2466 634 2466 373 2467 374 2467 637 2467 634 2468 364 2468 632 2468 374 2469 364 2469 634 2469 705 2470 703 2470 784 2470 1577 2471 784 2471 783 2471 1577 2472 705 2472 784 2472 1578 2473 783 2473 785 2473 1578 2474 1577 2474 783 2474 1579 2475 785 2475 789 2475 1579 2476 1578 2476 785 2476 1580 2477 789 2477 793 2477 1580 2478 1579 2478 789 2478 1581 2479 793 2479 792 2479 1581 2480 1580 2480 793 2480 1582 2481 792 2481 794 2481 1582 2482 1581 2482 792 2482 1583 2483 794 2483 797 2483 1583 2484 1582 2484 794 2484 1584 2485 1583 2485 797 2485 1585 2486 797 2486 795 2486 1585 2487 1584 2487 797 2487 1586 2488 795 2488 796 2488 1586 2489 1585 2489 795 2489 1587 2490 796 2490 790 2490 1587 2491 790 2491 791 2491 1587 2492 1586 2492 796 2492 1588 2493 791 2493 786 2493 1588 2494 1587 2494 791 2494 1589 2495 1588 2495 786 2495 1590 2496 786 2496 788 2496 1590 2497 788 2497 787 2497 1590 2498 1589 2498 786 2498 1591 2499 1590 2499 787 2499 1592 2500 1591 2500 787 2500 1592 2501 787 2501 781 2501 1593 2502 1592 2502 1695 2502 1592 2503 1590 2503 1591 2503 1590 2504 1588 2504 1589 2504 1588 2505 1586 2505 1587 2505 1592 2506 1586 2506 1590 2506 1590 2507 1586 2507 1588 2507 1592 2508 1585 2508 1586 2508 1583 2509 1581 2509 1582 2509 1584 2510 1581 2510 1583 2510 1585 2511 1581 2511 1584 2511 1592 2512 1581 2512 1585 2512 1581 2513 1579 2513 1580 2513 1592 2514 1579 2514 1581 2514 1578 2515 705 2515 1577 2515 1579 2516 705 2516 1578 2516 1592 2517 705 2517 1579 2517 1593 2518 706 2518 1592 2518 1592 2519 706 2519 705 2519 920 2520 1594 2520 1287 2520 920 2521 1287 2521 953 2521 921 2522 1594 2522 920 2522 922 2523 1594 2523 921 2523 923 2524 1594 2524 922 2524 925 2525 1595 2525 1594 2525 925 2526 1594 2526 923 2526 926 2527 1596 2527 1595 2527 926 2528 1597 2528 1596 2528 926 2529 1595 2529 925 2529 927 2530 1598 2530 1597 2530 927 2531 1599 2531 1598 2531 927 2532 1597 2532 926 2532 929 2533 1600 2533 1599 2533 929 2534 1601 2534 1600 2534 929 2535 1599 2535 927 2535 930 2536 1602 2536 1601 2536 930 2537 1603 2537 1602 2537 930 2538 1604 2538 1603 2538 930 2539 1601 2539 929 2539 931 2540 1605 2540 1604 2540 931 2541 1606 2541 1605 2541 931 2542 1604 2542 930 2542 932 2543 1607 2543 1606 2543 932 2544 1608 2544 1607 2544 932 2545 1606 2545 931 2545 933 2546 1608 2546 932 2546 935 2547 1608 2547 933 2547 936 2548 1608 2548 935 2548 937 2549 1608 2549 936 2549 875 2550 1608 2550 937 2550 1609 2551 1608 2551 875 2551 873 2552 1609 2552 875 2552 1610 2553 1609 2553 873 2553 872 2554 1610 2554 873 2554 1611 2555 1610 2555 872 2555 870 2556 1611 2556 872 2556 1612 2557 1611 2557 870 2557 869 2558 1612 2558 870 2558 1613 2559 1612 2559 869 2559 868 2560 1613 2560 869 2560 1614 2561 1613 2561 868 2561 866 2562 1614 2562 868 2562 1615 2563 1614 2563 866 2563 865 2564 1615 2564 866 2564 1616 2565 1615 2565 865 2565 862 2566 1616 2566 865 2566 1617 2567 1616 2567 862 2567 861 2568 1617 2568 862 2568 1618 2569 1617 2569 861 2569 859 2570 1618 2570 861 2570 1619 2571 859 2571 858 2571 1619 2572 1618 2572 859 2572 1620 2573 858 2573 857 2573 1620 2574 1619 2574 858 2574 1621 2575 857 2575 856 2575 1621 2576 1620 2576 857 2576 1622 2577 856 2577 855 2577 1622 2578 1621 2578 856 2578 1623 2579 855 2579 854 2579 1623 2580 1622 2580 855 2580 1624 2581 854 2581 851 2581 1624 2582 1623 2582 854 2582 1625 2583 851 2583 850 2583 1625 2584 1624 2584 851 2584 1626 2585 850 2585 849 2585 1626 2586 1625 2586 850 2586 1627 2587 1626 2587 849 2587 1627 2588 849 2588 848 2588 1628 2589 1627 2589 848 2589 1628 2590 848 2590 845 2590 1629 2591 1628 2591 845 2591 1629 2592 845 2592 844 2592 1630 2593 1629 2593 844 2593 1630 2594 844 2594 843 2594 1631 2595 843 2595 842 2595 1631 2596 1630 2596 843 2596 1632 2597 842 2597 841 2597 1632 2598 1631 2598 842 2598 1633 2599 841 2599 840 2599 1633 2600 1632 2600 841 2600 779 2601 704 2601 706 2601 1634 2602 1633 2602 840 2602 1634 2603 840 2603 839 2603 1635 2604 1634 2604 839 2604 1635 2605 839 2605 838 2605 1636 2606 1635 2606 838 2606 1636 2607 838 2607 837 2607 1637 2608 1636 2608 837 2608 1637 2609 837 2609 836 2609 1593 2610 779 2610 706 2610 1593 2611 798 2611 779 2611 1593 2612 799 2612 798 2612 1593 2613 801 2613 799 2613 1593 2614 804 2614 801 2614 1638 2615 805 2615 804 2615 1638 2616 804 2616 1593 2616 1639 2617 805 2617 1638 2617 1640 2618 806 2618 805 2618 1640 2619 805 2619 1639 2619 1641 2620 1637 2620 836 2620 1641 2621 836 2621 835 2621 1642 2622 806 2622 1640 2622 1643 2623 807 2623 806 2623 1643 2624 806 2624 1642 2624 1644 2625 807 2625 1643 2625 1645 2626 809 2626 807 2626 1645 2627 807 2627 1644 2627 1646 2628 809 2628 1645 2628 1647 2629 1641 2629 835 2629 1647 2630 835 2630 834 2630 1648 2631 809 2631 1646 2631 1649 2632 810 2632 809 2632 1649 2633 809 2633 1648 2633 1650 2634 810 2634 1649 2634 1651 2635 811 2635 810 2635 1651 2636 810 2636 1650 2636 1652 2637 811 2637 1651 2637 1653 2638 812 2638 811 2638 1653 2639 813 2639 812 2639 1653 2640 814 2640 813 2640 1653 2641 815 2641 814 2641 1653 2642 816 2642 815 2642 1653 2643 811 2643 1652 2643 1654 2644 1647 2644 834 2644 1654 2645 834 2645 833 2645 1655 2646 831 2646 816 2646 1655 2647 816 2647 1653 2647 1656 2648 833 2648 832 2648 1656 2649 1654 2649 833 2649 1657 2650 1656 2650 832 2650 1657 2651 831 2651 1655 2651 1657 2652 832 2652 831 2652 1658 2653 939 2653 1659 2653 1659 2654 939 2654 956 2654 1658 2655 938 2655 939 2655 1658 2656 1660 2656 938 2656 1658 2657 940 2657 1660 2657 1658 2658 942 2658 940 2658 1658 2659 944 2659 942 2659 1658 2660 945 2660 944 2660 1738 2661 1661 2661 1658 2661 1662 2662 1661 2662 1738 2662 1739 2663 1661 2663 1662 2663 1663 2664 1661 2664 1739 2664 1740 2665 1661 2665 1663 2665 1741 2666 1661 2666 1740 2666 1664 2667 1661 2667 1741 2667 1665 2668 1661 2668 1664 2668 1742 2669 1661 2669 1665 2669 1658 2670 1661 2670 945 2670 1742 2671 947 2671 1661 2671 1743 2672 947 2672 1742 2672 1666 2673 947 2673 1743 2673 1744 2674 947 2674 1666 2674 1745 2675 947 2675 1744 2675 1667 2676 947 2676 1745 2676 1667 2677 948 2677 947 2677 1667 2678 949 2678 948 2678 1667 2679 950 2679 949 2679 1667 2680 1668 2680 950 2680 1668 2681 1669 2681 1670 2681 1670 2682 1669 2682 951 2682 1667 2683 1669 2683 1668 2683 1669 2684 919 2684 951 2684 1669 2685 917 2685 919 2685 1669 2686 1671 2686 917 2686 1671 2687 916 2687 917 2687 1671 2688 1672 2688 916 2688 1672 2689 914 2689 916 2689 1672 2690 1737 2690 914 2690 1737 2691 912 2691 914 2691 1737 2692 1673 2692 912 2692 1673 2693 910 2693 912 2693 1673 2694 1674 2694 910 2694 1674 2695 908 2695 910 2695 1674 2696 1675 2696 908 2696 1675 2697 906 2697 908 2697 1675 2698 1736 2698 906 2698 1736 2699 905 2699 906 2699 1736 2700 1676 2700 905 2700 1676 2701 903 2701 905 2701 903 2702 1677 2702 902 2702 1676 2703 1677 2703 903 2703 902 2704 1678 2704 901 2704 1677 2705 1678 2705 902 2705 901 2706 1679 2706 900 2706 1678 2707 1679 2707 901 2707 900 2708 1680 2708 899 2708 1679 2709 1680 2709 900 2709 899 2710 1681 2710 897 2710 1680 2711 1681 2711 899 2711 897 2712 1682 2712 895 2712 1681 2713 1682 2713 897 2713 895 2714 1735 2714 894 2714 1682 2715 1735 2715 895 2715 894 2716 1683 2716 893 2716 1735 2717 1683 2717 894 2717 1683 2718 1734 2718 893 2718 1734 2719 1684 2719 893 2719 893 2720 1684 2720 892 2720 1684 2721 1733 2721 892 2721 892 2722 1733 2722 891 2722 1733 2723 1685 2723 891 2723 891 2724 1685 2724 1686 2724 1685 2725 1687 2725 1686 2725 1686 2726 1687 2726 888 2726 1687 2727 1688 2727 888 2727 888 2728 1688 2728 887 2728 781 2729 782 2729 1592 2729 1688 2730 1689 2730 887 2730 887 2731 1689 2731 886 2731 1689 2732 1690 2732 886 2732 886 2733 1690 2733 885 2733 1690 2734 1691 2734 885 2734 885 2735 1691 2735 884 2735 1691 2736 1692 2736 884 2736 884 2737 1692 2737 883 2737 1692 2738 1693 2738 883 2738 883 2739 1693 2739 882 2739 1693 2740 1694 2740 882 2740 882 2741 1694 2741 881 2741 782 2742 1695 2742 1592 2742 817 2743 1695 2743 782 2743 818 2744 1695 2744 817 2744 819 2745 1695 2745 818 2745 820 2746 1695 2746 819 2746 821 2747 1695 2747 820 2747 822 2748 1695 2748 821 2748 823 2749 1695 2749 822 2749 823 2750 1696 2750 1695 2750 823 2751 1728 2751 1696 2751 823 2752 1697 2752 1728 2752 1694 2753 1698 2753 881 2753 881 2754 1698 2754 880 2754 823 2755 1729 2755 1697 2755 823 2756 1699 2756 1729 2756 823 2757 1700 2757 1699 2757 823 2758 1701 2758 1700 2758 823 2759 1702 2759 1701 2759 1698 2760 1703 2760 880 2760 880 2761 1703 2761 879 2761 824 2762 1704 2762 823 2762 823 2763 1704 2763 1702 2763 824 2764 1705 2764 1704 2764 824 2765 1706 2765 1705 2765 824 2766 1707 2766 1706 2766 824 2767 1708 2767 1707 2767 826 2768 1730 2768 824 2768 1709 2769 1730 2769 826 2769 827 2770 1730 2770 1709 2770 828 2771 1730 2771 827 2771 824 2772 1730 2772 1708 2772 1703 2773 1710 2773 879 2773 879 2774 1710 2774 878 2774 829 2775 1731 2775 828 2775 830 2776 1731 2776 829 2776 1711 2777 1731 2777 830 2777 828 2778 1731 2778 1730 2778 876 2779 1731 2779 1711 2779 878 2780 1712 2780 877 2780 1710 2781 1712 2781 878 2781 877 2782 1732 2782 876 2782 1712 2783 1732 2783 877 2783 876 2784 1732 2784 1731 2784 989 2785 988 2785 955 2785 987 2786 955 2786 988 2786 990 2787 989 2787 955 2787 986 2788 955 2788 987 2788 991 2789 990 2789 955 2789 985 2790 955 2790 986 2790 992 2791 991 2791 955 2791 984 2792 955 2792 985 2792 993 2793 992 2793 955 2793 983 2794 955 2794 984 2794 994 2795 993 2795 955 2795 982 2796 955 2796 983 2796 995 2797 994 2797 955 2797 981 2798 955 2798 982 2798 996 2799 955 2799 954 2799 996 2800 995 2800 955 2800 980 2801 955 2801 981 2801 997 2802 996 2802 954 2802 979 2803 955 2803 980 2803 998 2804 997 2804 954 2804 978 2805 955 2805 979 2805 999 2806 998 2806 954 2806 977 2807 955 2807 978 2807 1000 2808 999 2808 954 2808 976 2809 955 2809 977 2809 1001 2810 1000 2810 954 2810 975 2811 955 2811 976 2811 1002 2812 1001 2812 954 2812 974 2813 955 2813 975 2813 1003 2814 1002 2814 954 2814 1004 2815 1003 2815 954 2815 1194 2816 1004 2816 954 2816 1511 2817 1004 2817 1194 2817 952 2818 955 2818 973 2818 973 2819 955 2819 974 2819 971 2820 1288 2820 1713 2820 971 2821 972 2821 1288 2821 970 2822 1713 2822 1714 2822 970 2823 971 2823 1713 2823 967 2824 1714 2824 1715 2824 967 2825 970 2825 1714 2825 968 2826 1715 2826 1716 2826 968 2827 967 2827 1715 2827 969 2828 1716 2828 1717 2828 969 2829 968 2829 1716 2829 965 2830 1717 2830 1718 2830 965 2831 969 2831 1717 2831 966 2832 1718 2832 1719 2832 966 2833 965 2833 1718 2833 964 2834 1719 2834 1720 2834 964 2835 966 2835 1719 2835 963 2836 1720 2836 1721 2836 963 2837 964 2837 1720 2837 962 2838 1721 2838 1722 2838 962 2839 963 2839 1721 2839 961 2840 1722 2840 1723 2840 961 2841 962 2841 1722 2841 960 2842 1723 2842 1724 2842 960 2843 1724 2843 1725 2843 960 2844 961 2844 1723 2844 959 2845 960 2845 1725 2845 957 2846 1725 2846 1726 2846 957 2847 959 2847 1725 2847 958 2848 1726 2848 1727 2848 958 2849 957 2849 1726 2849 956 2850 958 2850 1727 2850 956 2851 1727 2851 1659 2851 1534 2852 1081 2852 1448 2852 1448 2853 1081 2853 1036 2853 1078 2854 1534 2854 1547 2854 1078 2855 1081 2855 1534 2855 1079 2856 1547 2856 1548 2856 1079 2857 1078 2857 1547 2857 1077 2858 1548 2858 1553 2858 1077 2859 1079 2859 1548 2859 1080 2860 1553 2860 1554 2860 1080 2861 1077 2861 1553 2861 1083 2862 1554 2862 1555 2862 1083 2863 1080 2863 1554 2863 1084 2864 1555 2864 1557 2864 1084 2865 1083 2865 1555 2865 1082 2866 1557 2866 1558 2866 1082 2867 1084 2867 1557 2867 1086 2868 1558 2868 1559 2868 1086 2869 1082 2869 1558 2869 1085 2870 1086 2870 1559 2870 1085 2871 1559 2871 1566 2871 1087 2872 1566 2872 1567 2872 1087 2873 1085 2873 1566 2873 1088 2874 1567 2874 1569 2874 1088 2875 1087 2875 1567 2875 1090 2876 1569 2876 1570 2876 1090 2877 1088 2877 1569 2877 1091 2878 1570 2878 1571 2878 1091 2879 1090 2879 1570 2879 1092 2880 1571 2880 1568 2880 1092 2881 1091 2881 1571 2881 1089 2882 1568 2882 1573 2882 1089 2883 1092 2883 1568 2883 1094 2884 1573 2884 1572 2884 1094 2885 1089 2885 1573 2885 1093 2886 1572 2886 1574 2886 1093 2887 1094 2887 1572 2887 1096 2888 1574 2888 1575 2888 1096 2889 1575 2889 1576 2889 1096 2890 1093 2890 1574 2890 1095 2891 1096 2891 1576 2891 1098 2892 1576 2892 1565 2892 1098 2893 1095 2893 1576 2893 1097 2894 1565 2894 1563 2894 1097 2895 1563 2895 1562 2895 1097 2896 1098 2896 1565 2896 1100 2897 1097 2897 1562 2897 1101 2898 1562 2898 1564 2898 1101 2899 1100 2899 1562 2899 1099 2900 1564 2900 1556 2900 1099 2901 1101 2901 1564 2901 1103 2902 1556 2902 1560 2902 1103 2903 1099 2903 1556 2903 1102 2904 1560 2904 1561 2904 1102 2905 1103 2905 1560 2905 1160 2906 1561 2906 1552 2906 1160 2907 1102 2907 1561 2907 1169 2908 1552 2908 1551 2908 1169 2909 1551 2909 1550 2909 1169 2910 1160 2910 1552 2910 1183 2911 1550 2911 1546 2911 1183 2912 1169 2912 1550 2912 1182 2913 1183 2913 1546 2913 1189 2914 1546 2914 1549 2914 1189 2915 1182 2915 1546 2915 1194 2916 1549 2916 1511 2916 1194 2917 1189 2917 1549 2917 1659 2918 1594 2918 1658 2918 1725 2919 1727 2919 1726 2919 1725 2920 1659 2920 1727 2920 1723 2921 1725 2921 1724 2921 1723 2922 1659 2922 1725 2922 1722 2923 1659 2923 1723 2923 1721 2924 1659 2924 1722 2924 1716 2925 1718 2925 1717 2925 1716 2926 1719 2926 1718 2926 1716 2927 1720 2927 1719 2927 1716 2928 1721 2928 1720 2928 1715 2929 1659 2929 1721 2929 1715 2930 1721 2930 1716 2930 1288 2931 1714 2931 1713 2931 1288 2932 1715 2932 1714 2932 1288 2933 1659 2933 1715 2933 1287 2934 1594 2934 1659 2934 1287 2935 1659 2935 1288 2935 1452 2936 1328 2936 1064 2936 1064 2937 1328 2937 1062 2937 1062 2938 1329 2938 1060 2938 1328 2939 1329 2939 1062 2939 1060 2940 1330 2940 1058 2940 1058 2941 1330 2941 1056 2941 1329 2942 1330 2942 1060 2942 1330 2943 1331 2943 1056 2943 1056 2944 1332 2944 1054 2944 1331 2945 1332 2945 1056 2945 1054 2946 1333 2946 1052 2946 1332 2947 1333 2947 1054 2947 1052 2948 1334 2948 1050 2948 1050 2949 1334 2949 1048 2949 1333 2950 1334 2950 1052 2950 1334 2951 1335 2951 1048 2951 1048 2952 1336 2952 1046 2952 1335 2953 1336 2953 1048 2953 1046 2954 1337 2954 1044 2954 1336 2955 1337 2955 1046 2955 1044 2956 1338 2956 1042 2956 1337 2957 1338 2957 1044 2957 1042 2958 1339 2958 1040 2958 1338 2959 1339 2959 1042 2959 1040 2960 1340 2960 1037 2960 1339 2961 1340 2961 1040 2961 1037 2962 1341 2962 1038 2962 1038 2963 1341 2963 1039 2963 1340 2964 1341 2964 1037 2964 1039 2965 1342 2965 1041 2965 1341 2966 1342 2966 1039 2966 1342 2967 1343 2967 1041 2967 1041 2968 1344 2968 1043 2968 1343 2969 1344 2969 1041 2969 1043 2970 1345 2970 1045 2970 1045 2971 1345 2971 1047 2971 1344 2972 1345 2972 1043 2972 1345 2973 1346 2973 1047 2973 1047 2974 1347 2974 1049 2974 1049 2975 1347 2975 1051 2975 1346 2976 1347 2976 1047 2976 1347 2977 1348 2977 1051 2977 1348 2978 1349 2978 1051 2978 1051 2979 1349 2979 1053 2979 1053 2980 1349 2980 1055 2980 1349 2981 1350 2981 1055 2981 1350 2982 1351 2982 1055 2982 1055 2983 1351 2983 1057 2983 1351 2984 1352 2984 1057 2984 1057 2985 1352 2985 1059 2985 1352 2986 1322 2986 1059 2986 1059 2987 1322 2987 1061 2987 1061 2988 1322 2988 1063 2988 1322 2989 1320 2989 1063 2989 1063 2990 1320 2990 1065 2990 1320 2991 1318 2991 1065 2991 1065 2992 1318 2992 1067 2992 1318 2993 1316 2993 1067 2993 1067 2994 1314 2994 1104 2994 1316 2995 1314 2995 1067 2995 1104 2996 1312 2996 1105 2996 1105 2997 1312 2997 1106 2997 1314 2998 1312 2998 1104 2998 1312 2999 1310 2999 1106 2999 1106 3000 1308 3000 1107 3000 1107 3001 1308 3001 1108 3001 1310 3002 1308 3002 1106 3002 1308 3003 1306 3003 1108 3003 1108 3004 1304 3004 1109 3004 1109 3005 1304 3005 1110 3005 1306 3006 1304 3006 1108 3006 1304 3007 1302 3007 1110 3007 1110 3008 1300 3008 1111 3008 1302 3009 1300 3009 1110 3009 1111 3010 1298 3010 1112 3010 1300 3011 1298 3011 1111 3011 1112 3012 1296 3012 1113 3012 1298 3013 1296 3013 1112 3013 1113 3014 1294 3014 1114 3014 1114 3015 1294 3015 1115 3015 1296 3016 1294 3016 1113 3016 1294 3017 1293 3017 1115 3017 1115 3018 1292 3018 1116 3018 1116 3019 1292 3019 1117 3019 1293 3020 1292 3020 1115 3020 1292 3021 1295 3021 1117 3021 1117 3022 1297 3022 1118 3022 1118 3023 1297 3023 1119 3023 1295 3024 1297 3024 1117 3024 1297 3025 1299 3025 1119 3025 1119 3026 1299 3026 1120 3026 1299 3027 1301 3027 1120 3027 1301 3028 1303 3028 1120 3028 1120 3029 1303 3029 1121 3029 1121 3030 1303 3030 1122 3030 1303 3031 1305 3031 1122 3031 1122 3032 1305 3032 1123 3032 1305 3033 1307 3033 1123 3033 1123 3034 1307 3034 1124 3034 1307 3035 1309 3035 1124 3035 1309 3036 1311 3036 1124 3036 1124 3037 1311 3037 1125 3037 1311 3038 1313 3038 1125 3038 1125 3039 1313 3039 1126 3039 1126 3040 1313 3040 1127 3040 1313 3041 1315 3041 1127 3041 1315 3042 1317 3042 1127 3042 1127 3043 1317 3043 1128 3043 1317 3044 1319 3044 1128 3044 1128 3045 1319 3045 1129 3045 1129 3046 1319 3046 1130 3046 1319 3047 1321 3047 1130 3047 1130 3048 1321 3048 1131 3048 1321 3049 1323 3049 1131 3049 1323 3050 1324 3050 1131 3050 1131 3051 1324 3051 1132 3051 1324 3052 1325 3052 1132 3052 1132 3053 1325 3053 1133 3053 1325 3054 1326 3054 1133 3054 1133 3055 1326 3055 1134 3055 1326 3056 1327 3056 1134 3056 1134 3057 1327 3057 1135 3057 1135 3058 1400 3058 1136 3058 1327 3059 1400 3059 1135 3059 1136 3060 1392 3060 1137 3060 1400 3061 1392 3061 1136 3061 1137 3062 1394 3062 1244 3062 1244 3063 1394 3063 1241 3063 1392 3064 1394 3064 1137 3064 1241 3065 1385 3065 1238 3065 1394 3066 1385 3066 1241 3066 1385 3067 1386 3067 1238 3067 1238 3068 1380 3068 1235 3068 1235 3069 1380 3069 1229 3069 1386 3070 1380 3070 1238 3070 1380 3071 1373 3071 1229 3071 1229 3072 1375 3072 1230 3072 1373 3073 1375 3073 1229 3073 1375 3074 1379 3074 1230 3074 1230 3075 1379 3075 1226 3075 1379 3076 1383 3076 1226 3076 1226 3077 1383 3077 1220 3077 1220 3078 1383 3078 1221 3078 1383 3079 1388 3079 1221 3079 1388 3080 1391 3080 1221 3080 1221 3081 1391 3081 1217 3081 1391 3082 1396 3082 1217 3082 1217 3083 1396 3083 1214 3083 1396 3084 1399 3084 1214 3084 1214 3085 1399 3085 1211 3085 1399 3086 1404 3086 1211 3086 1211 3087 1404 3087 1208 3087 1404 3088 1407 3088 1208 3088 1208 3089 1407 3089 1205 3089 1407 3090 1408 3090 1205 3090 1205 3091 1408 3091 1202 3091 1408 3092 1413 3092 1202 3092 1202 3093 1413 3093 1196 3093 1413 3094 1415 3094 1196 3094 1196 3095 1415 3095 1197 3095 1197 3096 1415 3096 1192 3096 1415 3097 1417 3097 1192 3097 1417 3098 1421 3098 1192 3098 1192 3099 1421 3099 1188 3099 1421 3100 1423 3100 1188 3100 1188 3101 1423 3101 1185 3101 1423 3102 1425 3102 1185 3102 1185 3103 1425 3103 1177 3103 1425 3104 1429 3104 1177 3104 1177 3105 1429 3105 1178 3105 1178 3106 1429 3106 1174 3106 1429 3107 1431 3107 1174 3107 1431 3108 1433 3108 1174 3108 1174 3109 1433 3109 1171 3109 1433 3110 1437 3110 1171 3110 1171 3111 1437 3111 1167 3111 1437 3112 1439 3112 1167 3112 1167 3113 1439 3113 1162 3113 1162 3114 1439 3114 1157 3114 1157 3115 1441 3115 1158 3115 1439 3116 1441 3116 1157 3116 1441 3117 1445 3117 1158 3117 1158 3118 1447 3118 1154 3118 1154 3119 1447 3119 1151 3119 1445 3120 1447 3120 1158 3120 1447 3121 1462 3121 1151 3121 1151 3122 1464 3122 1143 3122 1143 3123 1464 3123 1144 3123 1462 3124 1464 3124 1151 3124 1464 3125 1466 3125 1144 3125 1144 3126 1468 3126 1139 3126 1466 3127 1468 3127 1144 3127 1139 3128 1470 3128 1140 3128 1468 3129 1470 3129 1139 3129 1140 3130 1472 3130 1146 3130 1470 3131 1472 3131 1140 3131 1146 3132 1474 3132 1147 3132 1472 3133 1474 3133 1146 3133 1147 3134 1450 3134 1076 3134 1474 3135 1450 3135 1147 3135 1076 3136 1451 3136 1075 3136 1450 3137 1451 3137 1076 3137 1075 3138 1453 3138 1074 3138 1074 3139 1453 3139 1073 3139 1451 3140 1453 3140 1075 3140 1453 3141 1454 3141 1073 3141 1073 3142 1455 3142 1072 3142 1454 3143 1455 3143 1073 3143 1072 3144 1456 3144 1071 3144 1071 3145 1456 3145 1070 3145 1455 3146 1456 3146 1072 3146 1456 3147 1457 3147 1070 3147 1070 3148 1458 3148 1069 3148 1457 3149 1458 3149 1070 3149 1069 3150 1459 3150 1068 3150 1068 3151 1459 3151 1066 3151 1458 3152 1459 3152 1069 3152 1459 3153 1460 3153 1066 3153 1066 3154 1452 3154 1064 3154 1460 3155 1452 3155 1066 3155 1535 3156 1536 3156 1186 3156 1186 3157 1536 3157 1181 3157 1181 3158 1537 3158 1179 3158 1536 3159 1537 3159 1181 3159 1179 3160 1538 3160 1175 3160 1537 3161 1538 3161 1179 3161 1175 3162 1539 3162 1172 3162 1538 3163 1539 3163 1175 3163 1172 3164 1540 3164 1168 3164 1168 3165 1540 3165 1165 3165 1539 3166 1540 3166 1172 3166 1540 3167 1541 3167 1165 3167 1165 3168 1542 3168 1163 3168 1541 3169 1542 3169 1165 3169 1163 3170 1544 3170 1159 3170 1542 3171 1544 3171 1163 3171 1159 3172 1498 3172 1155 3172 1544 3173 1498 3173 1159 3173 1155 3174 1496 3174 1152 3174 1152 3175 1496 3175 1149 3175 1498 3176 1496 3176 1155 3176 1149 3177 1473 3177 1145 3177 1496 3178 1473 3178 1149 3178 1473 3179 1471 3179 1145 3179 1145 3180 1469 3180 1141 3180 1141 3181 1469 3181 1138 3181 1471 3182 1469 3182 1145 3182 1469 3183 1467 3183 1138 3183 1138 3184 1465 3184 1142 3184 1142 3185 1465 3185 1148 3185 1467 3186 1465 3186 1138 3186 1148 3187 1463 3187 1150 3187 1465 3188 1463 3188 1148 3188 1463 3189 1461 3189 1150 3189 1150 3190 1446 3190 1153 3190 1461 3191 1446 3191 1150 3191 1153 3192 1444 3192 1156 3192 1156 3193 1444 3193 1161 3193 1446 3194 1444 3194 1153 3194 1444 3195 1440 3195 1161 3195 1161 3196 1440 3196 1164 3196 1440 3197 1438 3197 1164 3197 1438 3198 1436 3198 1164 3198 1164 3199 1436 3199 1166 3199 1436 3200 1432 3200 1166 3200 1166 3201 1432 3201 1170 3201 1432 3202 1430 3202 1170 3202 1170 3203 1430 3203 1173 3203 1430 3204 1428 3204 1173 3204 1173 3205 1428 3205 1176 3205 1176 3206 1428 3206 1180 3206 1428 3207 1424 3207 1180 3207 1180 3208 1424 3208 1184 3208 1424 3209 1422 3209 1184 3209 1422 3210 1420 3210 1184 3210 1184 3211 1420 3211 1187 3211 1187 3212 1416 3212 1191 3212 1420 3213 1416 3213 1187 3213 1191 3214 1416 3214 1195 3214 1416 3215 1414 3215 1195 3215 1195 3216 1412 3216 1199 3216 1414 3217 1412 3217 1195 3217 1199 3218 1410 3218 1201 3218 1412 3219 1410 3219 1199 3219 1201 3220 1406 3220 1204 3220 1410 3221 1406 3221 1201 3221 1204 3222 1403 3222 1207 3222 1207 3223 1403 3223 1210 3223 1406 3224 1403 3224 1204 3224 1210 3225 1398 3225 1213 3225 1403 3226 1398 3226 1210 3226 1398 3227 1395 3227 1213 3227 1213 3228 1390 3228 1216 3228 1216 3229 1390 3229 1219 3229 1395 3230 1390 3230 1213 3230 1219 3231 1387 3231 1223 3231 1390 3232 1387 3232 1219 3232 1223 3233 1382 3233 1225 3233 1387 3234 1382 3234 1223 3234 1225 3235 1378 3235 1228 3235 1382 3236 1378 3236 1225 3236 1378 3237 1374 3237 1228 3237 1228 3238 1376 3238 1232 3238 1232 3239 1376 3239 1234 3239 1374 3240 1376 3240 1228 3240 1234 3241 1381 3241 1237 3241 1376 3242 1381 3242 1234 3242 1381 3243 1384 3243 1237 3243 1384 3244 1389 3244 1237 3244 1237 3245 1389 3245 1240 3245 1389 3246 1393 3246 1240 3246 1240 3247 1393 3247 1243 3247 1393 3248 1397 3248 1243 3248 1243 3249 1397 3249 1246 3249 1246 3250 1397 3250 1248 3250 1397 3251 1401 3251 1248 3251 1401 3252 1405 3252 1248 3252 1248 3253 1405 3253 1250 3253 1405 3254 1409 3254 1250 3254 1250 3255 1409 3255 1257 3255 1257 3256 1409 3256 1258 3256 1409 3257 1411 3257 1258 3257 1411 3258 1475 3258 1258 3258 1258 3259 1475 3259 1259 3259 1475 3260 1476 3260 1259 3260 1259 3261 1476 3261 1260 3261 1260 3262 1476 3262 1261 3262 1476 3263 1477 3263 1261 3263 1477 3264 1478 3264 1261 3264 1261 3265 1478 3265 1262 3265 1478 3266 1479 3266 1262 3266 1262 3267 1479 3267 1263 3267 1263 3268 1479 3268 1264 3268 1479 3269 1480 3269 1264 3269 1480 3270 1481 3270 1264 3270 1264 3271 1481 3271 1265 3271 1481 3272 1482 3272 1265 3272 1265 3273 1482 3273 1266 3273 1482 3274 1483 3274 1266 3274 1266 3275 1483 3275 1267 3275 1483 3276 1484 3276 1267 3276 1267 3277 1484 3277 1268 3277 1268 3278 1484 3278 1269 3278 1484 3279 1485 3279 1269 3279 1269 3280 1486 3280 1270 3280 1485 3281 1486 3281 1269 3281 1270 3282 1487 3282 1271 3282 1486 3283 1487 3283 1270 3283 1271 3284 1488 3284 1272 3284 1487 3285 1488 3285 1271 3285 1272 3286 1489 3286 1273 3286 1273 3287 1489 3287 1274 3287 1488 3288 1489 3288 1272 3288 1489 3289 1490 3289 1274 3289 1274 3290 1491 3290 1275 3290 1490 3291 1491 3291 1274 3291 1275 3292 1492 3292 1276 3292 1276 3293 1492 3293 1277 3293 1491 3294 1492 3294 1275 3294 1492 3295 1493 3295 1277 3295 1493 3296 1494 3296 1277 3296 1277 3297 1494 3297 1278 3297 1494 3298 1495 3298 1278 3298 1278 3299 1495 3299 1279 3299 1495 3300 1497 3300 1279 3300 1279 3301 1497 3301 1280 3301 1497 3302 1499 3302 1280 3302 1280 3303 1499 3303 1281 3303 1499 3304 1500 3304 1281 3304 1281 3305 1500 3305 1282 3305 1500 3306 1501 3306 1282 3306 1282 3307 1501 3307 1283 3307 1283 3308 1501 3308 1284 3308 1501 3309 1502 3309 1284 3309 1502 3310 1503 3310 1284 3310 1284 3311 1503 3311 1285 3311 1503 3312 1504 3312 1285 3312 1285 3313 1504 3313 1286 3313 1504 3314 1505 3314 1286 3314 1286 3315 1505 3315 1291 3315 1505 3316 1506 3316 1291 3316 1291 3317 1506 3317 1290 3317 1290 3318 1506 3318 1289 3318 1506 3319 1507 3319 1289 3319 1507 3320 1508 3320 1289 3320 1289 3321 1508 3321 1256 3321 1508 3322 1509 3322 1256 3322 1256 3323 1509 3323 1255 3323 1255 3324 1509 3324 1254 3324 1509 3325 1510 3325 1254 3325 1254 3326 1510 3326 1253 3326 1510 3327 1512 3327 1253 3327 1512 3328 1513 3328 1253 3328 1253 3329 1513 3329 1252 3329 1513 3330 1514 3330 1252 3330 1252 3331 1514 3331 1251 3331 1514 3332 1515 3332 1251 3332 1251 3333 1515 3333 1249 3333 1247 3334 1516 3334 1245 3334 1515 3335 1516 3335 1249 3335 1249 3336 1516 3336 1247 3336 1516 3337 1517 3337 1245 3337 1245 3338 1518 3338 1242 3338 1242 3339 1518 3339 1239 3339 1517 3340 1518 3340 1245 3340 1518 3341 1519 3341 1239 3341 1239 3342 1520 3342 1236 3342 1519 3343 1520 3343 1239 3343 1520 3344 1521 3344 1236 3344 1236 3345 1521 3345 1233 3345 1233 3346 1522 3346 1231 3346 1521 3347 1522 3347 1233 3347 1231 3348 1523 3348 1227 3348 1522 3349 1523 3349 1231 3349 1227 3350 1524 3350 1224 3350 1224 3351 1524 3351 1222 3351 1523 3352 1524 3352 1227 3352 1524 3353 1525 3353 1222 3353 1222 3354 1526 3354 1218 3354 1525 3355 1526 3355 1222 3355 1218 3356 1527 3356 1215 3356 1526 3357 1527 3357 1218 3357 1215 3358 1528 3358 1212 3358 1527 3359 1528 3359 1215 3359 1212 3360 1529 3360 1209 3360 1209 3361 1529 3361 1206 3361 1528 3362 1529 3362 1212 3362 1529 3363 1530 3363 1206 3363 1206 3364 1531 3364 1203 3364 1203 3365 1531 3365 1200 3365 1530 3366 1531 3366 1206 3366 1200 3367 1532 3367 1198 3367 1531 3368 1532 3368 1200 3368 1532 3369 1533 3369 1198 3369 1198 3370 1543 3370 1193 3370 1533 3371 1543 3371 1198 3371 1193 3372 1545 3372 1190 3372 1543 3373 1545 3373 1193 3373 1190 3374 1535 3374 1186 3374 1545 3375 1535 3375 1190 3375 1593 3376 1696 3376 1638 3376 1695 3377 1696 3377 1593 3377 1638 3378 1728 3378 1639 3378 1696 3379 1728 3379 1638 3379 1639 3380 1697 3380 1640 3380 1728 3381 1697 3381 1639 3381 1640 3382 1729 3382 1642 3382 1697 3383 1729 3383 1640 3383 1642 3384 1699 3384 1643 3384 1729 3385 1699 3385 1642 3385 1643 3386 1700 3386 1644 3386 1699 3387 1700 3387 1643 3387 1644 3388 1701 3388 1645 3388 1700 3389 1701 3389 1644 3389 1645 3390 1702 3390 1646 3390 1701 3391 1702 3391 1645 3391 1646 3392 1704 3392 1648 3392 1702 3393 1704 3393 1646 3393 1648 3394 1705 3394 1649 3394 1704 3395 1705 3395 1648 3395 1649 3396 1706 3396 1650 3396 1705 3397 1706 3397 1649 3397 1650 3398 1707 3398 1651 3398 1706 3399 1707 3399 1650 3399 1651 3400 1708 3400 1652 3400 1652 3401 1708 3401 1653 3401 1707 3402 1708 3402 1651 3402 1708 3403 1730 3403 1653 3403 1655 3404 1653 3404 1730 3404 1655 3405 1730 3405 1731 3405 1657 3406 1731 3406 1732 3406 1657 3407 1655 3407 1731 3407 1656 3408 1732 3408 1712 3408 1656 3409 1657 3409 1732 3409 1654 3410 1712 3410 1710 3410 1654 3411 1656 3411 1712 3411 1647 3412 1710 3412 1703 3412 1647 3413 1654 3413 1710 3413 1641 3414 1703 3414 1698 3414 1641 3415 1647 3415 1703 3415 1637 3416 1641 3416 1698 3416 1637 3417 1698 3417 1694 3417 1636 3418 1637 3418 1694 3418 1636 3419 1694 3419 1693 3419 1635 3420 1636 3420 1693 3420 1635 3421 1693 3421 1692 3421 1634 3422 1635 3422 1692 3422 1634 3423 1692 3423 1691 3423 1633 3424 1634 3424 1691 3424 1633 3425 1691 3425 1690 3425 1632 3426 1633 3426 1690 3426 1632 3427 1690 3427 1689 3427 1631 3428 1632 3428 1689 3428 1631 3429 1689 3429 1688 3429 1630 3430 1631 3430 1688 3430 1630 3431 1688 3431 1687 3431 1629 3432 1630 3432 1687 3432 1629 3433 1687 3433 1685 3433 1628 3434 1629 3434 1685 3434 1628 3435 1685 3435 1733 3435 1627 3436 1628 3436 1733 3436 1627 3437 1733 3437 1684 3437 1626 3438 1627 3438 1684 3438 1626 3439 1684 3439 1734 3439 1625 3440 1734 3440 1683 3440 1625 3441 1626 3441 1734 3441 1624 3442 1683 3442 1735 3442 1624 3443 1625 3443 1683 3443 1623 3444 1735 3444 1682 3444 1623 3445 1624 3445 1735 3445 1622 3446 1682 3446 1681 3446 1622 3447 1623 3447 1682 3447 1621 3448 1681 3448 1680 3448 1621 3449 1622 3449 1681 3449 1620 3450 1680 3450 1679 3450 1620 3451 1679 3451 1678 3451 1620 3452 1621 3452 1680 3452 1619 3453 1678 3453 1677 3453 1619 3454 1620 3454 1678 3454 1618 3455 1619 3455 1677 3455 1617 3456 1677 3456 1676 3456 1617 3457 1618 3457 1677 3457 1616 3458 1676 3458 1736 3458 1616 3459 1736 3459 1675 3459 1616 3460 1617 3460 1676 3460 1615 3461 1616 3461 1675 3461 1614 3462 1675 3462 1674 3462 1614 3463 1615 3463 1675 3463 1613 3464 1614 3464 1674 3464 1613 3465 1674 3465 1673 3465 1612 3466 1613 3466 1673 3466 1612 3467 1673 3467 1737 3467 1611 3468 1612 3468 1737 3468 1611 3469 1737 3469 1672 3469 1611 3470 1672 3470 1671 3470 1610 3471 1611 3471 1671 3471 1609 3472 1610 3472 1671 3472 1609 3473 1671 3473 1669 3473 1608 3474 1609 3474 1669 3474 1608 3475 1669 3475 1667 3475 1738 3476 1594 3476 1595 3476 1738 3477 1658 3477 1594 3477 1662 3478 1595 3478 1596 3478 1662 3479 1738 3479 1595 3479 1739 3480 1596 3480 1597 3480 1739 3481 1662 3481 1596 3481 1663 3482 1597 3482 1598 3482 1663 3483 1739 3483 1597 3483 1740 3484 1598 3484 1599 3484 1740 3485 1663 3485 1598 3485 1741 3486 1599 3486 1600 3486 1741 3487 1740 3487 1599 3487 1664 3488 1600 3488 1601 3488 1664 3489 1741 3489 1600 3489 1665 3490 1601 3490 1602 3490 1665 3491 1664 3491 1601 3491 1742 3492 1602 3492 1603 3492 1742 3493 1665 3493 1602 3493 1743 3494 1603 3494 1604 3494 1743 3495 1742 3495 1603 3495 1666 3496 1604 3496 1605 3496 1666 3497 1743 3497 1604 3497 1744 3498 1605 3498 1606 3498 1744 3499 1666 3499 1605 3499 1745 3500 1606 3500 1607 3500 1745 3501 1744 3501 1606 3501 1667 3502 1607 3502 1608 3502 1667 3503 1745 3503 1607 3503</p>
        </triangles>
      </mesh>
    </geometry>
  </library_geometries>
  <library_materials>
    <material id="mat_Body002" name="Body002">
      <instance_effect url="#effect_Body002"/>
    </material>
  </library_materials>
  <library_visual_scenes>
    <visual_scene id="scene">
      <node id="node0" name="node0">
        <instance_geometry url="#geometry0">
          <bind_material>
            <technique_common>
              <instance_material symbol="ref_Body002" target="#mat_Body002"/>
            </technique_common>
          </bind_material>
        </instance_geometry>
      </node>
    </visual_scene>
  </library_visual_scenes>
  <scene>
    <instance_visual_scene url="#scene"/>
  </scene>
</COLLADA>
