<COLLADA xmlns="http://www.collada.org/2005/11/COLLADASchema" version="1.4.1">
  <asset>
    <contributor/>
    <created>2026-04-07T23:23:28.498997</created>
    <modified>2026-04-07T23:23:28.498997</modified>
    <unit name="meter" meter="1.0"/>
    <up_axis>Z_UP</up_axis>
  </asset>
  <library_effects>
    <effect id="effect_Body006" name="effect_Body006">
      <profile_COMMON>
        <technique sid="common">
          <phong>
            <emission>
              <color>0.0 0.0 0.0 1.0</color>
            </emission>
            <ambient>
              <color>0.0 0.0 0.0 1.0</color>
            </ambient>
            <diffuse>
              <color>0.09803921729326248 0.09803921729326248 0.09803921729326248 1.0</color>
            </diffuse>
            <specular>
              <color>1 1 1 1.0</color>
            </specular>
            <shininess>
              <float>0.0</float>
            </shininess>
            <reflective>
              <color>0.0 0.0 0.0 1.0</color>
            </reflective>
            <reflectivity>
              <float>0.0</float>
            </reflectivity>
            <transparent>
              <color>0.0 0.0 0.0 1.0</color>
            </transparent>
            <transparency>
              <float>1.0</float>
            </transparency>
          </phong>
        </technique>
        <extra>
          <technique profile="GOOGLEEARTH">
            <double_sided>0</double_sided>
          </technique>
        </extra>
      </profile_COMMON>
    </effect>
  </library_effects>
  <library_geometries>
    <geometry id="geometry0" name="Cover_Wheel_Right">
      <mesh>
        <source id="cubeverts-array0">
          <float_array count="5238" id="cubeverts-array0-array">-0.046 0.1055 0.007 -0.057 0.1055 0.004 -0.04 0.1055 0.004 -0.04409682 0.1055 0.007680969 -0.0442129 0.1055 0.007590377 -0.04445769 0.1055 0.007426814 -0.04458581 0.1055 0.007354236 -0.04471733 0.1055 0.007288032 -0.04485195 0.1055 0.007228362 -0.04512915 0.1055 0.007129179 -0.04527106 0.1055 0.007089906 -0.04541473 0.1055 0.007057644 -0.04387868 0.1055 0.00787868 -0.04377715 0.1055 0.007985323 -0.04368097 0.1055 0.00809682 -0.04359038 0.1055 0.008212902 -0.04342682 0.1055 0.008457692 -0.04335424 0.1055 0.00858581 -0.04328803 0.1055 0.008717335 -0.04322836 0.1055 0.00885195 -0.04312918 0.1055 0.009129146 -0.0430899 0.1055 0.009271059 -0.04305764 0.1055 0.009414729 -0.04303247 0.1055 0.009559809 -0.04301445 0.1055 0.009705949 -0.04300361 0.1055 0.009852797 -0.043 0.1055 0.01 -0.04 0.1055 0.03574902 -0.03998144 0.1055 0.03613388 -0.03995829 0.1055 0.03632519 -0.03992594 0.1055 0.03651517 -0.04299564 0.1055 0.03705001 -0.03988448 0.1055 0.03670337 -0.04298258 0.1055 0.03723626 -0.04296084 0.1055 0.03742169 -0.03983401 0.1055 0.03688935 -0.04293047 0.1055 0.03760592 -0.04289154 0.1055 0.03778852 -0.03977464 0.1055 0.03707269 -0.04284413 0.1055 0.0379691 -0.04278834 0.1055 0.03814728 -0.0427243 0.1055 0.03832266 -0.0397065 0.1055 0.03725295 -0.04265215 0.1055 0.03849486 -0.04257204 0.1055 0.03866351 -0.03962977 0.1055 0.03742973 -0.04248415 0.1055 0.03882823 -0.04238866 0.1055 0.03898867 -0.04228579 0.1055 0.03914449 -0.03954461 0.1055 0.0376026 -0.04217577 0.1055 0.03929533 -0.04205882 0.1055 0.03944087 -0.03945122 0.1055 0.03777117 -0.03934982 0.1055 0.03793504 -0.03924064 0.1055 0.03809385 -0.03912395 0.1055 0.0382472 -0.039 0.1055 0.03839477 -0.03723638 0.1055 0.04029673 -0.03833043 0.1055 0.04344336 -0.0363216 0.1055 0.04530062 -0.0334358 0.1055 0.04382521 -0.0342229 0.1055 0.04705569 -0.03140831 0.1055 0.04544295 -0.03203952 0.1055 0.04870424 -0.02930267 0.1055 0.04695758 -0.02977687 0.1055 0.05024217 -0.02712412 0.1055 0.04836532 -0.02744054 0.1055 0.05166568 -0.02487809 0.1055 0.04966268 -0.02503631 0.1055 0.05297125 -0.02257016 0.1055 0.05084643 -0.02257014 0.1055 0.05415565 -0.02020607 0.1055 0.05191362 -0.02004811 0.1055 0.05521595 -0.0177917 0.1055 0.0528616 -0.01747648 0.1055 0.05614952 -0.01533307 0.1055 0.053688 -0.01486161 0.1055 0.05695406 -0.01283629 0.1055 0.05439077 -0.01220997 0.1055 0.05762757 -0.01030757 0.1055 0.05496817 -0.009528118 0.1055 0.0581684 -0.007753199 0.1055 0.05541875 -0.006822689 0.1055 0.05857519 -0.005179541 0.1055 0.0557414 0.04398532 0.1055 0.007777147 0.04 0.1055 0.004 0.04377715 0.1055 0.007985323 0.04368097 0.1055 0.00809682 0.04409682 0.1055 0.007680969 0.04359038 0.1055 0.008212902 0.0442129 0.1055 0.007590377 0.04433329 0.1055 0.007505591 0.04342682 0.1055 0.008457692 0.04458581 0.1055 0.007354236 0.04335424 0.1055 0.00858581 0.04471733 0.1055 0.007288032 0.04328803 0.1055 0.008717335 0.04485195 0.1055 0.007228362 0.04322836 0.1055 0.00885195 0.04498933 0.1055 0.007175368 0.04317537 0.1055 0.00898933 0.04512915 0.1055 0.007129179 0.04312918 0.1055 0.009129146 0.04527106 0.1055 0.007089906 0.0430899 0.1055 0.009271059 0.04541473 0.1055 0.007057644 0.04305764 0.1055 0.009414729 0.04303247 0.1055 0.009559809 0.04570595 0.1055 0.007014446 0.04301445 0.1055 0.009705949 0.04300361 0.1055 0.009852797 0.043 0.1055 0.01 0.046 0.1055 0.007 -0.004100378 0.1055 0.05884694 -0.002592996 0.1055 0.05593531 -0.001367921 0.1055 0.05898299 -7.943279e-17 0.1055 0.056 0.001367921 0.1055 0.05898299 0.002592996 0.1055 0.05593531 0.057 0.1055 0.004 0.004100378 0.1055 0.05884694 0.005179541 0.1055 0.0557414 0.006822689 0.1055 0.05857519 0.007753199 0.1055 0.05541875 0.009528118 0.1055 0.0581684 0.01030757 0.1055 0.05496817 0.01220997 0.1055 0.05762757 0.01283629 0.1055 0.05439077 0.01486161 0.1055 0.05695406 0.01533307 0.1055 0.053688 0.01747648 0.1055 0.05614952 0.0177917 0.1055 0.0528616 0.02004811 0.1055 0.05521595 0.02020607 0.1055 0.05191362 0.04 0.1055 0.03574902 0.02257014 0.1055 0.05415565 0.02257016 0.1055 0.05084643 0.02503631 0.1055 0.05297125 0.02487809 0.1055 0.04966268 0.02744054 0.1055 0.05166568 0.02712412 0.1055 0.04836532 0.03998144 0.1055 0.03613388 0.03995829 0.1055 0.03632519 0.03992594 0.1055 0.03651517 0.02977687 0.1055 0.05024217 0.02930267 0.1055 0.04695758 0.04299564 0.1055 0.03705001 0.03988448 0.1055 0.03670337 0.04298258 0.1055 0.03723626 0.04296084 0.1055 0.03742169 0.03983401 0.1055 0.03688935 0.04293047 0.1055 0.03760592 0.04289154 0.1055 0.03778852 0.03977464 0.1055 0.03707269 0.03203952 0.1055 0.04870424 0.03140831 0.1055 0.04544295 0.04284413 0.1055 0.0379691 0.04278834 0.1055 0.03814728 0.0427243 0.1055 0.03832266 0.0397065 0.1055 0.03725295 0.04265215 0.1055 0.03849486 0.04257204 0.1055 0.03866351 0.03962977 0.1055 0.03742973 0.0342229 0.1055 0.04705569 0.04248415 0.1055 0.03882823 0.04238866 0.1055 0.03898867 0.04228579 0.1055 0.03914449 0.03954461 0.1055 0.0376026 0.04217577 0.1055 0.03929533 0.03945122 0.1055 0.03777117 0.03934982 0.1055 0.03793504 0.03924064 0.1055 0.03809385 0.03912395 0.1055 0.0382472 0.0363216 0.1055 0.04530062 0.0353801 0.1055 0.04210838 0.0492107 0.1083167 0.007 0.04928036 0.108245 0.007 0.04935399 0.1081774 0.007 0.04914525 0.1083922 0.007 0.04943137 0.1081142 0.007 0.04908422 0.1084714 0.007 0.04951223 0.1080554 0.007 0.04902781 0.1085539 0.007 0.04959631 0.1080014 0.007 0.04897619 0.1086395 0.007 0.04968333 0.1079522 0.007 0.04892955 0.1087279 0.007 0.04977303 0.1079081 0.007 0.04888803 0.1088188 0.007 0.04986509 0.1078692 0.007 0.04885177 0.1089119 0.007 0.04995922 0.1078356 0.007 0.04882089 0.109007 0.007 0.05005512 0.1078075 0.007 0.04879548 0.1091036 0.007 0.05015247 0.1077849 0.007 0.04877563 0.1092016 0.007 0.05025095 0.1077678 0.007 0.04876141 0.1093005 0.007 0.05035024 0.1077564 0.007 0.04875285 0.1094001 0.007 0.05045003 0.1077507 0.007 0.04875 0.1095 0.007 0.05054997 0.1077507 0.007 0.04875285 0.1095999 0.007 0.05064976 0.1077564 0.007 0.04876141 0.1096995 0.007 0.04877563 0.1097984 0.007 0.04879548 0.1098964 0.007 0.04882089 0.109993 0.007 0.04885177 0.1100881 0.007 0.057 0.1055 0.007 0.05104078 0.1078356 0.007 0.05094488 0.1078075 0.007 0.05113491 0.1078692 0.007 0.05122697 0.1079081 0.007 0.05131667 0.1079522 0.007 0.05140369 0.1080014 0.007 0.05148777 0.1080554 0.007 0.05156863 0.1081142 0.007 0.05164601 0.1081774 0.007 0.05171964 0.108245 0.007 0.0517893 0.1083167 0.007 0.05185475 0.1083922 0.007 0.05191578 0.1084714 0.007 0.05197219 0.1085539 0.007 0.05202381 0.1086395 0.007 0.05207045 0.1087279 0.007 0.05211197 0.1088188 0.007 0.05214823 0.1089119 0.007 0.05217911 0.109007 0.007 0.05220452 0.1091036 0.007 0.05222437 0.1092016 0.007 0.05223859 0.1093005 0.007 0.05224715 0.1094001 0.007 0.05074905 0.1077678 0.007 0.05084753 0.1077849 0.007 0.05744019 0.1055325 0.007 0.0571472 0.1055036 0.007 0.05729405 0.1055144 0.007 0.05772894 0.1055899 0.007 0.05758527 0.1055576 0.007 0.05828267 0.105788 0.007 0.05787085 0.1056292 0.007 0.05801067 0.1056754 0.007 0.05814805 0.1057284 0.007 0.05866671 0.1060056 0.007 0.05841419 0.1058542 0.007 0.05854231 0.1059268 0.007 0.0587871 0.1060904 0.007 0.05901468 0.1062771 0.007 0.05890318 0.106181 0.007 0.05912132 0.1063787 0.007 0.05931903 0.1065968 0.007 0.05922285 0.1064853 0.007 0.05940962 0.1067129 0.007 0.0492107 0.1173167 0.007 0.04928036 0.110755 0.007 0.04928036 0.117245 0.007 0.0492107 0.1106833 0.007 0.05957318 0.1069577 0.007 0.05949441 0.1068333 0.007 0.04935399 0.1171774 0.007 0.04935399 0.1108226 0.007 0.04914525 0.1173922 0.007 0.04914525 0.1106078 0.007 0.04943137 0.1171142 0.007 0.04943137 0.1108858 0.007 0.04908422 0.1174714 0.007 0.04908422 0.1105286 0.007 0.04902781 0.1104461 0.007 0.04951223 0.1170554 0.007 0.04951223 0.1109446 0.007 0.04902781 0.1175539 0.007 0.04897619 0.1103605 0.007 0.04959631 0.1170014 0.007 0.04959631 0.1109986 0.007 0.04897619 0.1176395 0.007 0.04968333 0.1169522 0.007 0.04968333 0.1110478 0.007 0.04977303 0.1110919 0.007 0.04892955 0.1177279 0.007 0.04892955 0.1102721 0.007 0.04977303 0.1169081 0.007 0.04888803 0.1178188 0.007 0.04888803 0.1101812 0.007 0.04986509 0.1168692 0.007 0.04986509 0.1111308 0.007 0.04885177 0.1179119 0.007 0.04995922 0.1168356 0.007 0.04995922 0.1111644 0.007 0.04882089 0.118007 0.007 0.05005512 0.1168075 0.007 0.05005512 0.1111925 0.007 0.05015247 0.1112151 0.007 0.04879548 0.1181036 0.007 0.05971197 0.1072173 0.007 0.05964576 0.1070858 0.007 0.05015247 0.1167849 0.007 0.05025095 0.1167678 0.007 0.05025095 0.1112322 0.007 0.05035024 0.1167564 0.007 0.05035024 0.1112436 0.007 0.05045003 0.1112493 0.007 0.05045003 0.1167507 0.007 0.05054997 0.1112493 0.007 0.05054997 0.1167507 0.007 0.05982463 0.1074893 0.007 0.05977164 0.107352 0.007 0.05064976 0.1167564 0.007 0.05064976 0.1112436 0.007 0.05074905 0.1112322 0.007 0.05987082 0.1076291 0.007 0.05074905 0.1167678 0.007 0.05084753 0.1112151 0.007 0.05084753 0.1167849 0.007 0.0599101 0.1077711 0.007 0.05094488 0.1168075 0.007 0.05094488 0.1111925 0.007 0.05104078 0.1168356 0.007 0.05104078 0.1111644 0.007 0.05113491 0.1168692 0.007 0.05113491 0.1111308 0.007 0.05996753 0.1080598 0.007 0.05994236 0.1079147 0.007 0.05122697 0.1169081 0.007 0.05122697 0.1110919 0.007 0.05998555 0.1082059 0.007 0.05131667 0.1169522 0.007 0.05131667 0.1110478 0.007 0.05140369 0.1170014 0.007 0.05140369 0.1109986 0.007 0.06 0.1085 0.007 0.05225 0.1095 0.007 0.05224715 0.1095999 0.007 0.05223859 0.1096995 0.007 0.05222437 0.1097984 0.007 0.05220452 0.1098964 0.007 0.05217911 0.109993 0.007 0.05214823 0.1100881 0.007 0.05211197 0.1101812 0.007 0.05207045 0.1102721 0.007 0.05202381 0.1103605 0.007 0.05197219 0.1104461 0.007 0.05999639 0.1083528 0.007 0.05148777 0.1170554 0.007 0.05148777 0.1109446 0.007 0.05156863 0.1108858 0.007 0.05156863 0.1171142 0.007 0.05164601 0.1171774 0.007 0.05164601 0.1108226 0.007 0.05171964 0.110755 0.007 0.05171964 0.117245 0.007 0.0517893 0.1106833 0.007 0.0517893 0.1173167 0.007 0.05185475 0.1173922 0.007 0.05185475 0.1106078 0.007 0.05191578 0.1105286 0.007 0.05191578 0.1174714 0.007 0.046 0.1235 0.007 0.04943137 0.1198858 0.007 0.04951223 0.1199446 0.007 0.04935399 0.1198226 0.007 0.04928036 0.119755 0.007 0.0492107 0.1196833 0.007 0.04914525 0.1196078 0.007 0.04908422 0.1195286 0.007 0.04902781 0.1194461 0.007 0.04897619 0.1193605 0.007 0.04875285 0.1184001 0.007 0.04875 0.1185 0.007 0.04892955 0.1192721 0.007 0.04876141 0.1183005 0.007 0.04888803 0.1191812 0.007 0.04877563 0.1182016 0.007 0.04885177 0.1190881 0.007 0.04882089 0.118993 0.007 0.04879548 0.1188964 0.007 0.04877563 0.1187984 0.007 0.04876141 0.1186995 0.007 0.04875285 0.1185999 0.007 0.05197219 0.1175539 0.007 0.04959631 0.1199986 0.007 0.05202381 0.1176395 0.007 0.04968333 0.1200478 0.007 0.04977303 0.1200919 0.007 0.04986509 0.1201308 0.007 0.04995922 0.1201644 0.007 0.05005512 0.1201925 0.007 0.05015247 0.1202151 0.007 0.05025095 0.1202322 0.007 0.05035024 0.1202436 0.007 0.05045003 0.1202493 0.007 0.05054997 0.1202493 0.007 0.05064976 0.1202436 0.007 0.05074905 0.1202322 0.007 0.06 0.1205 0.007 0.05207045 0.1177279 0.007 0.05211197 0.1178188 0.007 0.05214823 0.1179119 0.007 0.05217911 0.118007 0.007 0.05220452 0.1181036 0.007 0.05222437 0.1182016 0.007 0.05223859 0.1183005 0.007 0.05224715 0.1184001 0.007 0.05225 0.1185 0.007 0.05224715 0.1185999 0.007 0.05223859 0.1186995 0.007 0.05222437 0.1187984 0.007 0.057 0.1235 0.007 0.05220452 0.1188964 0.007 0.05217911 0.118993 0.007 0.05214823 0.1190881 0.007 0.05211197 0.1191812 0.007 0.05207045 0.1192721 0.007 0.05202381 0.1193605 0.007 0.05197219 0.1194461 0.007 0.05191578 0.1195286 0.007 0.05185475 0.1196078 0.007 0.0517893 0.1196833 0.007 0.05171964 0.119755 0.007 0.05164601 0.1198226 0.007 0.05156863 0.1198858 0.007 0.05148777 0.1199446 0.007 0.05140369 0.1199986 0.007 0.05131667 0.1200478 0.007 0.05122697 0.1200919 0.007 0.05113491 0.1201308 0.007 0.05104078 0.1201644 0.007 0.05094488 0.1201925 0.007 0.05084753 0.1202151 0.007 0.05998555 0.1207941 0.007 0.05999639 0.1206472 0.007 0.05744019 0.1234675 0.007 0.05729405 0.1234856 0.007 0.0571472 0.1234964 0.007 0.05994236 0.1210853 0.007 0.05996753 0.1209402 0.007 0.05758527 0.1234424 0.007 0.05787085 0.1233708 0.007 0.05772894 0.1234101 0.007 0.05982463 0.1215107 0.007 0.0599101 0.1212289 0.007 0.05987082 0.1213709 0.007 0.05971197 0.1217827 0.007 0.05977164 0.121648 0.007 0.05964576 0.1219142 0.007 0.05957318 0.1220423 0.007 0.05854231 0.1230732 0.007 0.05841419 0.1231458 0.007 0.05828267 0.123212 0.007 0.05814805 0.1232716 0.007 0.05866671 0.1229944 0.007 0.05801067 0.1233246 0.007 0.05890318 0.122819 0.007 0.0587871 0.1229096 0.007 0.05922285 0.1225147 0.007 0.05949441 0.1221667 0.007 0.05940962 0.1222871 0.007 0.05931903 0.1224032 0.007 0.05901468 0.1227229 0.007 0.05912132 0.1226213 0.007 0.0571472 0.1055036 0.004 0.05729405 0.1055144 0.004 0.05744019 0.1055325 0.004 0.05758527 0.1055576 0.004 0.05772894 0.1055899 0.004 0.05787085 0.1056292 0.004 0.05801067 0.1056754 0.004 0.05814805 0.1057284 0.004 0.05828267 0.105788 0.004 0.05841419 0.1058542 0.004 0.05854231 0.1059268 0.004 0.05866671 0.1060056 0.004 0.0587871 0.1060904 0.004 0.05890318 0.106181 0.004 0.05901468 0.1062771 0.004 0.05912132 0.1063787 0.004 0.05922285 0.1064853 0.004 0.05931903 0.1065968 0.004 0.05940962 0.1067129 0.004 0.05949441 0.1068333 0.004 0.05957318 0.1069577 0.004 0.05964576 0.1070858 0.004 0.05971197 0.1072173 0.004 0.05977164 0.107352 0.004 0.05982463 0.1074893 0.004 0.05987082 0.1076291 0.004 0.0599101 0.1077711 0.004 0.05994236 0.1079147 0.004 0.05996753 0.1080598 0.004 0.05998555 0.1082059 0.004 0.05999639 0.1083528 0.004 0.06 0.1085 0.004 0.043 0.1235 0.01 0.04300361 0.1235 0.009852797 0.04301445 0.1235 0.009705949 0.04303247 0.1235 0.009559809 0.04305764 0.1235 0.009414729 0.0430899 0.1235 0.009271059 0.04312918 0.1235 0.009129146 0.04317537 0.1235 0.00898933 0.04322836 0.1235 0.00885195 0.04328803 0.1235 0.008717335 0.04335424 0.1235 0.00858581 0.04342682 0.1235 0.008457692 0.04350559 0.1055 0.008333289 0.04350559 0.1235 0.008333289 0.04359038 0.1235 0.008212902 0.04368097 0.1235 0.00809682 0.04377715 0.1235 0.007985323 0.04387868 0.1055 0.00787868 0.04387868 0.1235 0.00787868 0.04398532 0.1235 0.007777147 0.04409682 0.1235 0.007680969 0.0442129 0.1235 0.007590377 0.04433329 0.1235 0.007505591 0.04445769 0.1235 0.007426814 0.04445769 0.1055 0.007426814 0.04458581 0.1235 0.007354236 0.04471733 0.1235 0.007288032 0.04485195 0.1235 0.007228362 0.04498933 0.1235 0.007175368 0.04512915 0.1235 0.007129179 0.04527106 0.1235 0.007089906 0.04541473 0.1235 0.007057644 0.04555981 0.1055 0.007032471 0.04555981 0.1235 0.007032471 0.04570595 0.1235 0.007014446 0.0458528 0.1235 0.007003613 0.0458528 0.1055 0.007003613 0.0492107 0.1083167 0.004 0.04928036 0.108245 0.004 0.04935399 0.1081774 0.004 0.04914525 0.1083922 0.004 0.04943137 0.1081142 0.004 0.04908422 0.1084714 0.004 0.04951223 0.1080554 0.004 0.04902781 0.1085539 0.004 0.04959631 0.1080014 0.004 0.04897619 0.1086395 0.004 0.04968333 0.1079522 0.004 0.04892955 0.1087279 0.004 0.04977303 0.1079081 0.004 0.04888803 0.1088188 0.004 0.04986509 0.1078692 0.004 0.04885177 0.1089119 0.004 0.04995922 0.1078356 0.004 0.04882089 0.109007 0.004 0.05005512 0.1078075 0.004 0.04879548 0.1091036 0.004 0.05015247 0.1077849 0.004 0.04877563 0.1092016 0.004 0.05025095 0.1077678 0.004 0.04876141 0.1093005 0.004 0.05035024 0.1077564 0.004 0.04875285 0.1094001 0.004 0.04875 0.1095 0.004 0.04875285 0.1095999 0.004 0.04876141 0.1096995 0.004 0.04877563 0.1097984 0.004 0.04879548 0.1098964 0.004 0.04882089 0.109993 0.004 0.04885177 0.1100881 0.004 0.04888803 0.1101812 0.004 0.04892955 0.1102721 0.004 0.05054997 0.1077507 0.004 0.05064976 0.1077564 0.004 0.05074905 0.1077678 0.004 0.05084753 0.1077849 0.004 0.05094488 0.1078075 0.004 0.05104078 0.1078356 0.004 0.05113491 0.1078692 0.004 0.05122697 0.1079081 0.004 0.05131667 0.1079522 0.004 0.05140369 0.1080014 0.004 0.05148777 0.1080554 0.004 0.05156863 0.1081142 0.004 0.05164601 0.1081774 0.004 0.05171964 0.108245 0.004 0.0517893 0.1083167 0.004 0.05185475 0.1083922 0.004 0.05191578 0.1084714 0.004 0.05197219 0.1085539 0.004 0.05202381 0.1086395 0.004 0.05207045 0.1087279 0.004 0.05211197 0.1088188 0.004 0.05214823 0.1089119 0.004 0.05217911 0.109007 0.004 0.05220452 0.1091036 0.004 0.05222437 0.1092016 0.004 0.05223859 0.1093005 0.004 0.05224715 0.1094001 0.004 0.05045003 0.1077507 0.004 0.0492107 0.1173167 0.004 0.04928036 0.117245 0.004 0.04928036 0.110755 0.004 0.0492107 0.1106833 0.004 0.04935399 0.1171774 0.004 0.04935399 0.1108226 0.004 0.04914525 0.1173922 0.004 0.04914525 0.1106078 0.004 0.04943137 0.1171142 0.004 0.04951223 0.1109446 0.004 0.04943137 0.1108858 0.004 0.04908422 0.1174714 0.004 0.04908422 0.1105286 0.004 0.04951223 0.1170554 0.004 0.04959631 0.1109986 0.004 0.04902781 0.1175539 0.004 0.04902781 0.1104461 0.004 0.04959631 0.1170014 0.004 0.04897619 0.1176395 0.004 0.04897619 0.1103605 0.004 0.04968333 0.1169522 0.004 0.04977303 0.1110919 0.004 0.04968333 0.1110478 0.004 0.04892955 0.1177279 0.004 0.04977303 0.1169081 0.004 0.04888803 0.1178188 0.004 0.04986509 0.1168692 0.004 0.04986509 0.1111308 0.004 0.04885177 0.1179119 0.004 0.043 0.1235 0.004 0.04995922 0.1168356 0.004 0.04995922 0.1111644 0.004 0.04882089 0.118007 0.004 0.05005512 0.1168075 0.004 0.05015247 0.1112151 0.004 0.05005512 0.1111925 0.004 0.04879548 0.1181036 0.004 0.05015247 0.1167849 0.004 0.04877563 0.1182016 0.004 0.05025095 0.1167678 0.004 0.05025095 0.1112322 0.004 0.04876141 0.1183005 0.004 0.05035024 0.1167564 0.004 0.05035024 0.1112436 0.004 0.04875285 0.1184001 0.004 0.05045003 0.1167507 0.004 0.05054997 0.1112493 0.004 0.05045003 0.1112493 0.004 0.04875 0.1185 0.004 0.05054997 0.1167507 0.004 0.04875285 0.1185999 0.004 0.05064976 0.1167564 0.004 0.05064976 0.1112436 0.004 0.04876141 0.1186995 0.004 0.05074905 0.1167678 0.004 0.05084753 0.1112151 0.004 0.05074905 0.1112322 0.004 0.04877563 0.1187984 0.004 0.05084753 0.1167849 0.004 0.04879548 0.1188964 0.004 0.05094488 0.1168075 0.004 0.05094488 0.1111925 0.004 0.04882089 0.118993 0.004 0.05104078 0.1168356 0.004 0.05104078 0.1111644 0.004 0.04885177 0.1190881 0.004 0.05113491 0.1168692 0.004 0.05122697 0.1110919 0.004 0.05113491 0.1111308 0.004 0.04888803 0.1191812 0.004 0.05122697 0.1169081 0.004 0.05131667 0.1110478 0.004 0.04892955 0.1192721 0.004 0.05131667 0.1169522 0.004 0.04897619 0.1193605 0.004 0.05140369 0.1170014 0.004 0.05148777 0.1109446 0.004 0.05140369 0.1109986 0.004 0.04902781 0.1194461 0.004 0.05225 0.1095 0.004 0.05224715 0.1095999 0.004 0.05223859 0.1096995 0.004 0.05222437 0.1097984 0.004 0.05220452 0.1098964 0.004 0.05217911 0.109993 0.004 0.05214823 0.1100881 0.004 0.05211197 0.1101812 0.004 0.05207045 0.1102721 0.004 0.05202381 0.1103605 0.004 0.05197219 0.1104461 0.004 0.05148777 0.1170554 0.004 0.04908422 0.1195286 0.004 0.05156863 0.1171142 0.004 0.05156863 0.1108858 0.004 0.04914525 0.1196078 0.004 0.05164601 0.1171774 0.004 0.05164601 0.1108226 0.004 0.0492107 0.1196833 0.004 0.05171964 0.117245 0.004 0.0517893 0.1106833 0.004 0.05171964 0.110755 0.004 0.04928036 0.119755 0.004 0.0517893 0.1173167 0.004 0.04935399 0.1198226 0.004 0.05185475 0.1173922 0.004 0.05185475 0.1106078 0.004 0.04943137 0.1198858 0.004 0.05191578 0.1174714 0.004 0.05191578 0.1105286 0.004 0.04951223 0.1199446 0.004 0.05197219 0.1175539 0.004 0.04959631 0.1199986 0.004 0.05202381 0.1176395 0.004 0.04968333 0.1200478 0.004 0.04977303 0.1200919 0.004 0.04986509 0.1201308 0.004 0.04995922 0.1201644 0.004 0.05005512 0.1201925 0.004 0.05015247 0.1202151 0.004 0.04 0.1335 0.004 0.043 0.1325 0.004 0.046 0.1335 0.004 0.046 0.1325 0.004 0.057 0.1235 0.004 0.05222437 0.1187984 0.004 0.05220452 0.1188964 0.004 0.05217911 0.118993 0.004 0.05214823 0.1190881 0.004 0.05211197 0.1191812 0.004 0.05207045 0.1192721 0.004 0.05202381 0.1193605 0.004 0.05197219 0.1194461 0.004 0.05191578 0.1195286 0.004 0.05185475 0.1196078 0.004 0.0517893 0.1196833 0.004 0.05171964 0.119755 0.004 0.05164601 0.1198226 0.004 0.05156863 0.1198858 0.004 0.05148777 0.1199446 0.004 0.05140369 0.1199986 0.004 0.05131667 0.1200478 0.004 0.05122697 0.1200919 0.004 0.05113491 0.1201308 0.004 0.05104078 0.1201644 0.004 0.05094488 0.1201925 0.004 0.05084753 0.1202151 0.004 0.05074905 0.1202322 0.004 0.05064976 0.1202436 0.004 0.05054997 0.1202493 0.004 0.06 0.1205 0.004 0.05207045 0.1177279 0.004 0.05211197 0.1178188 0.004 0.05214823 0.1179119 0.004 0.05217911 0.118007 0.004 0.05220452 0.1181036 0.004 0.05222437 0.1182016 0.004 0.05223859 0.1183005 0.004 0.05224715 0.1184001 0.004 0.05225 0.1185 0.004 0.05224715 0.1185999 0.004 0.05223859 0.1186995 0.004 0.05998555 0.1207941 0.004 0.05999639 0.1206472 0.004 0.0599101 0.1212289 0.004 0.05996753 0.1209402 0.004 0.05994236 0.1210853 0.004 0.05772894 0.1234101 0.004 0.05744019 0.1234675 0.004 0.05758527 0.1234424 0.004 0.05787085 0.1233708 0.004 0.05729405 0.1234856 0.004 0.0571472 0.1234964 0.004 0.05982463 0.1215107 0.004 0.05987082 0.1213709 0.004 0.05957318 0.1220423 0.004 0.05964576 0.1219142 0.004 0.05971197 0.1217827 0.004 0.05854231 0.1230732 0.004 0.05828267 0.123212 0.004 0.05841419 0.1231458 0.004 0.05814805 0.1232716 0.004 0.05801067 0.1233246 0.004 0.05940962 0.1222871 0.004 0.05977164 0.121648 0.004 0.05949441 0.1221667 0.004 0.05931903 0.1224032 0.004 0.05890318 0.122819 0.004 0.05866671 0.1229944 0.004 0.0587871 0.1229096 0.004 0.05912132 0.1226213 0.004 0.05922285 0.1225147 0.004 0.05901468 0.1227229 0.004 0.05045003 0.1202493 0.004 0.05035024 0.1202436 0.004 0.05025095 0.1202322 0.004 0.043 0.1325 0.03686335 0.043 0.1055 0.03686335 0.043 0.1235 0.007 0.04 0.1345 0.005 0.04 0.1345 0.03574902 0.04 0.1337903 0.00404306 0.04 0.133598 0.004004815 0.04 0.1336951 0.004019215 0.04 0.1338827 0.00407612 0.04 0.1343819 0.004528603 0.04 0.1344569 0.004709715 0.04 0.1344239 0.004617317 0.04 0.1344808 0.00480491 0.04 0.1344952 0.004901983 0.04 0.1343315 0.00444443 0.04 0.1341344 0.00422699 0.04 0.1340556 0.00416853 0.04 0.1339714 0.004118079 0.04 0.1342071 0.004292893 0.04 0.134273 0.004365607 0.04299564 0.1325 0.03705001 0.04298258 0.1325 0.03723626 0.04296084 0.1325 0.03742169 0.04293047 0.1325 0.03760592 0.04289154 0.1325 0.03778852 0.04284413 0.1325 0.0379691 0.04278834 0.1325 0.03814728 0.0427243 0.1325 0.03832266 0.04265215 0.1325 0.03849486 0.04257204 0.1325 0.03866351 0.04248415 0.1325 0.03882823 0.04238866 0.1325 0.03898867 0.04228579 0.1325 0.03914449 0.04217577 0.1325 0.03929533 0.04205882 0.1325 0.03944087 0.04205882 0.1055 0.03944087 0.03999536 0.1055 0.03594167 0.03999536 0.1345 0.03594167 0.03998144 0.1345 0.03613388 0.03995829 0.1345 0.03632519 0.03992594 0.1345 0.03651517 0.03988448 0.1345 0.03670337 0.03983401 0.1345 0.03688935 0.03977464 0.1345 0.03707269 0.0397065 0.1345 0.03725295 0.03962977 0.1345 0.03742973 0.03954461 0.1345 0.0376026 0.03945122 0.1345 0.03777117 0.03934982 0.1345 0.03793504 0.03924064 0.1345 0.03809385 0.03912395 0.1345 0.0382472 0.039 0.1345 0.03839477 0.039 0.1055 0.03839477 0.04024442 0.1325 0.04148849 0.04024442 0.1055 0.04148849 0.03833043 0.1325 0.04344336 0.03833043 0.1055 0.04344336 0.0363216 0.1325 0.04530062 0.0342229 0.1325 0.04705569 0.03203952 0.1325 0.04870424 0.02977687 0.1325 0.05024217 0.02744054 0.1325 0.05166568 0.02503631 0.1325 0.05297125 0.02257014 0.1325 0.05415565 0.02004811 0.1325 0.05521595 0.01747648 0.1325 0.05614952 0.01486161 0.1325 0.05695406 0.01220997 0.1325 0.05762757 0.009528118 0.1325 0.0581684 0.006822689 0.1325 0.05857519 0.004100378 0.1325 0.05884694 0.001367921 0.1325 0.05898299 -0.001367921 0.1325 0.05898299 -0.004100378 0.1325 0.05884694 -0.006822689 0.1325 0.05857519 -0.009528118 0.1325 0.0581684 -0.01220997 0.1325 0.05762757 -0.01486161 0.1325 0.05695406 -0.01747648 0.1325 0.05614952 -0.02004811 0.1325 0.05521595 -0.02257014 0.1325 0.05415565 -0.02503631 0.1325 0.05297125 -0.02744054 0.1325 0.05166568 -0.02977687 0.1325 0.05024217 -0.03203952 0.1325 0.04870424 -0.0342229 0.1325 0.04705569 -0.0363216 0.1325 0.04530062 -0.03833043 0.1325 0.04344336 -0.04024442 0.1325 0.04148849 -0.04024442 0.1055 0.04148849 -0.04205882 0.1325 0.03944087 0.03723638 0.1345 0.04029673 0.03723638 0.1055 0.04029673 0.0353801 0.1345 0.04210838 0.0334358 0.1345 0.04382521 0.0334358 0.1055 0.04382521 0.03140831 0.1345 0.04544295 0.02930267 0.1345 0.04695758 0.02712412 0.1345 0.04836532 0.02487809 0.1345 0.04966268 0.02257016 0.1345 0.05084643 0.02020607 0.1345 0.05191362 0.0177917 0.1345 0.0528616 0.01533307 0.1345 0.053688 0.01283629 0.1345 0.05439077 0.01030757 0.1345 0.05496817 0.007753199 0.1345 0.05541875 0.005179541 0.1345 0.0557414 0.002592996 0.1345 0.05593531 -7.943279e-17 0.1345 0.056 -0.002592996 0.1345 0.05593531 -0.005179541 0.1345 0.0557414 -0.007753199 0.1345 0.05541875 -0.01030757 0.1345 0.05496817 -0.01283629 0.1345 0.05439077 -0.01533307 0.1345 0.053688 -0.0177917 0.1345 0.0528616 -0.02020607 0.1345 0.05191362 -0.02257016 0.1345 0.05084643 -0.02487809 0.1345 0.04966268 -0.02712412 0.1345 0.04836532 -0.02930267 0.1345 0.04695758 -0.03140831 0.1345 0.04544295 -0.0334358 0.1345 0.04382521 -0.0353801 0.1055 0.04210838 -0.0353801 0.1345 0.04210838 -0.03723638 0.1345 0.04029673 -0.039 0.1345 0.03839477 -0.043 0.1325 0.03686335 -0.043 0.1055 0.03686335 -0.04299564 0.1325 0.03705001 -0.04298258 0.1325 0.03723626 -0.04296084 0.1325 0.03742169 -0.04293047 0.1325 0.03760592 -0.04289154 0.1325 0.03778852 -0.04284413 0.1325 0.0379691 -0.04278834 0.1325 0.03814728 -0.0427243 0.1325 0.03832266 -0.04265215 0.1325 0.03849486 -0.04257204 0.1325 0.03866351 -0.04248415 0.1325 0.03882823 -0.04238866 0.1325 0.03898867 -0.04228579 0.1325 0.03914449 -0.04217577 0.1325 0.03929533 -0.03999536 0.1345 0.03594167 -0.03999536 0.1055 0.03594167 -0.04 0.1345 0.03574902 -0.03998144 0.1345 0.03613388 -0.03995829 0.1345 0.03632519 -0.03992594 0.1345 0.03651517 -0.03988448 0.1345 0.03670337 -0.03983401 0.1345 0.03688935 -0.03977464 0.1345 0.03707269 -0.0397065 0.1345 0.03725295 -0.03962977 0.1345 0.03742973 -0.03954461 0.1345 0.0376026 -0.03945122 0.1345 0.03777117 -0.03934982 0.1345 0.03793504 -0.03924064 0.1345 0.03809385 -0.03912395 0.1345 0.0382472 -0.043 0.1235 0.01 -0.043 0.1325 0.004 -0.043 0.1235 0.004 -0.043 0.1235 0.007 -0.04 0.1345 0.005 -0.04 0.1344808 0.00480491 -0.04 0.1344952 0.004901983 -0.04 0.1344569 0.004709715 -0.04 0.1344239 0.004617317 -0.04 0.1343819 0.004528603 -0.04 0.1343315 0.00444443 -0.04 0.134273 0.004365607 -0.04 0.1342071 0.004292893 -0.04 0.1340556 0.00416853 -0.04 0.1341344 0.00422699 -0.04 0.1337903 0.00404306 -0.04 0.1338827 0.00407612 -0.04 0.1339714 0.004118079 -0.04 0.1336951 0.004019215 -0.04 0.133598 0.004004815 -0.04 0.1335 0.004 -0.04300361 0.1235 0.009852797 -0.04301445 0.1235 0.009705949 -0.04303247 0.1235 0.009559809 -0.04305764 0.1235 0.009414729 -0.0430899 0.1235 0.009271059 -0.04312918 0.1235 0.009129146 -0.04317537 0.1055 0.00898933 -0.04317537 0.1235 0.00898933 -0.04322836 0.1235 0.00885195 -0.04328803 0.1235 0.008717335 -0.04335424 0.1235 0.00858581 -0.04342682 0.1235 0.008457692 -0.04350559 0.1055 0.008333289 -0.04350559 0.1235 0.008333289 -0.04359038 0.1235 0.008212902 -0.04368097 0.1235 0.00809682 -0.04377715 0.1235 0.007985323 -0.04387868 0.1235 0.00787868 -0.04398532 0.1055 0.007777147 -0.04398532 0.1235 0.007777147 -0.04409682 0.1235 0.007680969 -0.0442129 0.1235 0.007590377 -0.04433329 0.1055 0.007505591 -0.04433329 0.1235 0.007505591 -0.04445769 0.1235 0.007426814 -0.04458581 0.1235 0.007354236 -0.04471733 0.1235 0.007288032 -0.04485195 0.1235 0.007228362 -0.04498933 0.1055 0.007175368 -0.04498933 0.1235 0.007175368 -0.04512915 0.1235 0.007129179 -0.04527106 0.1235 0.007089906 -0.04541473 0.1235 0.007057644 -0.04555981 0.1055 0.007032471 -0.04555981 0.1235 0.007032471 -0.04570595 0.1055 0.007014446 -0.04570595 0.1235 0.007014446 -0.0458528 0.1235 0.007003613 -0.0458528 0.1055 0.007003613 -0.046 0.1235 0.007 -0.05866671 0.1060056 0.004 -0.0587871 0.1060904 0.004 -0.05890318 0.106181 0.004 -0.05957318 0.1069577 0.004 -0.05931903 0.1065968 0.004 -0.05940962 0.1067129 0.004 -0.05949441 0.1068333 0.004 -0.05854231 0.1059268 0.004 -0.05901468 0.1062771 0.004 -0.05912132 0.1063787 0.004 -0.05964576 0.1070858 0.004 -0.05922285 0.1064853 0.004 -0.05977164 0.107352 0.004 -0.05971197 0.1072173 0.004 -0.05814805 0.1057284 0.004 -0.05828267 0.105788 0.004 -0.05841419 0.1058542 0.004 -0.05982463 0.1074893 0.004 -0.05787085 0.1056292 0.004 -0.05801067 0.1056754 0.004 -0.0599101 0.1077711 0.004 -0.05987082 0.1076291 0.004 -0.05758527 0.1055576 0.004 -0.05772894 0.1055899 0.004 -0.05996753 0.1080598 0.004 -0.05994236 0.1079147 0.004 -0.05999639 0.1083528 0.004 -0.05998555 0.1082059 0.004 -0.0571472 0.1055036 0.004 -0.05729405 0.1055144 0.004 -0.05744019 0.1055325 0.004 -0.06 0.1085 0.004 -0.0517893 0.1083167 0.004 -0.05171964 0.108245 0.004 -0.05164601 0.1081774 0.004 -0.05185475 0.1083922 0.004 -0.05156863 0.1081142 0.004 -0.05191578 0.1084714 0.004 -0.05148777 0.1080554 0.004 -0.05197219 0.1085539 0.004 -0.05140369 0.1080014 0.004 -0.05202381 0.1086395 0.004 -0.05131667 0.1079522 0.004 -0.05207045 0.1087279 0.004 -0.05122697 0.1079081 0.004 -0.05211197 0.1088188 0.004 -0.05113491 0.1078692 0.004 -0.05214823 0.1089119 0.004 -0.05104078 0.1078356 0.004 -0.05217911 0.109007 0.004 -0.05094488 0.1078075 0.004 -0.05220452 0.1091036 0.004 -0.05084753 0.1077849 0.004 -0.05222437 0.1092016 0.004 -0.05074905 0.1077678 0.004 -0.05223859 0.1093005 0.004 -0.05064976 0.1077564 0.004 -0.05224715 0.1094001 0.004 -0.05054997 0.1077507 0.004 -0.05225 0.1095 0.004 -0.05045003 0.1077507 0.004 -0.05224715 0.1095999 0.004 -0.05035024 0.1077564 0.004 -0.05223859 0.1096995 0.004 -0.05222437 0.1097984 0.004 -0.05220452 0.1098964 0.004 -0.05217911 0.109993 0.004 -0.05214823 0.1100881 0.004 -0.05211197 0.1101812 0.004 -0.05207045 0.1102721 0.004 -0.05202381 0.1103605 0.004 -0.05197219 0.1104461 0.004 -0.05996753 0.1209402 0.004 -0.05999639 0.1206472 0.004 -0.05998555 0.1207941 0.004 -0.05994236 0.1210853 0.004 -0.06 0.1205 0.004 -0.05982463 0.1215107 0.004 -0.0599101 0.1212289 0.004 -0.05987082 0.1213709 0.004 -0.05971197 0.1217827 0.004 -0.05977164 0.121648 0.004 -0.05964576 0.1219142 0.004 -0.05957318 0.1220423 0.004 -0.05922285 0.1225147 0.004 -0.05949441 0.1221667 0.004 -0.05940962 0.1222871 0.004 -0.05931903 0.1224032 0.004 -0.05901468 0.1227229 0.004 -0.05912132 0.1226213 0.004 -0.0587871 0.1229096 0.004 -0.05890318 0.122819 0.004 -0.05854231 0.1230732 0.004 -0.05866671 0.1229944 0.004 -0.05814805 0.1232716 0.004 -0.05841419 0.1231458 0.004 -0.05828267 0.123212 0.004 -0.05787085 0.1233708 0.004 -0.05801067 0.1233246 0.004 -0.05025095 0.1077678 0.004 -0.05015247 0.1077849 0.004 -0.05005512 0.1078075 0.004 -0.04995922 0.1078356 0.004 -0.04986509 0.1078692 0.004 -0.04977303 0.1079081 0.004 -0.04968333 0.1079522 0.004 -0.04959631 0.1080014 0.004 -0.04951223 0.1080554 0.004 -0.04943137 0.1081142 0.004 -0.04935399 0.1081774 0.004 -0.04928036 0.108245 0.004 -0.0492107 0.1083167 0.004 -0.04914525 0.1083922 0.004 -0.04908422 0.1084714 0.004 -0.04902781 0.1085539 0.004 -0.04897619 0.1086395 0.004 -0.04892955 0.1087279 0.004 -0.04888803 0.1088188 0.004 -0.04885177 0.1089119 0.004 -0.04882089 0.109007 0.004 -0.04879548 0.1091036 0.004 -0.04877563 0.1092016 0.004 -0.04876141 0.1093005 0.004 -0.04875285 0.1094001 0.004 -0.04875 0.1095 0.004 -0.04875285 0.1095999 0.004 -0.04876141 0.1096995 0.004 -0.04877563 0.1097984 0.004 -0.04879548 0.1098964 0.004 -0.04882089 0.109993 0.004 -0.04885177 0.1100881 0.004 -0.04888803 0.1101812 0.004 -0.04892955 0.1102721 0.004 -0.05171964 0.117245 0.004 -0.05171964 0.110755 0.004 -0.0517893 0.1106833 0.004 -0.0517893 0.1173167 0.004 -0.05164601 0.1171774 0.004 -0.05156863 0.1108858 0.004 -0.05164601 0.1108226 0.004 -0.05185475 0.1173922 0.004 -0.05185475 0.1106078 0.004 -0.05191578 0.1105286 0.004 -0.05156863 0.1171142 0.004 -0.05191578 0.1174714 0.004 -0.05148777 0.1170554 0.004 -0.05148777 0.1109446 0.004 -0.05197219 0.1175539 0.004 -0.05140369 0.1170014 0.004 -0.05140369 0.1109986 0.004 -0.05202381 0.1176395 0.004 -0.05131667 0.1169522 0.004 -0.05122697 0.1110919 0.004 -0.05131667 0.1110478 0.004 -0.05207045 0.1177279 0.004 -0.05772894 0.1234101 0.004 -0.05122697 0.1169081 0.004 -0.05113491 0.1111308 0.004 -0.05211197 0.1178188 0.004 -0.05113491 0.1168692 0.004 -0.05214823 0.1179119 0.004 -0.05104078 0.1168356 0.004 -0.05104078 0.1111644 0.004 -0.05217911 0.118007 0.004 -0.05758527 0.1234424 0.004 -0.05094488 0.1168075 0.004 -0.05094488 0.1111925 0.004 -0.05220452 0.1181036 0.004 -0.05084753 0.1167849 0.004 -0.05084753 0.1112151 0.004 -0.05222437 0.1182016 0.004 -0.05074905 0.1167678 0.004 -0.05064976 0.1112436 0.004 -0.05074905 0.1112322 0.004 -0.05223859 0.1183005 0.004 -0.05064976 0.1167564 0.004 -0.05224715 0.1184001 0.004 -0.05729405 0.1234856 0.004 -0.05744019 0.1234675 0.004 -0.05054997 0.1167507 0.004 -0.05054997 0.1112493 0.004 -0.05225 0.1185 0.004 -0.05045003 0.1167507 0.004 -0.05045003 0.1112493 0.004 -0.0571472 0.1234964 0.004 -0.05224715 0.1185999 0.004 -0.05035024 0.1167564 0.004 -0.05035024 0.1112436 0.004 -0.05223859 0.1186995 0.004 -0.057 0.1235 0.004 -0.05025095 0.1167678 0.004 -0.05015247 0.1112151 0.004 -0.05025095 0.1112322 0.004 -0.05222437 0.1187984 0.004 -0.05015247 0.1167849 0.004 -0.05220452 0.1188964 0.004 -0.05005512 0.1168075 0.004 -0.05005512 0.1111925 0.004 -0.05217911 0.118993 0.004 -0.04995922 0.1168356 0.004 -0.04995922 0.1111644 0.004 -0.05214823 0.1190881 0.004 -0.04986509 0.1168692 0.004 -0.04986509 0.1111308 0.004 -0.05211197 0.1191812 0.004 -0.04977303 0.1169081 0.004 -0.04977303 0.1110919 0.004 -0.05207045 0.1192721 0.004 -0.04968333 0.1169522 0.004 -0.04968333 0.1110478 0.004 -0.05202381 0.1193605 0.004 -0.04959631 0.1170014 0.004 -0.04959631 0.1109986 0.004 -0.05197219 0.1194461 0.004 -0.04951223 0.1170554 0.004 -0.04943137 0.1108858 0.004 -0.04951223 0.1109446 0.004 -0.05191578 0.1195286 0.004 -0.04943137 0.1171142 0.004 -0.05185475 0.1196078 0.004 -0.04935399 0.1171774 0.004 -0.04935399 0.1108226 0.004 -0.0517893 0.1196833 0.004 -0.04928036 0.117245 0.004 -0.0492107 0.1106833 0.004 -0.04928036 0.110755 0.004 -0.05171964 0.119755 0.004 -0.0492107 0.1173167 0.004 -0.05164601 0.1198226 0.004 -0.04914525 0.1173922 0.004 -0.04914525 0.1106078 0.004 -0.05156863 0.1198858 0.004 -0.04908422 0.1174714 0.004 -0.04908422 0.1105286 0.004 -0.05148777 0.1199446 0.004 -0.04902781 0.1175539 0.004 -0.04902781 0.1104461 0.004 -0.05140369 0.1199986 0.004 -0.04897619 0.1176395 0.004 -0.04897619 0.1103605 0.004 -0.05131667 0.1200478 0.004 -0.04892955 0.1177279 0.004 -0.05122697 0.1200919 0.004 -0.04888803 0.1178188 0.004 -0.05113491 0.1201308 0.004 -0.04885177 0.1179119 0.004 -0.05104078 0.1201644 0.004 -0.05094488 0.1201925 0.004 -0.05084753 0.1202151 0.004 -0.05074905 0.1202322 0.004 -0.05064976 0.1202436 0.004 -0.05054997 0.1202493 0.004 -0.04882089 0.118007 0.004 -0.04879548 0.1181036 0.004 -0.04877563 0.1182016 0.004 -0.04876141 0.1183005 0.004 -0.04875285 0.1184001 0.004 -0.04875 0.1185 0.004 -0.04875285 0.1185999 0.004 -0.04876141 0.1186995 0.004 -0.04877563 0.1187984 0.004 -0.04879548 0.1188964 0.004 -0.04882089 0.118993 0.004 -0.04885177 0.1190881 0.004 -0.04888803 0.1191812 0.004 -0.04892955 0.1192721 0.004 -0.04897619 0.1193605 0.004 -0.04902781 0.1194461 0.004 -0.04908422 0.1195286 0.004 -0.04914525 0.1196078 0.004 -0.0492107 0.1196833 0.004 -0.04928036 0.119755 0.004 -0.04935399 0.1198226 0.004 -0.04943137 0.1198858 0.004 -0.04951223 0.1199446 0.004 -0.04959631 0.1199986 0.004 -0.04968333 0.1200478 0.004 -0.04977303 0.1200919 0.004 -0.04986509 0.1201308 0.004 -0.04995922 0.1201644 0.004 -0.05005512 0.1201925 0.004 -0.05015247 0.1202151 0.004 -0.046 0.1325 0.004 -0.046 0.1335 0.004 -0.05045003 0.1202493 0.004 -0.05035024 0.1202436 0.004 -0.05025095 0.1202322 0.004 -0.0492107 0.1083167 0.007 -0.04928036 0.108245 0.007 -0.04935399 0.1081774 0.007 -0.04914525 0.1083922 0.007 -0.04943137 0.1081142 0.007 -0.04908422 0.1084714 0.007 -0.04951223 0.1080554 0.007 -0.04902781 0.1085539 0.007 -0.04959631 0.1080014 0.007 -0.04897619 0.1086395 0.007 -0.04968333 0.1079522 0.007 -0.04892955 0.1087279 0.007 -0.04977303 0.1079081 0.007 -0.04888803 0.1088188 0.007 -0.04986509 0.1078692 0.007 -0.04885177 0.1089119 0.007 -0.04995922 0.1078356 0.007 -0.04882089 0.109007 0.007 -0.05005512 0.1078075 0.007 -0.04879548 0.1091036 0.007 -0.05015247 0.1077849 0.007 -0.04877563 0.1092016 0.007 -0.05025095 0.1077678 0.007 -0.04876141 0.1093005 0.007 -0.05035024 0.1077564 0.007 -0.04875285 0.1094001 0.007 -0.05045003 0.1077507 0.007 -0.04875 0.1095 0.007 -0.05054997 0.1077507 0.007 -0.04875285 0.1095999 0.007 -0.05064976 0.1077564 0.007 -0.04876141 0.1096995 0.007 -0.04877563 0.1097984 0.007 -0.04879548 0.1098964 0.007 -0.04882089 0.109993 0.007 -0.04885177 0.1100881 0.007 -0.057 0.1055 0.007 -0.05224715 0.1094001 0.007 -0.05223859 0.1093005 0.007 -0.05222437 0.1092016 0.007 -0.05220452 0.1091036 0.007 -0.05217911 0.109007 0.007 -0.05214823 0.1089119 0.007 -0.05211197 0.1088188 0.007 -0.05207045 0.1087279 0.007 -0.05202381 0.1086395 0.007 -0.05197219 0.1085539 0.007 -0.05191578 0.1084714 0.007 -0.05185475 0.1083922 0.007 -0.0517893 0.1083167 0.007 -0.05171964 0.108245 0.007 -0.05164601 0.1081774 0.007 -0.05156863 0.1081142 0.007 -0.05148777 0.1080554 0.007 -0.05140369 0.1080014 0.007 -0.05131667 0.1079522 0.007 -0.05122697 0.1079081 0.007 -0.05113491 0.1078692 0.007 -0.05104078 0.1078356 0.007 -0.05094488 0.1078075 0.007 -0.05084753 0.1077849 0.007 -0.05074905 0.1077678 0.007 -0.05729405 0.1055144 0.007 -0.0571472 0.1055036 0.007 -0.05744019 0.1055325 0.007 -0.05758527 0.1055576 0.007 -0.05772894 0.1055899 0.007 -0.05801067 0.1056754 0.007 -0.05787085 0.1056292 0.007 -0.05814805 0.1057284 0.007 -0.05841419 0.1058542 0.007 -0.05828267 0.105788 0.007 -0.0587871 0.1060904 0.007 -0.05854231 0.1059268 0.007 -0.05866671 0.1060056 0.007 -0.05890318 0.106181 0.007 -0.05901468 0.1062771 0.007 -0.05922285 0.1064853 0.007 -0.05912132 0.1063787 0.007 -0.05931903 0.1065968 0.007 -0.05949441 0.1068333 0.007 -0.05940962 0.1067129 0.007 -0.0492107 0.1106833 0.007 -0.04928036 0.117245 0.007 -0.04928036 0.110755 0.007 -0.0492107 0.1173167 0.007 -0.05957318 0.1069577 0.007 -0.04935399 0.1171774 0.007 -0.04935399 0.1108226 0.007 -0.04914525 0.1106078 0.007 -0.04914525 0.1173922 0.007 -0.04943137 0.1171142 0.007 -0.04943137 0.1108858 0.007 -0.04908422 0.1174714 0.007 -0.04902781 0.1104461 0.007 -0.04908422 0.1105286 0.007 -0.04951223 0.1170554 0.007 -0.04951223 0.1109446 0.007 -0.04902781 0.1175539 0.007 -0.04959631 0.1170014 0.007 -0.04959631 0.1109986 0.007 -0.04892955 0.1102721 0.007 -0.04897619 0.1176395 0.007 -0.04897619 0.1103605 0.007 -0.04968333 0.1169522 0.007 -0.04968333 0.1110478 0.007 -0.04892955 0.1177279 0.007 -0.04977303 0.1169081 0.007 -0.04977303 0.1110919 0.007 -0.04888803 0.1101812 0.007 -0.04888803 0.1178188 0.007 -0.05964576 0.1070858 0.007 -0.04986509 0.1168692 0.007 -0.04986509 0.1111308 0.007 -0.04885177 0.1179119 0.007 -0.04995922 0.1168356 0.007 -0.04995922 0.1111644 0.007 -0.05005512 0.1111925 0.007 -0.04882089 0.118007 0.007 -0.05005512 0.1168075 0.007 -0.04879548 0.1181036 0.007 -0.05015247 0.1167849 0.007 -0.05015247 0.1112151 0.007 -0.05025095 0.1167678 0.007 -0.05025095 0.1112322 0.007 -0.05035024 0.1167564 0.007 -0.05035024 0.1112436 0.007 -0.05977164 0.107352 0.007 -0.05971197 0.1072173 0.007 -0.05045003 0.1167507 0.007 -0.05045003 0.1112493 0.007 -0.05054997 0.1167507 0.007 -0.05054997 0.1112493 0.007 -0.05064976 0.1167564 0.007 -0.05064976 0.1112436 0.007 -0.05987082 0.1076291 0.007 -0.05982463 0.1074893 0.007 -0.05074905 0.1167678 0.007 -0.05074905 0.1112322 0.007 -0.05084753 0.1167849 0.007 -0.05084753 0.1112151 0.007 -0.05094488 0.1168075 0.007 -0.05094488 0.1111925 0.007 -0.05994236 0.1079147 0.007 -0.0599101 0.1077711 0.007 -0.05104078 0.1168356 0.007 -0.05104078 0.1111644 0.007 -0.05113491 0.1168692 0.007 -0.05113491 0.1111308 0.007 -0.05122697 0.1169081 0.007 -0.05122697 0.1110919 0.007 -0.05998555 0.1082059 0.007 -0.05996753 0.1080598 0.007 -0.05131667 0.1169522 0.007 -0.05131667 0.1110478 0.007 -0.05140369 0.1170014 0.007 -0.05140369 0.1109986 0.007 -0.06 0.1085 0.007 -0.05999639 0.1083528 0.007 -0.05197219 0.1104461 0.007 -0.05202381 0.1103605 0.007 -0.05225 0.1095 0.007 -0.05207045 0.1102721 0.007 -0.05211197 0.1101812 0.007 -0.05214823 0.1100881 0.007 -0.05217911 0.109993 0.007 -0.05220452 0.1098964 0.007 -0.05222437 0.1097984 0.007 -0.05223859 0.1096995 0.007 -0.05224715 0.1095999 0.007 -0.05148777 0.1170554 0.007 -0.05148777 0.1109446 0.007 -0.05156863 0.1171142 0.007 -0.05156863 0.1108858 0.007 -0.05164601 0.1171774 0.007 -0.05164601 0.1108226 0.007 -0.05171964 0.117245 0.007 -0.05171964 0.110755 0.007 -0.0517893 0.1173167 0.007 -0.0517893 0.1106833 0.007 -0.05185475 0.1173922 0.007 -0.05185475 0.1106078 0.007 -0.05191578 0.1174714 0.007 -0.05191578 0.1105286 0.007 -0.04877563 0.1182016 0.007 -0.04876141 0.1183005 0.007 -0.04875285 0.1184001 0.007 -0.04875 0.1185 0.007 -0.04875285 0.1185999 0.007 -0.04876141 0.1186995 0.007 -0.04877563 0.1187984 0.007 -0.04879548 0.1188964 0.007 -0.04882089 0.118993 0.007 -0.04885177 0.1190881 0.007 -0.04888803 0.1191812 0.007 -0.04892955 0.1192721 0.007 -0.04897619 0.1193605 0.007 -0.04902781 0.1194461 0.007 -0.04908422 0.1195286 0.007 -0.04914525 0.1196078 0.007 -0.0492107 0.1196833 0.007 -0.04928036 0.119755 0.007 -0.04935399 0.1198226 0.007 -0.04943137 0.1198858 0.007 -0.04951223 0.1199446 0.007 -0.05197219 0.1175539 0.007 -0.04959631 0.1199986 0.007 -0.05202381 0.1176395 0.007 -0.04968333 0.1200478 0.007 -0.04977303 0.1200919 0.007 -0.04986509 0.1201308 0.007 -0.04995922 0.1201644 0.007 -0.05005512 0.1201925 0.007 -0.05015247 0.1202151 0.007 -0.05025095 0.1202322 0.007 -0.05035024 0.1202436 0.007 -0.05045003 0.1202493 0.007 -0.05054997 0.1202493 0.007 -0.05064976 0.1202436 0.007 -0.05074905 0.1202322 0.007 -0.057 0.1235 0.007 -0.05084753 0.1202151 0.007 -0.05094488 0.1201925 0.007 -0.05104078 0.1201644 0.007 -0.05113491 0.1201308 0.007 -0.05122697 0.1200919 0.007 -0.05131667 0.1200478 0.007 -0.05140369 0.1199986 0.007 -0.05148777 0.1199446 0.007 -0.05156863 0.1198858 0.007 -0.05164601 0.1198226 0.007 -0.05171964 0.119755 0.007 -0.0517893 0.1196833 0.007 -0.05185475 0.1196078 0.007 -0.05191578 0.1195286 0.007 -0.05197219 0.1194461 0.007 -0.05202381 0.1193605 0.007 -0.05207045 0.1192721 0.007 -0.05211197 0.1191812 0.007 -0.05214823 0.1190881 0.007 -0.05217911 0.118993 0.007 -0.05220452 0.1188964 0.007 -0.05222437 0.1187984 0.007 -0.06 0.1205 0.007 -0.05225 0.1185 0.007 -0.05224715 0.1184001 0.007 -0.05223859 0.1183005 0.007 -0.05222437 0.1182016 0.007 -0.05220452 0.1181036 0.007 -0.05217911 0.118007 0.007 -0.05214823 0.1179119 0.007 -0.05211197 0.1178188 0.007 -0.05223859 0.1186995 0.007 -0.05207045 0.1177279 0.007 -0.05224715 0.1185999 0.007 -0.05729405 0.1234856 0.007 -0.05999639 0.1206472 0.007 -0.05998555 0.1207941 0.007 -0.0571472 0.1234964 0.007 -0.05744019 0.1234675 0.007 -0.05758527 0.1234424 0.007 -0.05772894 0.1234101 0.007 -0.05996753 0.1209402 0.007 -0.05994236 0.1210853 0.007 -0.0599101 0.1212289 0.007 -0.05814805 0.1232716 0.007 -0.05987082 0.1213709 0.007 -0.05982463 0.1215107 0.007 -0.05977164 0.121648 0.007 -0.05801067 0.1233246 0.007 -0.05787085 0.1233708 0.007 -0.05841419 0.1231458 0.007 -0.05854231 0.1230732 0.007 -0.05828267 0.123212 0.007 -0.05866671 0.1229944 0.007 -0.05971197 0.1217827 0.007 -0.05964576 0.1219142 0.007 -0.05931903 0.1224032 0.007 -0.05957318 0.1220423 0.007 -0.05949441 0.1221667 0.007 -0.05940962 0.1222871 0.007 -0.05912132 0.1226213 0.007 -0.05922285 0.1225147 0.007 -0.05901468 0.1227229 0.007 -0.05890318 0.122819 0.007 -0.0587871 0.1229096 0.007 0.046 0.133598 0.004004815 0.046 0.1336951 0.004019215 0.046 0.1337903 0.00404306 0.046 0.1338827 0.00407612 0.046 0.1339714 0.004118079 0.046 0.1340556 0.00416853 0.046 0.1341344 0.00422699 0.046 0.1342071 0.004292893 0.046 0.134273 0.004365607 0.046 0.1343315 0.00444443 0.046 0.1343819 0.004528603 0.046 0.1344239 0.004617317 0.046 0.1344569 0.004709715 0.046 0.1344808 0.00480491 0.046 0.1344952 0.004901983 0.046 0.1345 0.005 0.046 0.1325 0.03794112 0.046 0.1345 0.03794112 -0.046 0.1325 0.03794112 -0.04599529 0.1325 0.03813524 -0.04598116 0.1325 0.0383289 -0.04595765 0.1325 0.03852164 -0.04592482 0.1325 0.03871302 -0.04588273 0.1325 0.03890258 -0.0458315 0.1325 0.03908987 -0.04577124 0.1325 0.03927446 -0.04570209 0.1325 0.0394559 -0.04562421 0.1325 0.03963378 -0.0455378 0.1325 0.03980766 -0.04544305 0.1325 0.03997715 -0.04534019 0.1325 0.04014184 -0.04522945 0.1325 0.04030134 -0.04511111 0.1325 0.04045528 -0.04325179 0.1325 0.04264301 -0.04128649 0.1325 0.04473605 -0.03922002 0.1325 0.04672927 -0.03705744 0.1325 0.04861778 -0.03480405 0.1325 0.05039696 -0.03246539 0.1325 0.05206245 -0.03004716 0.1325 0.05361016 -0.02755531 0.1325 0.05503631 -0.02499594 0.1325 0.0563374 -0.02237531 0.1325 0.05751024 -0.01969986 0.1325 0.05855195 -0.01697613 0.1325 0.05946 -0.01421081 0.1325 0.06023214 -0.01141066 0.1325 0.06086648 -0.00858255 0.1325 0.06136148 -0.005733411 0.1325 0.06171592 -0.002870222 0.1325 0.06192894 1.197289e-17 0.1325 0.062 0.002870222 0.1325 0.06192894 0.005733411 0.1325 0.06171592 0.00858255 0.1325 0.06136148 0.01141066 0.1325 0.06086648 0.01421081 0.1325 0.06023214 0.01697613 0.1325 0.05946 0.01969986 0.1325 0.05855195 0.02237531 0.1325 0.05751024 0.02499594 0.1325 0.0563374 0.02755531 0.1325 0.05503631 0.03004716 0.1325 0.05361016 0.04599529 0.1325 0.03813524 0.04598116 0.1325 0.0383289 0.04595765 0.1325 0.03852164 0.03246539 0.1325 0.05206245 0.04592482 0.1325 0.03871302 0.04588273 0.1325 0.03890258 0.0458315 0.1325 0.03908987 0.04577124 0.1325 0.03927446 0.04570209 0.1325 0.0394559 0.03480405 0.1325 0.05039696 0.04562421 0.1325 0.03963378 0.0455378 0.1325 0.03980766 0.04544305 0.1325 0.03997715 0.04534019 0.1325 0.04014184 0.04522945 0.1325 0.04030134 0.04511111 0.1325 0.04045528 0.03705744 0.1325 0.04861778 0.04325179 0.1325 0.04264301 0.03922002 0.1325 0.04672927 0.04128649 0.1325 0.04473605 -0.046 0.1345 0.03794112 -0.046 0.1345 0.005 -0.04599529 0.1345 0.03813524 -0.04598116 0.1345 0.0383289 -0.04595765 0.1345 0.03852164 -0.04592482 0.1345 0.03871302 -0.04588273 0.1345 0.03890258 -0.0458315 0.1345 0.03908987 -0.04577124 0.1345 0.03927446 -0.04570209 0.1345 0.0394559 -0.04562421 0.1345 0.03963378 -0.0455378 0.1345 0.03980766 -0.04544305 0.1345 0.03997715 -0.04534019 0.1345 0.04014184 -0.04522945 0.1345 0.04030134 -0.04511111 0.1345 0.04045528 -0.04325179 0.1345 0.04264301 -0.04128649 0.1345 0.04473605 -0.03922002 0.1345 0.04672927 -0.03705744 0.1345 0.04861778 -0.03480405 0.1345 0.05039696 -0.03246539 0.1345 0.05206245 -0.03004716 0.1345 0.05361016 -0.02755531 0.1345 0.05503631 -0.02499594 0.1345 0.0563374 -0.02237531 0.1345 0.05751024 -0.01969986 0.1345 0.05855195 -0.01697613 0.1345 0.05946 -0.01421081 0.1345 0.06023214 -0.01141066 0.1345 0.06086648 -0.00858255 0.1345 0.06136148 -0.005733411 0.1345 0.06171592 -0.002870222 0.1345 0.06192894 1.197289e-17 0.1345 0.062 0.002870222 0.1345 0.06192894 0.005733411 0.1345 0.06171592 0.00858255 0.1345 0.06136148 0.01141066 0.1345 0.06086648 0.01421081 0.1345 0.06023214 0.01697613 0.1345 0.05946 0.01969986 0.1345 0.05855195 0.02237531 0.1345 0.05751024 0.02499594 0.1345 0.0563374 0.02755531 0.1345 0.05503631 0.03004716 0.1345 0.05361016 0.04599529 0.1345 0.03813524 0.04598116 0.1345 0.0383289 0.04595765 0.1345 0.03852164 0.03246539 0.1345 0.05206245 0.04592482 0.1345 0.03871302 0.04588273 0.1345 0.03890258 0.0458315 0.1345 0.03908987 0.04577124 0.1345 0.03927446 0.04570209 0.1345 0.0394559 0.03480405 0.1345 0.05039696 0.04562421 0.1345 0.03963378 0.0455378 0.1345 0.03980766 0.04544305 0.1345 0.03997715 0.04534019 0.1345 0.04014184 0.04522945 0.1345 0.04030134 0.04511111 0.1345 0.04045528 0.03705744 0.1345 0.04861778 0.04325179 0.1345 0.04264301 0.03922002 0.1345 0.04672927 0.04128649 0.1345 0.04473605 -0.046 0.133598 0.004004815 -0.046 0.1336951 0.004019215 -0.046 0.1337903 0.00404306 -0.046 0.1338827 0.00407612 -0.046 0.1339714 0.004118079 -0.046 0.1340556 0.00416853 -0.046 0.1341344 0.00422699 -0.046 0.1342071 0.004292893 -0.046 0.134273 0.004365607 -0.046 0.1343315 0.00444443 -0.046 0.1343819 0.004528603 -0.046 0.1344239 0.004617317 -0.046 0.1344569 0.004709715 -0.046 0.1344808 0.00480491 -0.046 0.1344952 0.004901983</float_array>
          <technique_common>
            <accessor count="1746" source="#cubeverts-array0-array" stride="3">
              <param type="float" name="X"/>
              <param type="float" name="Y"/>
              <param type="float" name="Z"/>
            </accessor>
          </technique_common>
        </source>
        <source id="cubenormals-array0">
          <float_array count="10512" id="cubenormals-array0-array">-0 -1 0 0 -1 0 0 -1 0 0 -1 0 0 -1 0 0 -1 0 0 -1 0 0 -1 0 0 -1 0 0 -1 0 0 -1 0 0 -1 0 0 -1 0 0 -1 0 0 -1 0 0 -1 0 0 -1 0 0 -1 -0 0 -1 -0 0 -1 -0 0 -1 -0 0 -1 -0 0 -1 -0 0 -1 -0 0 -1 -0 0 -1 -0 0 -1 -0 0 -1 -0 0 -1 -0 0 -1 -0 0 -1 -0 0 -1 -0 0 -1 -0 0 -1 -0 0 -1 -0 -0 -1 0 -0 -1 0 -0 -1 0 -0 -1 0 0 -1 0 -0 -1 0 0 -1 0 0 -1 0 -0 -1 0 -0 -1 0 0 -1 0 0 -1 0 -0 -1 0 0 -1 0 0 -1 0 0 -1 0 -0 -1 0 0 -1 0 0 -1 0 -0 -1 0 0 -1 0 0 -1 0 0 -1 0 -0 -1 0 0 -1 0 0 -1 0 -0 -1 0 -0 -1 0 -0 -1 0 -0 -1 0 -0 -1 0 0 -1 -0 -0 -1 0 0 -1 -0 -0 -1 0 0 -1 -0 -0 -1 0 0 -1 -0 -0 -1 0 0 -1 -0 -0 -1 0 0 -1 -0 -0 -1 0 0 -1 -0 -0 -1 0 0 -1 -0 -0 -1 0 0 -1 0 -0 -1 0 0 -1 -0 0 -1 0 0 -1 -0 0 -1 0 0 -1 -0 0 -1 0 0 -1 -0 0 -1 0 0 -1 -0 0 -1 0 0 -1 -0 0 -1 0 -0 -1 0 0 -1 -0 0 -1 -0 -0 -1 0 0 -1 -0 -0 -1 0 -0 -1 0 0 -1 -0 -0 -1 0 0 -1 -0 -0 -1 0 0 -1 -0 -0 -1 0 0 -1 -0 -0 -1 0 0 -1 -0 -0 -1 0 0 -1 -0 -0 -1 0 0 -1 -0 -0 -1 0 0 -1 -0 -0 -1 0 0 -1 -0 -0 -1 0 0 -1 -0 -0 -1 0 0 -1 -0 -0 -1 0 0 -1 -0 0 -1 -0 -0 -1 0 0 -1 0 0 -1 -0 0 -1 -0 0 -1 0 0 -1 -0 -0 -1 0 0 -1 0 0 -1 -0 -0 -1 0 -0 -1 -0 0 -1 -0 -0 -1 0 0 -1 -0 -0 -1 0 0 -1 -0 -0 -1 0 0 -1 -0 -0 -1 0 0 -1 -0 -0 -1 0 -0 -1 0 0 -1 -0 0 -1 0 -0 -1 0 0 -1 -0 -0 -1 0 0 -1 0 0 -1 0 -0 -1 0 0 -1 -0 0 -1 0 0 -1 0 0 -1 0 0 -1 0 0 -1 0 -0 -1 0 0 -1 -0 0 -1 0 0 -1 -0 0 -1 -0 0 -1 0 0 -1 -0 0 -1 -0 0 -1 0 0 -1 0 -0 -1 0 0 -1 -0 0 -1 -0 0 -1 -0 0 -1 0 0 -1 -0 0 -1 -0 0 -1 0 0 -1 0 -0 -1 0 0 -1 -0 0 -1 -0 0 -1 -0 0 -1 0 0 -1 -0 0 -1 0 0 -1 -0 0 -1 0 0 -1 0 0 -1 0 0 -1 0 0 -1 0 -0 -1 0 0 -1 0 0 -1 -0 0 -1 -0 0 -1 0 -0 -1 0 0 0 1 0 0 1 0 0 1 0 0 1 0 0 1 0 0 1 0 0 1 0 0 1 0 0 1 0 0 1 0 0 1 0 0 1 0 0 1 0 0 1 0 0 1 0 0 1 0 0 1 0 0 1 0 0 1 0 0 1 0 0 1 0 0 1 0 0 1 0 0 1 0 0 1 0 0 1 0 0 1 0 0 1 0 0 1 0 0 1 0 0 1 0 0 1 0 0 1 0 0 1 0 0 1 0 0 1 0 0 1 0 0 1 0 0 1 0 0 1 0 0 1 0 0 1 0 0 1 0 0 1 0 0 1 0 0 1 0 0 1 0 0 1 0 0 1 0 0 1 0 0 1 0 0 1 0 0 1 0 0 1 0 0 1 0 0 1 0 0 1 0 0 1 0 0 1 0 0 1 0 0 1 0 0 1 0 0 1 0 0 1 0 0 1 0 0 1 0 0 1 0 0 1 0 0 1 0 0 1 0 0 1 0 0 1 0 0 1 0 0 1 0 0 1 0 0 1 0 0 1 0 0 1 0 0 1 0 0 1 0 0 1 0 0 1 0 0 1 0 0 1 0 0 1 0 0 1 0 0 1 0 0 1 0 0 1 0 0 1 0 0 1 0 0 1 0 0 1 0 0 1 0 0 1 0 0 1 0 0 1 0 0 1 0 0 1 0 0 1 0 0 1 0 0 1 0 0 1 0 0 1 0 0 1 0 0 1 0 0 1 0 0 1 0 0 1 0 0 1 0 0 1 0 0 1 0 0 1 0 0 1 0 0 1 0 0 1 0 0 1 0 0 1 0 0 1 0 0 1 0 0 1 0 0 1 0 0 1 0 0 1 0 0 1 0 0 1 0 0 1 0 0 1 0 0 1 0 0 1 0 0 1 0 0 1 0 0 1 0 0 1 0 0 1 0 0 1 0 0 1 0 0 1 0 0 1 0 0 1 0 0 1 0 0 1 0 0 1 0 0 1 0 0 1 0 0 1 0 0 1 0 0 1 0 0 1 0 0 1 0 0 1 0 0 1 0 0 1 0 0 1 0 0 1 0 0 1 0 0 1 0 0 1 0 0 1 0 0 1 0 0 1 0 0 1 0 0 1 0 0 1 0 0 1 0 0 1 0 0 1 0 0 1 0 0 1 0 0 1 0 0 1 0 0 1 0 0 1 0 0 1 0 0 1 0 0 1 0 0 1 0 0 1 0 0 1 0 0 1 0 0 1 0 0 1 0 0 1 0 0 1 0 0 1 0 0 1 0 0 1 0 0 1 0 0 1 0 0 1 0 0 1 0 0 1 0 0 1 0 0 1 0 0 1 0 0 1 0 0 1 0 0 1 0 0 1 0 0 1 0 0 1 0 0 1 0 0 1 0 0 1 0 0 1 0 0 1 0 0 1 0 0 1 0 0 1 0 0 1 0 0 1 0 0 1 0 0 1 0 0 1 0 0 1 0 0 1 0 0 1 0 0 1 0 0 1 0 0 1 0 0 1 0 0 1 0 0 1 0 0 1 0 0 1 0 0 1 0 0 1 0 0 1 0 0 1 0 0 1 0 0 1 0 0 1 0 0 1 0 0 1 0 0 1 0 0 1 0 0 1 0 0 1 0 0 1 0 0 1 0 0 1 0 0 1 0 0 1 0 0 1 0 0 1 0 0 1 0 0 1 0 0 1 0 0 1 0 0 1 0 0 1 0 0 1 0 0 1 0 0 1 0 0 1 0 0 1 0 0 1 0 0 1 0 0 1 0 0 1 0 0 1 0 0 1 0 0 1 0 0 1 0 0 1 0 0 1 0 0 1 0 0 1 0 0 1 0 0 1 0 0 1 0 0 1 0 0 1 0 0 1 0 0 1 0 0 1 0 0 1 0 0 1 0 0 1 0 0 1 0 0 1 0 0 1 0 0 1 0 0 1 0 0 1 0 0 1 0 0 1 0 0 1 0 0 1 0 0 1 0.02455981 -0.9996983 0 0.02455981 -0.9996983 0 0.07352243 -0.9972936 0 0.07352243 -0.9972936 0 0.122434 -0.9924766 0 0.122434 -0.9924766 0 0.1709869 -0.9852733 0 0.1709869 -0.9852733 0 0.2190695 -0.9757092 0 0.2190695 -0.9757092 0 0.2667325 -0.9637706 0 0.2667325 -0.9637706 0 0.3136774 -0.9495296 0 0.3136774 -0.9495296 0 0.3599007 -0.9329906 0 0.3599007 -0.9329906 0 0.4052297 -0.9142149 0 0.4052297 -0.9142149 0 0.4495955 -0.8932323 0 0.4495955 -0.8932323 0 0.4928936 -0.8700896 0 0.4928936 -0.8700896 0 0.5350218 -0.8448382 0 0.5350218 -0.8448382 0 0.5758021 -0.8175892 0 0.5758021 -0.8175892 0 0.6152347 -0.788344 0 0.6152347 -0.788344 0 0.6531692 -0.757212 0 0.6531692 -0.757212 0 0.6895362 -0.7242513 0 0.6895362 -0.7242513 0 0.7242383 -0.6895497 0 0.7242383 -0.6895497 0 0.757212 -0.6531692 0 0.7883636 -0.6152096 0 0.757212 -0.6531692 0 0.7883636 -0.6152096 0 0.8175805 -0.5758142 0 0.8175805 -0.5758142 0 0.8448573 -0.5349917 0 0.870077 -0.4929158 0 0.8448573 -0.5349917 0 0.870077 -0.4929158 0 0.8932219 -0.4496162 0 0.8932219 -0.4496162 0 0.9142191 -0.4052201 0 0.9142191 -0.4052201 0 0.9329939 -0.359892 0 0.9329939 -0.359892 0 0.9495168 -0.3137162 0 0.9495168 -0.3137162 0 0.9637772 -0.2667084 0 0.9637772 -0.2667084 0 0.9757037 -0.2190942 0 0.9852784 -0.1709574 0 0.9757037 -0.2190942 0 0.9924798 -0.1224084 0 0.9852784 -0.1709574 0 0.9924798 -0.1224084 0 0.9972898 -0.07357395 0 0.9972898 -0.07357395 0 0.9996989 -0.02453392 0 0.9996989 -0.02453392 0 0.999699 0 0.0245336 0.9972897 0 0.07357538 0.999699 -0 0.0245336 0.9924797 0 0.1224092 0.9972897 0 0.07357538 0.9852782 0 0.1709585 0.9924797 0 0.1224092 0.9852782 0 0.1709585 0.975704 0 0.2190928 0.9637768 0 0.2667101 0.975704 -0 0.2190928 0.9637768 0 0.2667101 0.9495212 0 0.3137027 0.9329923 0 0.3598964 0.9495212 -0 0.3137027 0.9329923 0 0.3598964 0.9142128 -0 0.4052345 0.9142128 0 0.4052345 0.8932245 0 0.4496109 0.8932245 0 0.4496109 0.8700848 -0 0.4929019 0.8700848 0 0.4929019 0.8448536 0 0.5349975 0.8448536 -0 0.5349975 0.817587 0 0.5758051 0.817587 -0 0.5758051 0.7883465 0 0.6152316 0.7883465 -0 0.6152316 0.7572147 0 0.653166 0.7572147 -0 0.653166 0.7242368 0 0.6895514 0.7242368 -0 0.6895514 0.6895396 0 0.7242481 0.6895396 -0 0.7242481 0.6531766 0 0.7572056 0.6152347 0 0.788344 0.6531766 -0 0.7572056 0.6152347 0 0.788344 0.5758042 0 0.8175877 0.5350034 0 0.8448499 0.5758042 -0 0.8175877 0.5350034 0 0.8448499 0.4928911 0 0.870091 0.4928911 -0 0.870091 0.4496161 0 0.8932219 0.4052351 0 0.9142125 0.4496161 -0 0.8932219 0.4052351 0 0.9142125 0.3599007 0 0.9329906 0.3136803 0 0.9495286 0.3599007 -0 0.9329906 0.3136803 0 0.9495286 0.2667114 0 0.9637764 0.2667114 -0 0.9637764 0.2191004 0 0.9757023 0.2191004 -0 0.9757023 0.1709649 0 0.9852772 0.1709649 -0 0.9852772 0.1224116 0 0.9924794 0.07356429 0 0.9972904 0.1224116 -0 0.9924794 0.02454039 0 0.9996988 0.07356429 0 0.9972904 0.02454039 0 0.9996988 0 -0 -1 -0 0 -1 0 -0 -1 -0 0 -1 0 -0 -1 -0 0 -1 0 -0 -1 -0 0 -1 0 -0 -1 -0 0 -1 0 -0 -1 -0 0 -1 0 -0 -1 -0 0 -1 0 -0 -1 -0 0 -1 0 -0 -1 -0 0 -1 0 -0 -1 -0 0 -1 0 -0 -1 -0 0 -1 0 -0 -1 -0 0 -1 0 -0 -1 0 -0 -1 0 0 -1 0 0 -1 0 0 -1 0 0 -1 0 0 -1 0 0 -1 0 0 -1 0 0 -1 0 0 -1 0 0 -1 0 0 -1 0 0 -1 0 0 -1 0 0 -1 0 0 -1 0 0 -1 0 0 -1 0 0 -1 0 0 -1 0 0 -1 0 0 -1 0 0 -1 0 0 -1 0 0 -1 0 0 -1 0 0 -1 0 0 -1 0 0 -1 0 0 -1 0 0 -1 0 0 -1 0 0 -1 0 0 -1 0 0 -1 0 0 -1 0 0 -1 0 0 -1 0 0 -1 0 0 -1 0 0 -1 0 0 -1 0 0 -1 0 0 -1 0 0 -1 0 0 -1 0 0 -1 0 0 -1 0 0 -1 0 0 -1 0 0 -1 0 0 -1 0 0 -1 0 0 -1 0 0 -1 0 0 -1 0 0 -1 0 0 -1 0 0 -1 0 0 -1 -0 0 -1 0 -0 -1 0 0 -1 0 0 -1 0 0 -1 -0 0 -1 0 -0 -1 0 0 -1 0 0 -1 -0 -0 -1 0 0 -1 0 0 -1 0 0 -1 -0 -0 -1 0 0 -1 0 0 -1 -0 0 -1 0 0 -1 0 -0 -1 0 -0 -1 0 0 -1 0 0 -1 -0 -0 -1 0 -0 -1 0 0 -1 0 -0 -1 -0 0 -1 -0 0 -1 0 -0 -1 0 -0 -1 -0 0 -1 -0 -0 -1 0 0 -1 0 -0 -1 -0 0 -1 -0 -0 -1 0 0 -1 -0 -0 -1 -0 -0 -1 -0 0 -1 0 -0 -1 -0 -0 -1 -0 0 -1 0 -0 -1 0 0 -1 -0 -0 -1 -0 0 -1 0 0 -1 0 -0 -1 -0 -0 -1 -0 -0 -1 -0 0 -1 0 0 -1 0 -0 -1 -0 0 -1 0 0 -1 0 0 -1 0 0 -1 0 -0 -1 -0 0 -1 0 -0 -1 0 0 -1 -0 0 -1 0 -0 -1 0 0 -1 -0 0 -1 0 0 -1 0 -0 -1 -0 0 -1 0 0 -1 0 -0 -1 0 0 -1 0 0 -1 0 0 -1 -0 0 -1 0 0 -1 0 -0 -1 0 0 -1 0 0 -1 -0 0 -1 0 -0 -1 -0 0 -1 0 0 -1 0 0 -1 0 0 -1 0 -0 -1 -0 0 -1 0 0 -1 0 0 -1 0 0 -1 0 0 -1 0 0 -1 0 0 -1 0 0 -1 0 0 -1 0 0 -1 0 0 -1 0 0 -1 0 0 -1 -0 0 -1 0 -0 -1 -0 0 -1 0 -0 -1 0 0 -1 -0 0 -1 0 -0 -1 0 0 -1 -0 0 -1 0 0 -1 0 -0 -1 0 0 -1 -0 0 -1 0 -0 -1 -0 0 -1 0 -0 -1 0 0 -1 -0 0 -1 0 0 -1 0 -0 -1 0 0 -1 -0 0 -1 0 0 -1 0 -0 -1 -0 0 -1 0 -0 -1 -0 0 -1 -0 0 -1 -0 0 -1 -0 0 -1 -0 0 -1 -0 0 -1 0 0 -1 -0 -0 -1 0 -0 -1 -0 0 -1 0 0 -1 0 0 -1 0 0 -1 0 0 -1 0 0 -1 0 0 -1 0 0 -1 0 0 -1 0 0 -1 0 0 -1 0 0 -1 0 0 -1 0 0 -1 0 0 -1 0 0 -1 0 0 -1 0 0 -1 0 0 -1 0 0 -1 0 0 -1 0 0 -1 0 0 -1 0 0 -1 0 0 -1 0 -0 -1 0 0 -1 0 0 -1 0 0 -1 0 0 -1 0 0 -1 0 0 -1 0 0 -1 0 0 -1 0 0 -1 0 0 -1 0 0 -1 0 0 -1 -0 0 -1 0 0 -1 0 0 -1 0 0 -1 0 0 -1 -0 -0 -1 0 0 -1 0 0 -1 0 0 -1 0 0 -1 0 0 -1 -0 -0 -1 0 0 -1 0 0 -1 0 0 -1 0 0 -1 0 0 -1 0 0 -1 0 0 -1 0 0 -1 0 0 -1 0 0 -1 0 0 -1 -0 -0 -1 0 0 -1 0 0 -1 0 0 -1 0 0 -1 0 0 -1 0 0 -1 -0 -0 -1 0 0 -1 0 0 -1 0 0 -1 0 0 -1 0 0 -1 0 0 -1 1 -0 0 1 0 -0 1 -0 0 1 0 0 1 0 0 -1 0 0 -1 -0 0 -1 0 0 -1 0 0 -1 0 0 -1 0 0 -1 0 0 -1 0 0 -1 0 0 -1 0 0 -1 -0 0 -1 0 0 -1 0 0 -1 0 0 -1 0 0 -1 0 0 -1 -0 0 -1 0 0 0.9997277 -0 0.02333311 0.9975485 -0 0.06997795 0.9997277 -0 0.02333311 0.9932002 -0 0.1164192 0.9975485 -0 0.06997795 0.9932002 -0 0.1164192 0.9866802 -0 0.1626726 0.9780213 -0 0.2085048 0.9866802 0 0.1626726 0.9672183 -0 0.2539462 0.9780213 -0 0.2085048 0.9672183 -0 0.2539462 0.9543184 -0 0.2987915 0.9543184 0 0.2987915 0.9393409 -0 0.3429846 0.9393409 0 0.3429846 0.9223044 -0 0.3864644 0.9032676 -0 0.4290777 0.9223044 0 0.3864644 0.9032676 -0 0.4290777 0.8822669 -0 0.4707494 0.8822669 0 0.4707494 0.8593299 -0 0.5114217 0.8345376 -0 0.5509509 0.8593299 0 0.5114217 0.8345376 -0 0.5509509 0.8079171 -0 0.5892961 0.7795335 -0 0.6263605 0.8079171 0 0.5892961 0.7795335 -0 0.6263605 -0.9997098 0 -0.02409059 -0.9997098 0 -0.02409059 -0.9973893 0 -0.07221205 -0.9927551 -0 -0.1201552 -0.9973893 0 -0.07221205 -0.9858139 -0 -0.1678423 -0.9927551 0 -0.1201552 -0.9858139 0 -0.1678423 -0.976585 0 -0.2151318 -0.9650938 -0 -0.2619045 -0.976585 0 -0.2151318 -0.9650938 0 -0.2619045 -0.9513565 0 -0.3080922 -0.9354149 -0 -0.3535518 -0.9513565 0 -0.3080922 -0.9354149 0 -0.3535518 -0.9173002 0 -0.3981962 -0.9173002 0 -0.3981962 -0.8970523 0 -0.4419245 -0.8970523 0 -0.4419245 -0.8747365 0 -0.4845989 -0.8747365 0 -0.4845989 -0.8503773 0 -0.5261734 -0.8503773 0 -0.5261734 -0.8240413 0 -0.5665296 -0.8240413 0 -0.5665296 -0.7958047 0 -0.6055534 -0.7657216 -0 -0.6431721 -0.7958047 0 -0.6055534 -0.7657216 0 -0.6431721 0.7484426 0 0.6631995 0.7484426 0 0.6631995 0.7145382 0 0.6995965 0.7145382 0 0.6995965 0.6788648 0 0.7342634 0.6788648 0 0.7342634 0.6415113 0 0.7671136 0.6415113 0 0.7671136 0.602573 0 0.7980638 0.5621414 -0 0.8270411 0.602573 0 0.7980638 0.5621414 0 0.8270411 0.5203183 0 0.8539724 0.5203183 0 0.8539724 0.4772105 -0 0.8787891 0.4772105 0 0.8787891 0.4329196 0 0.9014326 0.4329196 0 0.9014326 0.3875585 -0 0.9218451 0.3875585 0 0.9218451 0.3412384 0 0.9399768 0.3412384 0 0.9399768 0.2940736 0 0.9557828 0.2940736 0 0.9557828 0.2461808 0 0.9692239 0.2461808 0 0.9692239 0.1976813 0 0.9802663 0.1976813 0 0.9802663 0.1486898 0 0.9888839 0.1486898 0 0.9888839 0.09933012 0 0.9950545 0.09933012 0 0.9950545 0.04972779 0 0.9987627 0.04972779 0 0.9987627 0 -0 1 0 0 1 -0.04972779 0 0.9987627 -0.04972779 0 0.9987627 -0.09933012 0 0.9950545 -0.09933012 0 0.9950545 -0.1486898 0 0.9888839 -0.1486898 0 0.9888839 -0.1976813 0 0.9802663 -0.1976813 0 0.9802663 -0.2461808 0 0.9692239 -0.2940736 0 0.9557828 -0.2461808 0 0.9692239 -0.2940736 0 0.9557828 -0.3412384 0 0.9399768 -0.3412384 0 0.9399768 -0.3875585 0 0.9218451 -0.3875585 0 0.9218451 -0.4329196 0 0.9014326 -0.4329196 0 0.9014326 -0.4772105 0 0.8787891 -0.5203183 0 0.8539724 -0.4772105 0 0.8787891 -0.5203183 0 0.8539724 -0.5621414 0 0.8270411 -0.602573 0 0.7980638 -0.5621414 0 0.8270411 -0.602573 0 0.7980638 -0.6415113 0 0.7671136 -0.6415113 0 0.7671136 -0.6788648 0 0.7342634 -0.6788648 0 0.7342634 -0.7145382 0 0.6995965 -0.7145382 0 0.6995965 -0.7484426 0 0.6631995 -0.7484426 0 0.6631995 -0.7332705 0 -0.6799371 -0.7332705 -0 -0.6799371 -0.6984524 -0 -0.7156565 -0.6984524 -0 -0.7156565 -0.6618971 -0 -0.7495947 -0.623695 -0 -0.7816678 -0.6618971 0 -0.7495947 -0.623695 -0 -0.7816678 -0.5839415 -0 -0.8117957 -0.5839415 0 -0.8117957 -0.5427337 -0 -0.8399047 -0.5427337 0 -0.8399047 -0.5001766 -0 -0.8659235 -0.5001766 0 -0.8659235 -0.4563763 0 -0.8897869 -0.4563763 -0 -0.8897869 -0.4114375 0 -0.911438 -0.4114375 -0 -0.911438 -0.365477 -0 -0.9308203 -0.365477 -0 -0.9308203 -0.3186058 0 -0.9478874 -0.3186058 -0 -0.9478874 -0.2709435 0 -0.9625952 -0.2709435 -0 -0.9625952 -0.2226061 -0 -0.9749085 -0.2226061 -0 -0.9749085 -0.1737157 0 -0.9847959 -0.1737157 -0 -0.9847959 -0.1243915 -0 -0.9922332 -0.1243915 -0 -0.9922332 -0.07475991 0 -0.9972015 -0.07475991 -0 -0.9972015 -0.02494007 0 -0.9996889 -0.02494007 -0 -0.9996889 0.02494007 0 -0.9996889 0.02494007 0 -0.9996889 0.07475991 0 -0.9972015 0.07475991 0 -0.9972015 0.1243915 0 -0.9922332 0.1243915 0 -0.9922332 0.1737157 0 -0.9847959 0.2226061 0 -0.9749085 0.1737157 0 -0.9847959 0.2226061 0 -0.9749085 0.2709435 0 -0.9625952 0.2709435 0 -0.9625952 0.3186058 0 -0.9478874 0.3186058 0 -0.9478874 0.365477 0 -0.9308203 0.4114375 0 -0.911438 0.365477 0 -0.9308203 0.4114375 0 -0.911438 0.4563763 0 -0.8897869 0.4563763 0 -0.8897869 0.5001766 0 -0.8659235 0.5001766 0 -0.8659235 0.5427337 0 -0.8399047 0.5427337 0 -0.8399047 0.5839415 0 -0.8117957 0.5839415 0 -0.8117957 0.623695 0 -0.7816678 0.6618971 0 -0.7495947 0.623695 0 -0.7816678 0.6618971 0 -0.7495947 0.6984524 0 -0.7156565 0.6984524 0 -0.7156565 0.7332705 0 -0.6799371 0.7332705 0 -0.6799371 -0.9997277 0 0.02333311 -0.9975485 0 0.06997795 -0.9997277 0 0.02333311 -0.9932002 0 0.1164192 -0.9975485 0 0.06997795 -0.9932002 0 0.1164192 -0.9866802 0 0.1626726 -0.9780213 0 0.2085048 -0.9866802 0 0.1626726 -0.9672183 0 0.2539462 -0.9780213 0 0.2085048 -0.9672183 0 0.2539462 -0.9543184 0 0.2987915 -0.9543184 0 0.2987915 -0.9393409 0 0.3429846 -0.9393409 0 0.3429846 -0.9223044 0 0.3864644 -0.9032676 0 0.4290777 -0.9223044 0 0.3864644 -0.9032676 0 0.4290777 -0.8822669 0 0.4707494 -0.8822669 0 0.4707494 -0.8593299 0 0.5114217 -0.8345376 0 0.5509509 -0.8593299 0 0.5114217 -0.8345376 0 0.5509509 -0.8079171 0 0.5892961 -0.7795335 0 0.6263605 -0.8079171 0 0.5892961 -0.7795335 0 0.6263605 0.9997098 0 -0.02409059 0.9997098 0 -0.02409059 0.9973893 0 -0.07221205 0.9973893 0 -0.07221205 0.9927551 0 -0.1201552 0.9927551 0 -0.1201552 0.9858139 0 -0.1678423 0.9858139 0 -0.1678423 0.976585 0 -0.2151318 0.976585 0 -0.2151318 0.9650938 0 -0.2619045 0.9650938 0 -0.2619045 0.9513565 0 -0.3080922 0.9513565 0 -0.3080922 0.9354149 0 -0.3535518 0.9354149 0 -0.3535518 0.9173002 0 -0.3981962 0.9173002 0 -0.3981962 0.8970523 0 -0.4419245 0.8970523 0 -0.4419245 0.8747365 0 -0.4845989 0.8747365 0 -0.4845989 0.8503773 0 -0.5261734 0.8240413 0 -0.5665296 0.8503773 0 -0.5261734 0.8240413 0 -0.5665296 0.7958047 0 -0.6055534 0.7657216 0 -0.6431721 0.7958047 0 -0.6055534 0.7657216 0 -0.6431721 -1 0 0 -1 0 0 -1 0 0 -1 0 0 -1 0 0 1 0 -0 1 0 0 1 0 0 1 0 0 1 0 0 1 0 0 1 0 0 1 0 0 1 0 0 1 0 0 1 0 0 1 0 0 1 0 0 1 0 0 1 0 0 1 0 0 1 0 0 1 0 0 -0.999699 0 0.0245336 -0.9972897 0 0.07357538 -0.999699 0 0.0245336 -0.9924797 0 0.1224092 -0.9972897 0 0.07357538 -0.9852782 0 0.1709585 -0.9924797 0 0.1224092 -0.9852782 0 0.1709585 -0.975704 0 0.2190928 -0.9637768 0 0.2667101 -0.975704 0 0.2190928 -0.9637768 0 0.2667101 -0.9495212 0 0.3137027 -0.9329923 0 0.3598964 -0.9495212 0 0.3137027 -0.9329923 0 0.3598964 -0.9142128 0 0.4052345 -0.9142128 0 0.4052345 -0.8932245 0 0.4496109 -0.8932245 0 0.4496109 -0.8700848 0 0.4929019 -0.8700848 0 0.4929019 -0.8448536 0 0.5349975 -0.8448536 0 0.5349975 -0.817587 0 0.5758051 -0.817587 0 0.5758051 -0.7883465 0 0.6152316 -0.7883465 0 0.6152316 -0.7572147 0 0.653166 -0.7572147 0 0.653166 -0.7242368 0 0.6895514 -0.7242368 0 0.6895514 -0.6895396 0 0.7242481 -0.6895396 0 0.7242481 -0.6531766 0 0.7572056 -0.6152347 0 0.788344 -0.6531766 0 0.7572056 -0.6152347 0 0.788344 -0.5758042 0 0.8175877 -0.5350034 0 0.8448499 -0.5758042 0 0.8175877 -0.5350034 0 0.8448499 -0.4928911 0 0.870091 -0.4928911 0 0.870091 -0.4496161 0 0.8932219 -0.4052351 0 0.9142125 -0.4496161 0 0.8932219 -0.4052351 0 0.9142125 -0.3599007 0 0.9329906 -0.3136803 0 0.9495286 -0.3599007 0 0.9329906 -0.3136803 0 0.9495286 -0.2667114 0 0.9637764 -0.2667114 0 0.9637764 -0.2191004 0 0.9757023 -0.2191004 0 0.9757023 -0.1709649 0 0.9852772 -0.1709649 0 0.9852772 -0.1224116 0 0.9924794 -0.07356429 0 0.9972904 -0.1224116 0 0.9924794 -0.02454039 0 0.9996988 -0.07356429 0 0.9972904 -0.02454039 0 0.9996988 0 0 -1 0 0 -1 0 0 -1 0 0 -1 0 0 -1 0 0 -1 0 0 -1 0 0 -1 0 0 -1 0 0 -1 0 0 -1 0 0 -1 0 0 -1 0 0 -1 0 0 -1 0 0 -1 0 0 -1 0 0 -1 0 0 -1 0 0 -1 0 0 -1 0 0 -1 0 0 -1 0 0 -1 0 0 -1 0 0 -1 0 0 -1 0 0 -1 0 0 -1 0 0 -1 0 0 -1 0 -0 -1 -0 0 -1 0 -0 -1 -0 0 -1 0 -0 -1 -0 0 -1 0 -0 -1 -0 0 -1 0 -0 -1 -0 0 -1 0 -0 -1 -0 0 -1 0 -0 -1 -0 0 -1 0 -0 -1 -0 0 -1 0 -0 -1 -0 0 -1 0 -0 -1 -0 0 -1 0 -0 -1 -0 0 -1 0 -0 -1 -0 0 -1 0 0 -1 0 -0 -1 -0 0 -1 0 -0 -1 -0 0 -1 0 0 -1 0 0 -1 0 0 -1 0 0 -1 0 0 -1 0 0 -1 0 0 -1 0 0 -1 0 0 -1 0 0 -1 0 0 -1 0 0 -1 0 0 -1 0 0 -1 0 0 -1 0 0 -1 0 0 -1 0 0 -1 0 0 -1 0 0 -1 0 0 -1 0 0 -1 0 0 -1 0 0 -1 0 0 -1 0 0 -1 0 0 -1 0 0 -1 0 0 -1 0 0 -1 0 0 -1 0 0 -1 0 0 -1 0 0 -1 0 0 -1 0 0 -1 0 0 -1 0 0 -1 0 0 -1 0 0 -1 0 0 -1 0 0 -1 0 0 -1 0 0 -1 0 0 -1 0 0 -1 0 0 -1 0 0 -1 0 0 -1 0 0 -1 0 0 -1 0 0 -1 0 0 -1 0 0 -1 0 0 -1 0 0 -1 0 0 -1 0 0 -1 0 0 -1 0 0 -1 0 0 -1 0 0 -1 0 0 -1 0 0 -1 0 0 -1 0 0 -1 0 0 -1 0 0 -1 0 0 -1 0 -0 -1 0 0 -1 -0 0 -1 0 0 -1 0 -0 -1 0 0 -1 0 0 -1 0 -0 -1 -0 -0 -1 0 0 -1 -0 0 -1 0 -0 -1 0 -0 -1 0 0 -1 0 0 -1 -0 0 -1 0 -0 -1 0 -0 -1 -0 0 -1 -0 0 -1 0 0 -1 0 -0 -1 -0 -0 -1 0 0 -1 0 0 -1 -0 -0 -1 0 0 -1 -0 -0 -1 -0 -0 -1 -0 -0 -1 0 -0 -1 -0 0 -1 -0 -0 -1 0 0 -1 -0 0 -1 0 -0 -1 -0 -0 -1 0 -0 -1 -0 0 -1 -0 -0 -1 0 0 -1 0 -0 -1 -0 0 -1 -0 -0 -1 -0 -0 -1 -0 -0 -1 0 0 -1 0 0 -1 -0 0 -1 0 -0 -1 -0 -0 -1 0 -0 -1 -0 0 -1 0 0 -1 -0 0 -1 0 0 -1 0 -0 -1 -0 0 -1 0 0 -1 0 0 -1 0 0 -1 0 0 -1 0 -0 -1 -0 0 -1 0 0 -1 0 -0 -1 -0 0 -1 0 -0 -1 0 0 -1 -0 0 -1 0 -0 -1 0 0 -1 -0 0 -1 0 0 -1 0 -0 -1 -0 0 -1 0 0 -1 0 -0 -1 -0 0 -1 0 0 -1 0 -0 -1 -0 0 -1 0 0 -1 0 -0 -1 -0 0 -1 0 0 -1 0 0 -1 0 -0 -1 -0 0 -1 0 -0 -1 -0 0 -1 0 -0 -1 0 0 -1 -0 0 -1 0 0 -1 0 -0 -1 0 0 -1 -0 0 -1 0 -0 -1 -0 0 -1 0 -0 -1 0 0 -1 -0 0 -1 0 0 -1 0 -0 -1 -0 0 -1 0 -0 -1 0 0 -1 -0 0 -1 0 -0 -1 0 0 -1 -0 0 -1 0 0 -1 0 -0 -1 0 0 -1 -0 0 -1 0 -0 -1 -0 0 -1 0 -0 -1 -0 0 -1 -0 0 -1 -0 0 -1 -0 0 -1 -0 0 -1 -0 0 -1 0 0 -1 0 0 -1 0 0 -1 0 0 -1 0 0 -1 0 0 -1 0 0 -1 0 0 -1 0 0 -1 0 0 -1 0 0 -1 0 0 -1 0 0 -1 0 0 -1 0 0 -1 0 0 -1 0 0 -1 0 0 -1 0 0 -1 0 0 -1 0 0 -1 0 0 -1 0 0 -1 0 0 -1 0 0 -1 0 0 -1 0 0 -1 0 0 -1 0 0 -1 0 0 -1 0 -0 -1 0 0 -1 -0 0 -1 0 0 -1 0 0 -1 0 0 -1 0 0 -1 0 0 -1 0 0 -1 0 -0 -1 0 0 1 0 0 1 0 0 1 0 0 1 0 0 1 0 0 1 0 0 1 0 0 1 0 0 1 0 0 1 0 0 1 0 0 1 0 0 1 0 0 1 0 0 1 0 0 1 0 0 1 0 0 1 0 0 1 0 0 1 0 0 1 0 0 1 0 0 1 0 0 1 0 0 1 0 0 1 0 0 1 0 0 1 0 0 1 0 0 1 0 0 1 0 0 1 0 0 1 0 0 1 0 0 1 0 0 1 0 0 1 0 0 1 0 0 1 0 0 1 0 0 1 0 0 1 0 0 1 0 0 1 0 0 1 0 0 1 0 0 1 0 0 1 0 0 1 0 0 1 0 0 1 0 0 1 0 0 1 0 0 1 0 0 1 0 0 1 0 0 1 0 0 1 0 0 1 0 0 1 0 0 1 0 0 1 0 0 1 0 0 1 0 0 1 0 0 1 0 0 1 0 0 1 0 0 1 0 0 1 0 0 1 0 0 1 0 0 1 0 0 1 0 0 1 0 0 1 0 0 1 0 0 1 0 0 1 0 -0 1 0 0 1 0 0 1 0 0 1 0 -0 1 0 0 1 0 0 1 0 0 1 0 0 1 0 0 1 0 -0 1 0 0 1 0 0 1 0 -0 1 0 0 1 0 0 1 0 0 1 0 -0 1 0 0 1 0 0 1 0 0 1 0 -0 1 0 0 1 0 0 1 0 -0 1 0 0 1 0 0 1 0 0 1 0 0 1 0 -0 1 0 0 1 0 0 1 0 0 1 0 -0 1 0 0 1 0 0 1 0 0 1 0 0 1 0 0 1 0 0 1 0 0 1 0 0 1 0 0 1 0 0 1 0 0 1 0 0 1 0 0 1 0 0 1 0 0 1 0 0 1 0 0 1 0 0 1 0 0 1 0 0 1 0 0 1 0 0 1 0 0 1 0 0 1 0 0 1 0 0 1 0 0 1 0 0 1 0 0 1 0 0 1 0 0 1 0 0 1 0 0 1 0 0 1 0 0 1 0 0 1 0 0 1 0 0 1 0 0 1 0 0 1 0 0 1 0 0 1 0 0 1 0 0 1 0 0 1 0 0 1 0 0 1 0 0 1 0 0 1 0 0 1 0 0 1 0 0 1 0 0 1 0 0 1 0 0 1 0 0 1 0 0 1 0 0 1 0 0 1 0 0 1 0 0 1 0 0 1 0 0 1 0 0 1 0 0 1 0 0 1 0 0 1 0 0 1 0 0 1 0 0 1 0 0 1 0 0 1 0 0 1 0 0 1 0 -0 1 0 -0 1 0 -0 1 0 -0 1 0 -0 1 0 -0 1 0 -0 1 0 -0 1 0 -0 1 0 -0 1 0 -0 1 0 -0 1 0 -0 1 0 -0 1 0 -0 1 0 -0 1 0 -0 1 0 -0 1 0 -0 1 0 0 1 0 0 1 0 0 1 0 0 1 0 0 1 0 0 1 0 0 1 0 0 1 0 0 1 0 0 1 0 0 1 0 0 1 0 0 1 0 0 1 0 0 1 0 0 1 0 0 1 0 0 1 0 0 1 0 0 1 0 0 1 0 0 1 0 0 1 0 0 1 0 0 1 0 0 1 0 0 1 0 0 1 0 0 1 0 0 1 0 0 1 0 0 1 0 0 1 0 0 1 0 0 1 0 0 1 0 0 1 0 0 1 0 0 1 0 0 1 0 0 1 0 0 1 0 0 1 0 0 1 0 0 1 0 0 1 0 0 1 0 0 1 0 0 1 0 0 1 0 0 1 0 0 1 0 0 1 0 0 1 0 0 1 -0 0 1 0 0 1 -0 0 1 -0 0 1 0 0 1 0 0 1 0 0 1 0 0 1 0 0 1 0 0 1 0 0 1 0 0 1 -0 0 1 -0 0 1 -0 0 1 0 0 1 -0 0 1 0 0 1 0 0 1 -0 0 1 0 0 1 0 0 1 0 0 1 0 0 1 0 0 1 0 0 1 -0 0 1 -0 0 1 -0 0 1 -0.02455981 -0.9996983 0 -0.02455981 -0.9996983 0 -0.07352243 -0.9972936 0 -0.07352243 -0.9972936 0 -0.122434 -0.9924766 0 -0.122434 -0.9924766 0 -0.1709869 -0.9852733 0 -0.1709869 -0.9852733 0 -0.2190695 -0.9757092 0 -0.2190695 -0.9757092 0 -0.2667325 -0.9637706 0 -0.2667325 -0.9637706 0 -0.3136774 -0.9495296 0 -0.3136774 -0.9495296 0 -0.3599007 -0.9329906 0 -0.3599007 -0.9329906 0 -0.4052297 -0.9142149 0 -0.4052297 -0.9142149 0 -0.4495955 -0.8932323 0 -0.4495955 -0.8932323 0 -0.4928936 -0.8700896 0 -0.4928936 -0.8700896 0 -0.5350218 -0.8448382 0 -0.5350218 -0.8448382 0 -0.5758021 -0.8175892 0 -0.5758021 -0.8175892 0 -0.6152347 -0.788344 0 -0.6152347 -0.788344 0 -0.6531692 -0.757212 0 -0.6531692 -0.757212 0 -0.6895362 -0.7242513 0 -0.6895362 -0.7242513 0 -0.7242383 -0.6895497 0 -0.7242383 -0.6895497 0 -0.757212 -0.6531692 0 -0.7883636 -0.6152096 0 -0.757212 -0.6531692 0 -0.7883636 -0.6152096 0 -0.8175805 -0.5758142 0 -0.8175805 -0.5758142 0 -0.8448573 -0.5349917 0 -0.870077 -0.4929158 0 -0.8448573 -0.5349917 0 -0.870077 -0.4929158 0 -0.8932219 -0.4496162 0 -0.8932219 -0.4496162 0 -0.9142191 -0.4052201 0 -0.9142191 -0.4052201 0 -0.9329939 -0.359892 0 -0.9329939 -0.359892 0 -0.9495168 -0.3137162 0 -0.9495168 -0.3137162 0 -0.9637772 -0.2667084 0 -0.9637772 -0.2667084 0 -0.9757037 -0.2190942 0 -0.9852784 -0.1709574 0 -0.9757037 -0.2190942 0 -0.9924798 -0.1224084 0 -0.9852784 -0.1709574 0 -0.9924798 -0.1224084 0 -0.9972898 -0.07357395 0 -0.9972898 -0.07357395 0 -0.9996989 -0.02453392 0 -0.9996989 -0.02453392 0 0 1 0 0 1 0 0 1 0 0 1 0 0 1 0 0 1 0 0 1 0 0 1 0 0 1 0 0 1 0 0 1 0 0 1 0 0 1 0 0 1 0 -0 1 0 0 1 0 0 1 0 0 1 0 0 1 0 0 1 0 0 1 0 0 1 0 0 1 0 0 1 0 0 1 0 0 1 0 0 1 0 0 1 0 0 1 0 0 1 0 0 1 0 0 1 0 -0 1 0 0 1 0 0 1 0 0.9996989 0.02453392 0 0.9996989 0.02453392 -0 0.9972898 0.07357395 0 0.9972898 0.07357395 -0 0.9924798 0.1224084 0 0.9924798 0.1224084 -0 0.9852784 0.1709574 0 0.9852784 0.1709574 -0 0.9757037 0.2190942 0 0.9757037 0.2190942 -0 0.9637772 0.2667084 0 0.9637772 0.2667084 -0 0.9495168 0.3137162 0 0.9495168 0.3137162 -0 0.9329939 0.359892 0 0.9329939 0.359892 -0 0.9142191 0.4052201 -0 0.9142191 0.4052201 0 0.8932219 0.4496162 0 0.8932219 0.4496162 -0 0.870077 0.4929158 0 0.870077 0.4929158 -0 0.8448573 0.5349917 0 0.8448573 0.5349917 -0 0.8175805 0.5758142 0 0.8175805 0.5758142 -0 0.7883636 0.6152096 0 0.7883636 0.6152096 -0 0.757212 0.6531692 0 0.757212 0.6531692 -0 0.7242383 0.6895497 0 0.7242383 0.6895497 -0 0.6895362 0.7242513 0 0.6895362 0.7242513 -0 0.6531692 0.757212 0 0.6152347 0.788344 0 0.6531692 0.757212 -0 0.6152347 0.788344 0 0.5758021 0.8175892 0 0.5758021 0.8175892 -0 0.5350218 0.8448382 0 0.4928936 0.8700896 0 0.5350218 0.8448382 -0 0.4928936 0.8700896 0 0.4495955 0.8932323 0 0.4495955 0.8932323 -0 0.4052297 0.9142149 0 0.4052297 0.9142149 -0 0.3599007 0.9329906 0 0.3599007 0.9329906 -0 0.3136774 0.9495296 0 0.3136774 0.9495296 -0 0.2667325 0.9637706 0 0.2667325 0.9637706 -0 0.2190695 0.9757092 0 0.1709869 0.9852733 0 0.2190695 0.9757092 -0 0.122434 0.9924766 0 0.1709869 0.9852733 0 0.122434 0.9924766 0 0.07352243 0.9972936 0 0.07352243 0.9972936 -0 0.02455981 0.9996983 0 0.02455981 0.9996983 -0 1 0 -0 1 0 0 0.9995924 0.02854888 0 0.9995924 0.02854888 0 0.9963319 0.08557218 0 0.9963319 0.08557218 0 0.9898201 0.1423243 0 0.9800829 0.1985891 -0 0.9898201 0.1423243 0 0.9800829 0.1985891 0 0.9671443 0.2542284 0 0.9671443 0.2542284 0 0.9510605 0.309005 0 0.9510605 0.309005 0 0.9318542 0.3628331 0 0.909641 0.4153953 -0 0.9318542 0.3628331 0 0.909641 0.4153953 0 0.8844425 0.4666491 0 0.8844425 0.4666491 0 0.856339 0.5164141 0 0.856339 0.5164141 0 0.8254692 0.5644472 0 0.8254692 0.5644472 0 0.7919041 0.6106455 0 0.7919041 0.6106455 0 0.7557269 0.654887 0 0.7557269 0.654887 0 0.7171677 0.6969007 0 0.6761721 0.7367436 -0 0.7171677 0.6969007 0 0.6329821 0.7741665 -0 0.6761721 0.7367436 0 0.6329821 0.7741665 0 0.5877723 0.8090265 0 0.5877723 0.8090265 0 0.5406708 0.8412343 0 0.4917592 0.8707312 -0 0.5406708 0.8412343 0 0.4917592 0.8707312 0 0.4412038 0.897407 0 0.3892477 0.921133 -0 0.4412038 0.897407 0 0.3892477 0.921133 0 0.3360922 0.9418291 0 0.3360922 0.9418291 0 0.2816807 0.9595082 -0 0.2816807 0.9595082 0 0.2264899 0.9740136 0 0.2264899 0.9740136 0 0.1705293 0.9853526 0 0.1705293 0.9853526 0 0.1140461 0.9934754 0 0.1140461 0.9934754 0 0.05702153 0.9983729 -0 0.05702153 0.9983729 0 0 1 0 -0 1 0 -0.05702153 0.9983729 0 -0.05702153 0.9983729 0 -0.1140461 0.9934754 0 -0.1140461 0.9934754 0 -0.1705293 0.9853526 0 -0.2264899 0.9740136 0 -0.1705293 0.9853526 0 -0.2264899 0.9740136 0 -0.2816807 0.9595082 0 -0.3360922 0.9418291 0 -0.2816807 0.9595082 0 -0.3360922 0.9418291 0 -0.3892477 0.921133 0 -0.4412038 0.897407 0 -0.3892477 0.921133 0 -0.4412038 0.897407 0 -0.4917592 0.8707312 0 -0.4917592 0.8707312 0 -0.5406708 0.8412343 0 -0.5406708 0.8412343 0 -0.5877723 0.8090265 0 -0.5877723 0.8090265 0 -0.6329821 0.7741665 0 -0.6761721 0.7367436 0 -0.6329821 0.7741665 0 -0.6761721 0.7367436 0 -0.7171677 0.6969007 0 -0.7557269 0.654887 0 -0.7171677 0.6969007 0 -0.7557269 0.654887 0 -0.7919041 0.6106455 0 -0.8254692 0.5644472 0 -0.7919041 0.6106455 0 -0.8254692 0.5644472 0 -0.856339 0.5164141 0 -0.856339 0.5164141 0 -0.8844425 0.4666491 0 -0.8844425 0.4666491 0 -0.909641 0.4153953 0 -0.909641 0.4153953 0 -0.9318542 0.3628331 0 -0.9318542 0.3628331 0 -0.9510605 0.309005 0 -0.9510605 0.309005 0 -0.9671443 0.2542284 0 -0.9671443 0.2542284 0 -0.9800829 0.1985891 0 -0.9800829 0.1985891 0 -0.9898201 0.1423243 0 -0.9898201 0.1423243 0 -0.9963319 0.08557218 0 -0.9963319 0.08557218 0 -0.9995924 0.02854888 0 -0.9995924 0.02854888 0 -0.9995924 -0.02854888 0 -0.9995924 -0.02854888 0 -0.9963319 -0.08557218 0 -0.9963319 -0.08557218 0 -0.9898201 -0.1423243 -0 -0.9898201 -0.1423243 0 -0.9800829 -0.1985891 -0 -0.9800829 -0.1985891 0 -0.9671443 -0.2542284 -0 -0.9671443 -0.2542284 0 -0.9510605 -0.309005 -0 -0.9510605 -0.309005 0 -0.9318542 -0.3628331 0 -0.9318542 -0.3628331 -0 -0.909641 -0.4153953 0 -0.909641 -0.4153953 -0 -0.8844425 -0.4666491 0 -0.856339 -0.5164141 0 -0.8844425 -0.4666491 -0 -0.8254692 -0.5644472 0 -0.856339 -0.5164141 0 -0.8254692 -0.5644472 0 -0.7919041 -0.6106455 0 -0.7557269 -0.654887 0 -0.7919041 -0.6106455 -0 -0.7557269 -0.654887 0 -0.7171677 -0.6969007 0 -0.7171677 -0.6969007 -0 -0.6761721 -0.7367436 -0 -0.6761721 -0.7367436 0 -0.6329821 -0.7741665 -0 -0.6329821 -0.7741665 0 -0.5877723 -0.8090265 0 -0.5877723 -0.8090265 0 -0.5406708 -0.8412343 -0 -0.5406708 -0.8412343 0 -0.4917592 -0.8707312 -0 -0.4917592 -0.8707312 0 -0.4412038 -0.897407 -0 -0.4412038 -0.897407 0 -0.3892477 -0.921133 -0 -0.3892477 -0.921133 0 -0.3360922 -0.9418291 -0 -0.3360922 -0.9418291 0 -0.2816807 -0.9595082 -0 -0.2816807 -0.9595082 0 -0.2264899 -0.9740136 -0 -0.2264899 -0.9740136 0 -0.1705293 -0.9853526 -0 -0.1705293 -0.9853526 0 -0.1140461 -0.9934754 0 -0.1140461 -0.9934754 0 -0.05702153 -0.9983729 -0 -0.05702153 -0.9983729 0 -0 -1 -0 0 -1 0 0.05702153 -0.9983729 0 0.05702153 -0.9983729 0 0.1140461 -0.9934754 0 0.1140461 -0.9934754 0 0.1705293 -0.9853526 0 0.1705293 -0.9853526 0 0.2264899 -0.9740136 0 0.2264899 -0.9740136 0 0.2816807 -0.9595082 0 0.2816807 -0.9595082 0 0.3360922 -0.9418291 0 0.3360922 -0.9418291 0 0.3892477 -0.921133 0 0.4412038 -0.897407 0 0.3892477 -0.921133 0 0.4412038 -0.897407 0 0.4917592 -0.8707312 0 0.5406708 -0.8412343 0 0.4917592 -0.8707312 0 0.5406708 -0.8412343 0 0.5877723 -0.8090265 0 0.6329821 -0.7741665 0 0.5877723 -0.8090265 0 0.6329821 -0.7741665 0 0.6761721 -0.7367436 0 0.6761721 -0.7367436 0 0.7171677 -0.6969007 0 0.7171677 -0.6969007 0 0.7557269 -0.654887 0 0.7557269 -0.654887 0 0.7919041 -0.6106455 0 0.7919041 -0.6106455 0 0.8254692 -0.5644472 0 0.8254692 -0.5644472 0 0.856339 -0.5164141 0 0.856339 -0.5164141 0 0.8844425 -0.4666491 0 0.909641 -0.4153953 0 0.8844425 -0.4666491 0 0.909641 -0.4153953 0 0.9318542 -0.3628331 0 0.9318542 -0.3628331 0 0.9510605 -0.309005 0 0.9671443 -0.2542284 0 0.9510605 -0.309005 0 0.9671443 -0.2542284 0 0.9800829 -0.1985891 0 0.9800829 -0.1985891 0 0.9898201 -0.1423243 0 0.9963319 -0.08557218 0 0.9898201 -0.1423243 0 0.9963319 -0.08557218 0 0.9995924 -0.02854888 0 0.9995924 -0.02854888 0 0.9995924 0.02854888 0 0.9995924 0.02854888 0 0.9963319 0.08557218 0 0.9963319 0.08557218 0 0.9898201 0.1423243 0 0.9898201 0.1423243 0 0.9800829 0.1985891 0 0.9800829 0.1985891 0 0.9671443 0.2542284 0 0.9510605 0.309005 -0 0.9671443 0.2542284 0 0.9510605 0.309005 0 0.9318542 0.3628331 0 0.9318542 0.3628331 0 0.909641 0.4153953 0 0.909641 0.4153953 0 0.8844425 0.4666491 0 0.8844425 0.4666491 0 0.856339 0.5164141 0 0.856339 0.5164141 0 0.8254692 0.5644472 0 0.7919041 0.6106455 -0 0.8254692 0.5644472 0 0.7919041 0.6106455 0 0.7557269 0.654887 0 0.7171677 0.6969007 -0 0.7557269 0.654887 0 0.7171677 0.6969007 0 0.6761721 0.7367436 0 0.6329821 0.7741665 -0 0.6761721 0.7367436 0 0.6329821 0.7741665 0 0.5877723 0.8090265 0 0.5877723 0.8090265 0 0.5406708 0.8412343 0 0.5406708 0.8412343 0 0.4917592 0.8707312 0 0.4917592 0.8707312 0 0.4412038 0.897407 0 0.4412038 0.897407 0 0.3892477 0.921133 -0 0.3892477 0.921133 0 0.3360922 0.9418291 0 0.3360922 0.9418291 0 0.2816807 0.9595082 -0 0.2816807 0.9595082 0 0.2264899 0.9740136 0 0.2264899 0.9740136 0 0.1705293 0.9853526 0 0.1705293 0.9853526 0 0.1140461 0.9934754 -0 0.1140461 0.9934754 0 0.05702153 0.9983729 0 0.05702153 0.9983729 0 -0 1 0 0 1 0 -0.05702153 0.9983729 0 -0.1140461 0.9934754 0 -0.05702153 0.9983729 0 -0.1140461 0.9934754 0 -0.1705293 0.9853526 0 -0.2264899 0.9740136 0 -0.1705293 0.9853526 0 -0.2816807 0.9595082 0 -0.2264899 0.9740136 0 -0.2816807 0.9595082 0 -0.3360922 0.9418291 0 -0.3892477 0.921133 0 -0.3360922 0.9418291 0 -0.3892477 0.921133 0 -0.4412038 0.897407 0 -0.4412038 0.897407 0 -0.4917592 0.8707312 0 -0.5406708 0.8412343 0 -0.4917592 0.8707312 0 -0.5406708 0.8412343 0 -0.5877723 0.8090265 0 -0.5877723 0.8090265 0 -0.6329821 0.7741665 0 -0.6761721 0.7367436 0 -0.6329821 0.7741665 0 -0.6761721 0.7367436 0 -0.7171677 0.6969007 0 -0.7171677 0.6969007 0 -0.7557269 0.654887 0 -0.7557269 0.654887 0 -0.7919041 0.6106455 0 -0.7919041 0.6106455 0 -0.8254692 0.5644472 0 -0.8254692 0.5644472 0 -0.856339 0.5164141 0 -0.856339 0.5164141 0 -0.8844425 0.4666491 0 -0.8844425 0.4666491 0 -0.909641 0.4153953 0 -0.909641 0.4153953 0 -0.9318542 0.3628331 0 -0.9318542 0.3628331 0 -0.9510605 0.309005 0 -0.9510605 0.309005 0 -0.9671443 0.2542284 0 -0.9671443 0.2542284 0 -0.9800829 0.1985891 0 -0.9800829 0.1985891 0 -0.9898201 0.1423243 0 -0.9898201 0.1423243 0 -0.9963319 0.08557218 0 -0.9963319 0.08557218 0 -0.9995924 0.02854888 0 -0.9995924 0.02854888 0 -0.9995924 -0.02854888 0 -0.9995924 -0.02854888 0 -0.9963319 -0.08557218 0 -0.9963319 -0.08557218 0 -0.9898201 -0.1423243 -0 -0.9898201 -0.1423243 0 -0.9800829 -0.1985891 0 -0.9800829 -0.1985891 0 -0.9671443 -0.2542284 -0 -0.9671443 -0.2542284 0 -0.9510605 -0.309005 -0 -0.9510605 -0.309005 0 -0.9318542 -0.3628331 0 -0.9318542 -0.3628331 -0 -0.909641 -0.4153953 0 -0.909641 -0.4153953 0 -0.8844425 -0.4666491 0 -0.856339 -0.5164141 0 -0.8844425 -0.4666491 -0 -0.856339 -0.5164141 0 -0.8254692 -0.5644472 0 -0.8254692 -0.5644472 -0 -0.7919041 -0.6106455 0 -0.7557269 -0.654887 0 -0.7919041 -0.6106455 -0 -0.7557269 -0.654887 0 -0.7171677 -0.6969007 0 -0.7171677 -0.6969007 -0 -0.6761721 -0.7367436 -0 -0.6761721 -0.7367436 0 -0.6329821 -0.7741665 -0 -0.6329821 -0.7741665 0 -0.5877723 -0.8090265 -0 -0.5877723 -0.8090265 0 -0.5406708 -0.8412343 -0 -0.5406708 -0.8412343 0 -0.4917592 -0.8707312 -0 -0.4917592 -0.8707312 0 -0.4412038 -0.897407 -0 -0.4412038 -0.897407 0 -0.3892477 -0.921133 0 -0.3892477 -0.921133 0 -0.3360922 -0.9418291 0 -0.3360922 -0.9418291 0 -0.2816807 -0.9595082 -0 -0.2816807 -0.9595082 0 -0.2264899 -0.9740136 -0 -0.2264899 -0.9740136 0 -0.1705293 -0.9853526 -0 -0.1705293 -0.9853526 0 -0.1140461 -0.9934754 -0 -0.1140461 -0.9934754 0 -0.05702153 -0.9983729 0 -0.05702153 -0.9983729 0 0 -1 0 -0 -1 0 0.05702153 -0.9983729 0 0.05702153 -0.9983729 0 0.1140461 -0.9934754 0 0.1140461 -0.9934754 0 0.1705293 -0.9853526 0 0.1705293 -0.9853526 0 0.2264899 -0.9740136 0 0.2264899 -0.9740136 0 0.2816807 -0.9595082 0 0.2816807 -0.9595082 0 0.3360922 -0.9418291 0 0.3360922 -0.9418291 0 0.3892477 -0.921133 0 0.3892477 -0.921133 0 0.4412038 -0.897407 0 0.4412038 -0.897407 0 0.4917592 -0.8707312 0 0.5406708 -0.8412343 0 0.4917592 -0.8707312 0 0.5406708 -0.8412343 0 0.5877723 -0.8090265 0 0.6329821 -0.7741665 0 0.5877723 -0.8090265 0 0.6329821 -0.7741665 0 0.6761721 -0.7367436 0 0.6761721 -0.7367436 0 0.7171677 -0.6969007 0 0.7171677 -0.6969007 0 0.7557269 -0.654887 0 0.7919041 -0.6106455 0 0.7557269 -0.654887 0 0.7919041 -0.6106455 0 0.8254692 -0.5644472 0 0.8254692 -0.5644472 0 0.856339 -0.5164141 0 0.8844425 -0.4666491 0 0.856339 -0.5164141 0 0.8844425 -0.4666491 0 0.909641 -0.4153953 0 0.909641 -0.4153953 0 0.9318542 -0.3628331 0 0.9510605 -0.309005 0 0.9318542 -0.3628331 0 0.9510605 -0.309005 0 0.9671443 -0.2542284 0 0.9800829 -0.1985891 0 0.9671443 -0.2542284 0 0.9800829 -0.1985891 0 0.9898201 -0.1423243 0 0.9963319 -0.08557218 0 0.9898201 -0.1423243 0 0.9963319 -0.08557218 0 0.9995924 -0.02854888 0 0.9995924 -0.02854888 0 0 0.04906327 -0.9987956 0 0.1467491 -0.9891737 0 0.04906327 -0.9987956 0 0.24297 -0.9700338 0 0.1467491 -0.9891737 0 0.3368602 -0.9415547 0 0.24297 -0.9700338 0 0.4276106 -0.903963 0 0.3368602 -0.9415547 0 0.514062 -0.857753 0 0.4276106 -0.903963 0 0.5956813 -0.8032208 0 0.514062 -0.857753 0 0.6715862 -0.7409266 0 0.5956813 -0.8032208 0 0.6715862 -0.7409266 0 0.7409555 -0.6715542 0 0.7409555 -0.6715542 0 0.803221 -0.5956811 0 0.803221 -0.5956811 0 0.8576867 -0.5141728 0 0.9040366 -0.427455 0 0.8576867 -0.5141728 0 0.9415277 -0.3369353 0 0.9040366 -0.427455 0 0.9415277 -0.3369353 0 0.9700204 -0.2430238 0 0.9891919 -0.1466269 0 0.9700204 -0.2430238 0 0.9891919 -0.1466269 0 0.9987922 -0.04913376 0 0.9987922 -0.04913376 1 -0 0 1 0 0 1 0 0 1 0 0 1 0 0 1 0 0 1 0 0 1 0 0 1 0 0 1 0 0 1 0 0 1 0 0 1 0 0 1 0 0 1 0 0 1 0 0 1 0 0 1 0 0 -0 -1 0 0 -1 -0 -0 -1 0 -0 -1 0 -0 -1 0 0 -1 0 -0 -1 0 0 -1 0 0 -1 0 -0 -1 0 0 -1 0 0 -1 0 -0 -1 0 0 -1 0 0 -1 0 -0 -1 0 0 -1 0 0 -1 0 0 -1 0 -0 -1 0 0 -1 0 0 -1 0 -0 -1 0 0 -1 0 0 -1 0 -0 -1 0 -0 -1 0 -0 -1 0 -0 -1 0 -0 -1 0 -0 -1 0 0 -1 -0 -0 -1 0 0 -1 -0 -0 -1 0 0 -1 -0 -0 -1 0 0 -1 -0 -0 -1 0 0 -1 -0 -0 -1 0 0 -1 -0 -0 -1 0 0 -1 -0 -0 -1 0 0 -1 -0 -0 -1 0 0 -1 0 -0 -1 0 0 -1 0 -0 -1 0 0 -1 -0 0 -1 0 0 -1 -0 0 -1 0 0 -1 -0 0 -1 0 0 -1 -0 0 -1 0 0 -1 -0 0 -1 0 0 -1 -0 0 -1 0 0 -1 -0 0 -1 0 0 -1 -0 0 -1 0 -0 -1 0 0 -1 -0 -0 -1 0 0 -1 -0 -0 -1 0 0 -1 -0 -0 -1 0 0 -1 -0 0 -1 -0 -0 -1 0 0 -1 -0 -0 -1 0 0 -1 -0 -0 -1 0 0 -1 0 -0 -1 0 0 -1 -0 -0 -1 0 0 -1 -0 -0 -1 0 0 -1 0 -0 -1 0 0 -1 0 0 -1 -0 0 -1 0 0 -1 0 0 -1 0 0 -1 0 0 -1 0 0 -1 -0 0 -1 -0 0 -1 0 0 -1 -0 -0 -1 0 0 -1 0 0 -1 -0 0 -1 0 0 -1 -0 0 -1 -0 0 -1 0 0 -1 -0 0 -1 -0 -0 -1 0 0 -1 0 0 -1 -0 0 -1 0 0 -1 -0 0 -1 -0 0 -1 0 0 -1 -0 0 -1 -0 0 -1 0 0 -1 0 0 -1 0 0 -1 0 0 -1 0 0 -1 -0 -0 -1 0 0 -1 0 0 -1 0 0 -1 -0 0 -1 0 -0 -1 0 -0 -1 0 0 -1 -0 0 -1 0 0 1 0 0 1 0 0 1 0 0 1 0 0 1 0 0 1 0 0 1 0 0 1 0 0 1 0 0 1 0 0 1 0 0 1 0 0 1 0 0 1 0 0 1 0 0 1 0 0 1 0 0 1 0 0 1 0 0 1 0 0 1 0 0 1 0 0 1 0 0 1 0 0 1 0 0 1 0 0 1 0 0 1 0 0 1 -0 0 1 -0 -0 1 0 0 1 0 0 1 0 -0 1 0 0 1 0 -0 1 0 0 1 0 -0 1 0 0 1 0 -0 1 0 0 1 0 -0 1 0 0 1 0 -0 1 0 0 1 0 -0 1 0 0 1 0 -0 1 0 0 1 0 0 1 -0 -0 1 0 0 1 -0 -0 1 0 0 1 -0 -0 1 0 0 1 -0 -0 1 0 0 1 -0 -0 1 0 0 1 -0 -0 1 0 0 1 -0 -0 1 0 0 1 -0 -0 1 0 -0 1 0 0 1 0 -0 1 0 0 1 0 -0 1 0 0 1 0 -0 1 0 0 1 0 -0 1 0 0 1 0 -0 1 0 0 1 0 0 1 0 -0 1 0 0 1 0 -0 1 0 0 1 0 -0 1 0 0 1 0 -0 1 0 0 1 0 -0 1 0 0 1 0 -0 1 0 -0 1 0 -0 1 0 -0 1 0 -0 1 0 -0 1 0 -0 1 0 -0 1 0 -0 1 0 0 1 0 0 1 0 0 1 0 0 1 0 -0 1 0 0 1 0 0 1 0 0 1 0 0 1 0 0 1 0 0 1 0 -0 1 0 -0 1 0 0 1 0 0 1 0 0 1 0 0 1 0 0 1 0 -0 1 0 -0 1 0 -0 1 0 -0 1 0 0 1 0 0 1 0 -0 1 0 0 1 0 -0 1 0 -0 1 0 -0 1 0 -0 1 0 -0 1 0 0 1 0 0 1 0 -0 1 0 0 1 0 -0 1 0 0 1 0 -0 1 0 0 1 0 -0 1 0 0 1 0 -0 1 0 0 1 0 -0 1 0 0 1 0 -0 1 0 0 1 0 -0 1 0 0 1 0 0 1 0 -0 1 0 0 1 0 -0 1 0 0 1 0 -0 1 0 0 1 0 -0 1 0 0 1 0 -0 1 0 0 1 0 -0 1 0 0 1 0 -0 1 0 0 1 0 -0 1 0 -0 1 0 0 1 0 -0 1 0 0 1 0 0 1 0 0 0.04906327 -0.9987956 0 0.04906327 -0.9987956 0 0.1467491 -0.9891737 0 0.1467491 -0.9891737 0 0.24297 -0.9700338 0 0.24297 -0.9700338 0 0.3368602 -0.9415547 0 0.3368602 -0.9415547 0 0.4276106 -0.903963 0 0.4276106 -0.903963 0 0.514062 -0.857753 0 0.514062 -0.857753 0 0.5956813 -0.8032208 0 0.5956813 -0.8032208 0 0.6715862 -0.7409266 0 0.6715862 -0.7409266 0 0.7409555 -0.6715542 0 0.7409555 -0.6715542 0 0.803221 -0.5956811 0 0.803221 -0.5956811 0 0.8576867 -0.5141728 0 0.8576867 -0.5141728 0 0.9040366 -0.427455 0 0.9415277 -0.3369353 0 0.9040366 -0.427455 0 0.9415277 -0.3369353 0 0.9700204 -0.2430238 0 0.9700204 -0.2430238 0 0.9891919 -0.1466269 0 0.9891919 -0.1466269 0 0.9987922 -0.04913376 0 0.9987922 -0.04913376 -1 -0 -0 -1 0 0 -0.9996989 0.02453392 0 -0.9996989 0.02453392 0 -0.9972898 0.07357395 0 -0.9972898 0.07357395 0 -0.9924798 0.1224084 0 -0.9924798 0.1224084 0 -0.9852784 0.1709574 0 -0.9852784 0.1709574 0 -0.9757037 0.2190942 0 -0.9757037 0.2190942 0 -0.9637772 0.2667084 0 -0.9637772 0.2667084 0 -0.9495168 0.3137162 0 -0.9495168 0.3137162 0 -0.9329939 0.359892 0 -0.9329939 0.359892 0 -0.9142191 0.4052201 0 -0.9142191 0.4052201 0 -0.8932219 0.4496162 0 -0.8932219 0.4496162 0 -0.870077 0.4929158 0 -0.870077 0.4929158 0 -0.8448573 0.5349917 0 -0.8448573 0.5349917 0 -0.8175805 0.5758142 0 -0.8175805 0.5758142 0 -0.7883636 0.6152096 0 -0.7883636 0.6152096 0 -0.757212 0.6531692 0 -0.757212 0.6531692 0 -0.7242383 0.6895497 0 -0.7242383 0.6895497 0 -0.6895362 0.7242513 0 -0.6895362 0.7242513 0 -0.6531692 0.757212 0 -0.6152347 0.788344 0 -0.6531692 0.757212 0 -0.6152347 0.788344 0 -0.5758021 0.8175892 0 -0.5758021 0.8175892 0 -0.5350218 0.8448382 0 -0.4928936 0.8700896 0 -0.5350218 0.8448382 0 -0.4928936 0.8700896 0 -0.4495955 0.8932323 0 -0.4495955 0.8932323 0 -0.4052297 0.9142149 0 -0.4052297 0.9142149 0 -0.3599007 0.9329906 0 -0.3599007 0.9329906 0 -0.3136774 0.9495296 0 -0.3136774 0.9495296 0 -0.2667325 0.9637706 0 -0.2667325 0.9637706 0 -0.2190695 0.9757092 0 -0.1709869 0.9852733 0 -0.2190695 0.9757092 0 -0.122434 0.9924766 0 -0.1709869 0.9852733 0 -0.122434 0.9924766 0 -0.07352243 0.9972936 0 -0.07352243 0.9972936 0 -0.02455981 0.9996983 0 -0.02455981 0.9996983 0 -1 0 0 -1 0 0 -1 0 0 -1 0 0 -1 0 0 -1 0 0 -1 0 0 -1 0 0 -1 0 0 -1 0 0 -1 0 0 -1 0 0 -1 0 0 -1 0 0 -1 0 0 -1 0 0 -1 0 0 -1 0 0 0.9995924 0.02854888 0 0.9995924 0.02854888 0 0.9963319 0.08557218 0 0.9963319 0.08557218 0 0.9898201 0.1423243 0 0.9800829 0.1985891 -0 0.9898201 0.1423243 0 0.9800829 0.1985891 0 0.9671443 0.2542284 0 0.9671443 0.2542284 0 0.9510605 0.309005 0 0.9510605 0.309005 0 0.9318542 0.3628331 0 0.909641 0.4153953 -0 0.9318542 0.3628331 0 0.909641 0.4153953 0 0.8844425 0.4666491 0 0.8844425 0.4666491 0 0.856339 0.5164141 0 0.856339 0.5164141 0 0.8254692 0.5644472 0 0.8254692 0.5644472 0 0.7919041 0.6106455 0 0.7919041 0.6106455 0 0.7557269 0.654887 0 0.7557269 0.654887 0 0.7171677 0.6969007 0 0.6761721 0.7367436 -0 0.7171677 0.6969007 0 0.6329821 0.7741665 -0 0.6761721 0.7367436 0 0.6329821 0.7741665 0 0.5877723 0.8090265 0 0.5877723 0.8090265 0 0.5406708 0.8412343 0 0.4917592 0.8707312 -0 0.5406708 0.8412343 0 0.4917592 0.8707312 0 0.4412038 0.897407 0 0.3892477 0.921133 -0 0.4412038 0.897407 0 0.3892477 0.921133 0 0.3360922 0.9418291 0 0.3360922 0.9418291 0 0.2816807 0.9595082 -0 0.2816807 0.9595082 0 0.2264899 0.9740136 0 0.2264899 0.9740136 0 0.1705293 0.9853526 0 0.1705293 0.9853526 0 0.1140461 0.9934754 0 0.1140461 0.9934754 0 0.05702153 0.9983729 -0 0.05702153 0.9983729 0 0 1 0 -0 1 0 -0.05702153 0.9983729 0 -0.05702153 0.9983729 0 -0.1140461 0.9934754 0 -0.1140461 0.9934754 0 -0.1705293 0.9853526 0 -0.2264899 0.9740136 0 -0.1705293 0.9853526 0 -0.2264899 0.9740136 0 -0.2816807 0.9595082 0 -0.3360922 0.9418291 0 -0.2816807 0.9595082 0 -0.3360922 0.9418291 0 -0.3892477 0.921133 0 -0.4412038 0.897407 0 -0.3892477 0.921133 0 -0.4412038 0.897407 0 -0.4917592 0.8707312 0 -0.4917592 0.8707312 0 -0.5406708 0.8412343 0 -0.5406708 0.8412343 0 -0.5877723 0.8090265 0 -0.5877723 0.8090265 0 -0.6329821 0.7741665 0 -0.6761721 0.7367436 0 -0.6329821 0.7741665 0 -0.6761721 0.7367436 0 -0.7171677 0.6969007 0 -0.7557269 0.654887 0 -0.7171677 0.6969007 0 -0.7557269 0.654887 0 -0.7919041 0.6106455 0 -0.8254692 0.5644472 0 -0.7919041 0.6106455 0 -0.8254692 0.5644472 0 -0.856339 0.5164141 0 -0.856339 0.5164141 0 -0.8844425 0.4666491 0 -0.8844425 0.4666491 0 -0.909641 0.4153953 0 -0.909641 0.4153953 0 -0.9318542 0.3628331 0 -0.9318542 0.3628331 0 -0.9510605 0.309005 0 -0.9510605 0.309005 0 -0.9671443 0.2542284 0 -0.9671443 0.2542284 0 -0.9800829 0.1985891 0 -0.9800829 0.1985891 0 -0.9898201 0.1423243 0 -0.9898201 0.1423243 0 -0.9963319 0.08557218 0 -0.9963319 0.08557218 0 -0.9995924 0.02854888 0 -0.9995924 0.02854888 0 -0.9995924 -0.02854888 0 -0.9995924 -0.02854888 0 -0.9963319 -0.08557218 0 -0.9963319 -0.08557218 0 -0.9898201 -0.1423243 -0 -0.9898201 -0.1423243 0 -0.9800829 -0.1985891 -0 -0.9800829 -0.1985891 0 -0.9671443 -0.2542284 -0 -0.9671443 -0.2542284 0 -0.9510605 -0.309005 -0 -0.9510605 -0.309005 0 -0.9318542 -0.3628331 0 -0.9318542 -0.3628331 -0 -0.909641 -0.4153953 0 -0.909641 -0.4153953 -0 -0.8844425 -0.4666491 0 -0.856339 -0.5164141 0 -0.8844425 -0.4666491 -0 -0.8254692 -0.5644472 0 -0.856339 -0.5164141 0 -0.8254692 -0.5644472 0 -0.7919041 -0.6106455 0 -0.7557269 -0.654887 0 -0.7919041 -0.6106455 -0 -0.7557269 -0.654887 0 -0.7171677 -0.6969007 0 -0.7171677 -0.6969007 -0 -0.6761721 -0.7367436 -0 -0.6761721 -0.7367436 0 -0.6329821 -0.7741665 -0 -0.6329821 -0.7741665 0 -0.5877723 -0.8090265 0 -0.5877723 -0.8090265 0 -0.5406708 -0.8412343 -0 -0.5406708 -0.8412343 0 -0.4917592 -0.8707312 -0 -0.4917592 -0.8707312 0 -0.4412038 -0.897407 -0 -0.4412038 -0.897407 0 -0.3892477 -0.921133 -0 -0.3892477 -0.921133 0 -0.3360922 -0.9418291 -0 -0.3360922 -0.9418291 0 -0.2816807 -0.9595082 -0 -0.2816807 -0.9595082 0 -0.2264899 -0.9740136 -0 -0.2264899 -0.9740136 0 -0.1705293 -0.9853526 -0 -0.1705293 -0.9853526 0 -0.1140461 -0.9934754 0 -0.1140461 -0.9934754 0 -0.05702153 -0.9983729 -0 -0.05702153 -0.9983729 0 -0 -1 -0 0 -1 0 0.05702153 -0.9983729 0 0.05702153 -0.9983729 0 0.1140461 -0.9934754 0 0.1140461 -0.9934754 0 0.1705293 -0.9853526 0 0.1705293 -0.9853526 0 0.2264899 -0.9740136 0 0.2264899 -0.9740136 0 0.2816807 -0.9595082 0 0.2816807 -0.9595082 0 0.3360922 -0.9418291 0 0.3360922 -0.9418291 0 0.3892477 -0.921133 0 0.4412038 -0.897407 0 0.3892477 -0.921133 0 0.4412038 -0.897407 0 0.4917592 -0.8707312 0 0.5406708 -0.8412343 0 0.4917592 -0.8707312 0 0.5406708 -0.8412343 0 0.5877723 -0.8090265 0 0.6329821 -0.7741665 0 0.5877723 -0.8090265 0 0.6329821 -0.7741665 0 0.6761721 -0.7367436 0 0.6761721 -0.7367436 0 0.7171677 -0.6969007 0 0.7171677 -0.6969007 0 0.7557269 -0.654887 0 0.7557269 -0.654887 0 0.7919041 -0.6106455 0 0.7919041 -0.6106455 0 0.8254692 -0.5644472 0 0.8254692 -0.5644472 0 0.856339 -0.5164141 0 0.856339 -0.5164141 0 0.8844425 -0.4666491 0 0.909641 -0.4153953 0 0.8844425 -0.4666491 0 0.909641 -0.4153953 0 0.9318542 -0.3628331 0 0.9318542 -0.3628331 0 0.9510605 -0.309005 0 0.9671443 -0.2542284 0 0.9510605 -0.309005 0 0.9671443 -0.2542284 0 0.9800829 -0.1985891 0 0.9800829 -0.1985891 0 0.9898201 -0.1423243 0 0.9963319 -0.08557218 0 0.9898201 -0.1423243 0 0.9963319 -0.08557218 0 0.9995924 -0.02854888 0 0.9995924 -0.02854888 0 0.9995924 0.02854888 0 0.9995924 0.02854888 0 0.9963319 0.08557218 0 0.9963319 0.08557218 0 0.9898201 0.1423243 0 0.9898201 0.1423243 0 0.9800829 0.1985891 0 0.9800829 0.1985891 0 0.9671443 0.2542284 0 0.9510605 0.309005 -0 0.9671443 0.2542284 0 0.9510605 0.309005 0 0.9318542 0.3628331 0 0.9318542 0.3628331 0 0.909641 0.4153953 0 0.909641 0.4153953 0 0.8844425 0.4666491 0 0.8844425 0.4666491 0 0.856339 0.5164141 0 0.856339 0.5164141 0 0.8254692 0.5644472 0 0.7919041 0.6106455 -0 0.8254692 0.5644472 0 0.7919041 0.6106455 0 0.7557269 0.654887 0 0.7171677 0.6969007 -0 0.7557269 0.654887 0 0.7171677 0.6969007 0 0.6761721 0.7367436 0 0.6329821 0.7741665 -0 0.6761721 0.7367436 0 0.6329821 0.7741665 0 0.5877723 0.8090265 0 0.5877723 0.8090265 0 0.5406708 0.8412343 0 0.5406708 0.8412343 0 0.4917592 0.8707312 0 0.4917592 0.8707312 0 0.4412038 0.897407 0 0.4412038 0.897407 0 0.3892477 0.921133 -0 0.3892477 0.921133 0 0.3360922 0.9418291 0 0.3360922 0.9418291 0 0.2816807 0.9595082 -0 0.2816807 0.9595082 0 0.2264899 0.9740136 0 0.2264899 0.9740136 0 0.1705293 0.9853526 0 0.1705293 0.9853526 0 0.1140461 0.9934754 -0 0.1140461 0.9934754 0 0.05702153 0.9983729 0 0.05702153 0.9983729 0 -0 1 0 0 1 0 -0.05702153 0.9983729 0 -0.1140461 0.9934754 0 -0.05702153 0.9983729 0 -0.1140461 0.9934754 0 -0.1705293 0.9853526 0 -0.2264899 0.9740136 0 -0.1705293 0.9853526 0 -0.2816807 0.9595082 0 -0.2264899 0.9740136 0 -0.2816807 0.9595082 0 -0.3360922 0.9418291 0 -0.3892477 0.921133 0 -0.3360922 0.9418291 0 -0.3892477 0.921133 0 -0.4412038 0.897407 0 -0.4412038 0.897407 0 -0.4917592 0.8707312 0 -0.5406708 0.8412343 0 -0.4917592 0.8707312 0 -0.5406708 0.8412343 0 -0.5877723 0.8090265 0 -0.5877723 0.8090265 0 -0.6329821 0.7741665 0 -0.6761721 0.7367436 0 -0.6329821 0.7741665 0 -0.6761721 0.7367436 0 -0.7171677 0.6969007 0 -0.7171677 0.6969007 0 -0.7557269 0.654887 0 -0.7557269 0.654887 0 -0.7919041 0.6106455 0 -0.7919041 0.6106455 0 -0.8254692 0.5644472 0 -0.8254692 0.5644472 0 -0.856339 0.5164141 0 -0.856339 0.5164141 0 -0.8844425 0.4666491 0 -0.8844425 0.4666491 0 -0.909641 0.4153953 0 -0.909641 0.4153953 0 -0.9318542 0.3628331 0 -0.9318542 0.3628331 0 -0.9510605 0.309005 0 -0.9510605 0.309005 0 -0.9671443 0.2542284 0 -0.9671443 0.2542284 0 -0.9800829 0.1985891 0 -0.9800829 0.1985891 0 -0.9898201 0.1423243 0 -0.9898201 0.1423243 0 -0.9963319 0.08557218 0 -0.9963319 0.08557218 0 -0.9995924 0.02854888 0 -0.9995924 0.02854888 0 -0.9995924 -0.02854888 0 -0.9995924 -0.02854888 0 -0.9963319 -0.08557218 0 -0.9963319 -0.08557218 0 -0.9898201 -0.1423243 -0 -0.9898201 -0.1423243 0 -0.9800829 -0.1985891 0 -0.9800829 -0.1985891 0 -0.9671443 -0.2542284 -0 -0.9671443 -0.2542284 0 -0.9510605 -0.309005 -0 -0.9510605 -0.309005 0 -0.9318542 -0.3628331 0 -0.9318542 -0.3628331 -0 -0.909641 -0.4153953 0 -0.909641 -0.4153953 0 -0.8844425 -0.4666491 0 -0.856339 -0.5164141 0 -0.8844425 -0.4666491 -0 -0.856339 -0.5164141 0 -0.8254692 -0.5644472 0 -0.8254692 -0.5644472 -0 -0.7919041 -0.6106455 0 -0.7557269 -0.654887 0 -0.7919041 -0.6106455 -0 -0.7557269 -0.654887 0 -0.7171677 -0.6969007 0 -0.7171677 -0.6969007 -0 -0.6761721 -0.7367436 -0 -0.6761721 -0.7367436 0 -0.6329821 -0.7741665 -0 -0.6329821 -0.7741665 0 -0.5877723 -0.8090265 -0 -0.5877723 -0.8090265 0 -0.5406708 -0.8412343 -0 -0.5406708 -0.8412343 0 -0.4917592 -0.8707312 -0 -0.4917592 -0.8707312 0 -0.4412038 -0.897407 -0 -0.4412038 -0.897407 0 -0.3892477 -0.921133 0 -0.3892477 -0.921133 0 -0.3360922 -0.9418291 0 -0.3360922 -0.9418291 0 -0.2816807 -0.9595082 -0 -0.2816807 -0.9595082 0 -0.2264899 -0.9740136 -0 -0.2264899 -0.9740136 0 -0.1705293 -0.9853526 -0 -0.1705293 -0.9853526 0 -0.1140461 -0.9934754 -0 -0.1140461 -0.9934754 0 -0.05702153 -0.9983729 0 -0.05702153 -0.9983729 0 0 -1 0 -0 -1 0 0.05702153 -0.9983729 0 0.05702153 -0.9983729 0 0.1140461 -0.9934754 0 0.1140461 -0.9934754 0 0.1705293 -0.9853526 0 0.1705293 -0.9853526 0 0.2264899 -0.9740136 0 0.2264899 -0.9740136 0 0.2816807 -0.9595082 0 0.2816807 -0.9595082 0 0.3360922 -0.9418291 0 0.3360922 -0.9418291 0 0.3892477 -0.921133 0 0.3892477 -0.921133 0 0.4412038 -0.897407 0 0.4412038 -0.897407 0 0.4917592 -0.8707312 0 0.5406708 -0.8412343 0 0.4917592 -0.8707312 0 0.5406708 -0.8412343 0 0.5877723 -0.8090265 0 0.6329821 -0.7741665 0 0.5877723 -0.8090265 0 0.6329821 -0.7741665 0 0.6761721 -0.7367436 0 0.6761721 -0.7367436 0 0.7171677 -0.6969007 0 0.7171677 -0.6969007 0 0.7557269 -0.654887 0 0.7919041 -0.6106455 0 0.7557269 -0.654887 0 0.7919041 -0.6106455 0 0.8254692 -0.5644472 0 0.8254692 -0.5644472 0 0.856339 -0.5164141 0 0.8844425 -0.4666491 0 0.856339 -0.5164141 0 0.8844425 -0.4666491 0 0.909641 -0.4153953 0 0.909641 -0.4153953 0 0.9318542 -0.3628331 0 0.9510605 -0.309005 0 0.9318542 -0.3628331 0 0.9510605 -0.309005 0 0.9671443 -0.2542284 0 0.9800829 -0.1985891 0 0.9671443 -0.2542284 0 0.9800829 -0.1985891 0 0.9898201 -0.1423243 0 0.9963319 -0.08557218 0 0.9898201 -0.1423243 0 0.9963319 -0.08557218 0 0.9995924 -0.02854888 0 0.9995924 -0.02854888 0 0.9997056 0 0.02426231 0.9997056 0 0.02426231 0.9973488 0 0.07276879 0.9973488 0 0.07276879 0.9926431 0 0.121077 0.9926431 0 0.121077 0.9856007 0 0.1690898 0.9856007 0 0.1690898 0.9762304 0 0.2167349 0.9762304 0 0.2167349 0.9645609 0 0.2638604 0.9645609 0 0.2638604 0.9506238 0 0.3103456 0.9506238 0 0.3103456 0.9344395 0 0.356122 0.9344395 0 0.356122 0.9160577 0 0.4010466 0.9160577 0 0.4010466 0.8955207 0 0.4450198 0.8955207 0 0.4450198 0.8728558 0 0.4879781 0.8728558 0 0.4879781 0.8481616 0 0.5297376 0.8481616 0 0.5297376 0.8214418 0 0.5702924 0.7928072 -0 0.6094724 0.8214418 0 0.5702924 0.7928072 0 0.6094724 0.7619826 0 0.6475975 0.7619826 -0 0.6475975 0.7290018 -0 0.6845118 0.7290018 0 0.6845118 0.694234 -0 0.7197494 0.694234 0 0.7197494 0.6577656 -0 0.7532227 0.6577656 0 0.7532227 0.6196862 -0 0.7848496 0.6196862 0 0.7848496 0.5800862 -0 0.814555 0.5800862 0 0.814555 0.5390662 0 0.8422634 0.5390662 -0 0.8422634 0.4967249 0 0.8679081 0.4967249 -0 0.8679081 0.4531674 0 0.8914254 0.4531674 -0 0.8914254 0.4084982 0 0.9127591 0.4084982 -0 0.9127591 0.3628273 0 0.9318563 0.3628273 -0 0.9318563 0.3162698 0 0.9486693 0.3162698 -0 0.9486693 0.2689352 0 0.9631582 0.2689352 -0 0.9631582 0.2209418 0 0.975287 0.2209418 -0 0.975287 0.1724086 0 0.9850255 0.1724086 -0 0.9850255 0.1234505 0 0.9923507 0.1234505 -0 0.9923507 0.07419197 0 0.9972439 0.07419197 -0 0.9972439 0.02475148 0 0.9996937 0.02475148 -0 0.9996937 -0.02475148 0 0.9996937 -0.02475148 0 0.9996937 -0.07419197 0 0.9972439 -0.07419197 0 0.9972439 -0.1234505 0 0.9923507 -0.1234505 0 0.9923507 -0.1724086 0 0.9850255 -0.1724086 0 0.9850255 -0.2209418 0 0.975287 -0.2209418 0 0.975287 -0.2689352 0 0.9631582 -0.3162698 0 0.9486693 -0.2689352 0 0.9631582 -0.3628273 0 0.9318563 -0.3162698 0 0.9486693 -0.3628273 0 0.9318563 -0.4084982 0 0.9127591 -0.4084982 0 0.9127591 -0.4531674 0 0.8914254 -0.4967249 0 0.8679081 -0.4531674 0 0.8914254 -0.4967249 0 0.8679081 -0.5390662 0 0.8422634 -0.5390662 0 0.8422634 -0.5800862 0 0.814555 -0.5800862 0 0.814555 -0.6196862 0 0.7848496 -0.6196862 0 0.7848496 -0.6577656 0 0.7532227 -0.6577656 0 0.7532227 -0.694234 0 0.7197494 -0.694234 0 0.7197494 -0.7290018 0 0.6845118 -0.7290018 0 0.6845118 -0.7619826 0 0.6475975 -0.7619826 0 0.6475975 -0.9997056 0 0.02426231 -0.9997056 0 0.02426231 -0.9973488 0 0.07276879 -0.9973488 0 0.07276879 -0.9926431 0 0.121077 -0.9926431 0 0.121077 -0.9856007 0 0.1690898 -0.9856007 0 0.1690898 -0.9762304 0 0.2167349 -0.9762304 0 0.2167349 -0.9645609 0 0.2638604 -0.9645609 0 0.2638604 -0.9506238 0 0.3103456 -0.9506238 0 0.3103456 -0.9344395 0 0.356122 -0.9344395 0 0.356122 -0.9160577 0 0.4010466 -0.9160577 0 0.4010466 -0.8955207 0 0.4450198 -0.8955207 0 0.4450198 -0.8728558 0 0.4879781 -0.8728558 0 0.4879781 -0.8481616 0 0.5297376 -0.8481616 0 0.5297376 -0.8214418 0 0.5702924 -0.8214418 0 0.5702924 -0.7928072 0 0.6094724 -0.7928072 0 0.6094724</float_array>
          <technique_common>
            <accessor count="3504" source="#cubenormals-array0-array" stride="3">
              <param type="float" name="X"/>
              <param type="float" name="Y"/>
              <param type="float" name="Z"/>
            </accessor>
          </technique_common>
        </source>
        <vertices id="cubeverts-array0-vertices">
          <input semantic="POSITION" source="#cubeverts-array0"/>
        </vertices>
        <triangles count="3504" material="ref_Body006">
          <input offset="0" semantic="VERTEX" source="#cubeverts-array0-vertices"/>
          <input offset="1" semantic="NORMAL" source="#cubenormals-array0"/>
          <p>0 0 1334 0 1 0 2 1 0 1 1 1 2 2 989 2 3 2 2 3 3 3 4 3 2 4 4 4 993 4 2 5 993 5 5 5 2 6 5 6 6 6 2 7 6 7 7 7 2 8 7 8 8 8 2 9 8 9 999 9 2 10 999 10 9 10 2 11 9 11 10 11 2 12 10 12 11 12 2 13 11 13 1004 13 2 14 1004 14 1006 14 2 15 1006 15 1009 15 2 16 1009 16 0 16 12 17 989 17 2 17 13 18 12 18 2 18 14 19 13 19 2 19 15 20 14 20 2 20 983 21 15 21 2 21 16 22 983 22 2 22 17 23 16 23 2 23 18 24 17 24 2 24 19 25 18 25 2 25 977 26 19 26 2 26 20 27 977 27 2 27 21 28 20 28 2 28 22 29 21 29 2 29 23 30 22 30 2 30 24 31 23 31 2 31 25 32 24 32 2 32 26 33 25 33 2 33 27 34 26 34 2 34 27 35 919 35 26 35 935 36 919 36 27 36 28 37 919 37 935 37 29 38 919 38 28 38 30 39 31 39 919 39 30 40 919 40 29 40 32 41 33 41 31 41 32 42 34 42 33 42 32 43 31 43 30 43 35 44 34 44 32 44 35 45 36 45 34 45 35 46 37 46 36 46 38 47 37 47 35 47 38 48 39 48 37 48 38 49 40 49 39 49 38 50 41 50 40 50 42 51 41 51 38 51 42 52 43 52 41 52 42 53 44 53 43 53 45 54 44 54 42 54 45 55 46 55 44 55 45 56 47 56 46 56 45 57 48 57 47 57 49 58 48 58 45 58 49 59 50 59 48 59 49 60 51 60 50 60 52 61 51 61 49 61 53 62 51 62 52 62 54 63 51 63 53 63 55 64 51 64 54 64 56 65 51 65 55 65 879 66 51 66 56 66 57 67 879 67 56 67 58 68 879 68 57 68 914 69 58 69 57 69 59 70 58 70 914 70 60 71 59 71 914 71 61 72 59 72 60 72 62 73 61 73 60 73 63 74 61 74 62 74 64 75 63 75 62 75 65 76 63 76 64 76 66 77 65 77 64 77 67 78 65 78 66 78 68 79 67 79 66 79 69 80 67 80 68 80 70 81 69 81 68 81 71 82 69 82 70 82 72 83 71 83 70 83 73 84 72 84 74 84 73 85 71 85 72 85 75 86 74 86 76 86 75 87 73 87 74 87 77 88 76 88 78 88 77 89 75 89 76 89 79 90 78 90 80 90 79 91 77 91 78 91 81 92 80 92 82 92 81 93 79 93 80 93 83 94 82 94 84 94 83 95 81 95 82 95 85 96 512 96 86 96 87 97 86 97 512 97 88 98 86 98 87 98 89 99 85 99 86 99 90 100 86 100 88 100 91 101 89 101 86 101 92 102 91 102 86 102 507 103 86 103 90 103 519 104 92 104 86 104 93 105 86 105 507 105 94 106 519 106 86 106 95 107 86 107 93 107 96 108 94 108 86 108 97 109 86 109 95 109 98 110 96 110 86 110 99 111 86 111 97 111 100 112 98 112 86 112 101 113 86 113 99 113 102 114 100 114 86 114 103 115 86 115 101 115 104 116 102 116 86 116 105 117 86 117 103 117 106 118 104 118 86 118 107 119 86 119 105 119 527 120 106 120 86 120 108 121 86 121 107 121 109 122 527 122 86 122 110 123 86 123 108 123 531 124 109 124 86 124 111 125 86 125 110 125 112 126 86 126 111 126 113 127 531 127 86 127 114 128 83 128 84 128 114 129 84 129 115 129 116 130 115 130 117 130 116 131 114 131 115 131 118 132 117 132 119 132 118 133 116 133 117 133 120 134 113 134 86 134 121 135 119 135 122 135 121 136 118 136 119 136 212 137 113 137 120 137 123 138 122 138 124 138 123 139 121 139 122 139 125 140 124 140 126 140 125 141 123 141 124 141 127 142 126 142 128 142 127 143 125 143 126 143 129 144 128 144 130 144 129 145 127 145 128 145 131 146 130 146 132 146 131 147 129 147 130 147 133 148 131 148 132 148 133 149 132 149 134 149 135 150 86 150 112 150 136 151 133 151 134 151 136 152 134 152 137 152 138 153 136 153 137 153 138 154 137 154 139 154 140 155 139 155 141 155 140 156 138 156 139 156 791 157 135 157 112 157 791 158 826 158 135 158 791 159 142 159 826 159 791 160 143 160 142 160 791 161 144 161 143 161 145 162 141 162 146 162 145 163 140 163 141 163 147 164 144 164 791 164 147 165 148 165 144 165 149 166 148 166 147 166 150 167 148 167 149 167 150 168 151 168 148 168 152 169 151 169 150 169 153 170 151 170 152 170 153 171 154 171 151 171 155 172 146 172 156 172 155 173 145 173 146 173 157 174 154 174 153 174 158 175 154 175 157 175 159 176 154 176 158 176 159 177 160 177 154 177 161 178 160 178 159 178 162 179 160 179 161 179 162 180 163 180 160 180 164 181 156 181 885 181 164 182 155 182 156 182 165 183 163 183 162 183 166 184 163 184 165 184 167 185 163 185 166 185 167 186 168 186 163 186 169 187 168 187 167 187 825 188 170 188 168 188 825 189 168 189 169 189 825 190 171 190 170 190 825 191 172 191 171 191 825 192 173 192 172 192 825 193 842 193 173 193 174 194 885 194 175 194 174 195 164 195 885 195 844 196 882 196 842 196 844 197 842 197 825 197 846 198 882 198 844 198 846 199 175 199 882 199 846 200 174 200 175 200 176 201 113 201 177 201 178 202 177 202 113 202 179 203 113 203 176 203 180 204 178 204 113 204 181 205 113 205 179 205 182 206 180 206 113 206 183 207 113 207 181 207 184 208 182 208 113 208 185 209 113 209 183 209 186 210 184 210 113 210 187 211 113 211 185 211 188 212 186 212 113 212 189 213 113 213 187 213 190 214 188 214 113 214 191 215 113 215 189 215 192 216 190 216 113 216 193 217 113 217 191 217 194 218 192 218 113 218 195 219 113 219 193 219 196 220 194 220 113 220 197 221 113 221 195 221 198 222 196 222 113 222 199 223 113 223 197 223 200 224 198 224 113 224 201 225 113 225 199 225 202 226 200 226 113 226 203 227 113 227 201 227 204 228 202 228 113 228 205 229 113 229 203 229 206 230 204 230 113 230 207 231 113 231 205 231 208 232 113 232 207 232 209 233 113 233 208 233 210 234 113 234 209 234 211 235 113 235 210 235 212 236 213 236 214 236 212 237 215 237 213 237 212 238 216 238 215 238 212 239 217 239 216 239 212 240 218 240 217 240 212 241 219 241 218 241 212 242 220 242 219 242 212 243 221 243 220 243 212 244 222 244 221 244 212 245 223 245 222 245 212 246 224 246 223 246 212 247 225 247 224 247 212 248 226 248 225 248 212 249 227 249 226 249 212 250 228 250 227 250 212 251 229 251 228 251 212 252 230 252 229 252 212 253 231 253 230 253 212 254 232 254 231 254 212 255 233 255 232 255 212 256 234 256 233 256 212 257 235 257 234 257 212 258 206 258 113 258 212 259 236 259 206 259 212 260 237 260 236 260 212 261 214 261 237 261 238 262 212 262 239 262 238 263 239 263 240 263 241 264 238 264 242 264 243 265 241 265 244 265 243 266 244 266 245 266 243 267 245 267 246 267 243 268 212 268 238 268 243 269 238 269 241 269 247 270 243 270 248 270 247 271 248 271 249 271 250 272 243 272 247 272 251 273 250 273 252 273 253 274 243 274 250 274 253 275 250 275 251 275 254 276 253 276 255 276 256 277 253 277 254 277 256 278 243 278 253 278 256 279 212 279 243 279 257 280 258 280 259 280 257 281 260 281 258 281 261 282 256 282 262 282 263 283 259 283 258 283 263 284 258 284 264 284 265 285 266 285 260 285 265 286 260 286 257 286 267 287 263 287 264 287 267 288 264 288 268 288 269 289 266 289 265 289 269 290 270 290 266 290 269 291 271 291 270 291 272 292 268 292 273 292 272 293 267 293 268 293 274 294 271 294 269 294 274 295 275 295 271 295 276 296 273 296 277 296 276 297 272 297 273 297 278 298 275 298 274 298 279 299 280 299 281 299 279 300 277 300 280 300 279 301 276 301 277 301 282 302 283 302 275 302 282 303 275 303 278 303 284 304 279 304 281 304 285 305 286 305 283 305 285 306 283 306 282 306 287 307 281 307 288 307 287 308 284 308 281 308 289 309 113 309 211 309 289 310 211 310 286 310 289 311 286 311 285 311 290 312 287 312 288 312 290 313 288 313 291 313 292 314 113 314 289 314 293 315 294 315 295 315 293 316 291 316 294 316 293 317 290 317 291 317 296 318 113 318 292 318 297 319 261 319 298 319 297 320 256 320 261 320 299 321 293 321 295 321 300 322 295 322 301 322 300 323 299 323 295 323 302 324 303 324 304 324 302 325 301 325 303 325 302 326 300 326 301 326 305 327 304 327 306 327 305 328 302 328 304 328 307 329 305 329 306 329 308 330 297 330 309 330 308 331 256 331 297 331 310 332 307 332 306 332 310 333 311 333 312 333 310 334 306 334 311 334 313 335 256 335 308 335 314 336 310 336 312 336 314 337 312 337 315 337 316 338 314 338 315 338 317 339 256 339 313 339 318 340 315 340 319 340 318 341 316 341 315 341 320 342 318 342 319 342 320 343 319 343 321 343 322 344 321 344 323 344 322 345 320 345 321 345 324 346 317 346 325 346 326 347 322 347 323 347 326 348 323 348 327 348 328 349 256 349 317 349 328 350 212 350 256 350 328 351 317 351 324 351 329 352 327 352 330 352 329 353 326 353 327 353 331 354 330 354 332 354 331 355 329 355 330 355 333 356 334 356 235 356 333 357 335 357 334 357 333 358 336 358 335 358 333 359 337 359 336 359 333 360 338 360 337 360 333 361 339 361 338 361 333 362 340 362 339 362 333 363 341 363 340 363 333 364 342 364 341 364 333 365 343 365 342 365 333 366 344 366 343 366 333 367 328 367 345 367 333 368 212 368 328 368 333 369 235 369 212 369 346 370 331 370 332 370 346 371 347 371 348 371 346 372 332 372 347 372 349 373 346 373 348 373 350 374 351 374 352 374 350 375 348 375 351 375 350 376 349 376 348 376 353 377 352 377 354 377 353 378 350 378 352 378 355 379 353 379 354 379 356 380 357 380 358 380 356 381 354 381 357 381 356 382 355 382 354 382 359 383 356 383 358 383 360 384 361 384 362 384 360 385 363 385 361 385 360 386 364 386 363 386 360 387 365 387 364 387 360 388 366 388 365 388 360 389 367 389 366 389 360 390 368 390 367 390 360 391 369 391 368 391 360 392 370 392 371 392 360 393 372 393 369 393 360 394 373 394 370 394 360 395 374 395 372 395 360 396 375 396 373 396 360 397 376 397 374 397 360 398 296 398 375 398 360 399 377 399 376 399 360 400 378 400 377 400 360 401 379 401 378 401 360 402 380 402 379 402 360 403 381 403 380 403 360 404 371 404 381 404 360 405 113 405 296 405 382 406 358 406 344 406 382 407 344 407 333 407 382 408 359 408 358 408 383 409 360 409 362 409 384 410 382 410 333 410 385 411 360 411 383 411 386 412 360 412 385 412 387 413 360 413 386 413 388 414 360 414 387 414 389 415 360 415 388 415 390 416 360 416 389 416 391 417 360 417 390 417 392 418 360 418 391 418 393 419 360 419 392 419 394 420 360 420 393 420 395 421 360 421 394 421 396 422 360 422 395 422 397 423 384 423 333 423 397 424 398 424 384 424 397 425 399 425 398 425 397 426 400 426 399 426 397 427 401 427 400 427 397 428 402 428 401 428 397 429 403 429 402 429 397 430 404 430 403 430 397 431 405 431 404 431 397 432 406 432 405 432 397 433 407 433 406 433 397 434 408 434 407 434 397 435 409 435 408 435 410 436 360 436 396 436 410 437 411 437 409 437 410 438 412 438 411 438 410 439 413 439 412 439 410 440 414 440 413 440 410 441 415 441 414 441 410 442 416 442 415 442 410 443 417 443 416 443 410 444 418 444 417 444 410 445 419 445 418 445 410 446 420 446 419 446 410 447 421 447 420 447 410 448 422 448 421 448 410 449 423 449 422 449 410 450 424 450 423 450 410 451 425 451 424 451 410 452 426 452 425 452 410 453 427 453 426 453 410 454 428 454 427 454 410 455 429 455 428 455 410 456 430 456 429 456 410 457 431 457 430 457 410 458 396 458 431 458 410 459 409 459 397 459 432 460 397 460 433 460 434 461 435 461 436 461 434 462 436 462 410 462 437 463 432 463 438 463 439 464 434 464 410 464 440 465 397 465 432 465 440 466 439 466 410 466 440 467 441 467 439 467 440 468 410 468 397 468 442 469 443 469 444 469 445 470 443 470 442 470 445 471 442 471 446 471 447 472 432 472 437 472 447 473 443 473 445 473 447 474 437 474 443 474 448 475 432 475 447 475 449 476 450 476 451 476 449 477 451 477 452 477 453 478 449 478 452 478 453 479 452 479 454 479 453 480 454 480 440 480 455 481 453 481 440 481 455 482 456 482 453 482 457 483 432 483 448 483 457 484 448 484 458 484 457 485 458 485 459 485 457 486 459 486 460 486 461 487 455 487 440 487 462 488 440 488 432 488 462 489 461 489 440 489 462 490 432 490 457 490 212 491 463 491 239 491 120 492 463 492 212 492 239 493 464 493 240 493 463 494 464 494 239 494 240 495 465 495 238 495 464 496 465 496 240 496 238 497 466 497 242 497 465 498 466 498 238 498 242 499 467 499 241 499 466 500 467 500 242 500 241 501 468 501 244 501 467 502 468 502 241 502 244 503 469 503 245 503 468 504 469 504 244 504 245 505 470 505 246 505 469 506 470 506 245 506 470 507 471 507 246 507 246 508 471 508 243 508 243 509 472 509 248 509 471 510 472 510 243 510 248 511 473 511 249 511 472 512 473 512 248 512 249 513 474 513 247 513 473 514 474 514 249 514 247 515 475 515 250 515 474 516 475 516 247 516 250 517 476 517 252 517 475 518 476 518 250 518 252 519 477 519 251 519 476 520 477 520 252 520 251 521 478 521 253 521 477 522 478 522 251 522 253 523 479 523 255 523 478 524 479 524 253 524 255 525 480 525 254 525 254 526 480 526 256 526 479 527 480 527 255 527 480 528 481 528 256 528 256 529 482 529 262 529 481 530 482 530 256 530 262 531 483 531 261 531 261 532 483 532 298 532 482 533 483 533 262 533 483 534 484 534 298 534 298 535 485 535 297 535 484 536 485 536 298 536 297 537 486 537 309 537 485 538 486 538 297 538 309 539 487 539 308 539 486 540 487 540 309 540 308 541 488 541 313 541 487 542 488 542 308 542 313 543 489 543 317 543 488 544 489 544 313 544 317 545 490 545 325 545 325 546 490 546 324 546 489 547 490 547 317 547 324 548 491 548 328 548 490 549 491 549 324 549 491 550 492 550 328 550 328 551 493 551 345 551 492 552 493 552 328 552 345 553 494 553 333 553 493 554 494 554 345 554 495 555 111 555 496 555 496 556 111 556 497 556 112 557 111 557 495 557 497 558 110 558 498 558 111 559 110 559 497 559 498 560 108 560 499 560 110 561 108 561 498 561 108 562 107 562 499 562 499 563 105 563 500 563 500 564 105 564 501 564 107 565 105 565 499 565 105 566 103 566 501 566 501 567 101 567 502 567 502 568 101 568 503 568 103 569 101 569 501 569 101 570 99 570 503 570 99 571 97 571 503 571 503 572 97 572 504 572 504 573 97 573 505 573 97 574 95 574 505 574 95 575 93 575 505 575 505 576 93 576 506 576 506 577 507 577 508 577 93 578 507 578 506 578 508 579 90 579 509 579 507 580 90 580 508 580 509 581 88 581 510 581 90 582 88 582 509 582 510 583 87 583 511 583 88 584 87 584 510 584 511 585 512 585 513 585 87 586 512 586 511 586 513 587 85 587 514 587 512 588 85 588 513 588 514 589 89 589 515 589 515 590 89 590 516 590 85 591 89 591 514 591 89 592 91 592 516 592 516 593 92 593 517 593 517 594 92 594 518 594 91 595 92 595 516 595 92 596 519 596 518 596 518 597 94 597 520 597 519 598 94 598 518 598 520 599 96 599 521 599 521 600 96 600 522 600 94 601 96 601 520 601 96 602 98 602 522 602 522 603 100 603 523 603 523 604 100 604 524 604 98 605 100 605 522 605 100 606 102 606 524 606 524 607 104 607 525 607 102 608 104 608 524 608 525 609 106 609 526 609 104 610 106 610 525 610 526 611 527 611 528 611 106 612 527 612 526 612 528 613 109 613 529 613 529 614 109 614 530 614 527 615 109 615 528 615 530 616 531 616 360 616 109 617 531 617 530 617 531 618 113 618 360 618 532 619 533 619 86 619 534 620 86 620 533 620 535 621 532 621 86 621 536 622 86 622 534 622 537 623 535 623 86 623 538 624 86 624 536 624 539 625 537 625 86 625 540 626 86 626 538 626 541 627 539 627 86 627 542 628 86 628 540 628 543 629 541 629 86 629 544 630 86 630 542 630 545 631 543 631 86 631 546 632 86 632 544 632 547 633 545 633 86 633 548 634 86 634 546 634 549 635 547 635 86 635 550 636 86 636 548 636 551 637 549 637 86 637 552 638 86 638 550 638 553 639 551 639 86 639 554 640 86 640 552 640 555 641 553 641 86 641 556 642 86 642 554 642 557 643 555 643 86 643 558 644 557 644 86 644 559 645 558 645 86 645 560 646 559 646 86 646 561 647 560 647 86 647 562 648 561 648 86 648 563 649 562 649 86 649 564 650 563 650 86 650 565 651 564 651 86 651 566 652 565 652 86 652 120 653 567 653 568 653 120 654 568 654 569 654 120 655 569 655 570 655 120 656 570 656 571 656 120 657 571 657 572 657 120 658 572 658 573 658 120 659 573 659 574 659 120 660 574 660 575 660 120 661 575 661 576 661 120 662 576 662 577 662 120 663 577 663 578 663 120 664 578 664 579 664 120 665 579 665 580 665 120 666 580 666 581 666 120 667 581 667 582 667 120 668 582 668 583 668 120 669 583 669 584 669 120 670 584 670 585 670 120 671 585 671 586 671 120 672 586 672 587 672 120 673 587 673 588 673 120 674 588 674 589 674 120 675 589 675 590 675 120 676 590 676 591 676 120 677 591 677 592 677 120 678 592 678 593 678 120 679 86 679 556 679 120 680 556 680 594 680 120 681 594 681 567 681 465 682 464 682 463 682 466 683 463 683 120 683 466 684 465 684 463 684 467 685 466 685 120 685 469 686 467 686 120 686 469 687 468 687 467 687 471 688 470 688 469 688 471 689 469 689 120 689 474 690 471 690 120 690 474 691 472 691 471 691 474 692 473 692 472 692 476 693 475 693 474 693 477 694 476 694 474 694 478 695 477 695 474 695 481 696 478 696 474 696 481 697 479 697 478 697 481 698 480 698 479 698 481 699 474 699 120 699 595 700 596 700 597 700 595 701 597 701 598 701 483 702 481 702 120 702 483 703 482 703 481 703 599 704 597 704 596 704 599 705 600 705 597 705 601 706 595 706 598 706 601 707 598 707 602 707 603 708 604 708 605 708 603 709 600 709 599 709 603 710 605 710 600 710 606 711 601 711 602 711 606 712 602 712 607 712 608 713 604 713 603 713 608 714 609 714 604 714 610 715 607 715 611 715 610 716 606 716 607 716 612 717 609 717 608 717 613 718 611 718 614 718 613 719 610 719 611 719 615 720 609 720 612 720 615 721 616 721 617 721 615 722 617 722 609 722 618 723 566 723 86 723 618 724 614 724 566 724 618 725 613 725 614 725 619 726 616 726 615 726 620 727 618 727 86 727 484 728 483 728 120 728 621 729 622 729 616 729 621 730 616 730 619 730 623 731 86 731 624 731 623 732 620 732 86 732 625 733 626 733 622 733 625 734 622 734 621 734 627 735 623 735 624 735 628 736 629 736 630 736 628 737 630 737 626 737 628 738 626 738 625 738 631 739 627 739 624 739 485 740 484 740 120 740 632 741 629 741 628 741 633 742 631 742 624 742 634 743 629 743 632 743 634 744 635 744 629 744 636 745 633 745 624 745 637 746 635 746 634 746 637 747 638 747 635 747 486 748 485 748 120 748 639 749 636 749 624 749 640 750 638 750 637 750 640 751 641 751 642 751 640 752 642 752 638 752 643 753 639 753 624 753 644 754 641 754 640 754 645 755 643 755 624 755 646 756 641 756 644 756 646 757 647 757 641 757 648 758 645 758 624 758 488 759 487 759 486 759 649 760 647 760 646 760 649 761 650 761 651 761 649 762 651 762 647 762 652 763 648 763 624 763 653 764 650 764 649 764 489 765 488 765 486 765 654 766 652 766 624 766 655 767 656 767 650 767 655 768 650 768 653 768 657 769 654 769 624 769 658 770 656 770 655 770 658 771 659 771 656 771 660 772 657 772 624 772 661 773 662 773 663 773 661 774 663 774 659 774 661 775 659 775 658 775 491 776 489 776 486 776 491 777 490 777 489 777 664 778 660 778 624 778 665 779 666 779 662 779 665 780 662 780 661 780 492 781 491 781 486 781 492 782 486 782 120 782 667 783 664 783 624 783 668 784 666 784 665 784 669 785 667 785 624 785 493 786 492 786 120 786 670 787 666 787 668 787 670 788 671 788 672 788 670 789 672 789 666 789 673 790 669 790 624 790 494 791 593 791 674 791 494 792 674 792 675 792 494 793 675 793 676 793 494 794 676 794 677 794 494 795 677 795 678 795 494 796 678 796 679 796 494 797 679 797 680 797 494 798 680 798 681 798 494 799 681 799 682 799 494 800 682 800 683 800 494 801 683 801 684 801 494 802 493 802 120 802 494 803 120 803 593 803 685 804 671 804 670 804 686 805 673 805 624 805 687 806 688 806 671 806 687 807 671 807 685 807 689 808 686 808 624 808 690 809 691 809 688 809 690 810 688 810 687 810 692 811 689 811 624 811 693 812 694 812 695 812 693 813 695 813 691 813 693 814 691 814 690 814 696 815 692 815 624 815 697 816 694 816 693 816 698 817 696 817 624 817 699 818 700 818 694 818 699 819 694 819 697 819 701 820 698 820 624 820 702 821 684 821 703 821 702 822 703 822 700 822 702 823 700 823 699 823 704 824 701 824 624 824 705 825 494 825 684 825 705 826 684 826 702 826 706 827 704 827 624 827 707 828 494 828 705 828 708 829 706 829 624 829 709 830 708 830 624 830 710 831 709 831 624 831 711 832 710 832 624 832 712 833 711 833 624 833 713 834 712 834 624 834 714 835 624 835 86 835 715 836 624 836 714 836 716 837 717 837 715 837 716 838 715 838 714 838 718 839 719 839 720 839 718 840 720 840 721 840 718 841 721 841 722 841 718 842 722 842 723 842 718 843 723 843 724 843 718 844 724 844 725 844 718 845 725 845 726 845 718 846 726 846 727 846 718 847 727 847 728 847 718 848 728 848 729 848 718 849 729 849 730 849 718 850 730 850 731 850 718 851 731 851 732 851 718 852 732 852 733 852 718 853 733 853 734 853 718 854 734 854 735 854 718 855 735 855 736 855 718 856 736 856 737 856 718 857 737 857 738 857 718 858 738 858 739 858 718 859 739 859 740 859 718 860 740 860 741 860 718 861 741 861 742 861 718 862 742 862 743 862 744 863 494 863 707 863 744 864 707 864 745 864 744 865 745 865 746 865 744 866 746 866 747 866 744 867 747 867 748 867 744 868 748 868 749 868 744 869 749 869 750 869 744 870 750 870 751 870 744 871 751 871 752 871 744 872 752 872 753 872 744 873 753 873 754 873 744 874 754 874 755 874 744 875 755 875 719 875 744 876 719 876 718 876 756 877 757 877 744 877 758 878 759 878 756 878 758 879 760 879 759 879 758 880 756 880 744 880 758 881 744 881 718 881 761 882 762 882 763 882 764 883 762 883 761 883 764 884 765 884 762 884 764 885 766 885 765 885 767 886 768 886 758 886 767 887 758 887 718 887 767 888 718 888 766 888 769 889 770 889 771 889 772 890 773 890 774 890 772 891 775 891 773 891 772 892 776 892 775 892 772 893 764 893 776 893 777 894 778 894 767 894 777 895 771 895 778 895 777 896 779 896 769 896 777 897 769 897 771 897 780 898 766 898 764 898 780 899 767 899 766 899 780 900 777 900 767 900 781 901 782 901 783 901 781 902 772 902 782 902 784 903 785 903 780 903 784 904 781 904 786 904 784 905 764 905 772 905 784 906 780 906 764 906 784 907 772 907 781 907 624 908 718 908 743 908 624 909 743 909 787 909 624 910 787 910 788 910 624 911 788 911 789 911 624 912 789 912 713 912 495 913 715 913 790 913 495 914 790 914 791 914 792 915 715 915 495 915 624 916 715 916 792 916 112 917 495 917 791 917 793 918 714 918 86 918 793 919 86 919 135 919 793 920 135 920 794 920 795 921 796 921 714 921 795 922 797 922 796 922 798 923 795 923 714 923 799 924 800 924 801 924 799 925 802 925 800 925 799 926 803 926 802 926 799 927 793 927 803 927 804 928 714 928 793 928 804 929 793 929 799 929 805 930 806 930 807 930 808 931 807 931 798 931 808 932 804 932 809 932 808 933 798 933 714 933 808 934 714 934 804 934 808 935 805 935 807 935 791 936 790 936 810 936 147 937 810 937 811 937 147 938 791 938 810 938 149 939 811 939 812 939 149 940 147 940 811 940 150 941 149 941 812 941 152 942 812 942 813 942 152 943 813 943 814 943 152 944 150 944 812 944 153 945 814 945 815 945 153 946 152 946 814 946 157 947 153 947 815 947 158 948 815 948 816 948 158 949 157 949 815 949 159 950 816 950 817 950 159 951 158 951 816 951 161 952 817 952 818 952 161 953 818 953 819 953 161 954 159 954 817 954 162 955 161 955 819 955 165 956 819 956 820 956 165 957 162 957 819 957 166 958 820 958 821 958 166 959 821 959 822 959 166 960 165 960 820 960 167 961 166 961 822 961 169 962 822 962 823 962 169 963 823 963 824 963 169 964 167 964 822 964 825 965 169 965 824 965 794 966 826 966 827 966 135 967 826 967 794 967 827 968 142 968 828 968 828 969 142 969 829 969 826 970 142 970 827 970 829 971 143 971 830 971 142 972 143 972 829 972 143 973 144 973 830 973 830 974 148 974 831 974 831 975 148 975 832 975 144 976 148 976 830 976 148 977 151 977 832 977 832 978 154 978 833 978 833 979 154 979 834 979 151 980 154 980 832 980 154 981 160 981 834 981 834 982 163 982 835 982 160 983 163 983 834 983 835 984 168 984 836 984 163 985 168 985 835 985 836 986 170 986 837 986 168 987 170 987 836 987 837 988 171 988 838 988 170 989 171 989 837 989 838 990 172 990 839 990 171 991 172 991 838 991 839 992 173 992 840 992 840 993 173 993 841 993 172 994 173 994 839 994 173 995 842 995 841 995 824 996 843 996 825 996 825 997 843 997 844 997 844 998 845 998 846 998 843 999 845 999 844 999 846 1000 847 1000 174 1000 845 1001 847 1001 846 1001 174 1002 848 1002 164 1002 847 1003 848 1003 174 1003 164 1004 849 1004 155 1004 155 1005 849 1005 145 1005 848 1006 849 1006 164 1006 849 1007 850 1007 145 1007 850 1008 851 1008 145 1008 145 1009 851 1009 140 1009 140 1010 851 1010 138 1010 851 1011 852 1011 138 1011 852 1012 853 1012 138 1012 138 1013 853 1013 136 1013 136 1014 853 1014 133 1014 853 1015 854 1015 133 1015 854 1016 855 1016 133 1016 133 1017 855 1017 131 1017 855 1018 856 1018 131 1018 131 1019 856 1019 129 1019 856 1020 857 1020 129 1020 129 1021 857 1021 127 1021 857 1022 858 1022 127 1022 127 1023 858 1023 125 1023 858 1024 859 1024 125 1024 125 1025 859 1025 123 1025 859 1026 860 1026 123 1026 123 1027 860 1027 121 1027 860 1028 861 1028 121 1028 121 1029 861 1029 118 1029 118 1030 861 1030 116 1030 861 1031 862 1031 116 1031 862 1032 863 1032 116 1032 116 1033 863 1033 114 1033 114 1034 863 1034 83 1034 863 1035 864 1035 83 1035 83 1036 865 1036 81 1036 864 1037 865 1037 83 1037 81 1038 866 1038 79 1038 865 1039 866 1039 81 1039 79 1040 867 1040 77 1040 77 1041 867 1041 75 1041 866 1042 867 1042 79 1042 867 1043 868 1043 75 1043 75 1044 869 1044 73 1044 868 1045 869 1045 75 1045 73 1046 870 1046 71 1046 869 1047 870 1047 73 1047 71 1048 871 1048 69 1048 870 1049 871 1049 71 1049 69 1050 872 1050 67 1050 67 1051 872 1051 65 1051 871 1052 872 1052 69 1052 872 1053 873 1053 65 1053 65 1054 874 1054 63 1054 63 1055 874 1055 61 1055 873 1056 874 1056 65 1056 874 1057 875 1057 61 1057 875 1058 876 1058 61 1058 61 1059 876 1059 59 1059 59 1060 876 1060 58 1060 876 1061 877 1061 58 1061 877 1062 878 1062 58 1062 58 1063 878 1063 879 1063 878 1064 880 1064 879 1064 879 1065 880 1065 51 1065 881 1066 841 1066 842 1066 881 1067 842 1067 882 1067 881 1068 882 1068 175 1068 883 1069 881 1069 175 1069 884 1070 175 1070 885 1070 884 1071 885 1071 156 1071 884 1072 883 1072 175 1072 886 1073 884 1073 156 1073 887 1074 156 1074 146 1074 887 1075 886 1075 156 1075 888 1076 146 1076 141 1076 888 1077 887 1077 146 1077 889 1078 141 1078 139 1078 889 1079 888 1079 141 1079 890 1080 889 1080 139 1080 890 1081 139 1081 137 1081 891 1082 890 1082 137 1082 891 1083 137 1083 134 1083 891 1084 134 1084 132 1084 892 1085 891 1085 132 1085 893 1086 892 1086 132 1086 893 1087 132 1087 130 1087 894 1088 893 1088 130 1088 894 1089 130 1089 128 1089 894 1090 128 1090 126 1090 895 1091 894 1091 126 1091 896 1092 895 1092 126 1092 896 1093 126 1093 124 1093 896 1094 124 1094 122 1094 897 1095 896 1095 122 1095 898 1096 897 1096 122 1096 898 1097 122 1097 119 1097 899 1098 898 1098 119 1098 899 1099 119 1099 117 1099 899 1100 117 1100 115 1100 900 1101 899 1101 115 1101 901 1102 900 1102 115 1102 901 1103 115 1103 84 1103 902 1104 84 1104 82 1104 902 1105 901 1105 84 1105 903 1106 82 1106 80 1106 903 1107 80 1107 78 1107 903 1108 902 1108 82 1108 904 1109 903 1109 78 1109 905 1110 78 1110 76 1110 905 1111 904 1111 78 1111 906 1112 76 1112 74 1112 906 1113 905 1113 76 1113 907 1114 74 1114 72 1114 907 1115 72 1115 70 1115 907 1116 906 1116 74 1116 908 1117 907 1117 70 1117 909 1118 70 1118 68 1118 909 1119 908 1119 70 1119 910 1120 68 1120 66 1120 910 1121 909 1121 68 1121 911 1122 66 1122 64 1122 911 1123 910 1123 66 1123 912 1124 64 1124 62 1124 912 1125 911 1125 64 1125 913 1126 62 1126 60 1126 913 1127 60 1127 914 1127 913 1128 912 1128 62 1128 915 1129 913 1129 914 1129 916 1130 914 1130 57 1130 916 1131 915 1131 914 1131 917 1132 916 1132 57 1132 917 1133 57 1133 56 1133 918 1134 919 1134 920 1134 920 1135 31 1135 921 1135 919 1136 31 1136 920 1136 921 1137 33 1137 922 1137 31 1138 33 1138 921 1138 33 1139 34 1139 922 1139 922 1140 36 1140 923 1140 923 1141 36 1141 924 1141 34 1142 36 1142 922 1142 924 1143 37 1143 925 1143 36 1144 37 1144 924 1144 37 1145 39 1145 925 1145 925 1146 40 1146 926 1146 39 1147 40 1147 925 1147 926 1148 41 1148 927 1148 40 1149 41 1149 926 1149 927 1150 43 1150 928 1150 928 1151 43 1151 929 1151 41 1152 43 1152 927 1152 43 1153 44 1153 929 1153 929 1154 46 1154 930 1154 44 1155 46 1155 929 1155 930 1156 47 1156 931 1156 931 1157 47 1157 932 1157 46 1158 47 1158 930 1158 47 1159 48 1159 932 1159 932 1160 50 1160 933 1160 933 1161 50 1161 880 1161 48 1162 50 1162 932 1162 50 1163 51 1163 880 1163 27 1164 934 1164 935 1164 936 1165 934 1165 27 1165 935 1166 937 1166 28 1166 934 1167 937 1167 935 1167 28 1168 938 1168 29 1168 937 1169 938 1169 28 1169 29 1170 939 1170 30 1170 938 1171 939 1171 29 1171 30 1172 940 1172 32 1172 939 1173 940 1173 30 1173 32 1174 941 1174 35 1174 940 1175 941 1175 32 1175 35 1176 942 1176 38 1176 941 1177 942 1177 35 1177 38 1178 943 1178 42 1178 942 1179 943 1179 38 1179 42 1180 944 1180 45 1180 943 1181 944 1181 42 1181 45 1182 945 1182 49 1182 944 1183 945 1183 45 1183 49 1184 946 1184 52 1184 945 1185 946 1185 49 1185 52 1186 947 1186 53 1186 53 1187 947 1187 54 1187 946 1188 947 1188 52 1188 947 1189 948 1189 54 1189 54 1190 949 1190 55 1190 55 1191 949 1191 56 1191 948 1192 949 1192 54 1192 949 1193 917 1193 56 1193 950 1194 26 1194 919 1194 950 1195 919 1195 918 1195 951 1196 952 1196 953 1196 951 1197 953 1197 950 1197 951 1198 950 1198 918 1198 954 1199 936 1199 27 1199 955 1200 956 1200 954 1200 957 1201 955 1201 954 1201 958 1202 957 1202 954 1202 959 1203 958 1203 954 1203 960 1204 959 1204 954 1204 961 1205 960 1205 954 1205 962 1206 961 1206 954 1206 963 1207 964 1207 962 1207 963 1208 962 1208 954 1208 965 1209 966 1209 967 1209 968 1210 967 1210 963 1210 968 1211 965 1211 967 1211 969 1212 968 1212 963 1212 970 1213 963 1213 954 1213 970 1214 969 1214 963 1214 2 1215 954 1215 27 1215 2 1216 970 1216 954 1216 25 1217 950 1217 971 1217 25 1218 971 1218 972 1218 25 1219 26 1219 950 1219 24 1220 972 1220 973 1220 24 1221 25 1221 972 1221 23 1222 973 1222 974 1222 23 1223 24 1223 973 1223 22 1224 23 1224 974 1224 21 1225 974 1225 975 1225 21 1226 975 1226 976 1226 21 1227 22 1227 974 1227 20 1228 21 1228 976 1228 977 1229 976 1229 978 1229 977 1230 978 1230 979 1230 977 1231 20 1231 976 1231 19 1232 977 1232 979 1232 18 1233 19 1233 979 1233 18 1234 979 1234 980 1234 18 1235 980 1235 981 1235 17 1236 18 1236 981 1236 16 1237 17 1237 981 1237 16 1238 981 1238 982 1238 983 1239 982 1239 984 1239 983 1240 16 1240 982 1240 15 1241 984 1241 985 1241 15 1242 983 1242 984 1242 14 1243 985 1243 986 1243 14 1244 15 1244 985 1244 13 1245 986 1245 987 1245 13 1246 14 1246 986 1246 12 1247 987 1247 988 1247 12 1248 13 1248 987 1248 989 1249 988 1249 990 1249 989 1250 12 1250 988 1250 3 1251 990 1251 991 1251 3 1252 991 1252 992 1252 3 1253 989 1253 990 1253 4 1254 3 1254 992 1254 993 1255 992 1255 994 1255 993 1256 994 1256 995 1256 993 1257 4 1257 992 1257 5 1258 993 1258 995 1258 6 1259 995 1259 996 1259 6 1260 5 1260 995 1260 7 1261 996 1261 997 1261 7 1262 997 1262 998 1262 7 1263 6 1263 996 1263 8 1264 7 1264 998 1264 999 1265 998 1265 1000 1265 999 1266 1000 1266 1001 1266 999 1267 8 1267 998 1267 9 1268 999 1268 1001 1268 10 1269 1001 1269 1002 1269 10 1270 9 1270 1001 1270 11 1271 1002 1271 1003 1271 11 1272 10 1272 1002 1272 1004 1273 1003 1273 1005 1273 1004 1274 11 1274 1003 1274 1006 1275 1005 1275 1007 1275 1006 1276 1007 1276 1008 1276 1006 1277 1004 1277 1005 1277 1009 1278 1008 1278 1010 1278 1009 1279 1006 1279 1008 1279 0 1280 1009 1280 1010 1280 1011 1281 1012 1281 1013 1281 1014 1282 1015 1282 1016 1282 1014 1283 1016 1283 1017 1283 1018 1284 1011 1284 1013 1284 1018 1285 1013 1285 1019 1285 1018 1286 1019 1286 1020 1286 1021 1287 1015 1287 1014 1287 1021 1288 1020 1288 1022 1288 1021 1289 1022 1289 1015 1289 1023 1290 1021 1290 1024 1290 1025 1291 1026 1291 1027 1291 1025 1292 1027 1292 1018 1292 1028 1293 1021 1293 1023 1293 1028 1294 1020 1294 1021 1294 1029 1295 1018 1295 1020 1295 1029 1296 1030 1296 1025 1296 1029 1297 1025 1297 1018 1297 1031 1298 1028 1298 1032 1298 1033 1299 1034 1299 1029 1299 1035 1300 1031 1300 1036 1300 1037 1301 1035 1301 1038 1301 1037 1302 1031 1302 1035 1302 1039 1303 1040 1303 1041 1303 1039 1304 1041 1304 1033 1304 1039 1305 1020 1305 1028 1305 1039 1306 1029 1306 1020 1306 1039 1307 1033 1307 1029 1307 1042 1308 1028 1308 1031 1308 1042 1309 1031 1309 1037 1309 1042 1310 1039 1310 1028 1310 1 1311 1039 1311 1042 1311 1043 1312 1044 1312 1 1312 1045 1313 1 1313 1044 1313 1046 1314 1043 1314 1 1314 1047 1315 1 1315 1045 1315 1048 1316 1046 1316 1 1316 1049 1317 1 1317 1047 1317 1050 1318 1048 1318 1 1318 1051 1319 1 1319 1049 1319 1052 1320 1050 1320 1 1320 1053 1321 1 1321 1051 1321 1054 1322 1052 1322 1 1322 1055 1323 1 1323 1053 1323 1056 1324 1054 1324 1 1324 1057 1325 1 1325 1055 1325 1058 1326 1056 1326 1 1326 1059 1327 1 1327 1057 1327 1060 1328 1058 1328 1 1328 1061 1329 1 1329 1059 1329 1062 1330 1060 1330 1 1330 1063 1331 1 1331 1061 1331 1064 1332 1062 1332 1 1332 1065 1333 1 1333 1063 1333 1066 1334 1064 1334 1 1334 1067 1335 1 1335 1065 1335 1068 1336 1 1336 1042 1336 1068 1337 1066 1337 1 1337 1069 1338 1 1338 1067 1338 1070 1339 1068 1339 1042 1339 1071 1340 1 1340 1069 1340 1072 1341 1070 1341 1042 1341 1073 1342 1 1342 1071 1342 1074 1343 1072 1343 1042 1343 1075 1344 1074 1344 1042 1344 1076 1345 1075 1345 1042 1345 1077 1346 1076 1346 1042 1346 1078 1347 1077 1347 1042 1347 1079 1348 1078 1348 1042 1348 1080 1349 1079 1349 1042 1349 1081 1350 1080 1350 1042 1350 1082 1351 1081 1351 1042 1351 1083 1352 1084 1352 1085 1352 1086 1353 1084 1353 1083 1353 1086 1354 1087 1354 1084 1354 1088 1355 1089 1355 1090 1355 1091 1356 1089 1356 1088 1356 1091 1357 1086 1357 1089 1357 1091 1358 1088 1358 1092 1358 1093 1359 1087 1359 1086 1359 1093 1360 1086 1360 1091 1360 1094 1361 1087 1361 1093 1361 1095 1362 1087 1362 1094 1362 1095 1363 1094 1363 1096 1363 1095 1364 1096 1364 1097 1364 1095 1365 1097 1365 1098 1365 1099 1366 1087 1366 1095 1366 1099 1367 1095 1367 1100 1367 1101 1368 1099 1368 1102 1368 1103 1369 1087 1369 1099 1369 1103 1370 1101 1370 1104 1370 1103 1371 1099 1371 1101 1371 1105 1372 1106 1372 1107 1372 1108 1373 1105 1373 1109 1373 1108 1374 1106 1374 1105 1374 2 1375 1073 1375 1110 1375 2 1376 1110 1376 1111 1376 2 1377 1111 1377 1112 1377 2 1378 1112 1378 1113 1378 2 1379 1113 1379 1114 1379 2 1380 1114 1380 1115 1380 2 1381 1115 1381 1116 1381 2 1382 1116 1382 1117 1382 2 1383 1117 1383 1118 1383 2 1384 1118 1384 1119 1384 2 1385 1119 1385 1120 1385 2 1386 1120 1386 1121 1386 2 1387 1121 1387 1122 1387 2 1388 1122 1388 1123 1388 2 1389 1123 1389 1124 1389 2 1390 1 1390 1073 1390 2 1391 1124 1391 1125 1391 2 1392 1125 1392 1126 1392 2 1393 1126 1393 1127 1393 2 1394 1127 1394 1128 1394 2 1395 1128 1395 1129 1395 2 1396 1129 1396 1130 1396 2 1397 1130 1397 1131 1397 2 1398 1131 1398 1132 1398 2 1399 1132 1399 1133 1399 2 1400 1133 1400 1134 1400 2 1401 1134 1401 1135 1401 2 1402 1135 1402 1136 1402 2 1403 1136 1403 1137 1403 2 1404 1137 1404 1138 1404 2 1405 1138 1405 1139 1405 2 1406 1139 1406 1140 1406 2 1407 1140 1407 1141 1407 2 1408 1141 1408 1142 1408 2 1409 1142 1409 1143 1409 1144 1410 1145 1410 1146 1410 1147 1411 1144 1411 1146 1411 1148 1412 1145 1412 1144 1412 1148 1413 1149 1413 1150 1413 1148 1414 1150 1414 1145 1414 1151 1415 1147 1415 1146 1415 1151 1416 1146 1416 1152 1416 1151 1417 1152 1417 1153 1417 1154 1418 1149 1418 1148 1418 1155 1419 1151 1419 1153 1419 1156 1420 1149 1420 1154 1420 1156 1421 1157 1421 1149 1421 1158 1422 1082 1422 1042 1422 1158 1423 1155 1423 1153 1423 1158 1424 1153 1424 1082 1424 1159 1425 1157 1425 1156 1425 1159 1426 1160 1426 1157 1426 1161 1427 1158 1427 1042 1427 1161 1428 1042 1428 1087 1428 1162 1429 1160 1429 1159 1429 1162 1430 1163 1430 1164 1430 1162 1431 1164 1431 1160 1431 1165 1432 1161 1432 1087 1432 1166 1433 1106 1433 1108 1433 1166 1434 1103 1434 1106 1434 1167 1435 1163 1435 1162 1435 1167 1436 1168 1436 1163 1436 1169 1437 1165 1437 1087 1437 1170 1438 1168 1438 1167 1438 1171 1439 1169 1439 1087 1439 1172 1440 1173 1440 1168 1440 1172 1441 1168 1441 1170 1441 1174 1442 1171 1442 1087 1442 1175 1443 1103 1443 1166 1443 1176 1444 1173 1444 1172 1444 1176 1445 1177 1445 1173 1445 1178 1446 1174 1446 1087 1446 1179 1447 1180 1447 1177 1447 1179 1448 1177 1448 1176 1448 1181 1449 1178 1449 1087 1449 1182 1450 1183 1450 1184 1450 1182 1451 1184 1451 1180 1451 1182 1452 1180 1452 1179 1452 1185 1453 1181 1453 1087 1453 1186 1454 1183 1454 1182 1454 1187 1455 1185 1455 1087 1455 1188 1456 1175 1456 1189 1456 1188 1457 1103 1457 1175 1457 1190 1458 1183 1458 1186 1458 1190 1459 1191 1459 1183 1459 1192 1460 1187 1460 1087 1460 1193 1461 1194 1461 1191 1461 1193 1462 1191 1462 1190 1462 1195 1463 1103 1463 1188 1463 1196 1464 1192 1464 1087 1464 1197 1465 1194 1465 1193 1465 1197 1466 1198 1466 1194 1466 1199 1467 1196 1467 1087 1467 1200 1468 1103 1468 1195 1468 1200 1469 1087 1469 1103 1469 1201 1470 1198 1470 1197 1470 1201 1471 1202 1471 1203 1471 1201 1472 1203 1472 1198 1472 1204 1473 1199 1473 1087 1473 1204 1474 1087 1474 1200 1474 1205 1475 1202 1475 1201 1475 1206 1476 1204 1476 1200 1476 1207 1477 1208 1477 1202 1477 1207 1478 1202 1478 1205 1478 1209 1479 1206 1479 1200 1479 1210 1480 1211 1480 1208 1480 1210 1481 1208 1481 1207 1481 1212 1482 1209 1482 1200 1482 1213 1483 1211 1483 1210 1483 1213 1484 1214 1484 1211 1484 1215 1485 1212 1485 1200 1485 1216 1486 1214 1486 1213 1486 1216 1487 1217 1487 1214 1487 1218 1488 1215 1488 1200 1488 1219 1489 1217 1489 1216 1489 1219 1490 1220 1490 1217 1490 1221 1491 1218 1491 1200 1491 1222 1492 1220 1492 1219 1492 1222 1493 1223 1493 1220 1493 1224 1494 1221 1494 1200 1494 1225 1495 1223 1495 1222 1495 1225 1496 1226 1496 1227 1496 1225 1497 1227 1497 1223 1497 1228 1498 1224 1498 1200 1498 1229 1499 1226 1499 1225 1499 1230 1500 1228 1500 1200 1500 1231 1501 1232 1501 1226 1501 1231 1502 1226 1502 1229 1502 1233 1503 1230 1503 1200 1503 1234 1504 1235 1504 1236 1504 1234 1505 1236 1505 1232 1505 1234 1506 1232 1506 1231 1506 1237 1507 1233 1507 1200 1507 1238 1508 1235 1508 1234 1508 1239 1509 1237 1509 1200 1509 1240 1510 1241 1510 1235 1510 1240 1511 1235 1511 1238 1511 1242 1512 1239 1512 1200 1512 1243 1513 1241 1513 1240 1513 1243 1514 1244 1514 1241 1514 1245 1515 1242 1515 1200 1515 1246 1516 1247 1516 1244 1516 1246 1517 1244 1517 1243 1517 1248 1518 1245 1518 1200 1518 1249 1519 1250 1519 1247 1519 1249 1520 1247 1520 1246 1520 1251 1521 1248 1521 1200 1521 1252 1522 2 1522 1143 1522 1252 1523 1143 1523 1250 1523 1252 1524 1250 1524 1249 1524 1253 1525 1251 1525 1200 1525 1254 1526 2 1526 1252 1526 1255 1527 1253 1527 1200 1527 1256 1528 2 1528 1254 1528 1257 1529 1255 1529 1200 1529 1258 1530 1257 1530 1200 1530 1259 1531 1258 1531 1200 1531 1260 1532 1259 1532 1200 1532 1261 1533 1260 1533 1200 1533 1262 1534 1261 1534 1200 1534 952 1535 1256 1535 1263 1535 952 1536 1263 1536 1264 1536 952 1537 1264 1537 1265 1537 952 1538 1265 1538 1266 1538 952 1539 1266 1539 1267 1539 952 1540 1267 1540 1268 1540 952 1541 1268 1541 1269 1541 952 1542 1269 1542 1270 1542 952 1543 1270 1543 1271 1543 952 1544 1271 1544 1272 1544 952 1545 1272 1545 1273 1545 952 1546 1273 1546 1274 1546 952 1547 1274 1547 1275 1547 952 1548 1275 1548 1276 1548 952 1549 1276 1549 1277 1549 952 1550 1277 1550 1278 1550 952 1551 1278 1551 1279 1551 952 1552 1279 1552 1280 1552 952 1553 1280 1553 1281 1553 952 1554 1281 1554 1282 1554 952 1555 1282 1555 1283 1555 952 1556 1283 1556 1284 1556 952 1557 1284 1557 1285 1557 952 1558 1285 1558 1286 1558 952 1559 1286 1559 1287 1559 952 1560 1287 1560 1288 1560 952 1561 1288 1561 1289 1561 952 1562 1289 1562 1290 1562 952 1563 1290 1563 1291 1563 952 1564 1291 1564 1292 1564 952 1565 2 1565 1256 1565 951 1566 1293 1566 1294 1566 970 1567 951 1567 1294 1567 970 1568 952 1568 951 1568 1200 1569 952 1569 1295 1569 1295 1570 952 1570 1296 1570 1296 1571 952 1571 1297 1571 1297 1572 952 1572 1292 1572 1200 1573 1295 1573 1262 1573 970 1574 2 1574 952 1574 0 1575 1298 1575 1299 1575 1299 1576 1300 1576 0 1576 0 1577 1301 1577 1298 1577 1300 1578 1302 1578 0 1578 0 1579 1303 1579 1301 1579 1302 1580 1304 1580 0 1580 0 1581 1305 1581 1303 1581 1304 1582 1306 1582 0 1582 0 1583 1307 1583 1305 1583 1306 1584 1308 1584 0 1584 0 1585 1309 1585 1307 1585 1308 1586 1310 1586 0 1586 0 1587 1311 1587 1309 1587 1310 1588 1312 1588 0 1588 0 1589 1313 1589 1311 1589 1312 1590 1314 1590 0 1590 0 1591 1315 1591 1313 1591 1314 1592 1316 1592 0 1592 0 1593 1317 1593 1315 1593 1316 1594 1318 1594 0 1594 0 1595 1319 1595 1317 1595 1318 1596 1320 1596 0 1596 0 1597 1321 1597 1319 1597 1320 1598 1322 1598 0 1598 0 1599 1323 1599 1321 1599 1322 1600 1324 1600 0 1600 0 1601 1325 1601 1323 1601 1324 1602 1326 1602 0 1602 0 1603 1327 1603 1325 1603 1326 1604 1328 1604 0 1604 0 1605 1329 1605 1327 1605 0 1606 1330 1606 1329 1606 0 1607 1331 1607 1330 1607 0 1608 1332 1608 1331 1608 0 1609 1333 1609 1332 1609 1328 1610 1334 1610 0 1610 1335 1611 1334 1611 1336 1611 1336 1612 1334 1612 1337 1612 1337 1613 1334 1613 1338 1613 1338 1614 1334 1614 1339 1614 1339 1615 1334 1615 1340 1615 1340 1616 1334 1616 1341 1616 1341 1617 1334 1617 1342 1617 1342 1618 1334 1618 1343 1618 1343 1619 1334 1619 1344 1619 1344 1620 1334 1620 1345 1620 1345 1621 1334 1621 1346 1621 1346 1622 1334 1622 1347 1622 1347 1623 1334 1623 1348 1623 1348 1624 1334 1624 1349 1624 1349 1625 1334 1625 1350 1625 1350 1626 1334 1626 1351 1626 1351 1627 1334 1627 1352 1627 1352 1628 1334 1628 1353 1628 1353 1629 1334 1629 1354 1629 1354 1630 1334 1630 1355 1630 1355 1631 1334 1631 1356 1631 1356 1632 1334 1632 1357 1632 1357 1633 1334 1633 1358 1633 1358 1634 1334 1634 1359 1634 1359 1635 1334 1635 1328 1635 1334 1636 1360 1636 1361 1636 1334 1637 1362 1637 1360 1637 1334 1638 1363 1638 1362 1638 1334 1639 1364 1639 1363 1639 1364 1640 1365 1640 1366 1640 1364 1641 1367 1641 1365 1641 1367 1642 1368 1642 1369 1642 1364 1643 1368 1643 1367 1643 1368 1644 1370 1644 1371 1644 1371 1645 1370 1645 1372 1645 1364 1646 1373 1646 1368 1646 1368 1647 1373 1647 1370 1647 1374 1648 1375 1648 1376 1648 1373 1649 1377 1649 1374 1649 1374 1650 1377 1650 1375 1650 1377 1651 1378 1651 1379 1651 1373 1652 1378 1652 1377 1652 1380 1653 1381 1653 1382 1653 1380 1654 1383 1654 1381 1654 1373 1655 1384 1655 1378 1655 1381 1656 1385 1656 1382 1656 1382 1657 1385 1657 1386 1657 1387 1658 1388 1658 1380 1658 1380 1659 1388 1659 1383 1659 1386 1660 1389 1660 1390 1660 1385 1661 1389 1661 1386 1661 1387 1662 1391 1662 1388 1662 1392 1663 1391 1663 1393 1663 1393 1664 1391 1664 1387 1664 1389 1665 1394 1665 1390 1665 1390 1666 1394 1666 1395 1666 1392 1667 1396 1667 1391 1667 1395 1668 1397 1668 1398 1668 1394 1669 1397 1669 1395 1669 1399 1670 1400 1670 1401 1670 1401 1671 1400 1671 1392 1671 1392 1672 1400 1672 1396 1672 1398 1673 1402 1673 1403 1673 1397 1674 1402 1674 1398 1674 1399 1675 1404 1675 1400 1675 1403 1676 1405 1676 1406 1676 1402 1677 1405 1677 1403 1677 1407 1678 1408 1678 1399 1678 1399 1679 1408 1679 1404 1679 1373 1680 1409 1680 1384 1680 1406 1681 1410 1681 1411 1681 1405 1682 1410 1682 1406 1682 1333 1683 1412 1683 1407 1683 0 1684 1412 1684 1333 1684 1407 1685 1412 1685 1408 1685 1411 1686 1413 1686 1414 1686 1414 1687 1413 1687 1415 1687 1410 1688 1413 1688 1411 1688 0 1689 1416 1689 1412 1689 1413 1690 1417 1690 1415 1690 0 1691 1418 1691 1416 1691 1415 1692 1419 1692 1420 1692 1417 1693 1419 1693 1415 1693 1419 1694 1421 1694 1420 1694 1420 1695 1421 1695 1422 1695 1422 1696 1423 1696 1424 1696 1421 1697 1423 1697 1422 1697 1373 1698 1425 1698 1409 1698 1409 1699 1425 1699 1426 1699 1424 1700 1427 1700 1428 1700 1423 1701 1427 1701 1424 1701 1428 1702 1429 1702 1430 1702 1427 1703 1429 1703 1428 1703 1430 1704 1431 1704 1432 1704 1429 1705 1431 1705 1430 1705 1425 1706 1433 1706 1434 1706 1373 1707 1433 1707 1425 1707 1364 1708 1433 1708 1373 1708 1432 1709 1435 1709 1436 1709 1431 1710 1435 1710 1432 1710 1436 1711 1437 1711 1438 1711 1435 1712 1437 1712 1436 1712 1438 1713 1439 1713 1440 1713 1437 1714 1439 1714 1438 1714 1433 1715 1441 1715 1442 1715 1440 1716 1443 1716 1444 1716 1439 1717 1443 1717 1440 1717 1444 1718 1445 1718 1446 1718 1443 1719 1445 1719 1444 1719 1446 1720 1447 1720 1448 1720 1445 1721 1447 1721 1446 1721 1441 1722 1449 1722 1450 1722 1448 1723 1451 1723 1452 1723 1447 1724 1451 1724 1448 1724 1451 1725 1453 1725 1452 1725 1452 1726 1453 1726 1454 1726 1441 1727 1455 1727 1449 1727 1449 1728 1455 1728 1456 1728 1457 1729 1455 1729 1458 1729 1459 1730 1455 1730 1335 1730 1458 1731 1455 1731 1460 1731 1460 1732 1455 1732 1461 1732 1461 1733 1455 1733 1462 1733 1462 1734 1455 1734 1463 1734 1463 1735 1455 1735 1464 1735 1464 1736 1455 1736 1465 1736 1465 1737 1455 1737 1466 1737 1466 1738 1455 1738 1467 1738 1467 1739 1455 1739 1459 1739 1433 1740 1455 1740 1441 1740 1334 1741 1455 1741 1364 1741 1364 1742 1455 1742 1433 1742 1335 1743 1455 1743 1334 1743 1453 1744 1468 1744 1454 1744 1454 1745 1468 1745 1469 1745 1468 1746 1470 1746 1469 1746 1469 1747 1470 1747 1471 1747 1470 1748 1472 1748 1471 1748 1471 1749 1472 1749 1473 1749 1473 1750 1474 1750 1475 1750 1472 1751 1474 1751 1473 1751 1475 1752 1476 1752 1477 1752 1474 1753 1476 1753 1475 1753 1477 1754 1478 1754 1479 1754 1476 1755 1478 1755 1477 1755 1479 1756 1480 1756 1481 1756 1478 1757 1480 1757 1479 1757 1418 1758 1010 1758 1482 1758 1482 1759 1010 1759 1483 1759 1483 1760 1010 1760 1484 1760 1484 1761 1010 1761 1485 1761 1485 1762 1010 1762 1486 1762 1486 1763 1010 1763 1487 1763 1487 1764 1010 1764 1488 1764 1488 1765 1010 1765 1489 1765 1489 1766 1010 1766 1490 1766 1490 1767 1010 1767 1491 1767 1491 1768 1010 1768 1492 1768 1492 1769 1010 1769 1493 1769 1493 1770 1010 1770 1494 1770 1494 1771 1010 1771 1495 1771 1495 1772 1010 1772 1496 1772 1496 1773 1010 1773 1497 1773 1497 1774 1010 1774 1498 1774 1498 1775 1010 1775 1499 1775 1499 1776 1010 1776 1500 1776 1500 1777 1010 1777 1501 1777 1501 1778 1010 1778 1502 1778 0 1779 1010 1779 1418 1779 1457 1780 1503 1780 1455 1780 1480 1781 1503 1781 1481 1781 1481 1782 1503 1782 1457 1782 1010 1783 1504 1783 1502 1783 1503 1784 1505 1784 1455 1784 1010 1785 1506 1785 1504 1785 1010 1786 1507 1786 1506 1786 1010 1787 1508 1787 1507 1787 1010 1788 1509 1788 1508 1788 1010 1789 1510 1789 1509 1789 1010 1790 1511 1790 1510 1790 1010 1791 1512 1791 1511 1791 1010 1792 1513 1792 1512 1792 1010 1793 1514 1793 1513 1793 1010 1794 1515 1794 1514 1794 1010 1795 1516 1795 1515 1795 1010 1796 1517 1796 1516 1796 1010 1797 1518 1797 1517 1797 1517 1798 1518 1798 1519 1798 1519 1799 1518 1799 1520 1799 1520 1800 1518 1800 1521 1800 1521 1801 1518 1801 1522 1801 1522 1802 1518 1802 1523 1802 1523 1803 1518 1803 1524 1803 1524 1804 1518 1804 1525 1804 1525 1805 1518 1805 1526 1805 1526 1806 1518 1806 1527 1806 1527 1807 1518 1807 1528 1807 1528 1808 1518 1808 1529 1808 1529 1809 1518 1809 1530 1809 1530 1810 1518 1810 1531 1810 1531 1811 1518 1811 1532 1811 1532 1812 1518 1812 1533 1812 1533 1813 1518 1813 1534 1813 1534 1814 1518 1814 1535 1814 1535 1815 1518 1815 1536 1815 1536 1816 1518 1816 1537 1816 1537 1817 1518 1817 1538 1817 1538 1818 1518 1818 1539 1818 1539 1819 1518 1819 1540 1819 1518 1820 1541 1820 1540 1820 1542 1821 1541 1821 1543 1821 1543 1822 1541 1822 1544 1822 1544 1823 1541 1823 1545 1823 1545 1824 1541 1824 1546 1824 1505 1825 1541 1825 1455 1825 1546 1826 1541 1826 1547 1826 1547 1827 1541 1827 1548 1827 1548 1828 1541 1828 1549 1828 1540 1829 1541 1829 1550 1829 1549 1830 1541 1830 1551 1830 1550 1831 1541 1831 1552 1831 1551 1832 1541 1832 1505 1832 1552 1833 1541 1833 1542 1833 1541 1834 1553 1834 1554 1834 1554 1835 1553 1835 1555 1835 1556 1836 1553 1836 1518 1836 1518 1837 1553 1837 1541 1837 1557 1838 1558 1838 1553 1838 1558 1839 1559 1839 1553 1839 1555 1840 1559 1840 1560 1840 1560 1841 1559 1841 1561 1841 1561 1842 1559 1842 1562 1842 1553 1843 1559 1843 1555 1843 1559 1844 1563 1844 1562 1844 1562 1845 1563 1845 1564 1845 1564 1846 1563 1846 1565 1846 1565 1847 1563 1847 1566 1847 1567 1848 1563 1848 1568 1848 1568 1849 1563 1849 1559 1849 1569 1850 1570 1850 1571 1850 1563 1851 1572 1851 1566 1851 1570 1852 1572 1852 1571 1852 1566 1853 1572 1853 1573 1853 1573 1854 1572 1854 1574 1854 1571 1855 1572 1855 1563 1855 1574 1856 1575 1856 1576 1856 1576 1857 1575 1857 1577 1857 1577 1858 1575 1858 1578 1858 1572 1859 1579 1859 1574 1859 1574 1860 1579 1860 1575 1860 1575 1861 1579 1861 1580 1861 1581 1862 1579 1862 1582 1862 1582 1863 1579 1863 1583 1863 1583 1864 1579 1864 1572 1864 1039 1865 1334 1865 1361 1865 1039 1866 1 1866 1334 1866 1040 1867 1361 1867 1360 1867 1040 1868 1039 1868 1361 1868 1041 1869 1360 1869 1362 1869 1041 1870 1040 1870 1360 1870 1033 1871 1362 1871 1363 1871 1033 1872 1041 1872 1362 1872 1034 1873 1363 1873 1364 1873 1034 1874 1033 1874 1363 1874 1029 1875 1364 1875 1366 1875 1029 1876 1034 1876 1364 1876 1030 1877 1366 1877 1365 1877 1030 1878 1029 1878 1366 1878 1025 1879 1365 1879 1367 1879 1025 1880 1030 1880 1365 1880 1026 1881 1025 1881 1367 1881 1026 1882 1367 1882 1369 1882 1027 1883 1369 1883 1368 1883 1027 1884 1026 1884 1369 1884 1018 1885 1368 1885 1371 1885 1018 1886 1027 1886 1368 1886 1011 1887 1371 1887 1372 1887 1011 1888 1018 1888 1371 1888 1012 1889 1372 1889 1370 1889 1012 1890 1011 1890 1372 1890 1013 1891 1370 1891 1373 1891 1013 1892 1012 1892 1370 1892 1019 1893 1373 1893 1374 1893 1019 1894 1013 1894 1373 1894 1020 1895 1374 1895 1376 1895 1020 1896 1019 1896 1374 1896 1022 1897 1376 1897 1375 1897 1022 1898 1020 1898 1376 1898 1015 1899 1375 1899 1377 1899 1015 1900 1377 1900 1379 1900 1015 1901 1022 1901 1375 1901 1016 1902 1015 1902 1379 1902 1017 1903 1379 1903 1378 1903 1017 1904 1016 1904 1379 1904 1014 1905 1378 1905 1384 1905 1014 1906 1384 1906 1409 1906 1014 1907 1017 1907 1378 1907 1021 1908 1014 1908 1409 1908 1024 1909 1409 1909 1426 1909 1024 1910 1021 1910 1409 1910 1023 1911 1426 1911 1425 1911 1023 1912 1024 1912 1426 1912 1028 1913 1425 1913 1434 1913 1028 1914 1023 1914 1425 1914 1032 1915 1434 1915 1433 1915 1032 1916 1028 1916 1434 1916 1031 1917 1433 1917 1442 1917 1031 1918 1032 1918 1433 1918 1036 1919 1442 1919 1441 1919 1036 1920 1441 1920 1450 1920 1036 1921 1031 1921 1442 1921 1035 1922 1450 1922 1449 1922 1035 1923 1036 1923 1450 1923 1038 1924 1035 1924 1449 1924 1037 1925 1449 1925 1456 1925 1037 1926 1038 1926 1449 1926 1042 1927 1456 1927 1455 1927 1042 1928 1037 1928 1456 1928 513 1929 514 1929 792 1929 792 1930 511 1930 513 1930 514 1931 515 1931 792 1931 792 1932 510 1932 511 1932 515 1933 516 1933 792 1933 792 1934 509 1934 510 1934 516 1935 517 1935 792 1935 792 1936 508 1936 509 1936 517 1937 518 1937 792 1937 792 1938 506 1938 508 1938 518 1939 520 1939 792 1939 792 1940 505 1940 506 1940 520 1941 521 1941 792 1941 792 1942 504 1942 505 1942 792 1943 522 1943 624 1943 521 1944 522 1944 792 1944 792 1945 503 1945 504 1945 522 1946 523 1946 624 1946 792 1947 502 1947 503 1947 523 1948 524 1948 624 1948 792 1949 501 1949 502 1949 524 1950 525 1950 624 1950 792 1951 500 1951 501 1951 525 1952 526 1952 624 1952 792 1953 499 1953 500 1953 526 1954 528 1954 624 1954 792 1955 498 1955 499 1955 528 1956 529 1956 624 1956 792 1957 497 1957 498 1957 529 1958 530 1958 624 1958 530 1959 360 1959 624 1959 360 1960 718 1960 624 1960 360 1961 410 1961 718 1961 792 1962 495 1962 496 1962 792 1963 496 1963 497 1963 397 1964 757 1964 433 1964 744 1965 757 1965 397 1965 433 1966 756 1966 432 1966 757 1967 756 1967 433 1967 432 1968 759 1968 438 1968 756 1969 759 1969 432 1969 438 1970 760 1970 437 1970 759 1971 760 1971 438 1971 437 1972 758 1972 443 1972 760 1973 758 1973 437 1973 443 1974 768 1974 444 1974 758 1975 768 1975 443 1975 444 1976 767 1976 442 1976 768 1977 767 1977 444 1977 442 1978 778 1978 446 1978 767 1979 778 1979 442 1979 778 1980 771 1980 446 1980 446 1981 771 1981 445 1981 445 1982 770 1982 447 1982 771 1983 770 1983 445 1983 447 1984 769 1984 448 1984 770 1985 769 1985 447 1985 448 1986 779 1986 458 1986 769 1987 779 1987 448 1987 458 1988 777 1988 459 1988 779 1989 777 1989 458 1989 459 1990 780 1990 460 1990 777 1991 780 1991 459 1991 460 1992 785 1992 457 1992 780 1993 785 1993 460 1993 457 1994 784 1994 462 1994 785 1995 784 1995 457 1995 462 1996 786 1996 461 1996 784 1997 786 1997 462 1997 461 1998 781 1998 455 1998 455 1999 781 1999 456 1999 786 2000 781 2000 461 2000 781 2001 783 2001 456 2001 456 2002 782 2002 453 2002 783 2003 782 2003 456 2003 453 2004 772 2004 449 2004 449 2005 772 2005 450 2005 782 2006 772 2006 453 2006 772 2007 774 2007 450 2007 450 2008 773 2008 451 2008 774 2009 773 2009 450 2009 451 2010 775 2010 452 2010 773 2011 775 2011 451 2011 452 2012 776 2012 454 2012 775 2013 776 2013 452 2013 454 2014 764 2014 440 2014 776 2015 764 2015 454 2015 440 2016 761 2016 441 2016 764 2017 761 2017 440 2017 441 2018 763 2018 439 2018 439 2019 763 2019 434 2019 761 2020 763 2020 441 2020 434 2021 762 2021 435 2021 763 2022 762 2022 434 2022 762 2023 765 2023 435 2023 435 2024 766 2024 436 2024 765 2025 766 2025 435 2025 436 2026 718 2026 410 2026 766 2027 718 2027 436 2027 744 2028 397 2028 333 2028 744 2029 333 2029 494 2029 203 2030 201 2030 558 2030 558 2031 201 2031 557 2031 557 2032 199 2032 555 2032 201 2033 199 2033 557 2033 555 2034 197 2034 553 2034 553 2035 197 2035 551 2035 199 2036 197 2036 555 2036 197 2037 195 2037 551 2037 551 2038 193 2038 549 2038 195 2039 193 2039 551 2039 549 2040 191 2040 547 2040 193 2041 191 2041 549 2041 547 2042 189 2042 545 2042 545 2043 189 2043 543 2043 191 2044 189 2044 547 2044 189 2045 187 2045 543 2045 543 2046 185 2046 541 2046 187 2047 185 2047 543 2047 541 2048 183 2048 539 2048 185 2049 183 2049 541 2049 539 2050 181 2050 537 2050 183 2051 181 2051 539 2051 537 2052 179 2052 535 2052 181 2053 179 2053 537 2053 535 2054 176 2054 532 2054 179 2055 176 2055 535 2055 532 2056 177 2056 533 2056 533 2057 177 2057 534 2057 176 2058 177 2058 532 2058 534 2059 178 2059 536 2059 177 2060 178 2060 534 2060 178 2061 180 2061 536 2061 536 2062 182 2062 538 2062 180 2063 182 2063 536 2063 538 2064 184 2064 540 2064 540 2065 184 2065 542 2065 182 2066 184 2066 538 2066 184 2067 186 2067 542 2067 542 2068 188 2068 544 2068 544 2069 188 2069 546 2069 186 2070 188 2070 542 2070 188 2071 190 2071 546 2071 190 2072 192 2072 546 2072 546 2073 192 2073 548 2073 548 2074 192 2074 550 2074 192 2075 194 2075 550 2075 194 2076 196 2076 550 2076 550 2077 196 2077 552 2077 196 2078 198 2078 552 2078 552 2079 198 2079 554 2079 198 2080 200 2080 554 2080 554 2081 200 2081 556 2081 556 2082 200 2082 594 2082 200 2083 202 2083 594 2083 594 2084 202 2084 567 2084 202 2085 204 2085 567 2085 567 2086 204 2086 568 2086 204 2087 206 2087 568 2087 568 2088 236 2088 569 2088 206 2089 236 2089 568 2089 569 2090 237 2090 570 2090 570 2091 237 2091 571 2091 236 2092 237 2092 569 2092 237 2093 214 2093 571 2093 571 2094 213 2094 572 2094 572 2095 213 2095 573 2095 214 2096 213 2096 571 2096 213 2097 215 2097 573 2097 573 2098 216 2098 574 2098 574 2099 216 2099 575 2099 215 2100 216 2100 573 2100 216 2101 217 2101 575 2101 575 2102 218 2102 576 2102 217 2103 218 2103 575 2103 576 2104 219 2104 577 2104 218 2105 219 2105 576 2105 577 2106 220 2106 578 2106 219 2107 220 2107 577 2107 578 2108 221 2108 579 2108 579 2109 221 2109 580 2109 220 2110 221 2110 578 2110 221 2111 222 2111 580 2111 580 2112 223 2112 581 2112 581 2113 223 2113 582 2113 222 2114 223 2114 580 2114 223 2115 224 2115 582 2115 582 2116 225 2116 583 2116 583 2117 225 2117 584 2117 224 2118 225 2118 582 2118 225 2119 226 2119 584 2119 584 2120 226 2120 585 2120 226 2121 227 2121 585 2121 227 2122 228 2122 585 2122 585 2123 228 2123 586 2123 586 2124 228 2124 587 2124 228 2125 229 2125 587 2125 587 2126 229 2126 588 2126 229 2127 230 2127 588 2127 588 2128 230 2128 589 2128 230 2129 231 2129 589 2129 231 2130 232 2130 589 2130 589 2131 232 2131 590 2131 232 2132 233 2132 590 2132 590 2133 233 2133 591 2133 591 2134 233 2134 592 2134 233 2135 234 2135 592 2135 234 2136 235 2136 592 2136 592 2137 235 2137 593 2137 235 2138 334 2138 593 2138 593 2139 334 2139 674 2139 674 2140 334 2140 675 2140 334 2141 335 2141 675 2141 675 2142 335 2142 676 2142 335 2143 336 2143 676 2143 336 2144 337 2144 676 2144 676 2145 337 2145 677 2145 337 2146 338 2146 677 2146 677 2147 338 2147 678 2147 338 2148 339 2148 678 2148 678 2149 339 2149 679 2149 339 2150 340 2150 679 2150 679 2151 340 2151 680 2151 680 2152 341 2152 681 2152 340 2153 341 2153 680 2153 681 2154 342 2154 682 2154 341 2155 342 2155 681 2155 682 2156 343 2156 683 2156 683 2157 343 2157 684 2157 342 2158 343 2158 682 2158 684 2159 344 2159 703 2159 343 2160 344 2160 684 2160 344 2161 358 2161 703 2161 703 2162 357 2162 700 2162 700 2163 357 2163 694 2163 358 2164 357 2164 703 2164 357 2165 354 2165 694 2165 694 2166 352 2166 695 2166 354 2167 352 2167 694 2167 352 2168 351 2168 695 2168 695 2169 351 2169 691 2169 351 2170 348 2170 691 2170 691 2171 348 2171 688 2171 688 2172 348 2172 671 2172 348 2173 347 2173 671 2173 347 2174 332 2174 671 2174 671 2175 332 2175 672 2175 332 2176 330 2176 672 2176 672 2177 330 2177 666 2177 330 2178 327 2178 666 2178 666 2179 327 2179 662 2179 327 2180 323 2180 662 2180 662 2181 323 2181 663 2181 323 2182 321 2182 663 2182 663 2183 321 2183 659 2183 321 2184 319 2184 659 2184 659 2185 319 2185 656 2185 319 2186 315 2186 656 2186 656 2187 315 2187 650 2187 315 2188 312 2188 650 2188 650 2189 312 2189 651 2189 651 2190 312 2190 647 2190 312 2191 311 2191 647 2191 311 2192 306 2192 647 2192 647 2193 306 2193 641 2193 306 2194 304 2194 641 2194 641 2195 304 2195 642 2195 304 2196 303 2196 642 2196 642 2197 303 2197 638 2197 303 2198 301 2198 638 2198 638 2199 301 2199 635 2199 635 2200 301 2200 629 2200 301 2201 295 2201 629 2201 295 2202 294 2202 629 2202 629 2203 294 2203 630 2203 294 2204 291 2204 630 2204 630 2205 291 2205 626 2205 291 2206 288 2206 626 2206 626 2207 288 2207 622 2207 622 2208 288 2208 616 2208 616 2209 281 2209 617 2209 288 2210 281 2210 616 2210 281 2211 280 2211 617 2211 617 2212 277 2212 609 2212 609 2213 277 2213 604 2213 280 2214 277 2214 617 2214 277 2215 273 2215 604 2215 604 2216 268 2216 605 2216 605 2217 268 2217 600 2217 273 2218 268 2218 604 2218 268 2219 264 2219 600 2219 600 2220 258 2220 597 2220 264 2221 258 2221 600 2221 597 2222 260 2222 598 2222 258 2223 260 2223 597 2223 598 2224 266 2224 602 2224 260 2225 266 2225 598 2225 602 2226 270 2226 607 2226 266 2227 270 2227 602 2227 607 2228 271 2228 611 2228 270 2229 271 2229 607 2229 611 2230 275 2230 614 2230 271 2231 275 2231 611 2231 614 2232 283 2232 566 2232 566 2233 283 2233 565 2233 275 2234 283 2234 614 2234 283 2235 286 2235 565 2235 565 2236 211 2236 564 2236 286 2237 211 2237 565 2237 564 2238 210 2238 563 2238 563 2239 210 2239 562 2239 211 2240 210 2240 564 2240 210 2241 209 2241 562 2241 562 2242 208 2242 561 2242 209 2243 208 2243 562 2243 561 2244 207 2244 560 2244 560 2245 207 2245 559 2245 208 2246 207 2246 561 2246 207 2247 205 2247 559 2247 559 2248 203 2248 558 2248 205 2249 203 2249 559 2249 371 2250 370 2250 643 2250 643 2251 370 2251 639 2251 639 2252 373 2252 636 2252 370 2253 373 2253 639 2253 636 2254 375 2254 633 2254 373 2255 375 2255 636 2255 633 2256 296 2256 631 2256 375 2257 296 2257 633 2257 631 2258 292 2258 627 2258 627 2259 292 2259 623 2259 296 2260 292 2260 631 2260 292 2261 289 2261 623 2261 623 2262 285 2262 620 2262 289 2263 285 2263 623 2263 620 2264 282 2264 618 2264 285 2265 282 2265 620 2265 618 2266 278 2266 613 2266 282 2267 278 2267 618 2267 613 2268 274 2268 610 2268 278 2269 274 2269 613 2269 610 2270 269 2270 606 2270 606 2271 269 2271 601 2271 274 2272 269 2272 610 2272 269 2273 265 2273 601 2273 601 2274 257 2274 595 2274 595 2275 257 2275 596 2275 265 2276 257 2276 601 2276 257 2277 259 2277 596 2277 596 2278 263 2278 599 2278 599 2279 263 2279 603 2279 259 2280 263 2280 596 2280 263 2281 267 2281 603 2281 603 2282 272 2282 608 2282 267 2283 272 2283 603 2283 608 2284 276 2284 612 2284 272 2285 276 2285 608 2285 612 2286 279 2286 615 2286 276 2287 279 2287 612 2287 279 2288 284 2288 615 2288 615 2289 284 2289 619 2289 619 2290 284 2290 621 2290 284 2291 287 2291 621 2291 287 2292 290 2292 621 2292 621 2293 290 2293 625 2293 625 2294 290 2294 628 2294 290 2295 293 2295 628 2295 293 2296 299 2296 628 2296 628 2297 299 2297 632 2297 299 2298 300 2298 632 2298 632 2299 300 2299 634 2299 634 2300 300 2300 637 2300 300 2301 302 2301 637 2301 302 2302 305 2302 637 2302 637 2303 305 2303 640 2303 305 2304 307 2304 640 2304 640 2305 307 2305 644 2305 644 2306 307 2306 646 2306 646 2307 310 2307 649 2307 307 2308 310 2308 646 2308 310 2309 314 2309 649 2309 649 2310 316 2310 653 2310 653 2311 316 2311 655 2311 314 2312 316 2312 649 2312 655 2313 318 2313 658 2313 316 2314 318 2314 655 2314 318 2315 320 2315 658 2315 658 2316 322 2316 661 2316 661 2317 322 2317 665 2317 320 2318 322 2318 658 2318 322 2319 326 2319 665 2319 665 2320 329 2320 668 2320 326 2321 329 2321 665 2321 668 2322 331 2322 670 2322 670 2323 331 2323 685 2323 329 2324 331 2324 668 2324 331 2325 346 2325 685 2325 685 2326 349 2326 687 2326 346 2327 349 2327 685 2327 687 2328 350 2328 690 2328 690 2329 350 2329 693 2329 349 2330 350 2330 687 2330 350 2331 353 2331 693 2331 693 2332 355 2332 697 2332 353 2333 355 2333 693 2333 697 2334 356 2334 699 2334 355 2335 356 2335 697 2335 699 2336 359 2336 702 2336 356 2337 359 2337 699 2337 359 2338 382 2338 702 2338 702 2339 382 2339 705 2339 705 2340 382 2340 707 2340 382 2341 384 2341 707 2341 384 2342 398 2342 707 2342 707 2343 398 2343 745 2343 745 2344 398 2344 746 2344 398 2345 399 2345 746 2345 746 2346 399 2346 747 2346 399 2347 400 2347 747 2347 747 2348 400 2348 748 2348 400 2349 401 2349 748 2349 401 2350 402 2350 748 2350 748 2351 402 2351 749 2351 402 2352 403 2352 749 2352 749 2353 403 2353 750 2353 750 2354 403 2354 751 2354 403 2355 404 2355 751 2355 404 2356 405 2356 751 2356 751 2357 405 2357 752 2357 405 2358 406 2358 752 2358 752 2359 406 2359 753 2359 753 2360 406 2360 754 2360 406 2361 407 2361 754 2361 754 2362 407 2362 755 2362 407 2363 408 2363 755 2363 408 2364 409 2364 755 2364 755 2365 409 2365 719 2365 719 2366 409 2366 720 2366 409 2367 411 2367 720 2367 411 2368 412 2368 720 2368 720 2369 412 2369 721 2369 412 2370 413 2370 721 2370 721 2371 413 2371 722 2371 722 2372 414 2372 723 2372 413 2373 414 2373 722 2373 723 2374 414 2374 724 2374 414 2375 415 2375 724 2375 724 2376 416 2376 725 2376 725 2377 416 2377 726 2377 415 2378 416 2378 724 2378 416 2379 417 2379 726 2379 726 2380 418 2380 727 2380 417 2381 418 2381 726 2381 727 2382 419 2382 728 2382 728 2383 419 2383 729 2383 418 2384 419 2384 727 2384 419 2385 420 2385 729 2385 729 2386 421 2386 730 2386 420 2387 421 2387 729 2387 421 2388 422 2388 730 2388 730 2389 422 2389 731 2389 422 2390 423 2390 731 2390 731 2391 423 2391 732 2391 423 2392 424 2392 732 2392 732 2393 424 2393 733 2393 424 2394 425 2394 733 2394 733 2395 425 2395 734 2395 425 2396 426 2396 734 2396 734 2397 426 2397 735 2397 426 2398 427 2398 735 2398 735 2399 427 2399 736 2399 736 2400 427 2400 737 2400 427 2401 428 2401 737 2401 737 2402 428 2402 738 2402 428 2403 429 2403 738 2403 429 2404 430 2404 738 2404 738 2405 430 2405 739 2405 430 2406 431 2406 739 2406 739 2407 431 2407 740 2407 431 2408 396 2408 740 2408 740 2409 396 2409 741 2409 396 2410 395 2410 741 2410 741 2411 395 2411 742 2411 742 2412 395 2412 743 2412 395 2413 394 2413 743 2413 743 2414 394 2414 787 2414 394 2415 393 2415 787 2415 393 2416 392 2416 787 2416 787 2417 392 2417 788 2417 392 2418 391 2418 788 2418 788 2419 391 2419 789 2419 391 2420 390 2420 789 2420 789 2421 390 2421 713 2421 390 2422 389 2422 713 2422 713 2423 389 2423 712 2423 389 2424 388 2424 712 2424 712 2425 388 2425 711 2425 388 2426 387 2426 711 2426 711 2427 387 2427 710 2427 387 2428 386 2428 710 2428 710 2429 386 2429 709 2429 709 2430 385 2430 708 2430 386 2431 385 2431 709 2431 708 2432 383 2432 706 2432 706 2433 383 2433 704 2433 385 2434 383 2434 708 2434 383 2435 362 2435 704 2435 704 2436 361 2436 701 2436 701 2437 361 2437 698 2437 362 2438 361 2438 704 2438 361 2439 363 2439 698 2439 698 2440 364 2440 696 2440 363 2441 364 2441 698 2441 696 2442 365 2442 692 2442 364 2443 365 2443 696 2443 692 2444 366 2444 689 2444 689 2445 366 2445 686 2445 365 2446 366 2446 692 2446 366 2447 367 2447 686 2447 686 2448 368 2448 673 2448 367 2449 368 2449 686 2449 673 2450 369 2450 669 2450 669 2451 369 2451 667 2451 368 2452 369 2452 673 2452 369 2453 372 2453 667 2453 667 2454 374 2454 664 2454 372 2455 374 2455 667 2455 664 2456 376 2456 660 2456 660 2457 376 2457 657 2457 374 2458 376 2458 664 2458 376 2459 377 2459 657 2459 657 2460 378 2460 654 2460 654 2461 378 2461 652 2461 377 2462 378 2462 657 2462 378 2463 379 2463 652 2463 652 2464 380 2464 648 2464 648 2465 380 2465 645 2465 379 2466 380 2466 652 2466 380 2467 381 2467 645 2467 645 2468 371 2468 643 2468 381 2469 371 2469 645 2469 716 2470 714 2470 796 2470 1584 2471 796 2471 797 2471 1584 2472 716 2472 796 2472 1585 2473 797 2473 795 2473 1585 2474 1584 2474 797 2474 1586 2475 795 2475 798 2475 1586 2476 1585 2476 795 2476 1587 2477 798 2477 807 2477 1587 2478 1586 2478 798 2478 1588 2479 807 2479 806 2479 1588 2480 1587 2480 807 2480 1589 2481 806 2481 805 2481 1589 2482 1588 2482 806 2482 1590 2483 805 2483 808 2483 1590 2484 1589 2484 805 2484 1591 2485 1590 2485 808 2485 1592 2486 808 2486 809 2486 1592 2487 1591 2487 808 2487 1593 2488 809 2488 804 2488 1593 2489 1592 2489 809 2489 1594 2490 804 2490 799 2490 1594 2491 799 2491 801 2491 1594 2492 1593 2492 804 2492 1595 2493 801 2493 800 2493 1595 2494 1594 2494 801 2494 1596 2495 1595 2495 800 2495 1597 2496 800 2496 802 2496 1597 2497 802 2497 803 2497 1597 2498 1596 2498 800 2498 1598 2499 1597 2499 803 2499 1599 2500 1598 2500 803 2500 1599 2501 803 2501 793 2501 1600 2502 1599 2502 1601 2502 1599 2503 1597 2503 1598 2503 1597 2504 1595 2504 1596 2504 1595 2505 1593 2505 1594 2505 1599 2506 1593 2506 1597 2506 1597 2507 1593 2507 1595 2507 1599 2508 1592 2508 1593 2508 1590 2509 1588 2509 1589 2509 1591 2510 1588 2510 1590 2510 1592 2511 1588 2511 1591 2511 1599 2512 1588 2512 1592 2512 1588 2513 1586 2513 1587 2513 1599 2514 1586 2514 1588 2514 1585 2515 716 2515 1584 2515 1586 2516 716 2516 1585 2516 1599 2517 716 2517 1586 2517 1600 2518 717 2518 1599 2518 1599 2519 717 2519 716 2519 918 2520 1602 2520 1293 2520 918 2521 1293 2521 951 2521 920 2522 1602 2522 918 2522 921 2523 1602 2523 920 2523 922 2524 1602 2524 921 2524 923 2525 1603 2525 1602 2525 923 2526 1602 2526 922 2526 924 2527 1604 2527 1603 2527 924 2528 1605 2528 1604 2528 924 2529 1603 2529 923 2529 925 2530 1606 2530 1605 2530 925 2531 1607 2531 1606 2531 925 2532 1605 2532 924 2532 926 2533 1608 2533 1607 2533 926 2534 1609 2534 1608 2534 926 2535 1607 2535 925 2535 927 2536 1610 2536 1609 2536 927 2537 1611 2537 1610 2537 927 2538 1612 2538 1611 2538 927 2539 1609 2539 926 2539 928 2540 1613 2540 1612 2540 928 2541 1614 2541 1613 2541 928 2542 1612 2542 927 2542 929 2543 1615 2543 1614 2543 929 2544 1616 2544 1615 2544 929 2545 1614 2545 928 2545 930 2546 1616 2546 929 2546 931 2547 1616 2547 930 2547 932 2548 1616 2548 931 2548 933 2549 1616 2549 932 2549 880 2550 1616 2550 933 2550 1617 2551 1616 2551 880 2551 878 2552 1617 2552 880 2552 1618 2553 1617 2553 878 2553 877 2554 1618 2554 878 2554 1619 2555 1618 2555 877 2555 876 2556 1619 2556 877 2556 1620 2557 1619 2557 876 2557 875 2558 1620 2558 876 2558 1621 2559 1620 2559 875 2559 874 2560 1621 2560 875 2560 1622 2561 1621 2561 874 2561 873 2562 1622 2562 874 2562 1623 2563 1622 2563 873 2563 872 2564 1623 2564 873 2564 1624 2565 1623 2565 872 2565 871 2566 1624 2566 872 2566 1625 2567 1624 2567 871 2567 870 2568 1625 2568 871 2568 1626 2569 1625 2569 870 2569 869 2570 1626 2570 870 2570 1627 2571 869 2571 868 2571 1627 2572 1626 2572 869 2572 1628 2573 868 2573 867 2573 1628 2574 1627 2574 868 2574 1629 2575 867 2575 866 2575 1629 2576 1628 2576 867 2576 1630 2577 866 2577 865 2577 1630 2578 1629 2578 866 2578 1631 2579 865 2579 864 2579 1631 2580 1630 2580 865 2580 1632 2581 864 2581 863 2581 1632 2582 1631 2582 864 2582 1633 2583 863 2583 862 2583 1633 2584 1632 2584 863 2584 1634 2585 862 2585 861 2585 1634 2586 1633 2586 862 2586 1635 2587 1634 2587 861 2587 1635 2588 861 2588 860 2588 1636 2589 1635 2589 860 2589 1636 2590 860 2590 859 2590 1637 2591 1636 2591 859 2591 1637 2592 859 2592 858 2592 1638 2593 1637 2593 858 2593 1638 2594 858 2594 857 2594 1639 2595 857 2595 856 2595 1639 2596 1638 2596 857 2596 1640 2597 856 2597 855 2597 1640 2598 1639 2598 856 2598 1641 2599 855 2599 854 2599 1641 2600 1640 2600 855 2600 790 2601 715 2601 717 2601 1642 2602 1641 2602 854 2602 1642 2603 854 2603 853 2603 1643 2604 1642 2604 853 2604 1643 2605 853 2605 852 2605 1644 2606 1643 2606 852 2606 1644 2607 852 2607 851 2607 1645 2608 1644 2608 851 2608 1645 2609 851 2609 850 2609 1600 2610 790 2610 717 2610 1600 2611 810 2611 790 2611 1600 2612 811 2612 810 2612 1600 2613 812 2613 811 2613 1600 2614 813 2614 812 2614 1646 2615 814 2615 813 2615 1646 2616 813 2616 1600 2616 1647 2617 814 2617 1646 2617 1648 2618 815 2618 814 2618 1648 2619 814 2619 1647 2619 1649 2620 1645 2620 850 2620 1649 2621 850 2621 849 2621 1650 2622 815 2622 1648 2622 1651 2623 816 2623 815 2623 1651 2624 815 2624 1650 2624 1652 2625 816 2625 1651 2625 1653 2626 817 2626 816 2626 1653 2627 816 2627 1652 2627 1654 2628 817 2628 1653 2628 1655 2629 1649 2629 849 2629 1655 2630 849 2630 848 2630 1656 2631 817 2631 1654 2631 1657 2632 818 2632 817 2632 1657 2633 817 2633 1656 2633 1658 2634 818 2634 1657 2634 1659 2635 819 2635 818 2635 1659 2636 818 2636 1658 2636 1660 2637 819 2637 1659 2637 1661 2638 820 2638 819 2638 1661 2639 821 2639 820 2639 1661 2640 822 2640 821 2640 1661 2641 823 2641 822 2641 1661 2642 824 2642 823 2642 1661 2643 819 2643 1660 2643 1662 2644 1655 2644 848 2644 1662 2645 848 2645 847 2645 1663 2646 843 2646 824 2646 1663 2647 824 2647 1661 2647 1664 2648 847 2648 845 2648 1664 2649 1662 2649 847 2649 1665 2650 1664 2650 845 2650 1665 2651 843 2651 1663 2651 1665 2652 845 2652 843 2652 1666 2653 936 2653 1667 2653 1667 2654 936 2654 954 2654 1666 2655 934 2655 936 2655 1666 2656 937 2656 934 2656 1666 2657 938 2657 937 2657 1666 2658 939 2658 938 2658 1666 2659 940 2659 939 2659 1666 2660 941 2660 940 2660 1668 2661 942 2661 1666 2661 1669 2662 942 2662 1668 2662 1670 2663 942 2663 1669 2663 1671 2664 942 2664 1670 2664 1672 2665 942 2665 1671 2665 1673 2666 942 2666 1672 2666 1674 2667 942 2667 1673 2667 1675 2668 942 2668 1674 2668 1676 2669 942 2669 1675 2669 1666 2670 942 2670 941 2670 1677 2671 943 2671 1676 2671 1678 2672 943 2672 1677 2672 1679 2673 943 2673 1678 2673 1680 2674 943 2674 1679 2674 1681 2675 943 2675 1680 2675 1676 2676 943 2676 942 2676 1681 2677 944 2677 943 2677 1681 2678 945 2678 944 2678 1681 2679 946 2679 945 2679 1681 2680 947 2680 946 2680 947 2681 1682 2681 948 2681 948 2682 1682 2682 949 2682 1681 2683 1682 2683 947 2683 1682 2684 917 2684 949 2684 1682 2685 916 2685 917 2685 1682 2686 1683 2686 916 2686 1683 2687 915 2687 916 2687 1683 2688 1684 2688 915 2688 1684 2689 913 2689 915 2689 1684 2690 1685 2690 913 2690 1685 2691 912 2691 913 2691 1685 2692 1686 2692 912 2692 1686 2693 911 2693 912 2693 1686 2694 1687 2694 911 2694 1687 2695 910 2695 911 2695 1687 2696 1688 2696 910 2696 1688 2697 909 2697 910 2697 1688 2698 1689 2698 909 2698 1689 2699 908 2699 909 2699 1689 2700 1690 2700 908 2700 1690 2701 907 2701 908 2701 907 2702 1691 2702 906 2702 1690 2703 1691 2703 907 2703 906 2704 1692 2704 905 2704 1691 2705 1692 2705 906 2705 905 2706 1693 2706 904 2706 1692 2707 1693 2707 905 2707 904 2708 1694 2708 903 2708 1693 2709 1694 2709 904 2709 903 2710 1695 2710 902 2710 1694 2711 1695 2711 903 2711 902 2712 1696 2712 901 2712 1695 2713 1696 2713 902 2713 901 2714 1697 2714 900 2714 1696 2715 1697 2715 901 2715 900 2716 1698 2716 899 2716 1697 2717 1698 2717 900 2717 1698 2718 1699 2718 899 2718 1699 2719 1700 2719 899 2719 899 2720 1700 2720 898 2720 1700 2721 1701 2721 898 2721 898 2722 1701 2722 897 2722 1701 2723 1702 2723 897 2723 897 2724 1702 2724 896 2724 1702 2725 1703 2725 896 2725 896 2726 1703 2726 895 2726 1703 2727 1704 2727 895 2727 895 2728 1704 2728 894 2728 793 2729 794 2729 1599 2729 1704 2730 1705 2730 894 2730 894 2731 1705 2731 893 2731 1705 2732 1706 2732 893 2732 893 2733 1706 2733 892 2733 1706 2734 1707 2734 892 2734 892 2735 1707 2735 891 2735 1707 2736 1708 2736 891 2736 891 2737 1708 2737 890 2737 1708 2738 1709 2738 890 2738 890 2739 1709 2739 889 2739 1709 2740 1710 2740 889 2740 889 2741 1710 2741 888 2741 794 2742 1601 2742 1599 2742 827 2743 1601 2743 794 2743 828 2744 1601 2744 827 2744 829 2745 1601 2745 828 2745 830 2746 1601 2746 829 2746 831 2747 1601 2747 830 2747 832 2748 1601 2748 831 2748 833 2749 1601 2749 832 2749 833 2750 1711 2750 1601 2750 833 2751 1712 2751 1711 2751 833 2752 1713 2752 1712 2752 1710 2753 1714 2753 888 2753 888 2754 1714 2754 887 2754 833 2755 1715 2755 1713 2755 833 2756 1716 2756 1715 2756 833 2757 1717 2757 1716 2757 833 2758 1718 2758 1717 2758 833 2759 1719 2759 1718 2759 1714 2760 1720 2760 887 2760 887 2761 1720 2761 886 2761 834 2762 1721 2762 833 2762 833 2763 1721 2763 1719 2763 834 2764 1722 2764 1721 2764 834 2765 1723 2765 1722 2765 834 2766 1724 2766 1723 2766 834 2767 1725 2767 1724 2767 835 2768 1726 2768 834 2768 836 2769 1726 2769 835 2769 837 2770 1726 2770 836 2770 838 2771 1726 2771 837 2771 834 2772 1726 2772 1725 2772 1720 2773 1727 2773 886 2773 886 2774 1727 2774 884 2774 838 2775 1728 2775 1726 2775 839 2776 1728 2776 838 2776 840 2777 1728 2777 839 2777 841 2778 1728 2778 840 2778 881 2779 1728 2779 841 2779 884 2780 1729 2780 883 2780 1727 2781 1729 2781 884 2781 1729 2782 1730 2782 883 2782 883 2783 1730 2783 881 2783 881 2784 1730 2784 1728 2784 990 2785 988 2785 953 2785 987 2786 953 2786 988 2786 991 2787 990 2787 953 2787 986 2788 953 2788 987 2788 992 2789 991 2789 953 2789 985 2790 953 2790 986 2790 994 2791 992 2791 953 2791 984 2792 953 2792 985 2792 995 2793 994 2793 953 2793 982 2794 953 2794 984 2794 996 2795 995 2795 953 2795 981 2796 953 2796 982 2796 997 2797 996 2797 953 2797 980 2798 953 2798 981 2798 998 2799 953 2799 952 2799 998 2800 997 2800 953 2800 979 2801 953 2801 980 2801 1000 2802 998 2802 952 2802 978 2803 953 2803 979 2803 1001 2804 1000 2804 952 2804 976 2805 953 2805 978 2805 1002 2806 1001 2806 952 2806 975 2807 953 2807 976 2807 1003 2808 1002 2808 952 2808 974 2809 953 2809 975 2809 1005 2810 1003 2810 952 2810 973 2811 953 2811 974 2811 1007 2812 1005 2812 952 2812 972 2813 953 2813 973 2813 1008 2814 1007 2814 952 2814 1010 2815 1008 2815 952 2815 1200 2816 1010 2816 952 2816 1518 2817 1010 2817 1200 2817 950 2818 953 2818 971 2818 971 2819 953 2819 972 2819 969 2820 1294 2820 1731 2820 969 2821 970 2821 1294 2821 968 2822 1731 2822 1732 2822 968 2823 969 2823 1731 2823 965 2824 1732 2824 1733 2824 965 2825 968 2825 1732 2825 966 2826 1733 2826 1734 2826 966 2827 965 2827 1733 2827 967 2828 1734 2828 1735 2828 967 2829 966 2829 1734 2829 963 2830 1735 2830 1736 2830 963 2831 967 2831 1735 2831 964 2832 1736 2832 1737 2832 964 2833 963 2833 1736 2833 962 2834 1737 2834 1738 2834 962 2835 964 2835 1737 2835 961 2836 1738 2836 1739 2836 961 2837 962 2837 1738 2837 960 2838 1739 2838 1740 2838 960 2839 961 2839 1739 2839 959 2840 1740 2840 1741 2840 959 2841 960 2841 1740 2841 958 2842 1741 2842 1742 2842 958 2843 1742 2843 1743 2843 958 2844 959 2844 1741 2844 957 2845 958 2845 1743 2845 955 2846 1743 2846 1744 2846 955 2847 957 2847 1743 2847 956 2848 1744 2848 1745 2848 956 2849 955 2849 1744 2849 954 2850 956 2850 1745 2850 954 2851 1745 2851 1667 2851 1541 2852 1087 2852 1455 2852 1455 2853 1087 2853 1042 2853 1084 2854 1541 2854 1554 2854 1084 2855 1087 2855 1541 2855 1085 2856 1554 2856 1555 2856 1085 2857 1084 2857 1554 2857 1083 2858 1555 2858 1560 2858 1083 2859 1085 2859 1555 2859 1086 2860 1560 2860 1561 2860 1086 2861 1083 2861 1560 2861 1089 2862 1561 2862 1562 2862 1089 2863 1086 2863 1561 2863 1090 2864 1562 2864 1564 2864 1090 2865 1089 2865 1562 2865 1088 2866 1564 2866 1565 2866 1088 2867 1090 2867 1564 2867 1092 2868 1565 2868 1566 2868 1092 2869 1088 2869 1565 2869 1091 2870 1092 2870 1566 2870 1091 2871 1566 2871 1573 2871 1093 2872 1573 2872 1574 2872 1093 2873 1091 2873 1573 2873 1094 2874 1574 2874 1576 2874 1094 2875 1093 2875 1574 2875 1096 2876 1576 2876 1577 2876 1096 2877 1094 2877 1576 2877 1097 2878 1577 2878 1578 2878 1097 2879 1096 2879 1577 2879 1098 2880 1578 2880 1575 2880 1098 2881 1097 2881 1578 2881 1095 2882 1575 2882 1580 2882 1095 2883 1098 2883 1575 2883 1100 2884 1580 2884 1579 2884 1100 2885 1095 2885 1580 2885 1099 2886 1579 2886 1581 2886 1099 2887 1100 2887 1579 2887 1102 2888 1581 2888 1582 2888 1102 2889 1582 2889 1583 2889 1102 2890 1099 2890 1581 2890 1101 2891 1102 2891 1583 2891 1104 2892 1583 2892 1572 2892 1104 2893 1101 2893 1583 2893 1103 2894 1572 2894 1570 2894 1103 2895 1570 2895 1569 2895 1103 2896 1104 2896 1572 2896 1106 2897 1103 2897 1569 2897 1107 2898 1569 2898 1571 2898 1107 2899 1106 2899 1569 2899 1105 2900 1571 2900 1563 2900 1105 2901 1107 2901 1571 2901 1109 2902 1563 2902 1567 2902 1109 2903 1105 2903 1563 2903 1108 2904 1567 2904 1568 2904 1108 2905 1109 2905 1567 2905 1166 2906 1568 2906 1559 2906 1166 2907 1108 2907 1568 2907 1175 2908 1559 2908 1558 2908 1175 2909 1558 2909 1557 2909 1175 2910 1166 2910 1559 2910 1189 2911 1557 2911 1553 2911 1189 2912 1175 2912 1557 2912 1188 2913 1189 2913 1553 2913 1195 2914 1553 2914 1556 2914 1195 2915 1188 2915 1553 2915 1200 2916 1556 2916 1518 2916 1200 2917 1195 2917 1556 2917 1667 2918 1602 2918 1666 2918 1743 2919 1745 2919 1744 2919 1741 2920 1743 2920 1742 2920 1741 2921 1745 2921 1743 2921 1739 2922 1741 2922 1740 2922 1739 2923 1667 2923 1745 2923 1739 2924 1745 2924 1741 2924 1737 2925 1739 2925 1738 2925 1737 2926 1667 2926 1739 2926 1736 2927 1667 2927 1737 2927 1735 2928 1667 2928 1736 2928 1734 2929 1667 2929 1735 2929 1294 2930 1732 2930 1731 2930 1294 2931 1733 2931 1732 2931 1294 2932 1734 2932 1733 2932 1294 2933 1667 2933 1734 2933 1293 2934 1602 2934 1667 2934 1293 2935 1667 2935 1294 2935 1459 2936 1335 2936 1070 2936 1070 2937 1335 2937 1068 2937 1068 2938 1336 2938 1066 2938 1335 2939 1336 2939 1068 2939 1066 2940 1337 2940 1064 2940 1064 2941 1337 2941 1062 2941 1336 2942 1337 2942 1066 2942 1337 2943 1338 2943 1062 2943 1062 2944 1339 2944 1060 2944 1338 2945 1339 2945 1062 2945 1060 2946 1340 2946 1058 2946 1339 2947 1340 2947 1060 2947 1058 2948 1341 2948 1056 2948 1056 2949 1341 2949 1054 2949 1340 2950 1341 2950 1058 2950 1341 2951 1342 2951 1054 2951 1054 2952 1343 2952 1052 2952 1342 2953 1343 2953 1054 2953 1052 2954 1344 2954 1050 2954 1343 2955 1344 2955 1052 2955 1050 2956 1345 2956 1048 2956 1344 2957 1345 2957 1050 2957 1048 2958 1346 2958 1046 2958 1345 2959 1346 2959 1048 2959 1046 2960 1347 2960 1043 2960 1346 2961 1347 2961 1046 2961 1043 2962 1348 2962 1044 2962 1044 2963 1348 2963 1045 2963 1347 2964 1348 2964 1043 2964 1045 2965 1349 2965 1047 2965 1348 2966 1349 2966 1045 2966 1349 2967 1350 2967 1047 2967 1047 2968 1351 2968 1049 2968 1350 2969 1351 2969 1047 2969 1049 2970 1352 2970 1051 2970 1051 2971 1352 2971 1053 2971 1351 2972 1352 2972 1049 2972 1352 2973 1353 2973 1053 2973 1053 2974 1354 2974 1055 2974 1055 2975 1354 2975 1057 2975 1353 2976 1354 2976 1053 2976 1354 2977 1355 2977 1057 2977 1355 2978 1356 2978 1057 2978 1057 2979 1356 2979 1059 2979 1059 2980 1356 2980 1061 2980 1356 2981 1357 2981 1061 2981 1357 2982 1358 2982 1061 2982 1061 2983 1358 2983 1063 2983 1358 2984 1359 2984 1063 2984 1063 2985 1359 2985 1065 2985 1359 2986 1328 2986 1065 2986 1065 2987 1328 2987 1067 2987 1067 2988 1328 2988 1069 2988 1328 2989 1326 2989 1069 2989 1069 2990 1326 2990 1071 2990 1326 2991 1324 2991 1071 2991 1071 2992 1324 2992 1073 2992 1324 2993 1322 2993 1073 2993 1073 2994 1320 2994 1110 2994 1322 2995 1320 2995 1073 2995 1110 2996 1318 2996 1111 2996 1111 2997 1318 2997 1112 2997 1320 2998 1318 2998 1110 2998 1318 2999 1316 2999 1112 2999 1112 3000 1314 3000 1113 3000 1113 3001 1314 3001 1114 3001 1316 3002 1314 3002 1112 3002 1314 3003 1312 3003 1114 3003 1114 3004 1310 3004 1115 3004 1115 3005 1310 3005 1116 3005 1312 3006 1310 3006 1114 3006 1310 3007 1308 3007 1116 3007 1116 3008 1306 3008 1117 3008 1308 3009 1306 3009 1116 3009 1117 3010 1304 3010 1118 3010 1306 3011 1304 3011 1117 3011 1118 3012 1302 3012 1119 3012 1304 3013 1302 3013 1118 3013 1119 3014 1300 3014 1120 3014 1120 3015 1300 3015 1121 3015 1302 3016 1300 3016 1119 3016 1300 3017 1299 3017 1121 3017 1121 3018 1298 3018 1122 3018 1122 3019 1298 3019 1123 3019 1299 3020 1298 3020 1121 3020 1298 3021 1301 3021 1123 3021 1123 3022 1303 3022 1124 3022 1124 3023 1303 3023 1125 3023 1301 3024 1303 3024 1123 3024 1303 3025 1305 3025 1125 3025 1125 3026 1305 3026 1126 3026 1305 3027 1307 3027 1126 3027 1307 3028 1309 3028 1126 3028 1126 3029 1309 3029 1127 3029 1127 3030 1309 3030 1128 3030 1309 3031 1311 3031 1128 3031 1128 3032 1311 3032 1129 3032 1311 3033 1313 3033 1129 3033 1129 3034 1313 3034 1130 3034 1313 3035 1315 3035 1130 3035 1315 3036 1317 3036 1130 3036 1130 3037 1317 3037 1131 3037 1317 3038 1319 3038 1131 3038 1131 3039 1319 3039 1132 3039 1132 3040 1319 3040 1133 3040 1319 3041 1321 3041 1133 3041 1321 3042 1323 3042 1133 3042 1133 3043 1323 3043 1134 3043 1323 3044 1325 3044 1134 3044 1134 3045 1325 3045 1135 3045 1135 3046 1325 3046 1136 3046 1325 3047 1327 3047 1136 3047 1136 3048 1327 3048 1137 3048 1327 3049 1329 3049 1137 3049 1329 3050 1330 3050 1137 3050 1137 3051 1330 3051 1138 3051 1330 3052 1331 3052 1138 3052 1138 3053 1331 3053 1139 3053 1331 3054 1332 3054 1139 3054 1139 3055 1332 3055 1140 3055 1332 3056 1333 3056 1140 3056 1140 3057 1333 3057 1141 3057 1141 3058 1407 3058 1142 3058 1333 3059 1407 3059 1141 3059 1142 3060 1399 3060 1143 3060 1407 3061 1399 3061 1142 3061 1143 3062 1401 3062 1250 3062 1250 3063 1401 3063 1247 3063 1399 3064 1401 3064 1143 3064 1247 3065 1392 3065 1244 3065 1401 3066 1392 3066 1247 3066 1392 3067 1393 3067 1244 3067 1244 3068 1387 3068 1241 3068 1241 3069 1387 3069 1235 3069 1393 3070 1387 3070 1244 3070 1387 3071 1380 3071 1235 3071 1235 3072 1382 3072 1236 3072 1380 3073 1382 3073 1235 3073 1382 3074 1386 3074 1236 3074 1236 3075 1386 3075 1232 3075 1386 3076 1390 3076 1232 3076 1232 3077 1390 3077 1226 3077 1226 3078 1390 3078 1227 3078 1390 3079 1395 3079 1227 3079 1395 3080 1398 3080 1227 3080 1227 3081 1398 3081 1223 3081 1398 3082 1403 3082 1223 3082 1223 3083 1403 3083 1220 3083 1403 3084 1406 3084 1220 3084 1220 3085 1406 3085 1217 3085 1406 3086 1411 3086 1217 3086 1217 3087 1411 3087 1214 3087 1411 3088 1414 3088 1214 3088 1214 3089 1414 3089 1211 3089 1414 3090 1415 3090 1211 3090 1211 3091 1415 3091 1208 3091 1415 3092 1420 3092 1208 3092 1208 3093 1420 3093 1202 3093 1420 3094 1422 3094 1202 3094 1202 3095 1422 3095 1203 3095 1203 3096 1422 3096 1198 3096 1422 3097 1424 3097 1198 3097 1424 3098 1428 3098 1198 3098 1198 3099 1428 3099 1194 3099 1428 3100 1430 3100 1194 3100 1194 3101 1430 3101 1191 3101 1430 3102 1432 3102 1191 3102 1191 3103 1432 3103 1183 3103 1432 3104 1436 3104 1183 3104 1183 3105 1436 3105 1184 3105 1184 3106 1436 3106 1180 3106 1436 3107 1438 3107 1180 3107 1438 3108 1440 3108 1180 3108 1180 3109 1440 3109 1177 3109 1440 3110 1444 3110 1177 3110 1177 3111 1444 3111 1173 3111 1444 3112 1446 3112 1173 3112 1173 3113 1446 3113 1168 3113 1168 3114 1446 3114 1163 3114 1163 3115 1448 3115 1164 3115 1446 3116 1448 3116 1163 3116 1448 3117 1452 3117 1164 3117 1164 3118 1454 3118 1160 3118 1160 3119 1454 3119 1157 3119 1452 3120 1454 3120 1164 3120 1454 3121 1469 3121 1157 3121 1157 3122 1471 3122 1149 3122 1149 3123 1471 3123 1150 3123 1469 3124 1471 3124 1157 3124 1471 3125 1473 3125 1150 3125 1150 3126 1475 3126 1145 3126 1473 3127 1475 3127 1150 3127 1145 3128 1477 3128 1146 3128 1475 3129 1477 3129 1145 3129 1146 3130 1479 3130 1152 3130 1477 3131 1479 3131 1146 3131 1152 3132 1481 3132 1153 3132 1479 3133 1481 3133 1152 3133 1153 3134 1457 3134 1082 3134 1481 3135 1457 3135 1153 3135 1082 3136 1458 3136 1081 3136 1457 3137 1458 3137 1082 3137 1081 3138 1460 3138 1080 3138 1080 3139 1460 3139 1079 3139 1458 3140 1460 3140 1081 3140 1460 3141 1461 3141 1079 3141 1079 3142 1462 3142 1078 3142 1461 3143 1462 3143 1079 3143 1078 3144 1463 3144 1077 3144 1077 3145 1463 3145 1076 3145 1462 3146 1463 3146 1078 3146 1463 3147 1464 3147 1076 3147 1076 3148 1465 3148 1075 3148 1464 3149 1465 3149 1076 3149 1075 3150 1466 3150 1074 3150 1074 3151 1466 3151 1072 3151 1465 3152 1466 3152 1075 3152 1466 3153 1467 3153 1072 3153 1072 3154 1459 3154 1070 3154 1467 3155 1459 3155 1072 3155 1542 3156 1543 3156 1192 3156 1192 3157 1543 3157 1187 3157 1187 3158 1544 3158 1185 3158 1543 3159 1544 3159 1187 3159 1185 3160 1545 3160 1181 3160 1544 3161 1545 3161 1185 3161 1181 3162 1546 3162 1178 3162 1545 3163 1546 3163 1181 3163 1178 3164 1547 3164 1174 3164 1174 3165 1547 3165 1171 3165 1546 3166 1547 3166 1178 3166 1547 3167 1548 3167 1171 3167 1171 3168 1549 3168 1169 3168 1548 3169 1549 3169 1171 3169 1169 3170 1551 3170 1165 3170 1549 3171 1551 3171 1169 3171 1165 3172 1505 3172 1161 3172 1551 3173 1505 3173 1165 3173 1161 3174 1503 3174 1158 3174 1505 3175 1503 3175 1161 3175 1158 3176 1480 3176 1155 3176 1155 3177 1480 3177 1151 3177 1503 3178 1480 3178 1158 3178 1480 3179 1478 3179 1151 3179 1151 3180 1476 3180 1147 3180 1147 3181 1476 3181 1144 3181 1478 3182 1476 3182 1151 3182 1476 3183 1474 3183 1144 3183 1144 3184 1472 3184 1148 3184 1148 3185 1472 3185 1154 3185 1474 3186 1472 3186 1144 3186 1472 3187 1470 3187 1154 3187 1154 3188 1468 3188 1156 3188 1470 3189 1468 3189 1154 3189 1156 3190 1453 3190 1159 3190 1468 3191 1453 3191 1156 3191 1159 3192 1451 3192 1162 3192 1453 3193 1451 3193 1159 3193 1451 3194 1447 3194 1162 3194 1162 3195 1447 3195 1167 3195 1167 3196 1447 3196 1170 3196 1447 3197 1445 3197 1170 3197 1445 3198 1443 3198 1170 3198 1170 3199 1443 3199 1172 3199 1172 3200 1443 3200 1176 3200 1443 3201 1439 3201 1176 3201 1439 3202 1437 3202 1176 3202 1176 3203 1437 3203 1179 3203 1437 3204 1435 3204 1179 3204 1179 3205 1435 3205 1182 3205 1182 3206 1435 3206 1186 3206 1435 3207 1431 3207 1186 3207 1431 3208 1429 3208 1186 3208 1186 3209 1429 3209 1190 3209 1429 3210 1427 3210 1190 3210 1190 3211 1427 3211 1193 3211 1193 3212 1427 3212 1197 3212 1197 3213 1423 3213 1201 3213 1427 3214 1423 3214 1197 3214 1423 3215 1421 3215 1201 3215 1201 3216 1419 3216 1205 3216 1205 3217 1419 3217 1207 3217 1421 3218 1419 3218 1201 3218 1207 3219 1417 3219 1210 3219 1419 3220 1417 3220 1207 3220 1417 3221 1413 3221 1210 3221 1210 3222 1410 3222 1213 3222 1213 3223 1410 3223 1216 3223 1413 3224 1410 3224 1210 3224 1410 3225 1405 3225 1216 3225 1216 3226 1402 3226 1219 3226 1405 3227 1402 3227 1216 3227 1219 3228 1397 3228 1222 3228 1222 3229 1397 3229 1225 3229 1402 3230 1397 3230 1219 3230 1397 3231 1394 3231 1225 3231 1225 3232 1389 3232 1229 3232 1394 3233 1389 3233 1225 3233 1229 3234 1385 3234 1231 3234 1231 3235 1385 3235 1234 3235 1389 3236 1385 3236 1229 3236 1385 3237 1381 3237 1234 3237 1234 3238 1383 3238 1238 3238 1381 3239 1383 3239 1234 3239 1238 3240 1388 3240 1240 3240 1383 3241 1388 3241 1238 3241 1240 3242 1391 3242 1243 3242 1388 3243 1391 3243 1240 3243 1391 3244 1396 3244 1243 3244 1243 3245 1396 3245 1246 3245 1246 3246 1396 3246 1249 3246 1396 3247 1400 3247 1249 3247 1400 3248 1404 3248 1249 3248 1249 3249 1404 3249 1252 3249 1252 3250 1404 3250 1254 3250 1404 3251 1408 3251 1254 3251 1254 3252 1408 3252 1256 3252 1408 3253 1412 3253 1256 3253 1256 3254 1412 3254 1263 3254 1412 3255 1416 3255 1263 3255 1416 3256 1418 3256 1263 3256 1263 3257 1418 3257 1264 3257 1418 3258 1482 3258 1264 3258 1264 3259 1482 3259 1265 3259 1265 3260 1482 3260 1266 3260 1482 3261 1483 3261 1266 3261 1483 3262 1484 3262 1266 3262 1266 3263 1484 3263 1267 3263 1484 3264 1485 3264 1267 3264 1267 3265 1485 3265 1268 3265 1268 3266 1485 3266 1269 3266 1485 3267 1486 3267 1269 3267 1269 3268 1486 3268 1270 3268 1486 3269 1487 3269 1270 3269 1487 3270 1488 3270 1270 3270 1270 3271 1488 3271 1271 3271 1271 3272 1488 3272 1272 3272 1488 3273 1489 3273 1272 3273 1489 3274 1490 3274 1272 3274 1272 3275 1490 3275 1273 3275 1490 3276 1491 3276 1273 3276 1273 3277 1491 3277 1274 3277 1274 3278 1492 3278 1275 3278 1491 3279 1492 3279 1274 3279 1275 3280 1492 3280 1276 3280 1492 3281 1493 3281 1276 3281 1276 3282 1494 3282 1277 3282 1277 3283 1494 3283 1278 3283 1493 3284 1494 3284 1276 3284 1494 3285 1495 3285 1278 3285 1278 3286 1496 3286 1279 3286 1495 3287 1496 3287 1278 3287 1279 3288 1497 3288 1280 3288 1280 3289 1497 3289 1281 3289 1496 3290 1497 3290 1279 3290 1497 3291 1498 3291 1281 3291 1281 3292 1499 3292 1282 3292 1498 3293 1499 3293 1281 3293 1499 3294 1500 3294 1282 3294 1282 3295 1500 3295 1283 3295 1500 3296 1501 3296 1283 3296 1283 3297 1501 3297 1284 3297 1501 3298 1502 3298 1284 3298 1284 3299 1502 3299 1285 3299 1502 3300 1504 3300 1285 3300 1285 3301 1504 3301 1286 3301 1504 3302 1506 3302 1286 3302 1286 3303 1506 3303 1287 3303 1506 3304 1507 3304 1287 3304 1287 3305 1507 3305 1288 3305 1288 3306 1507 3306 1289 3306 1507 3307 1508 3307 1289 3307 1289 3308 1508 3308 1290 3308 1508 3309 1509 3309 1290 3309 1509 3310 1510 3310 1290 3310 1290 3311 1510 3311 1291 3311 1510 3312 1511 3312 1291 3312 1291 3313 1511 3313 1292 3313 1511 3314 1512 3314 1292 3314 1292 3315 1512 3315 1297 3315 1512 3316 1513 3316 1297 3316 1297 3317 1513 3317 1296 3317 1296 3318 1513 3318 1295 3318 1513 3319 1514 3319 1295 3319 1295 3320 1514 3320 1262 3320 1514 3321 1515 3321 1262 3321 1515 3322 1516 3322 1262 3322 1262 3323 1516 3323 1261 3323 1516 3324 1517 3324 1261 3324 1261 3325 1517 3325 1260 3325 1517 3326 1519 3326 1260 3326 1260 3327 1519 3327 1259 3327 1519 3328 1520 3328 1259 3328 1259 3329 1520 3329 1258 3329 1520 3330 1521 3330 1258 3330 1258 3331 1521 3331 1257 3331 1521 3332 1522 3332 1257 3332 1257 3333 1522 3333 1255 3333 1522 3334 1523 3334 1255 3334 1255 3335 1523 3335 1253 3335 1253 3336 1524 3336 1251 3336 1523 3337 1524 3337 1253 3337 1251 3338 1525 3338 1248 3338 1248 3339 1525 3339 1245 3339 1524 3340 1525 3340 1251 3340 1525 3341 1526 3341 1245 3341 1245 3342 1527 3342 1242 3342 1242 3343 1527 3343 1239 3343 1526 3344 1527 3344 1245 3344 1527 3345 1528 3345 1239 3345 1239 3346 1529 3346 1237 3346 1528 3347 1529 3347 1239 3347 1237 3348 1530 3348 1233 3348 1529 3349 1530 3349 1237 3349 1233 3350 1531 3350 1230 3350 1230 3351 1531 3351 1228 3351 1530 3352 1531 3352 1233 3352 1531 3353 1532 3353 1228 3353 1228 3354 1533 3354 1224 3354 1532 3355 1533 3355 1228 3355 1224 3356 1534 3356 1221 3356 1221 3357 1534 3357 1218 3357 1533 3358 1534 3358 1224 3358 1534 3359 1535 3359 1218 3359 1218 3360 1536 3360 1215 3360 1535 3361 1536 3361 1218 3361 1215 3362 1537 3362 1212 3362 1212 3363 1537 3363 1209 3363 1536 3364 1537 3364 1215 3364 1537 3365 1538 3365 1209 3365 1209 3366 1539 3366 1206 3366 1206 3367 1539 3367 1204 3367 1538 3368 1539 3368 1209 3368 1539 3369 1540 3369 1204 3369 1204 3370 1550 3370 1199 3370 1199 3371 1550 3371 1196 3371 1540 3372 1550 3372 1204 3372 1550 3373 1552 3373 1196 3373 1196 3374 1542 3374 1192 3374 1552 3375 1542 3375 1196 3375 1600 3376 1711 3376 1646 3376 1601 3377 1711 3377 1600 3377 1646 3378 1712 3378 1647 3378 1711 3379 1712 3379 1646 3379 1647 3380 1713 3380 1648 3380 1712 3381 1713 3381 1647 3381 1648 3382 1715 3382 1650 3382 1713 3383 1715 3383 1648 3383 1650 3384 1716 3384 1651 3384 1715 3385 1716 3385 1650 3385 1651 3386 1717 3386 1652 3386 1716 3387 1717 3387 1651 3387 1652 3388 1718 3388 1653 3388 1717 3389 1718 3389 1652 3389 1653 3390 1719 3390 1654 3390 1718 3391 1719 3391 1653 3391 1654 3392 1721 3392 1656 3392 1719 3393 1721 3393 1654 3393 1656 3394 1722 3394 1657 3394 1721 3395 1722 3395 1656 3395 1657 3396 1723 3396 1658 3396 1722 3397 1723 3397 1657 3397 1658 3398 1724 3398 1659 3398 1723 3399 1724 3399 1658 3399 1659 3400 1725 3400 1660 3400 1660 3401 1725 3401 1661 3401 1724 3402 1725 3402 1659 3402 1725 3403 1726 3403 1661 3403 1663 3404 1661 3404 1726 3404 1663 3405 1726 3405 1728 3405 1665 3406 1728 3406 1730 3406 1665 3407 1663 3407 1728 3407 1664 3408 1730 3408 1729 3408 1664 3409 1665 3409 1730 3409 1662 3410 1729 3410 1727 3410 1662 3411 1664 3411 1729 3411 1655 3412 1727 3412 1720 3412 1655 3413 1662 3413 1727 3413 1649 3414 1720 3414 1714 3414 1649 3415 1655 3415 1720 3415 1645 3416 1649 3416 1714 3416 1645 3417 1714 3417 1710 3417 1644 3418 1645 3418 1710 3418 1644 3419 1710 3419 1709 3419 1643 3420 1644 3420 1709 3420 1643 3421 1709 3421 1708 3421 1642 3422 1643 3422 1708 3422 1642 3423 1708 3423 1707 3423 1641 3424 1642 3424 1707 3424 1641 3425 1707 3425 1706 3425 1640 3426 1641 3426 1706 3426 1640 3427 1706 3427 1705 3427 1639 3428 1640 3428 1705 3428 1639 3429 1705 3429 1704 3429 1638 3430 1639 3430 1704 3430 1638 3431 1704 3431 1703 3431 1637 3432 1638 3432 1703 3432 1637 3433 1703 3433 1702 3433 1636 3434 1637 3434 1702 3434 1636 3435 1702 3435 1701 3435 1635 3436 1636 3436 1701 3436 1635 3437 1701 3437 1700 3437 1634 3438 1635 3438 1700 3438 1634 3439 1700 3439 1699 3439 1633 3440 1699 3440 1698 3440 1633 3441 1634 3441 1699 3441 1632 3442 1698 3442 1697 3442 1632 3443 1633 3443 1698 3443 1631 3444 1697 3444 1696 3444 1631 3445 1632 3445 1697 3445 1630 3446 1696 3446 1695 3446 1630 3447 1631 3447 1696 3447 1629 3448 1695 3448 1694 3448 1629 3449 1630 3449 1695 3449 1628 3450 1694 3450 1693 3450 1628 3451 1693 3451 1692 3451 1628 3452 1629 3452 1694 3452 1627 3453 1692 3453 1691 3453 1627 3454 1628 3454 1692 3454 1626 3455 1627 3455 1691 3455 1625 3456 1691 3456 1690 3456 1625 3457 1626 3457 1691 3457 1624 3458 1690 3458 1689 3458 1624 3459 1689 3459 1688 3459 1624 3460 1625 3460 1690 3460 1623 3461 1624 3461 1688 3461 1622 3462 1688 3462 1687 3462 1622 3463 1623 3463 1688 3463 1621 3464 1622 3464 1687 3464 1621 3465 1687 3465 1686 3465 1620 3466 1621 3466 1686 3466 1620 3467 1686 3467 1685 3467 1619 3468 1620 3468 1685 3468 1619 3469 1685 3469 1684 3469 1619 3470 1684 3470 1683 3470 1618 3471 1619 3471 1683 3471 1617 3472 1618 3472 1683 3472 1617 3473 1683 3473 1682 3473 1616 3474 1617 3474 1682 3474 1616 3475 1682 3475 1681 3475 1668 3476 1602 3476 1603 3476 1668 3477 1666 3477 1602 3477 1669 3478 1603 3478 1604 3478 1669 3479 1668 3479 1603 3479 1670 3480 1604 3480 1605 3480 1670 3481 1669 3481 1604 3481 1671 3482 1605 3482 1606 3482 1671 3483 1670 3483 1605 3483 1672 3484 1606 3484 1607 3484 1672 3485 1671 3485 1606 3485 1673 3486 1607 3486 1608 3486 1673 3487 1672 3487 1607 3487 1674 3488 1608 3488 1609 3488 1674 3489 1673 3489 1608 3489 1675 3490 1609 3490 1610 3490 1675 3491 1674 3491 1609 3491 1676 3492 1610 3492 1611 3492 1676 3493 1675 3493 1610 3493 1677 3494 1611 3494 1612 3494 1677 3495 1676 3495 1611 3495 1678 3496 1612 3496 1613 3496 1678 3497 1677 3497 1612 3497 1679 3498 1613 3498 1614 3498 1679 3499 1678 3499 1613 3499 1680 3500 1614 3500 1615 3500 1680 3501 1679 3501 1614 3501 1681 3502 1615 3502 1616 3502 1681 3503 1680 3503 1615 3503</p>
        </triangles>
      </mesh>
    </geometry>
  </library_geometries>
  <library_materials>
    <material id="mat_Body006" name="Body006">
      <instance_effect url="#effect_Body006"/>
    </material>
  </library_materials>
  <library_visual_scenes>
    <visual_scene id="scene">
      <node id="node0" name="node0">
        <instance_geometry url="#geometry0">
          <bind_material>
            <technique_common>
              <instance_material symbol="ref_Body006" target="#mat_Body006"/>
            </technique_common>
          </bind_material>
        </instance_geometry>
      </node>
    </visual_scene>
  </library_visual_scenes>
  <scene>
    <instance_visual_scene url="#scene"/>
  </scene>
</COLLADA>
